time,xrayimage_id,xrayimage_name,trg,power,TED,TEP_low,TEP_high,TEP
0,0,050_AlSiMg_200W_500mms_M0_G13_Test_Stepover0001.tif,4.865,1.808,1.614,0.049,0.055,1962.998335
5.00E-06,0,050_AlSiMg_200W_500mms_M0_G13_Test_Stepover0001.tif,4.901,1.807,1.623,0.055,0.058,1934.019074
1.00E-05,0,050_AlSiMg_200W_500mms_M0_G13_Test_Stepover0001.tif,0.033,1.804,1.616,0.042,0.055,1898.519713
1.50E-05,0,050_AlSiMg_200W_500mms_M0_G13_Test_Stepover0001.tif,-0.001,1.793,1.637,0.045,0.055,1815.623386
2.00E-05,1,050_AlSiMg_200W_500mms_M0_G13_Test_Stepover0002.tif,0.001,1.784,1.623,0.044,0.058,1603.081882
2.50E-05,1,050_AlSiMg_200W_500mms_M0_G13_Test_Stepover0002.tif,-0.002,1.78,1.605,0.047,0.057,1658.977761
3.00E-05,1,050_AlSiMg_200W_500mms_M0_G13_Test_Stepover0002.tif,0,1.781,1.586,0.047,0.059,1605.704682
3.50E-05,1,050_AlSiMg_200W_500mms_M0_G13_Test_Stepover0002.tif,-0.001,1.779,1.686,0.047,0.057,1678.339627
4.00E-05,2,050_AlSiMg_200W_500mms_M0_G13_Test_Stepover0003.tif,0,1.781,1.737,0.044,0.058,1668.33261
4.50E-05,2,050_AlSiMg_200W_500mms_M0_G13_Test_Stepover0003.tif,0.001,1.793,1.815,0.046,0.055,1689.260393
5.00E-05,2,050_AlSiMg_200W_500mms_M0_G13_Test_Stepover0003.tif,0,1.802,1.851,0.044,0.054,1723.198513
5.50E-05,2,050_AlSiMg_200W_500mms_M0_G13_Test_Stepover0003.tif,0,1.808,1.761,0.045,0.055,1817.011641
6.00E-05,3,050_AlSiMg_200W_500mms_M0_G13_Test_Stepover0004.tif,-0.003,1.807,1.731,0.047,0.055,1786.560834
6.50E-05,3,050_AlSiMg_200W_500mms_M0_G13_Test_Stepover0004.tif,0.001,1.804,1.695,0.047,0.055,1818.945183
7.00E-05,3,050_AlSiMg_200W_500mms_M0_G13_Test_Stepover0004.tif,-0.002,1.801,1.668,0.046,0.057,1822.280132
7.50E-05,3,050_AlSiMg_200W_500mms_M0_G13_Test_Stepover0004.tif,0,1.8,1.677,0.049,0.058,1788.342011
8.00E-05,4,050_AlSiMg_200W_500mms_M0_G13_Test_Stepover0005.tif,0.001,1.79,1.684,0.046,0.056,1773.643486
8.50E-05,4,050_AlSiMg_200W_500mms_M0_G13_Test_Stepover0005.tif,-0.002,1.776,1.781,0.047,0.057,1807.368891
9.00E-05,4,050_AlSiMg_200W_500mms_M0_G13_Test_Stepover0005.tif,-0.001,1.773,1.798,0.048,0.057,1788.192648
9.50E-05,4,050_AlSiMg_200W_500mms_M0_G13_Test_Stepover0005.tif,0.001,1.773,1.752,0.047,0.056,1770.459458
0.0001,5,050_AlSiMg_200W_500mms_M0_G13_Test_Stepover0006.tif,-0.002,1.776,1.707,0.048,0.058,1827.665885
0.000105,5,050_AlSiMg_200W_500mms_M0_G13_Test_Stepover0006.tif,0,1.78,1.686,0.045,0.056,1842.36441
0.00011,5,050_AlSiMg_200W_500mms_M0_G13_Test_Stepover0006.tif,-0.001,1.784,1.703,0.048,0.055,1792.313465
0.000115,5,050_AlSiMg_200W_500mms_M0_G13_Test_Stepover0006.tif,0.001,1.804,1.681,0.047,0.055,1785.845396
0.00012,6,050_AlSiMg_200W_500mms_M0_G13_Test_Stepover0007.tif,0,1.809,1.649,0.045,0.057,1840.783685
0.000125,6,050_AlSiMg_200W_500mms_M0_G13_Test_Stepover0007.tif,-0.001,1.812,1.654,0.046,0.056,1820.704413
0.00013,6,050_AlSiMg_200W_500mms_M0_G13_Test_Stepover0007.tif,-0.001,1.811,1.653,0.047,0.055,1789.967383
0.000135,6,050_AlSiMg_200W_500mms_M0_G13_Test_Stepover0007.tif,0.001,1.809,1.671,0.048,0.056,1823.983794
0.00014,7,050_AlSiMg_200W_500mms_M0_G13_Test_Stepover0008.tif,-0.002,1.801,1.656,0.048,0.058,1861.188894
0.000145,7,050_AlSiMg_200W_500mms_M0_G13_Test_Stepover0008.tif,0,1.793,1.734,0.047,0.057,1784.639619
0.00015,7,050_AlSiMg_200W_500mms_M0_G13_Test_Stepover0008.tif,-0.001,1.783,1.692,0.047,0.055,1747.512463
0.000155,7,050_AlSiMg_200W_500mms_M0_G13_Test_Stepover0008.tif,0.001,1.775,1.689,0.046,0.059,1729.86558
0.00016,8,050_AlSiMg_200W_500mms_M0_G13_Test_Stepover0009.tif,-0.001,1.779,1.71,0.047,0.057,1787.072007
0.000165,8,050_AlSiMg_200W_500mms_M0_G13_Test_Stepover0009.tif,0.001,1.781,1.64,0.047,0.058,1787.072007
0.00017,8,050_AlSiMg_200W_500mms_M0_G13_Test_Stepover0009.tif,-0.002,1.786,1.665,0.048,0.055,1829.683162
0.000175,8,050_AlSiMg_200W_500mms_M0_G13_Test_Stepover0009.tif,0,1.787,1.637,0.047,0.055,1912.579489
0.00018,9,050_AlSiMg_200W_500mms_M0_G13_Test_Stepover0010.tif,-0.002,1.798,1.668,0.047,0.057,1939.785219
0.000185,9,050_AlSiMg_200W_500mms_M0_G13_Test_Stepover0010.tif,-0.001,1.807,1.663,0.049,0.055,1868.132999
0.00019,9,050_AlSiMg_200W_500mms_M0_G13_Test_Stepover0010.tif,-0.002,1.809,1.668,0.046,0.055,1830.927899
0.000195,9,050_AlSiMg_200W_500mms_M0_G13_Test_Stepover0010.tif,0.001,1.808,1.671,0.047,0.058,1830.927899
0.0002,10,050_AlSiMg_200W_500mms_M0_G13_Test_Stepover0011.tif,-0.001,1.804,1.622,0.046,0.056,1781.969692
0.000205,10,050_AlSiMg_200W_500mms_M0_G13_Test_Stepover0011.tif,0,1.801,1.608,0.047,0.057,1769.209755
0.00021,10,050_AlSiMg_200W_500mms_M0_G13_Test_Stepover0011.tif,-0.002,1.798,1.598,0.047,0.055,1769.209755
0.000215,10,050_AlSiMg_200W_500mms_M0_G13_Test_Stepover0011.tif,0,1.784,1.591,0.047,0.057,1751.476566
0.00022,11,050_AlSiMg_200W_500mms_M0_G13_Test_Stepover0012.tif,0.001,1.775,1.616,0.047,0.058,1767.511099
0.000225,11,050_AlSiMg_200W_500mms_M0_G13_Test_Stepover0012.tif,0.001,1.772,1.615,0.045,0.056,1633.508465
0.00023,11,050_AlSiMg_200W_500mms_M0_G13_Test_Stepover0012.tif,-0.001,1.773,1.598,0.047,0.056,1646.268402
0.000235,11,050_AlSiMg_200W_500mms_M0_G13_Test_Stepover0012.tif,0,1.777,1.604,0.047,0.067,1663.915286
0.00024,12,050_AlSiMg_200W_500mms_M0_G13_Test_Stepover0013.tif,-0.002,1.78,1.614,0.046,0.055,1688.116545
0.000245,12,050_AlSiMg_200W_500mms_M0_G13_Test_Stepover0013.tif,0,1.79,1.605,0.048,0.058,1647.706365
0.00025,12,050_AlSiMg_200W_500mms_M0_G13_Test_Stepover0013.tif,-0.002,1.798,1.635,0.048,0.058,1750.971968
0.000255,12,050_AlSiMg_200W_500mms_M0_G13_Test_Stepover0013.tif,0,1.804,1.616,0.048,0.06,1760.589364
0.00026,13,050_AlSiMg_200W_500mms_M0_G13_Test_Stepover0014.tif,0.001,1.805,1.654,0.048,0.058,1779.765607
0.000265,13,050_AlSiMg_200W_500mms_M0_G13_Test_Stepover0014.tif,0.001,1.804,1.654,0.049,0.058,1802.014376
0.00027,13,050_AlSiMg_200W_500mms_M0_G13_Test_Stepover0014.tif,0.001,1.802,1.64,0.049,0.058,1829.591113
0.000275,13,050_AlSiMg_200W_500mms_M0_G13_Test_Stepover0014.tif,0.003,1.8,1.663,0.05,0.059,1845.629618
0.00028,14,050_AlSiMg_200W_500mms_M0_G13_Test_Stepover0015.tif,-0.002,1.794,1.642,0.048,0.058,1811.989226
0.000285,14,050_AlSiMg_200W_500mms_M0_G13_Test_Stepover0015.tif,-0.002,1.779,1.661,0.048,0.057,1795.950178
0.00029,14,050_AlSiMg_200W_500mms_M0_G13_Test_Stepover0015.tif,0,1.776,1.642,0.048,0.059,1776.838604
0.000295,14,050_AlSiMg_200W_500mms_M0_G13_Test_Stepover0015.tif,0,1.776,1.657,0.049,0.059,1771.566279
0.0003,15,050_AlSiMg_200W_500mms_M0_G13_Test_Stepover0016.tif,0,1.781,1.651,0.049,0.059,1774.704016
0.000305,15,050_AlSiMg_200W_500mms_M0_G13_Test_Stepover0016.tif,0,1.79,1.667,0.051,0.062,1738.722085
0.00031,15,050_AlSiMg_200W_500mms_M0_G13_Test_Stepover0016.tif,0,1.794,1.726,0.049,0.058,1727.30632
0.000315,15,050_AlSiMg_200W_500mms_M0_G13_Test_Stepover0016.tif,0.002,1.805,1.695,0.048,0.062,1815.097406
0.00032,16,050_AlSiMg_200W_500mms_M0_G13_Test_Stepover0017.tif,0,1.812,1.675,0.05,0.061,1842.6185
0.000325,16,050_AlSiMg_200W_500mms_M0_G13_Test_Stepover0017.tif,0.001,1.811,1.727,0.053,0.059,1842.6185
0.00033,16,050_AlSiMg_200W_500mms_M0_G13_Test_Stepover0017.tif,-0.001,1.812,1.744,0.05,0.059,1918.322693
0.000335,16,050_AlSiMg_200W_500mms_M0_G13_Test_Stepover0017.tif,-0.002,1.808,1.678,0.049,0.058,1969.679362
0.00034,17,050_AlSiMg_200W_500mms_M0_G13_Test_Stepover0018.tif,-0.001,1.805,1.681,0.051,0.06,1870.47251
0.000345,17,050_AlSiMg_200W_500mms_M0_G13_Test_Stepover0018.tif,0.002,1.797,1.646,0.051,0.059,1873.481853
0.00035,17,050_AlSiMg_200W_500mms_M0_G13_Test_Stepover0018.tif,-0.001,1.783,1.665,0.05,0.061,1873.481853
0.000355,17,050_AlSiMg_200W_500mms_M0_G13_Test_Stepover0018.tif,0.001,1.775,1.629,0.051,0.06,1854.436149
0.00036,18,050_AlSiMg_200W_500mms_M0_G13_Test_Stepover0019.tif,-0.002,1.768,1.619,0.049,0.058,1820.585526
0.000365,18,050_AlSiMg_200W_500mms_M0_G13_Test_Stepover0019.tif,0,1.775,1.64,0.05,0.06,1868.958407
0.00037,18,050_AlSiMg_200W_500mms_M0_G13_Test_Stepover0019.tif,0,1.775,1.636,0.051,0.061,1846.83749
0.000375,18,050_AlSiMg_200W_500mms_M0_G13_Test_Stepover0019.tif,-0.001,1.779,1.686,0.05,0.058,1836.888722
0.00038,19,050_AlSiMg_200W_500mms_M0_G13_Test_Stepover0020.tif,0,1.791,1.693,0.049,0.059,1836.888722
0.000385,19,050_AlSiMg_200W_500mms_M0_G13_Test_Stepover0020.tif,0,1.8,1.636,0.051,0.061,1803.181253
0.00039,19,050_AlSiMg_200W_500mms_M0_G13_Test_Stepover0020.tif,0,1.805,1.712,0.05,0.06,1757.814618
0.000395,19,050_AlSiMg_200W_500mms_M0_G13_Test_Stepover0020.tif,0,1.808,1.672,0.049,0.061,1763.904898
0.0004,20,050_AlSiMg_200W_500mms_M0_G13_Test_Stepover0021.tif,-0.002,1.801,1.65,0.051,0.062,1760.889831
0.000405,20,050_AlSiMg_200W_500mms_M0_G13_Test_Stepover0021.tif,-0.002,1.801,1.674,0.051,0.061,1773.853666
0.00041,20,050_AlSiMg_200W_500mms_M0_G13_Test_Stepover0021.tif,0.001,1.801,1.686,0.05,0.06,1767.847551
0.000415,20,050_AlSiMg_200W_500mms_M0_G13_Test_Stepover0021.tif,0.001,1.787,1.686,0.049,0.058,1779.332283
0.00042,21,050_AlSiMg_200W_500mms_M0_G13_Test_Stepover0022.tif,-0.002,1.779,1.692,0.051,0.064,1795.36292
0.000425,21,050_AlSiMg_200W_500mms_M0_G13_Test_Stepover0022.tif,-0.001,1.773,1.686,0.05,0.06,1808.326755
0.00043,21,050_AlSiMg_200W_500mms_M0_G13_Test_Stepover0022.tif,-0.001,1.777,1.684,0.051,0.06,1814.408624
0.000435,21,050_AlSiMg_200W_500mms_M0_G13_Test_Stepover0022.tif,0,1.78,1.672,0.049,0.058,1867.143502
0.00044,22,050_AlSiMg_200W_500mms_M0_G13_Test_Stepover0023.tif,-0.003,1.783,1.665,0.051,0.06,1849.589137
0.000445,22,050_AlSiMg_200W_500mms_M0_G13_Test_Stepover0023.tif,0.001,1.793,1.677,0.05,0.059,1812.989068
0.00045,22,050_AlSiMg_200W_500mms_M0_G13_Test_Stepover0023.tif,-0.002,1.804,1.682,0.049,0.06,1769.332832
0.000455,22,050_AlSiMg_200W_500mms_M0_G13_Test_Stepover0023.tif,-0.001,1.811,1.681,0.049,0.06,1840.227983
0.00046,23,050_AlSiMg_200W_500mms_M0_G13_Test_Stepover0024.tif,0,1.812,1.657,0.049,0.061,1824.191621
0.000465,23,050_AlSiMg_200W_500mms_M0_G13_Test_Stepover0024.tif,-0.002,1.812,1.698,0.055,0.061,1872.577957
0.00047,23,050_AlSiMg_200W_500mms_M0_G13_Test_Stepover0024.tif,-0.001,1.809,1.692,0.05,0.06,1872.577957
0.000475,23,050_AlSiMg_200W_500mms_M0_G13_Test_Stepover0024.tif,0.001,1.805,1.726,0.049,0.057,1885.715994
0.00048,24,050_AlSiMg_200W_500mms_M0_G13_Test_Stepover0025.tif,0,1.797,1.664,0.049,0.06,1829.657042
0.000485,24,050_AlSiMg_200W_500mms_M0_G13_Test_Stepover0025.tif,-0.001,1.786,1.665,0.049,0.06,1823.444634
0.00049,24,050_AlSiMg_200W_500mms_M0_G13_Test_Stepover0025.tif,-0.002,1.779,1.657,0.05,0.058,1823.444634
0.000495,24,050_AlSiMg_200W_500mms_M0_G13_Test_Stepover0025.tif,-0.002,1.777,1.685,0.048,0.058,1857.03536
0.0005,25,050_AlSiMg_200W_500mms_M0_G13_Test_Stepover0026.tif,-0.001,1.772,1.713,0.049,0.057,1887.55356
0.000505,25,050_AlSiMg_200W_500mms_M0_G13_Test_Stepover0026.tif,-0.001,1.779,1.682,0.05,0.059,1866.635491
0.00051,25,050_AlSiMg_200W_500mms_M0_G13_Test_Stepover0026.tif,0,1.784,1.7,0.049,0.058,1855.293535
0.000515,25,050_AlSiMg_200W_500mms_M0_G13_Test_Stepover0026.tif,0,1.798,1.734,0.049,0.058,1881.256873
0.00052,26,050_AlSiMg_200W_500mms_M0_G13_Test_Stepover0027.tif,0.001,1.804,1.723,0.049,0.06,1825.064282
0.000525,26,050_AlSiMg_200W_500mms_M0_G13_Test_Stepover0027.tif,0,1.805,1.717,0.051,0.058,1788.241156
0.00053,26,050_AlSiMg_200W_500mms_M0_G13_Test_Stepover0027.tif,0,1.8,1.719,0.046,0.058,1823.07025
0.000535,26,050_AlSiMg_200W_500mms_M0_G13_Test_Stepover0027.tif,0.001,1.794,1.705,0.047,0.058,1816.765323
0.00054,27,050_AlSiMg_200W_500mms_M0_G13_Test_Stepover0028.tif,-0.002,1.794,1.674,0.048,0.055,1793.851917
0.000545,27,050_AlSiMg_200W_500mms_M0_G13_Test_Stepover0028.tif,0,1.793,1.661,0.047,0.058,1785.157319
0.00055,27,050_AlSiMg_200W_500mms_M0_G13_Test_Stepover0028.tif,-0.001,1.781,1.654,0.05,0.058,1821.980445
0.000555,27,050_AlSiMg_200W_500mms_M0_G13_Test_Stepover0028.tif,0,1.773,1.661,0.047,0.06,1767.975108
0.00056,28,050_AlSiMg_200W_500mms_M0_G13_Test_Stepover0029.tif,-0.001,1.773,1.671,0.049,0.058,1767.975108
0.000565,28,050_AlSiMg_200W_500mms_M0_G13_Test_Stepover0029.tif,0.001,1.777,1.626,0.048,0.058,1700.304061
0.00057,28,050_AlSiMg_200W_500mms_M0_G13_Test_Stepover0029.tif,0,1.783,1.618,0.047,0.058,1776.868546
0.000575,28,050_AlSiMg_200W_500mms_M0_G13_Test_Stepover0029.tif,-0.002,1.783,1.622,0.048,0.06,1776.868546
0.00058,29,050_AlSiMg_200W_500mms_M0_G13_Test_Stepover0030.tif,0.001,1.801,1.639,0.048,0.056,1786.096021
0.000585,29,050_AlSiMg_200W_500mms_M0_G13_Test_Stepover0030.tif,0,1.811,1.616,0.049,0.058,1822.919147
0.00059,29,050_AlSiMg_200W_500mms_M0_G13_Test_Stepover0030.tif,0,1.812,1.667,0.051,0.061,1866.534389
0.000595,29,050_AlSiMg_200W_500mms_M0_G13_Test_Stepover0030.tif,0.001,1.812,1.772,0.049,0.058,1829.407234
0.0006,30,050_AlSiMg_200W_500mms_M0_G13_Test_Stepover0031.tif,0.001,1.807,1.733,0.048,0.057,1798.889035
0.000605,30,050_AlSiMg_200W_500mms_M0_G13_Test_Stepover0031.tif,-0.001,1.802,1.742,0.047,0.057,1792.798755
0.00061,30,050_AlSiMg_200W_500mms_M0_G13_Test_Stepover0031.tif,-0.002,1.8,1.681,0.049,0.06,1853.317749
0.000615,30,050_AlSiMg_200W_500mms_M0_G13_Test_Stepover0031.tif,0,1.791,1.667,0.049,0.059,1850.112687
0.00062,31,050_AlSiMg_200W_500mms_M0_G13_Test_Stepover0032.tif,0.001,1.779,1.629,0.049,0.055,1850.112687
0.000625,31,050_AlSiMg_200W_500mms_M0_G13_Test_Stepover0032.tif,-0.001,1.777,1.612,0.047,0.056,1858.253553
0.00063,31,050_AlSiMg_200W_500mms_M0_G13_Test_Stepover0032.tif,-0.002,1.777,1.616,0.047,0.057,1851.915268
0.000635,31,050_AlSiMg_200W_500mms_M0_G13_Test_Stepover0032.tif,-0.002,1.777,1.63,0.047,0.057,1800.426244
0.00064,32,050_AlSiMg_200W_500mms_M0_G13_Test_Stepover0033.tif,-0.002,1.783,1.658,0.047,0.057,1806.769043
0.000645,32,050_AlSiMg_200W_500mms_M0_G13_Test_Stepover0033.tif,-0.001,1.79,1.742,0.052,0.061,1803.502064
0.00065,32,050_AlSiMg_200W_500mms_M0_G13_Test_Stepover0033.tif,-0.002,1.802,1.719,0.049,0.058,1822.74166
0.000655,32,050_AlSiMg_200W_500mms_M0_G13_Test_Stepover0033.tif,0,1.809,1.681,0.046,0.056,1832.155158
0.00066,33,050_AlSiMg_200W_500mms_M0_G13_Test_Stepover0034.tif,-0.002,1.811,1.67,0.048,0.057,1786.302061
0.000665,33,050_AlSiMg_200W_500mms_M0_G13_Test_Stepover0034.tif,0.001,1.807,1.651,0.05,0.06,1797.862849
0.00067,33,050_AlSiMg_200W_500mms_M0_G13_Test_Stepover0034.tif,-0.002,1.805,1.656,0.047,0.058,1823.507161
0.000675,33,050_AlSiMg_200W_500mms_M0_G13_Test_Stepover0034.tif,-0.001,1.801,1.665,0.047,0.055,1793.004505
0.00068,34,050_AlSiMg_200W_500mms_M0_G13_Test_Stepover0035.tif,0,1.793,1.672,0.049,0.058,1786.792097
0.000685,34,050_AlSiMg_200W_500mms_M0_G13_Test_Stepover0035.tif,-0.001,1.781,1.693,0.048,0.059,1823.615224
0.00069,34,050_AlSiMg_200W_500mms_M0_G13_Test_Stepover0035.tif,0,1.776,1.643,0.048,0.058,1849.954812
0.000695,34,050_AlSiMg_200W_500mms_M0_G13_Test_Stepover0035.tif,0,1.773,1.654,0.049,0.058,1846.817075
0.0007,35,050_AlSiMg_200W_500mms_M0_G13_Test_Stepover0036.tif,0.001,1.775,1.625,0.049,0.056,1843.634342
0.000705,35,050_AlSiMg_200W_500mms_M0_G13_Test_Stepover0036.tif,0.001,1.777,1.646,0.048,0.057,1856.467786
0.00071,35,050_AlSiMg_200W_500mms_M0_G13_Test_Stepover0036.tif,-0.002,1.783,1.642,0.047,0.058,1783.768523
0.000715,35,050_AlSiMg_200W_500mms_M0_G13_Test_Stepover0036.tif,-0.002,1.8,1.622,0.047,0.056,1783.768523
0.00072,36,050_AlSiMg_200W_500mms_M0_G13_Test_Stepover0037.tif,-0.002,1.809,1.626,0.047,0.061,1764.528927
0.000725,36,050_AlSiMg_200W_500mms_M0_G13_Test_Stepover0037.tif,0.001,1.809,1.733,0.049,0.056,1924.649299
0.00073,36,050_AlSiMg_200W_500mms_M0_G13_Test_Stepover0037.tif,-0.002,1.807,1.719,0.047,0.057,1927.854362
0.000735,36,050_AlSiMg_200W_500mms_M0_G13_Test_Stepover0037.tif,0.001,1.801,1.719,0.052,0.056,1981.377382
0.00074,37,050_AlSiMg_200W_500mms_M0_G13_Test_Stepover0038.tif,-0.002,1.801,1.67,0.048,0.057,1912.958806
0.000745,37,050_AlSiMg_200W_500mms_M0_G13_Test_Stepover0038.tif,0.001,1.797,1.643,0.048,0.058,1953.204275
0.00075,37,050_AlSiMg_200W_500mms_M0_G13_Test_Stepover0038.tif,0.001,1.786,1.639,0.049,0.06,1829.907028
0.000755,37,050_AlSiMg_200W_500mms_M0_G13_Test_Stepover0038.tif,-0.001,1.781,1.661,0.049,0.057,1833.044765
0.00076,38,050_AlSiMg_200W_500mms_M0_G13_Test_Stepover0039.tif,0.001,1.777,1.681,0.049,0.058,1833.044765
0.000765,38,050_AlSiMg_200W_500mms_M0_G13_Test_Stepover0039.tif,-0.002,1.779,1.66,0.049,0.058,1860.425228
0.00077,38,050_AlSiMg_200W_500mms_M0_G13_Test_Stepover0039.tif,0,1.783,1.649,0.048,0.058,1903.076086
0.000775,38,050_AlSiMg_200W_500mms_M0_G13_Test_Stepover0039.tif,-0.002,1.78,1.657,0.048,0.057,1883.899844
0.00078,39,050_AlSiMg_200W_500mms_M0_G13_Test_Stepover0040.tif,0,1.793,1.654,0.049,0.055,1850.259451
0.000785,39,050_AlSiMg_200W_500mms_M0_G13_Test_Stepover0040.tif,0.001,1.804,1.663,0.048,0.058,1832.612567
0.00079,39,050_AlSiMg_200W_500mms_M0_G13_Test_Stepover0040.tif,0.001,1.808,1.661,0.048,0.059,1847.311092
0.000795,39,050_AlSiMg_200W_500mms_M0_G13_Test_Stepover0040.tif,-0.001,1.805,1.795,0.047,0.058,1801.54192
0.0008,40,050_AlSiMg_200W_500mms_M0_G13_Test_Stepover0041.tif,0,1.804,1.777,0.047,0.055,1864.549637
0.000805,40,050_AlSiMg_200W_500mms_M0_G13_Test_Stepover0041.tif,-0.002,1.8,1.768,0.048,0.056,1848.282986
0.00081,40,050_AlSiMg_200W_500mms_M0_G13_Test_Stepover0041.tif,0,1.794,1.737,0.051,0.058,1845.037909
0.000815,40,050_AlSiMg_200W_500mms_M0_G13_Test_Stepover0041.tif,0.001,1.781,1.721,0.047,0.059,1817.438074
0.00082,41,050_AlSiMg_200W_500mms_M0_G13_Test_Stepover0042.tif,0,1.775,1.696,0.046,0.057,1780.310919
0.000825,41,050_AlSiMg_200W_500mms_M0_G13_Test_Stepover0042.tif,0,1.768,1.664,0.049,0.059,1699.656318
0.00083,41,050_AlSiMg_200W_500mms_M0_G13_Test_Stepover0042.tif,-0.001,1.77,1.654,0.047,0.057,1712.740235
0.000835,41,050_AlSiMg_200W_500mms_M0_G13_Test_Stepover0042.tif,0,1.77,1.644,0.047,0.058,1699.688374
0.00084,42,050_AlSiMg_200W_500mms_M0_G13_Test_Stepover0043.tif,0,1.777,1.647,0.047,0.058,1693.350089
0.000845,42,050_AlSiMg_200W_500mms_M0_G13_Test_Stepover0043.tif,0,1.781,1.698,0.046,0.058,1759.558896
0.00085,42,050_AlSiMg_200W_500mms_M0_G13_Test_Stepover0043.tif,-0.001,1.8,1.675,0.047,0.057,1752.725786
0.000855,42,050_AlSiMg_200W_500mms_M0_G13_Test_Stepover0043.tif,0.001,1.805,1.675,0.051,0.058,1801.1097
0.00086,43,050_AlSiMg_200W_500mms_M0_G13_Test_Stepover0044.tif,-0.002,1.807,1.663,0.049,0.061,1801.1097
0.000865,43,050_AlSiMg_200W_500mms_M0_G13_Test_Stepover0044.tif,-0.002,1.804,1.692,0.047,0.055,1817.144233
0.00087,43,050_AlSiMg_200W_500mms_M0_G13_Test_Stepover0044.tif,-0.001,1.805,1.664,0.046,0.058,1736.489633
0.000875,43,050_AlSiMg_200W_500mms_M0_G13_Test_Stepover0044.tif,0.001,1.805,1.677,0.047,0.056,1791.706657
0.00088,44,050_AlSiMg_200W_500mms_M0_G13_Test_Stepover0045.tif,-0.002,1.793,1.705,0.047,0.058,1791.706657
0.000885,44,050_AlSiMg_200W_500mms_M0_G13_Test_Stepover0045.tif,0.001,1.781,1.653,0.047,0.055,1838.483923
0.00089,44,050_AlSiMg_200W_500mms_M0_G13_Test_Stepover0045.tif,-0.001,1.779,1.66,0.047,0.055,1801.44922
0.000895,44,050_AlSiMg_200W_500mms_M0_G13_Test_Stepover0045.tif,-0.001,1.776,1.658,0.047,0.056,1831.929547
0.0009,45,050_AlSiMg_200W_500mms_M0_G13_Test_Stepover0046.tif,-0.002,1.779,1.684,0.045,0.056,1820.368759
0.000905,45,050_AlSiMg_200W_500mms_M0_G13_Test_Stepover0046.tif,0.001,1.783,1.702,0.047,0.056,1808.807972
0.00091,45,050_AlSiMg_200W_500mms_M0_G13_Test_Stepover0046.tif,0,1.788,1.682,0.049,0.058,1778.327644
0.000915,45,050_AlSiMg_200W_500mms_M0_G13_Test_Stepover0046.tif,0,1.805,1.688,0.049,0.058,1833.265934
0.00092,46,050_AlSiMg_200W_500mms_M0_G13_Test_Stepover0047.tif,0,1.812,1.712,0.047,0.058,1839.608733
0.000925,46,050_AlSiMg_200W_500mms_M0_G13_Test_Stepover0047.tif,-0.002,1.811,1.677,0.047,0.055,1851.169521
0.00093,46,050_AlSiMg_200W_500mms_M0_G13_Test_Stepover0047.tif,-0.002,1.815,1.644,0.049,0.058,1831.993278
0.000935,46,050_AlSiMg_200W_500mms_M0_G13_Test_Stepover0047.tif,-0.001,1.811,1.691,0.047,0.055,1868.816404
0.00094,47,050_AlSiMg_200W_500mms_M0_G13_Test_Stepover0048.tif,-0.001,1.807,1.692,0.048,0.058,1838.079374
0.000945,47,050_AlSiMg_200W_500mms_M0_G13_Test_Stepover0048.tif,0,1.801,1.66,0.049,0.058,1858.997442
0.00095,47,050_AlSiMg_200W_500mms_M0_G13_Test_Stepover0048.tif,-0.002,1.787,1.664,0.048,0.058,1882.265749
0.000955,47,050_AlSiMg_200W_500mms_M0_G13_Test_Stepover0048.tif,0,1.776,1.649,0.05,0.058,1885.402944
0.00096,48,050_AlSiMg_200W_500mms_M0_G13_Test_Stepover0049.tif,0,1.773,1.672,0.048,0.055,1885.402944
0.000965,48,050_AlSiMg_200W_500mms_M0_G13_Test_Stepover0049.tif,0,1.772,1.663,0.049,0.059,1904.579186
0.00097,48,050_AlSiMg_200W_500mms_M0_G13_Test_Stepover0049.tif,0.001,1.777,1.695,0.049,0.058,1883.661118
0.000975,48,050_AlSiMg_200W_500mms_M0_G13_Test_Stepover0049.tif,-0.001,1.78,1.667,0.049,0.058,1832.792976
0.00098,49,050_AlSiMg_200W_500mms_M0_G13_Test_Stepover0050.tif,0,1.793,1.675,0.049,0.058,1818.313824
0.000985,49,050_AlSiMg_200W_500mms_M0_G13_Test_Stepover0050.tif,0,1.802,1.667,0.049,0.059,1845.135462
0.00099,49,050_AlSiMg_200W_500mms_M0_G13_Test_Stepover0050.tif,0,1.804,1.706,0.049,0.06,1845.135462
0.000995,49,050_AlSiMg_200W_500mms_M0_G13_Test_Stepover0050.tif,-0.002,1.805,1.705,0.052,0.06,1814.617262
0.001,50,050_AlSiMg_200W_500mms_M0_G13_Test_Stepover0051.tif,0.001,1.801,1.751,0.049,0.058,1817.692475
0.001005,50,050_AlSiMg_200W_500mms_M0_G13_Test_Stepover0051.tif,-0.001,1.798,1.703,0.049,0.06,1892.042149
0.00101,50,050_AlSiMg_200W_500mms_M0_G13_Test_Stepover0051.tif,-0.002,1.794,1.699,0.05,0.06,1821.564275
0.001015,50,050_AlSiMg_200W_500mms_M0_G13_Test_Stepover0051.tif,0.001,1.781,1.705,0.051,0.058,1774.811296
0.00102,51,050_AlSiMg_200W_500mms_M0_G13_Test_Stepover0052.tif,0,1.773,1.685,0.049,0.061,1805.329495
0.001025,51,050_AlSiMg_200W_500mms_M0_G13_Test_Stepover0052.tif,0,1.77,1.696,0.048,0.06,1815.155593
0.00103,51,050_AlSiMg_200W_500mms_M0_G13_Test_Stepover0052.tif,-0.001,1.775,1.692,0.049,0.058,1740.80592
0.001035,51,050_AlSiMg_200W_500mms_M0_G13_Test_Stepover0052.tif,0.001,1.776,1.702,0.048,0.057,1765.285913
0.00104,52,050_AlSiMg_200W_500mms_M0_G13_Test_Stepover0053.tif,-0.001,1.783,1.658,0.049,0.06,1855.870367
0.001045,52,050_AlSiMg_200W_500mms_M0_G13_Test_Stepover0053.tif,-0.002,1.788,1.733,0.048,0.058,1870.620189
0.00105,52,050_AlSiMg_200W_500mms_M0_G13_Test_Stepover0053.tif,0,1.802,1.706,0.051,0.058,1873.757926
0.001055,52,050_AlSiMg_200W_500mms_M0_G13_Test_Stepover0053.tif,-0.001,1.811,1.667,0.048,0.056,1873.757926
0.00106,53,050_AlSiMg_200W_500mms_M0_G13_Test_Stepover0054.tif,-0.002,1.809,1.681,0.049,0.058,1933.834516
0.001065,53,050_AlSiMg_200W_500mms_M0_G13_Test_Stepover0054.tif,0.001,1.807,1.653,0.049,0.06,1843.250063
0.00107,53,050_AlSiMg_200W_500mms_M0_G13_Test_Stepover0054.tif,0,1.805,1.663,0.05,0.057,1837.530211
0.001075,53,050_AlSiMg_200W_500mms_M0_G13_Test_Stepover0054.tif,-0.001,1.8,1.671,0.048,0.06,1815.152878
0.00108,54,050_AlSiMg_200W_500mms_M0_G13_Test_Stepover0055.tif,-0.002,1.793,1.686,0.052,0.061,1823.293745
0.001085,54,050_AlSiMg_200W_500mms_M0_G13_Test_Stepover0055.tif,0.001,1.779,1.72,0.047,0.057,1745.570271
0.00109,54,050_AlSiMg_200W_500mms_M0_G13_Test_Stepover0055.tif,0,1.773,1.698,0.047,0.057,1752.255047
0.001095,54,050_AlSiMg_200W_500mms_M0_G13_Test_Stepover0055.tif,0.001,1.776,1.684,0.047,0.058,1706.40195
0.0011,55,050_AlSiMg_200W_500mms_M0_G13_Test_Stepover0056.tif,-0.001,1.781,1.653,0.046,0.057,1691.956157
0.001105,55,050_AlSiMg_200W_500mms_M0_G13_Test_Stepover0056.tif,-0.002,1.787,1.632,0.047,0.058,1677.510364
0.00111,55,050_AlSiMg_200W_500mms_M0_G13_Test_Stepover0056.tif,0.001,1.788,1.629,0.047,0.058,1729.083312
0.001115,55,050_AlSiMg_200W_500mms_M0_G13_Test_Stepover0056.tif,-0.002,1.804,1.622,0.047,0.058,1732.328389
0.00112,56,050_AlSiMg_200W_500mms_M0_G13_Test_Stepover0057.tif,-0.001,1.808,1.614,0.048,0.056,1769.151515
0.001125,56,050_AlSiMg_200W_500mms_M0_G13_Test_Stepover0057.tif,0.001,1.812,1.653,0.047,0.058,1772.334249
0.00113,56,050_AlSiMg_200W_500mms_M0_G13_Test_Stepover0057.tif,-0.002,1.808,1.66,0.049,0.058,1786.780042
0.001135,56,050_AlSiMg_200W_500mms_M0_G13_Test_Stepover0057.tif,0.001,1.805,1.67,0.048,0.059,1789.898356
0.00114,57,050_AlSiMg_200W_500mms_M0_G13_Test_Stepover0058.tif,-0.001,1.802,1.667,0.047,0.057,1789.898356
0.001145,57,050_AlSiMg_200W_500mms_M0_G13_Test_Stepover0058.tif,0,1.793,1.675,0.049,0.057,1770.722113
0.00115,57,050_AlSiMg_200W_500mms_M0_G13_Test_Stepover0058.tif,0,1.779,1.682,0.047,0.058,1785.186263
0.001155,57,050_AlSiMg_200W_500mms_M0_G13_Test_Stepover0058.tif,0.002,1.773,1.688,0.048,0.058,1791.524548
0.00116,58,050_AlSiMg_200W_500mms_M0_G13_Test_Stepover0059.tif,-0.002,1.773,1.716,0.048,0.058,1757.617364
0.001165,58,050_AlSiMg_200W_500mms_M0_G13_Test_Stepover0059.tif,0,1.775,1.728,0.049,0.059,1775.264248
0.00117,58,050_AlSiMg_200W_500mms_M0_G13_Test_Stepover0059.tif,0.001,1.777,1.71,0.049,0.059,1775.264248
0.001175,58,050_AlSiMg_200W_500mms_M0_G13_Test_Stepover0059.tif,0,1.783,1.745,0.048,0.058,1757.617364
0.00118,59,050_AlSiMg_200W_500mms_M0_G13_Test_Stepover0060.tif,-0.002,1.797,1.707,0.048,0.058,1791.524548
0.001185,59,050_AlSiMg_200W_500mms_M0_G13_Test_Stepover0060.tif,0.001,1.805,1.695,0.047,0.058,1785.186263
0.00119,59,050_AlSiMg_200W_500mms_M0_G13_Test_Stepover0060.tif,-0.002,1.808,1.664,0.049,0.057,1781.985173
0.001195,59,050_AlSiMg_200W_500mms_M0_G13_Test_Stepover0060.tif,-0.002,1.807,1.685,0.047,0.057,1791.54402
0.0012,60,050_AlSiMg_200W_500mms_M0_G13_Test_Stepover0061.tif,-0.002,1.805,1.693,0.047,0.057,1775.247082
0.001205,60,050_AlSiMg_200W_500mms_M0_G13_Test_Stepover0061.tif,0,1.804,1.698,0.046,0.055,1707.471902
0.00121,60,050_AlSiMg_200W_500mms_M0_G13_Test_Stepover0061.tif,0.001,1.798,1.695,0.046,0.058,1723.506436
0.001215,60,050_AlSiMg_200W_500mms_M0_G13_Test_Stepover0061.tif,-0.002,1.786,1.712,0.047,0.059,1766.801837
0.00122,61,050_AlSiMg_200W_500mms_M0_G13_Test_Stepover0062.tif,0,1.777,1.713,0.047,0.056,1811.248327
0.001225,61,050_AlSiMg_200W_500mms_M0_G13_Test_Stepover0062.tif,0.001,1.77,1.755,0.05,0.058,1875.929179
0.00123,61,050_AlSiMg_200W_500mms_M0_G13_Test_Stepover0062.tif,-0.002,1.773,1.761,0.048,0.055,1916.218827
0.001235,61,050_AlSiMg_200W_500mms_M0_G13_Test_Stepover0062.tif,0,1.78,1.703,0.047,0.055,1872.654583
0.00124,62,050_AlSiMg_200W_500mms_M0_G13_Test_Stepover0063.tif,-0.001,1.78,1.682,0.046,0.055,1845.393716
0.001245,62,050_AlSiMg_200W_500mms_M0_G13_Test_Stepover0063.tif,-0.002,1.793,1.678,0.047,0.059,1781.58536
0.00125,62,050_AlSiMg_200W_500mms_M0_G13_Test_Stepover0063.tif,0,1.807,1.678,0.047,0.056,1781.58536
0.001255,62,050_AlSiMg_200W_500mms_M0_G13_Test_Stepover0063.tif,0,1.812,1.647,0.045,0.055,1802.763544
0.00126,63,050_AlSiMg_200W_500mms_M0_G13_Test_Stepover0064.tif,-0.002,1.812,1.632,0.047,0.055,1781.160931
0.001265,63,050_AlSiMg_200W_500mms_M0_G13_Test_Stepover0064.tif,0.001,1.808,1.629,0.047,0.055,1822.332824
0.00127,63,050_AlSiMg_200W_500mms_M0_G13_Test_Stepover0064.tif,-0.002,1.808,1.623,0.044,0.057,1851.312085
0.001275,63,050_AlSiMg_200W_500mms_M0_G13_Test_Stepover0064.tif,0,1.809,1.644,0.048,0.055,1826.787463
0.00128,64,050_AlSiMg_200W_500mms_M0_G13_Test_Stepover0065.tif,0,1.797,1.665,0.049,0.058,1808.883876
0.001285,64,050_AlSiMg_200W_500mms_M0_G13_Test_Stepover0065.tif,-0.002,1.786,1.671,0.045,0.054,1874.050733
0.00129,64,050_AlSiMg_200W_500mms_M0_G13_Test_Stepover0065.tif,0,1.78,1.637,0.047,0.056,1816.844306
0.001295,64,050_AlSiMg_200W_500mms_M0_G13_Test_Stepover0065.tif,0.001,1.78,1.636,0.047,0.056,1780.02118
0.0013,65,050_AlSiMg_200W_500mms_M0_G13_Test_Stepover0066.tif,-0.001,1.78,1.674,0.047,0.057,1773.808772
0.001305,65,050_AlSiMg_200W_500mms_M0_G13_Test_Stepover0066.tif,0,1.78,1.672,0.047,0.058,1798.019707
0.00131,65,050_AlSiMg_200W_500mms_M0_G13_Test_Stepover0066.tif,-0.002,1.786,1.656,0.048,0.058,1822.230642
0.001315,65,050_AlSiMg_200W_500mms_M0_G13_Test_Stepover0066.tif,0.001,1.8,1.667,0.049,0.057,1825.431732
0.00132,66,050_AlSiMg_200W_500mms_M0_G13_Test_Stepover0067.tif,0.001,1.807,1.668,0.049,0.057,1846.21581
0.001325,66,050_AlSiMg_200W_500mms_M0_G13_Test_Stepover0067.tif,-0.002,1.801,1.681,0.048,0.058,1903.292429
0.00133,66,050_AlSiMg_200W_500mms_M0_G13_Test_Stepover0067.tif,0.001,1.8,1.665,0.049,0.059,1917.108212
0.001335,66,050_AlSiMg_200W_500mms_M0_G13_Test_Stepover0067.tif,-0.001,1.798,1.675,0.049,0.056,1959.75907
0.00134,67,050_AlSiMg_200W_500mms_M0_G13_Test_Stepover0068.tif,0,1.794,1.667,0.047,0.054,1993.685135
0.001345,67,050_AlSiMg_200W_500mms_M0_G13_Test_Stepover0068.tif,0,1.79,1.67,0.049,0.055,2044.553277
0.00135,67,050_AlSiMg_200W_500mms_M0_G13_Test_Stepover0068.tif,0,1.775,1.698,0.048,0.056,2018.213689
0.001355,67,050_AlSiMg_200W_500mms_M0_G13_Test_Stepover0068.tif,-0.001,1.769,1.686,0.048,0.055,1946.461567
0.00136,68,050_AlSiMg_200W_500mms_M0_G13_Test_Stepover0069.tif,-0.003,1.768,1.664,0.047,0.055,1856.963312
0.001365,68,050_AlSiMg_200W_500mms_M0_G13_Test_Stepover0069.tif,-0.002,1.772,1.665,0.046,0.057,1819.836157
0.00137,68,050_AlSiMg_200W_500mms_M0_G13_Test_Stepover0069.tif,-0.002,1.775,1.67,0.045,0.055,1802.875198
0.001375,68,050_AlSiMg_200W_500mms_M0_G13_Test_Stepover0069.tif,0,1.78,1.656,0.047,0.057,1765.670098
0.00138,69,050_AlSiMg_200W_500mms_M0_G13_Test_Stepover0070.tif,0,1.797,1.667,0.049,0.057,1817.299089
0.001385,69,050_AlSiMg_200W_500mms_M0_G13_Test_Stepover0070.tif,0.001,1.805,1.684,0.046,0.056,1846.27835
0.00139,69,050_AlSiMg_200W_500mms_M0_G13_Test_Stepover0070.tif,0,1.814,1.654,0.047,0.055,1868.655683
0.001395,69,050_AlSiMg_200W_500mms_M0_G13_Test_Stepover0070.tif,-0.001,1.812,1.668,0.049,0.058,1837.823712
0.0014,70,050_AlSiMg_200W_500mms_M0_G13_Test_Stepover0071.tif,0,1.809,1.646,0.049,0.058,1853.850629
0.001405,70,050_AlSiMg_200W_500mms_M0_G13_Test_Stepover0071.tif,0.001,1.807,1.621,0.045,0.054,1934.025194
0.00141,70,050_AlSiMg_200W_500mms_M0_G13_Test_Stepover0071.tif,0.001,1.802,1.615,0.046,0.055,1887.272215
0.001415,70,050_AlSiMg_200W_500mms_M0_G13_Test_Stepover0071.tif,0,1.788,1.6,0.051,0.056,1861.627903
0.00142,71,050_AlSiMg_200W_500mms_M0_G13_Test_Stepover0072.tif,0,1.783,1.591,0.044,0.055,1852.214404
0.001425,71,050_AlSiMg_200W_500mms_M0_G13_Test_Stepover0072.tif,-0.002,1.777,1.594,0.046,0.056,1805.438056
0.00143,71,050_AlSiMg_200W_500mms_M0_G13_Test_Stepover0072.tif,0,1.78,1.607,0.047,0.057,1691.325371
0.001435,71,050_AlSiMg_200W_500mms_M0_G13_Test_Stepover0072.tif,0,1.784,1.609,0.045,0.057,2035.019691
0.00144,72,050_AlSiMg_200W_500mms_M0_G13_Test_Stepover0073.tif,-0.002,1.788,1.626,0.047,0.057,2060.664003
0.001445,72,050_AlSiMg_200W_500mms_M0_G13_Test_Stepover0073.tif,0,1.797,1.619,0.055,0.055,2076.698537
0.00145,72,050_AlSiMg_200W_500mms_M0_G13_Test_Stepover0073.tif,0,1.811,1.64,0.049,0.058,2144.653068
0.001455,72,050_AlSiMg_200W_500mms_M0_G13_Test_Stepover0073.tif,-0.001,1.814,1.664,0.047,0.056,2594.056187
0.00146,73,050_AlSiMg_200W_500mms_M0_G13_Test_Stepover0074.tif,0.001,1.811,1.664,0.047,0.055,2331.94394
0.001465,73,050_AlSiMg_200W_500mms_M0_G13_Test_Stepover0074.tif,-0.001,1.809,1.699,0.066,0.056,2346.693763
0.00147,73,050_AlSiMg_200W_500mms_M0_G13_Test_Stepover0074.tif,0.001,1.804,1.658,0.048,0.055,2480.974901
0.001475,73,050_AlSiMg_200W_500mms_M0_G13_Test_Stepover0074.tif,0.001,1.801,1.643,0.048,0.056,2463.071314
0.00148,74,050_AlSiMg_200W_500mms_M0_G13_Test_Stepover0075.tif,0,1.784,1.689,0.054,0.058,2007.066268
0.001485,74,050_AlSiMg_200W_500mms_M0_G13_Test_Stepover0075.tif,0,1.777,1.713,0.047,0.056,1946.592861
0.00149,74,050_AlSiMg_200W_500mms_M0_G13_Test_Stepover0075.tif,0.001,1.77,1.717,0.045,0.055,1902.863778
0.001495,74,050_AlSiMg_200W_500mms_M0_G13_Test_Stepover0075.tif,0,1.772,1.692,0.046,0.056,1734.857235
0.0015,75,050_AlSiMg_200W_500mms_M0_G13_Test_Stepover0076.tif,0,1.773,1.703,0.045,0.055,1776.029129
0.001505,75,050_AlSiMg_200W_500mms_M0_G13_Test_Stepover0076.tif,-0.002,1.779,1.696,0.046,0.057,1779.364077
0.00151,75,050_AlSiMg_200W_500mms_M0_G13_Test_Stepover0076.tif,0.001,1.783,1.674,0.048,0.055,1764.940186
0.001515,75,050_AlSiMg_200W_500mms_M0_G13_Test_Stepover0076.tif,0,1.802,1.672,0.046,0.056,1771.542115
0.00152,76,050_AlSiMg_200W_500mms_M0_G13_Test_Stepover0077.tif,-0.002,1.807,1.664,0.046,0.057,1801.992922
0.001525,76,050_AlSiMg_200W_500mms_M0_G13_Test_Stepover0077.tif,-0.001,1.809,1.656,0.047,0.057,1778.724615
0.00153,76,050_AlSiMg_200W_500mms_M0_G13_Test_Stepover0077.tif,-0.001,1.809,1.639,0.046,0.055,1751.248863
0.001535,76,050_AlSiMg_200W_500mms_M0_G13_Test_Stepover0077.tif,0,1.807,1.656,0.047,0.055,1747.939564
0.00154,77,050_AlSiMg_200W_500mms_M0_G13_Test_Stepover0078.tif,0.001,1.8,1.647,0.046,0.058,1747.939564
0.001545,77,050_AlSiMg_200W_500mms_M0_G13_Test_Stepover0078.tif,-0.001,1.79,1.744,0.045,0.056,1731.912648
0.00155,77,050_AlSiMg_200W_500mms_M0_G13_Test_Stepover0078.tif,-0.002,1.776,1.72,0.047,0.057,1660.62201
0.001555,77,050_AlSiMg_200W_500mms_M0_G13_Test_Stepover0078.tif,0.001,1.775,1.692,0.046,0.056,1691.364742
0.00156,78,050_AlSiMg_200W_500mms_M0_G13_Test_Stepover0079.tif,0.001,1.77,1.67,0.044,0.056,1728.399444
0.001565,78,050_AlSiMg_200W_500mms_M0_G13_Test_Stepover0079.tif,-0.001,1.772,1.66,0.047,0.057,1741.159382
0.00157,78,050_AlSiMg_200W_500mms_M0_G13_Test_Stepover0079.tif,0,1.777,1.677,0.047,0.056,1737.824433
0.001575,78,050_AlSiMg_200W_500mms_M0_G13_Test_Stepover0079.tif,0,1.779,1.668,0.046,0.055,1835.454659
0.00158,79,050_AlSiMg_200W_500mms_M0_G13_Test_Stepover0080.tif,-0.002,1.795,1.658,0.045,0.055,1835.454659
0.001585,79,050_AlSiMg_200W_500mms_M0_G13_Test_Stepover0080.tif,0,1.802,1.649,0.049,0.056,1859.665594
0.00159,79,050_AlSiMg_200W_500mms_M0_G13_Test_Stepover0080.tif,-0.001,1.804,1.672,0.047,0.057,1869.28299
0.001595,79,050_AlSiMg_200W_500mms_M0_G13_Test_Stepover0080.tif,-0.002,1.804,1.661,0.049,0.057,1933.091345
0.0016,80,050_AlSiMg_200W_500mms_M0_G13_Test_Stepover0081.tif,0.001,1.801,1.693,0.049,0.058,1895.190969
0.001605,80,050_AlSiMg_200W_500mms_M0_G13_Test_Stepover0081.tif,-0.002,1.801,1.703,0.048,0.055,1911.225503
0.00161,80,050_AlSiMg_200W_500mms_M0_G13_Test_Stepover0081.tif,0.001,1.798,1.672,0.049,0.058,1843.450323
0.001615,80,050_AlSiMg_200W_500mms_M0_G13_Test_Stepover0081.tif,0,1.787,1.686,0.047,0.056,1775.230707
0.00162,81,050_AlSiMg_200W_500mms_M0_G13_Test_Stepover0082.tif,-0.002,1.776,1.684,0.047,0.059,1751.9624
0.001625,81,050_AlSiMg_200W_500mms_M0_G13_Test_Stepover0082.tif,-0.001,1.777,1.667,0.045,0.058,1745.619601
0.00163,81,050_AlSiMg_200W_500mms_M0_G13_Test_Stepover0082.tif,-0.001,1.779,1.67,0.047,0.055,1708.584898
0.001635,81,050_AlSiMg_200W_500mms_M0_G13_Test_Stepover0082.tif,0.001,1.781,1.684,0.047,0.056,1770.052729
0.00164,82,050_AlSiMg_200W_500mms_M0_G13_Test_Stepover0083.tif,0,1.788,1.675,0.045,0.056,1828.65495
0.001645,82,050_AlSiMg_200W_500mms_M0_G13_Test_Stepover0083.tif,0,1.795,1.651,0.047,0.055,1788.114902
0.00165,82,050_AlSiMg_200W_500mms_M0_G13_Test_Stepover0083.tif,-0.002,1.808,1.63,0.046,0.055,1757.634575
0.001655,82,050_AlSiMg_200W_500mms_M0_G13_Test_Stepover0083.tif,-0.001,1.811,1.646,0.045,0.055,1892.747429
0.00166,83,050_AlSiMg_200W_500mms_M0_G13_Test_Stepover0084.tif,-0.002,1.811,1.635,0.047,0.058,1858.809309
0.001665,83,050_AlSiMg_200W_500mms_M0_G13_Test_Stepover0084.tif,0.002,1.814,1.649,0.051,0.056,1862.083905
0.00167,83,050_AlSiMg_200W_500mms_M0_G13_Test_Stepover0084.tif,0.001,1.809,1.661,0.047,0.057,1875.024118
0.001675,83,050_AlSiMg_200W_500mms_M0_G13_Test_Stepover0084.tif,0.001,1.807,1.628,0.047,0.056,1923.408032
0.00168,84,050_AlSiMg_200W_500mms_M0_G13_Test_Stepover0085.tif,0.001,1.795,1.637,0.049,0.059,1812.496437
0.001685,84,050_AlSiMg_200W_500mms_M0_G13_Test_Stepover0085.tif,-0.001,1.783,1.677,0.047,0.055,1831.736033
0.00169,84,050_AlSiMg_200W_500mms_M0_G13_Test_Stepover0085.tif,0.001,1.777,1.644,0.048,0.058,1807.560632
0.001695,84,050_AlSiMg_200W_500mms_M0_G13_Test_Stepover0085.tif,0.001,1.777,1.651,0.048,0.057,1776.846701
0.0017,85,050_AlSiMg_200W_500mms_M0_G13_Test_Stepover0086.tif,0,1.777,1.654,0.049,0.06,1758.943114
0.001705,85,050_AlSiMg_200W_500mms_M0_G13_Test_Stepover0086.tif,0,1.78,1.751,0.048,0.06,1778.119357
0.00171,85,050_AlSiMg_200W_500mms_M0_G13_Test_Stepover0086.tif,0.001,1.784,1.794,0.047,0.056,1744.433968
0.001715,85,050_AlSiMg_200W_500mms_M0_G13_Test_Stepover0086.tif,-0.002,1.795,1.756,0.049,0.058,1774.952167
0.00172,86,050_AlSiMg_200W_500mms_M0_G13_Test_Stepover0087.tif,0,1.804,1.714,0.047,0.058,1821.705146
0.001725,86,050_AlSiMg_200W_500mms_M0_G13_Test_Stepover0087.tif,0,1.807,1.679,0.049,0.058,1794.407552
0.00173,86,050_AlSiMg_200W_500mms_M0_G13_Test_Stepover0087.tif,0,1.805,1.66,0.049,0.058,1775.23131
0.001735,86,050_AlSiMg_200W_500mms_M0_G13_Test_Stepover0087.tif,-0.001,1.8,1.654,0.048,0.059,1792.878193
0.00174,87,050_AlSiMg_200W_500mms_M0_G13_Test_Stepover0088.tif,0.001,1.798,1.661,0.048,0.058,1810.746329
0.001745,87,050_AlSiMg_200W_500mms_M0_G13_Test_Stepover0088.tif,0,1.791,1.65,0.048,0.058,1760.839286
0.00175,87,050_AlSiMg_200W_500mms_M0_G13_Test_Stepover0088.tif,0,1.779,1.67,0.049,0.057,1775.303436
0.001755,87,050_AlSiMg_200W_500mms_M0_G13_Test_Stepover0088.tif,0,1.772,1.675,0.047,0.059,1648.873339
0.00176,88,050_AlSiMg_200W_500mms_M0_G13_Test_Stepover0089.tif,-0.001,1.773,1.726,0.048,0.058,1671.122108
0.001765,88,050_AlSiMg_200W_500mms_M0_G13_Test_Stepover0089.tif,-0.001,1.776,1.712,0.049,0.074,1637.214924
0.00177,88,050_AlSiMg_200W_500mms_M0_G13_Test_Stepover0089.tif,0,1.781,1.765,0.05,0.059,1728.022316
0.001775,88,050_AlSiMg_200W_500mms_M0_G13_Test_Stepover0089.tif,-0.001,1.781,1.776,0.049,0.059,1719.743745
0.00178,89,050_AlSiMg_200W_500mms_M0_G13_Test_Stepover0090.tif,0,1.8,1.73,0.05,0.057,1865.350085
0.001785,89,050_AlSiMg_200W_500mms_M0_G13_Test_Stepover0090.tif,0,1.805,1.727,0.05,0.061,1880.145695
0.00179,89,050_AlSiMg_200W_500mms_M0_G13_Test_Stepover0090.tif,0,1.809,1.707,0.049,0.058,1896.184743
0.001795,89,050_AlSiMg_200W_500mms_M0_G13_Test_Stepover0090.tif,-0.002,1.811,1.712,0.049,0.057,1818.461269
0.0018,90,050_AlSiMg_200W_500mms_M0_G13_Test_Stepover0091.tif,-0.002,1.808,1.688,0.049,0.058,1836.298686
0.001805,90,050_AlSiMg_200W_500mms_M0_G13_Test_Stepover0091.tif,-0.002,1.805,1.717,0.047,0.058,1847.859473
0.00181,90,050_AlSiMg_200W_500mms_M0_G13_Test_Stepover0091.tif,-0.002,1.801,1.717,0.046,0.055,1841.552125
0.001815,90,050_AlSiMg_200W_500mms_M0_G13_Test_Stepover0091.tif,-0.001,1.787,1.681,0.047,0.055,1819.174792
0.00182,91,050_AlSiMg_200W_500mms_M0_G13_Test_Stepover0092.tif,-0.002,1.779,1.67,0.047,0.055,1827.018657
0.001825,91,050_AlSiMg_200W_500mms_M0_G13_Test_Stepover0092.tif,0,1.777,1.654,0.047,0.057,1799.812927
0.00183,91,050_AlSiMg_200W_500mms_M0_G13_Test_Stepover0092.tif,0,1.776,1.674,0.045,0.055,1799.812927
0.001835,91,050_AlSiMg_200W_500mms_M0_G13_Test_Stepover0092.tif,0.001,1.78,1.67,0.047,0.058,1799.812927
0.00184,92,050_AlSiMg_200W_500mms_M0_G13_Test_Stepover0093.tif,0,1.783,1.667,0.047,0.055,1876.660962
0.001845,92,050_AlSiMg_200W_500mms_M0_G13_Test_Stepover0093.tif,-0.002,1.797,1.643,0.047,0.055,1862.262721
0.00185,92,050_AlSiMg_200W_500mms_M0_G13_Test_Stepover0093.tif,0.001,1.807,1.677,0.047,0.053,1870.106586
0.001855,92,050_AlSiMg_200W_500mms_M0_G13_Test_Stepover0093.tif,0.001,1.807,1.727,0.045,0.056,1811.792819
0.00186,93,050_AlSiMg_200W_500mms_M0_G13_Test_Stepover0094.tif,0.001,1.809,1.664,0.045,0.055,1750.324988
0.001865,93,050_AlSiMg_200W_500mms_M0_G13_Test_Stepover0094.tif,0.001,1.807,1.686,0.044,0.055,1713.722422
0.00187,93,050_AlSiMg_200W_500mms_M0_G13_Test_Stepover0094.tif,0,1.8,1.675,0.047,0.059,1720.276798
0.001875,93,050_AlSiMg_200W_500mms_M0_G13_Test_Stepover0094.tif,-0.002,1.798,1.713,0.049,0.057,1712.432933
0.00188,94,050_AlSiMg_200W_500mms_M0_G13_Test_Stepover0095.tif,0.001,1.786,1.717,0.047,0.058,1746.222077
0.001885,94,050_AlSiMg_200W_500mms_M0_G13_Test_Stepover0095.tif,-0.001,1.773,1.699,0.047,0.058,1786.511725
0.00189,94,050_AlSiMg_200W_500mms_M0_G13_Test_Stepover0095.tif,-0.002,1.77,1.681,0.045,0.054,1749.467346
0.001895,94,050_AlSiMg_200W_500mms_M0_G13_Test_Stepover0095.tif,0.001,1.769,1.654,0.046,0.055,1907.170192
0.0019,95,050_AlSiMg_200W_500mms_M0_G13_Test_Stepover0096.tif,0.001,1.772,1.649,0.048,0.058,1918.349006
0.001905,95,050_AlSiMg_200W_500mms_M0_G13_Test_Stepover0096.tif,0,1.776,1.684,0.051,0.055,1898.928491
0.00191,95,050_AlSiMg_200W_500mms_M0_G13_Test_Stepover0096.tif,0,1.784,1.728,0.046,0.056,1892.161357
0.001915,95,050_AlSiMg_200W_500mms_M0_G13_Test_Stepover0096.tif,-0.002,1.798,1.74,0.044,0.054,1919.636183
0.00192,96,050_AlSiMg_200W_500mms_M0_G13_Test_Stepover0097.tif,0,1.808,1.744,0.044,0.053,1785.792629
0.001925,96,050_AlSiMg_200W_500mms_M0_G13_Test_Stepover0097.tif,0,1.805,1.754,0.046,0.054,1771.368738
0.00193,96,050_AlSiMg_200W_500mms_M0_G13_Test_Stepover0097.tif,0,1.805,1.775,0.045,0.054,1797.410288
0.001935,96,050_AlSiMg_200W_500mms_M0_G13_Test_Stepover0097.tif,0,1.804,1.742,0.046,0.057,1784.815557
0.00194,97,050_AlSiMg_200W_500mms_M0_G13_Test_Stepover0098.tif,-0.002,1.802,1.737,0.047,0.056,1770.174175
0.001945,97,050_AlSiMg_200W_500mms_M0_G13_Test_Stepover0098.tif,-0.002,1.794,1.734,0.045,0.055,1780.000273
0.00195,97,050_AlSiMg_200W_500mms_M0_G13_Test_Stepover0098.tif,0.001,1.784,1.755,0.047,0.056,1810.45108
0.001955,97,050_AlSiMg_200W_500mms_M0_G13_Test_Stepover0098.tif,-0.001,1.779,1.749,0.048,0.057,1748.574262
0.00196,98,050_AlSiMg_200W_500mms_M0_G13_Test_Stepover0099.tif,-0.001,1.776,1.738,0.046,0.055,1748.574262
0.001965,98,050_AlSiMg_200W_500mms_M0_G13_Test_Stepover0099.tif,-0.002,1.781,1.696,0.045,0.058,1708.164082
0.00197,98,050_AlSiMg_200W_500mms_M0_G13_Test_Stepover0099.tif,0.001,1.781,1.702,0.045,0.055,1701.684424
0.001975,98,050_AlSiMg_200W_500mms_M0_G13_Test_Stepover0099.tif,-0.002,1.784,1.674,0.044,0.055,1719.600403
0.00198,99,050_AlSiMg_200W_500mms_M0_G13_Test_Stepover0100.tif,0,1.8,1.686,0.046,0.055,1728.090169
0.001985,99,050_AlSiMg_200W_500mms_M0_G13_Test_Stepover0100.tif,-0.002,1.812,1.709,0.046,0.054,1710.316451
0.00199,99,050_AlSiMg_200W_500mms_M0_G13_Test_Stepover0100.tif,0,1.814,1.712,0.044,0.056,1768.630218
0.001995,99,050_AlSiMg_200W_500mms_M0_G13_Test_Stepover0100.tif,-0.002,1.808,1.698,0.044,0.055,1749.268352
0.002,100,050_AlSiMg_200W_500mms_M0_G13_Test_Stepover0101.tif,-0.002,1.807,1.692,0.047,0.055,1694.21679
0.002005,100,050_AlSiMg_200W_500mms_M0_G13_Test_Stepover0101.tif,0,1.802,1.728,0.045,0.055,1724.967379
0.00201,100,050_AlSiMg_200W_500mms_M0_G13_Test_Stepover0101.tif,-0.001,1.797,1.72,0.044,0.055,1724.967379
0.002015,100,050_AlSiMg_200W_500mms_M0_G13_Test_Stepover0101.tif,-0.001,1.784,1.709,0.045,0.055,1697.022062
0.00202,101,050_AlSiMg_200W_500mms_M0_G13_Test_Stepover0102.tif,0,1.78,1.695,0.044,0.055,1709.616793
0.002025,101,050_AlSiMg_200W_500mms_M0_G13_Test_Stepover0102.tif,-0.002,1.779,1.681,0.044,0.053,1746.752376
0.00203,101,050_AlSiMg_200W_500mms_M0_G13_Test_Stepover0102.tif,-0.002,1.781,1.681,0.044,0.053,1746.752376
0.002035,101,050_AlSiMg_200W_500mms_M0_G13_Test_Stepover0102.tif,0,1.781,1.689,0.046,0.055,1798.466
0.00204,102,050_AlSiMg_200W_500mms_M0_G13_Test_Stepover0103.tif,-0.001,1.781,1.667,0.045,0.055,1811.712793
0.002045,102,050_AlSiMg_200W_500mms_M0_G13_Test_Stepover0103.tif,0,1.794,1.681,0.045,0.053,1833.057968
0.00205,102,050_AlSiMg_200W_500mms_M0_G13_Test_Stepover0103.tif,-0.002,1.805,1.668,0.048,0.057,1847.636009
0.002055,102,050_AlSiMg_200W_500mms_M0_G13_Test_Stepover0103.tif,-0.002,1.808,1.754,0.045,0.053,1860.23074
0.00206,103,050_AlSiMg_200W_500mms_M0_G13_Test_Stepover0104.tif,0,1.809,1.716,0.045,0.053,1838.885565
0.002065,103,050_AlSiMg_200W_500mms_M0_G13_Test_Stepover0104.tif,0.001,1.804,1.721,0.044,0.053,1806.161458
0.00207,103,050_AlSiMg_200W_500mms_M0_G13_Test_Stepover0104.tif,0,1.804,1.688,0.044,0.053,1768.816464
0.002075,103,050_AlSiMg_200W_500mms_M0_G13_Test_Stepover0104.tif,0.001,1.8,1.658,0.043,0.053,1717.10284
0.00208,104,050_AlSiMg_200W_500mms_M0_G13_Test_Stepover0105.tif,-0.001,1.783,1.675,0.044,0.054,1686.73439
0.002085,104,050_AlSiMg_200W_500mms_M0_G13_Test_Stepover0105.tif,-0.001,1.775,1.664,0.044,0.055,1631.609264
0.00209,104,050_AlSiMg_200W_500mms_M0_G13_Test_Stepover0105.tif,0.001,1.77,1.688,0.044,0.055,1651.086578
0.002095,104,050_AlSiMg_200W_500mms_M0_G13_Test_Stepover0105.tif,0,1.772,1.703,0.044,0.057,1636.717948
0.0021,105,050_AlSiMg_200W_500mms_M0_G13_Test_Stepover0106.tif,-0.002,1.776,1.723,0.044,0.053,1670.507093
0.002105,105,050_AlSiMg_200W_500mms_M0_G13_Test_Stepover0106.tif,-0.001,1.777,1.702,0.044,0.055,1725.558655
0.00211,105,050_AlSiMg_200W_500mms_M0_G13_Test_Stepover0106.tif,0,1.784,1.677,0.045,0.054,1802.028956
0.002115,105,050_AlSiMg_200W_500mms_M0_G13_Test_Stepover0106.tif,0,1.802,1.713,0.046,0.054,1740.140274
0.00212,106,050_AlSiMg_200W_500mms_M0_G13_Test_Stepover0107.tif,-0.001,1.804,1.763,0.045,0.053,1754.508904
0.002125,106,050_AlSiMg_200W_500mms_M0_G13_Test_Stepover0107.tif,-0.002,1.807,1.734,0.042,0.055,1720.719759
0.00213,106,050_AlSiMg_200W_500mms_M0_G13_Test_Stepover0107.tif,0.001,1.807,1.678,0.044,0.054,1696.036646
0.002135,106,050_AlSiMg_200W_500mms_M0_G13_Test_Stepover0107.tif,-0.001,1.802,1.675,0.044,0.055,1627.945775
0.00214,107,050_AlSiMg_200W_500mms_M0_G13_Test_Stepover0108.tif,0,1.802,1.674,0.044,0.053,1677.239726
0.002145,107,050_AlSiMg_200W_500mms_M0_G13_Test_Stepover0108.tif,0,1.794,1.692,0.043,0.055,1659.427401
0.00215,107,050_AlSiMg_200W_500mms_M0_G13_Test_Stepover0108.tif,-0.001,1.78,1.692,0.045,0.055,1673.796031
0.002155,107,050_AlSiMg_200W_500mms_M0_G13_Test_Stepover0108.tif,0,1.779,1.695,0.043,0.054,1721.864479
0.00216,108,050_AlSiMg_200W_500mms_M0_G13_Test_Stepover0109.tif,0.001,1.78,1.674,0.044,0.054,1752.610356
0.002165,108,050_AlSiMg_200W_500mms_M0_G13_Test_Stepover0109.tif,0,1.784,1.674,0.047,0.054,1714.992827
0.00217,108,050_AlSiMg_200W_500mms_M0_G13_Test_Stepover0109.tif,0,1.787,1.707,0.044,0.054,1718.436523
0.002175,108,050_AlSiMg_200W_500mms_M0_G13_Test_Stepover0109.tif,0,1.791,1.72,0.042,0.054,1805.291574
0.00218,109,050_AlSiMg_200W_500mms_M0_G13_Test_Stepover0110.tif,0.001,1.802,1.681,0.044,0.055,1726.854676
0.002185,109,050_AlSiMg_200W_500mms_M0_G13_Test_Stepover0110.tif,-0.001,1.809,1.726,0.047,0.053,1749.62163
0.00219,109,050_AlSiMg_200W_500mms_M0_G13_Test_Stepover0110.tif,0,1.812,1.681,0.044,0.055,1844.680558
0.002195,109,050_AlSiMg_200W_500mms_M0_G13_Test_Stepover0110.tif,0.001,1.809,1.665,0.046,0.055,1862.454276
0.0022,110,050_AlSiMg_200W_500mms_M0_G13_Test_Stepover0111.tif,0,1.808,1.699,0.046,0.053,1812.944219
0.002205,110,050_AlSiMg_200W_500mms_M0_G13_Test_Stepover0111.tif,-0.001,1.801,1.692,0.045,0.055,1843.312669
0.00221,110,050_AlSiMg_200W_500mms_M0_G13_Test_Stepover0111.tif,0,1.798,1.677,0.045,0.053,1823.950803
0.002215,110,050_AlSiMg_200W_500mms_M0_G13_Test_Stepover0111.tif,0.001,1.783,1.656,0.044,0.053,1785.871269
0.00222,111,050_AlSiMg_200W_500mms_M0_G13_Test_Stepover0112.tif,-0.001,1.773,1.637,0.045,0.055,1826.411318
0.002225,111,050_AlSiMg_200W_500mms_M0_G13_Test_Stepover0112.tif,0,1.776,1.65,0.046,0.055,1833.011461
0.00223,111,050_AlSiMg_200W_500mms_M0_G13_Test_Stepover0112.tif,-0.002,1.775,1.639,0.047,0.055,1809.327787
0.002235,111,050_AlSiMg_200W_500mms_M0_G13_Test_Stepover0112.tif,-0.002,1.777,1.633,0.047,0.055,1819.130805
0.00224,112,050_AlSiMg_200W_500mms_M0_G13_Test_Stepover0113.tif,0.001,1.78,1.667,0.046,0.057,1785.370699
0.002245,112,050_AlSiMg_200W_500mms_M0_G13_Test_Stepover0113.tif,-0.002,1.79,1.692,0.048,0.058,1748.165599
0.00225,112,050_AlSiMg_200W_500mms_M0_G13_Test_Stepover0113.tif,0,1.805,1.698,0.045,0.056,1751.354634
0.002255,112,050_AlSiMg_200W_500mms_M0_G13_Test_Stepover0113.tif,0.001,1.808,1.719,0.046,0.056,1754.599711
0.00226,113,050_AlSiMg_200W_500mms_M0_G13_Test_Stepover0114.tif,0.001,1.802,1.72,0.048,0.056,1764.158558
0.002265,113,050_AlSiMg_200W_500mms_M0_G13_Test_Stepover0114.tif,0.001,1.802,1.681,0.047,0.058,1801.193261
0.00227,113,050_AlSiMg_200W_500mms_M0_G13_Test_Stepover0114.tif,0,1.801,1.653,0.046,0.055,1797.858312
0.002275,113,050_AlSiMg_200W_500mms_M0_G13_Test_Stepover0114.tif,0.001,1.797,1.628,0.047,0.056,1739.730988
0.00228,114,050_AlSiMg_200W_500mms_M0_G13_Test_Stepover0115.tif,0.001,1.784,1.612,0.045,0.055,1739.730988
0.002285,114,050_AlSiMg_200W_500mms_M0_G13_Test_Stepover0115.tif,0,1.773,1.602,0.045,0.056,1712.525257
0.00229,114,050_AlSiMg_200W_500mms_M0_G13_Test_Stepover0115.tif,-0.002,1.77,1.622,0.047,0.058,1730.428844
0.002295,114,050_AlSiMg_200W_500mms_M0_G13_Test_Stepover0115.tif,-0.001,1.77,1.642,0.047,0.058,1737.030772
0.0023,115,050_AlSiMg_200W_500mms_M0_G13_Test_Stepover0116.tif,-0.001,1.776,1.647,0.047,0.055,1815.237368
0.002305,115,050_AlSiMg_200W_500mms_M0_G13_Test_Stepover0116.tif,0,1.781,1.633,0.047,0.057,1839.09666
0.00231,115,050_AlSiMg_200W_500mms_M0_G13_Test_Stepover0116.tif,0.001,1.786,1.651,0.048,0.055,1869.576987
0.002315,115,050_AlSiMg_200W_500mms_M0_G13_Test_Stepover0116.tif,-0.002,1.802,1.674,0.045,0.054,1892.845294
0.00232,116,050_AlSiMg_200W_500mms_M0_G13_Test_Stepover0117.tif,0,1.812,1.663,0.047,0.056,1886.243365
0.002325,116,050_AlSiMg_200W_500mms_M0_G13_Test_Stepover0117.tif,-0.001,1.808,1.668,0.048,0.055,1819.029922
0.00233,116,050_AlSiMg_200W_500mms_M0_G13_Test_Stepover0117.tif,-0.001,1.807,1.716,0.045,0.055,1836.954402
0.002335,116,050_AlSiMg_200W_500mms_M0_G13_Test_Stepover0117.tif,-0.001,1.804,1.692,0.044,0.054,1851.595784
0.00234,117,050_AlSiMg_200W_500mms_M0_G13_Test_Stepover0118.tif,-0.001,1.801,1.682,0.045,0.053,1800.38216
0.002345,117,050_AlSiMg_200W_500mms_M0_G13_Test_Stepover0118.tif,0,1.801,1.658,0.046,0.054,1796.977071
0.00235,117,050_AlSiMg_200W_500mms_M0_G13_Test_Stepover0118.tif,0,1.786,1.653,0.044,0.053,1800.38216
0.002355,117,050_AlSiMg_200W_500mms_M0_G13_Test_Stepover0118.tif,-0.001,1.78,1.636,0.044,0.054,1827.105434
0.00236,118,050_AlSiMg_200W_500mms_M0_G13_Test_Stepover0119.tif,-0.002,1.78,1.663,0.045,0.055,1786.422501
0.002365,118,050_AlSiMg_200W_500mms_M0_G13_Test_Stepover0119.tif,0.001,1.78,1.682,0.047,0.054,1863.326025
0.00237,118,050_AlSiMg_200W_500mms_M0_G13_Test_Stepover0119.tif,-0.001,1.78,1.674,0.044,0.054,1856.296263
0.002375,118,050_AlSiMg_200W_500mms_M0_G13_Test_Stepover0119.tif,0,1.786,1.647,0.049,0.055,1868.890994
0.00238,119,050_AlSiMg_200W_500mms_M0_G13_Test_Stepover0120.tif,-0.002,1.801,1.678,0.042,0.052,1814.829743
0.002385,119,050_AlSiMg_200W_500mms_M0_G13_Test_Stepover0120.tif,-0.002,1.805,1.681,0.044,0.053,1830.829562
0.00239,119,050_AlSiMg_200W_500mms_M0_G13_Test_Stepover0120.tif,-0.002,1.808,1.684,0.047,0.057,1847.796763
0.002395,119,050_AlSiMg_200W_500mms_M0_G13_Test_Stepover0120.tif,0,1.805,1.719,0.044,0.053,1854.826525
0.0024,120,050_AlSiMg_200W_500mms_M0_G13_Test_Stepover0121.tif,-0.001,1.801,1.749,0.046,0.051,1854.826525
0.002405,120,050_AlSiMg_200W_500mms_M0_G13_Test_Stepover0121.tif,-0.002,1.8,1.726,0.044,0.054,1882.164503
0.00241,120,050_AlSiMg_200W_500mms_M0_G13_Test_Stepover0121.tif,-0.002,1.791,1.695,0.044,0.053,1906.847616
0.002415,120,050_AlSiMg_200W_500mms_M0_G13_Test_Stepover0121.tif,0.001,1.781,1.678,0.045,0.053,1800.38216
0.00242,121,050_AlSiMg_200W_500mms_M0_G13_Test_Stepover0122.tif,0,1.776,1.672,0.046,0.054,2129.70785
0.002425,121,050_AlSiMg_200W_500mms_M0_G13_Test_Stepover0122.tif,-0.002,1.772,1.658,0.045,0.055,2129.70785
0.00243,121,050_AlSiMg_200W_500mms_M0_G13_Test_Stepover0122.tif,-0.002,1.775,1.654,0.055,0.055,2115.129809
0.002435,121,050_AlSiMg_200W_500mms_M0_G13_Test_Stepover0122.tif,-0.001,1.779,1.689,0.044,0.053,2090.446696
0.00244,122,050_AlSiMg_200W_500mms_M0_G13_Test_Stepover0123.tif,-0.001,1.78,1.693,0.046,0.055,2109.808562
0.002445,122,050_AlSiMg_200W_500mms_M0_G13_Test_Stepover0123.tif,0.001,1.793,1.723,0.044,0.053,1756.473477
0.00245,122,050_AlSiMg_200W_500mms_M0_G13_Test_Stepover0123.tif,-0.002,1.804,1.698,0.046,0.055,1777.818652
0.002455,122,050_AlSiMg_200W_500mms_M0_G13_Test_Stepover0123.tif,0,1.807,1.762,0.045,0.057,1758.456787
0.00246,123,050_AlSiMg_200W_500mms_M0_G13_Test_Stepover0124.tif,0.001,1.811,1.731,0.045,0.053,1765.223921
0.002465,123,050_AlSiMg_200W_500mms_M0_G13_Test_Stepover0124.tif,0,1.805,1.707,0.045,0.055,1761.877482
0.00247,123,050_AlSiMg_200W_500mms_M0_G13_Test_Stepover0124.tif,-0.002,1.804,1.702,0.046,0.055,1823.23187
0.002475,123,050_AlSiMg_200W_500mms_M0_G13_Test_Stepover0124.tif,-0.002,1.8,1.693,0.045,0.054,1811.928426
0.00248,124,050_AlSiMg_200W_500mms_M0_G13_Test_Stepover0125.tif,0,1.788,1.692,0.045,0.053,1827.943852
0.002485,124,050_AlSiMg_200W_500mms_M0_G13_Test_Stepover0125.tif,0,1.78,1.678,0.047,0.056,1849.122036
0.00249,124,050_AlSiMg_200W_500mms_M0_G13_Test_Stepover0125.tif,0,1.777,1.691,0.045,0.054,1865.158397
0.002495,124,050_AlSiMg_200W_500mms_M0_G13_Test_Stepover0125.tif,-0.002,1.777,1.699,0.047,0.055,1843.813222
0.0025,125,050_AlSiMg_200W_500mms_M0_G13_Test_Stepover0126.tif,0,1.781,1.675,0.05,0.059,1821.17676
0.002505,125,050_AlSiMg_200W_500mms_M0_G13_Test_Stepover0126.tif,0.001,1.781,1.751,0.044,0.053,1824.523199
0.00251,125,050_AlSiMg_200W_500mms_M0_G13_Test_Stepover0126.tif,-0.001,1.79,1.756,0.045,0.055,1766.209433
0.002515,125,050_AlSiMg_200W_500mms_M0_G13_Test_Stepover0126.tif,0,1.804,1.738,0.046,0.055,1753.51951
0.00252,126,050_AlSiMg_200W_500mms_M0_G13_Test_Stepover0127.tif,0,1.809,1.693,0.044,0.055,1787.772176
0.002525,126,050_AlSiMg_200W_500mms_M0_G13_Test_Stepover0127.tif,0.001,1.808,1.667,0.046,0.055,1821.712082
0.00253,126,050_AlSiMg_200W_500mms_M0_G13_Test_Stepover0127.tif,-0.001,1.808,1.684,0.049,0.057,1832.873764
0.002535,126,050_AlSiMg_200W_500mms_M0_G13_Test_Stepover0127.tif,0,1.804,1.661,0.045,0.053,1866.662908
0.00254,127,050_AlSiMg_200W_500mms_M0_G13_Test_Stepover0128.tif,0,1.805,1.651,0.044,0.052,1829.527325
0.002545,127,050_AlSiMg_200W_500mms_M0_G13_Test_Stepover0128.tif,0,1.801,1.678,0.045,0.054,1840.121327
0.00255,127,050_AlSiMg_200W_500mms_M0_G13_Test_Stepover0128.tif,-0.002,1.784,1.661,0.044,0.055,1809.51637
0.002555,127,050_AlSiMg_200W_500mms_M0_G13_Test_Stepover0128.tif,0,1.781,1.674,0.046,0.053,1819.532871
0.00256,128,050_AlSiMg_200W_500mms_M0_G13_Test_Stepover0129.tif,0.002,1.78,1.658,0.046,0.056,1778.78599
0.002565,128,050_AlSiMg_200W_500mms_M0_G13_Test_Stepover0129.tif,-0.002,1.781,1.668,0.047,0.055,1778.78599
0.00257,128,050_AlSiMg_200W_500mms_M0_G13_Test_Stepover0129.tif,-0.002,1.783,1.667,0.042,0.053,1721.344591
0.002575,128,050_AlSiMg_200W_500mms_M0_G13_Test_Stepover0129.tif,0,1.793,1.692,0.044,0.055,1700.235924
0.00258,129,050_AlSiMg_200W_500mms_M0_G13_Test_Stepover0130.tif,-0.002,1.801,1.658,0.045,0.055,1628.945286
0.002585,129,050_AlSiMg_200W_500mms_M0_G13_Test_Stepover0130.tif,0.001,1.805,1.647,0.044,0.055,1657.01169
0.00259,129,050_AlSiMg_200W_500mms_M0_G13_Test_Stepover0130.tif,0.001,1.804,1.658,0.044,0.056,1708.725314
0.002595,129,050_AlSiMg_200W_500mms_M0_G13_Test_Stepover0130.tif,0.001,1.802,1.693,0.046,0.056,1766.166714
0.0026,130,050_AlSiMg_200W_500mms_M0_G13_Test_Stepover0131.tif,0.001,1.801,1.72,0.045,0.053,1806.576894
0.002605,130,050_AlSiMg_200W_500mms_M0_G13_Test_Stepover0131.tif,-0.002,1.794,1.699,0.046,0.053,1813.186679
0.00261,130,050_AlSiMg_200W_500mms_M0_G13_Test_Stepover0131.tif,0.001,1.788,1.724,0.047,0.056,1816.453659
0.002615,130,050_AlSiMg_200W_500mms_M0_G13_Test_Stepover0131.tif,-0.002,1.776,1.712,0.046,0.058,1789.115681
0.00262,131,050_AlSiMg_200W_500mms_M0_G13_Test_Stepover0132.tif,0,1.77,1.723,0.047,0.057,1754.310743
0.002625,131,050_AlSiMg_200W_500mms_M0_G13_Test_Stepover0132.tif,-0.002,1.77,1.695,0.047,0.057,1707.533478
0.00263,131,050_AlSiMg_200W_500mms_M0_G13_Test_Stepover0132.tif,0,1.773,1.685,0.047,0.056,1795.482637
0.002635,131,050_AlSiMg_200W_500mms_M0_G13_Test_Stepover0132.tif,0.001,1.773,1.678,0.046,0.058,1795.482637
0.00264,132,050_AlSiMg_200W_500mms_M0_G13_Test_Stepover0133.tif,-0.002,1.779,1.741,0.048,0.055,1849.543888
0.002645,132,050_AlSiMg_200W_500mms_M0_G13_Test_Stepover0133.tif,-0.001,1.791,1.696,0.047,0.057,1809.133708
0.00265,132,050_AlSiMg_200W_500mms_M0_G13_Test_Stepover0133.tif,-0.001,1.802,1.688,0.047,0.054,1839.87644
0.002655,132,050_AlSiMg_200W_500mms_M0_G13_Test_Stepover0133.tif,0,1.807,1.678,0.044,0.055,1782.670013
0.00266,133,050_AlSiMg_200W_500mms_M0_G13_Test_Stepover0134.tif,0,1.811,1.682,0.047,0.057,1792.083511
0.002665,133,050_AlSiMg_200W_500mms_M0_G13_Test_Stepover0134.tif,0.001,1.807,1.689,0.047,0.057,1792.083511
0.00267,133,050_AlSiMg_200W_500mms_M0_G13_Test_Stepover0134.tif,0,1.804,1.702,0.045,0.054,1853.586312
0.002675,133,050_AlSiMg_200W_500mms_M0_G13_Test_Stepover0134.tif,-0.001,1.798,1.668,0.047,0.054,1839.140519
0.00268,134,050_AlSiMg_200W_500mms_M0_G13_Test_Stepover0135.tif,-0.001,1.788,1.671,0.048,0.056,1805.124108
0.002685,134,050_AlSiMg_200W_500mms_M0_G13_Test_Stepover0135.tif,0,1.78,1.681,0.047,0.058,2178.572177
0.00269,134,050_AlSiMg_200W_500mms_M0_G13_Test_Stepover0135.tif,0.001,1.777,1.672,0.045,0.057,2106.820055
0.002695,134,050_AlSiMg_200W_500mms_M0_G13_Test_Stepover0135.tif,0,1.777,1.647,0.055,0.054,2103.631021
0.0027,135,050_AlSiMg_200W_500mms_M0_G13_Test_Stepover0136.tif,0,1.78,1.637,0.046,0.057,2152.014934
0.002705,135,050_AlSiMg_200W_500mms_M0_G13_Test_Stepover0136.tif,0.001,1.78,1.649,0.047,0.055,2186.031345
0.00271,135,050_AlSiMg_200W_500mms_M0_G13_Test_Stepover0136.tif,0,1.791,1.651,0.047,0.055,1819.204312
0.002715,135,050_AlSiMg_200W_500mms_M0_G13_Test_Stepover0136.tif,0,1.808,1.675,0.047,0.057,1870.833303
0.00272,136,050_AlSiMg_200W_500mms_M0_G13_Test_Stepover0137.tif,0,1.809,1.682,0.047,0.056,1894.101609
0.002725,136,050_AlSiMg_200W_500mms_M0_G13_Test_Stepover0137.tif,-0.002,1.815,1.703,0.047,0.055,1842.472619
0.00273,136,050_AlSiMg_200W_500mms_M0_G13_Test_Stepover0137.tif,0,1.811,1.733,0.048,0.055,1848.465422
0.002735,136,050_AlSiMg_200W_500mms_M0_G13_Test_Stepover0137.tif,-0.002,1.808,1.723,0.046,0.057,1825.82896
0.00274,137,050_AlSiMg_200W_500mms_M0_G13_Test_Stepover0138.tif,-0.001,1.805,1.727,0.044,0.053,1804.650776
0.002745,137,050_AlSiMg_200W_500mms_M0_G13_Test_Stepover0138.tif,-0.002,1.793,1.726,0.045,0.055,1740.842421
0.00275,137,050_AlSiMg_200W_500mms_M0_G13_Test_Stepover0138.tif,-0.001,1.78,1.692,0.046,0.055,1789.209208
0.002755,137,050_AlSiMg_200W_500mms_M0_G13_Test_Stepover0138.tif,0.001,1.773,1.671,0.045,0.055,1776.614476
0.00276,138,050_AlSiMg_200W_500mms_M0_G13_Test_Stepover0139.tif,0,1.776,1.661,0.046,0.054,1783.216405
0.002765,138,050_AlSiMg_200W_500mms_M0_G13_Test_Stepover0139.tif,0,1.775,1.67,0.045,0.055,1804.394588
0.00277,138,050_AlSiMg_200W_500mms_M0_G13_Test_Stepover0139.tif,-0.001,1.775,1.67,0.047,0.057,1776.980105
0.002775,138,050_AlSiMg_200W_500mms_M0_G13_Test_Stepover0139.tif,0.001,1.779,1.682,0.047,0.055,1759.064126
0.00278,139,050_AlSiMg_200W_500mms_M0_G13_Test_Stepover0140.tif,-0.001,1.795,1.695,0.045,0.057,1816.505526
0.002785,139,050_AlSiMg_200W_500mms_M0_G13_Test_Stepover0140.tif,-0.002,1.804,1.742,0.046,0.055,1893.35356
0.00279,139,050_AlSiMg_200W_500mms_M0_G13_Test_Stepover0140.tif,0.001,1.804,1.738,0.046,0.053,1810.283117
0.002795,139,050_AlSiMg_200W_500mms_M0_G13_Test_Stepover0140.tif,0.001,1.808,1.699,0.047,0.053,1871.637505
0.0028,140,050_AlSiMg_200W_500mms_M0_G13_Test_Stepover0141.tif,0,1.805,1.692,0.044,0.057,1852.27564
0.002805,140,050_AlSiMg_200W_500mms_M0_G13_Test_Stepover0141.tif,0.001,1.801,1.693,0.045,0.053,1764.083651
0.00281,140,050_AlSiMg_200W_500mms_M0_G13_Test_Stepover0141.tif,0,1.798,1.681,0.045,0.055,1699.995554
0.002815,140,050_AlSiMg_200W_500mms_M0_G13_Test_Stepover0141.tif,0,1.786,1.689,0.044,0.056,1724.752231
0.00282,141,050_AlSiMg_200W_500mms_M0_G13_Test_Stepover0142.tif,-0.002,1.779,1.668,0.046,0.055,1731.352373
0.002825,141,050_AlSiMg_200W_500mms_M0_G13_Test_Stepover0142.tif,-0.002,1.775,1.667,0.044,0.055,1792.015553
0.00283,141,050_AlSiMg_200W_500mms_M0_G13_Test_Stepover0142.tif,-0.002,1.775,1.653,0.047,0.055,1842.128008
0.002835,141,050_AlSiMg_200W_500mms_M0_G13_Test_Stepover0142.tif,0.001,1.78,1.644,0.047,0.054,1889.645779
0.00284,142,050_AlSiMg_200W_500mms_M0_G13_Test_Stepover0143.tif,0,1.781,1.647,0.046,0.055,1917.222516
0.002845,142,050_AlSiMg_200W_500mms_M0_G13_Test_Stepover0143.tif,0,1.793,1.665,0.049,0.056,1943.562104
0.00285,142,050_AlSiMg_200W_500mms_M0_G13_Test_Stepover0143.tif,0,1.798,1.653,0.048,0.058,1923.438973
0.002855,142,050_AlSiMg_200W_500mms_M0_G13_Test_Stepover0143.tif,-0.001,1.807,1.699,0.049,0.056,1944.617156
0.00286,143,050_AlSiMg_200W_500mms_M0_G13_Test_Stepover0144.tif,-0.002,1.807,1.707,0.047,0.055,1908.261066
0.002865,143,050_AlSiMg_200W_500mms_M0_G13_Test_Stepover0144.tif,-0.001,1.8,1.765,0.047,0.055,1905.059976
0.00287,143,050_AlSiMg_200W_500mms_M0_G13_Test_Stepover0144.tif,-0.001,1.801,1.706,0.044,0.052,1820.406621
0.002875,143,050_AlSiMg_200W_500mms_M0_G13_Test_Stepover0144.tif,-0.002,1.794,1.688,0.047,0.057,1768.77763
0.00288,144,050_AlSiMg_200W_500mms_M0_G13_Test_Stepover0145.tif,-0.001,1.786,1.681,0.044,0.055,1728.237581
0.002885,144,050_AlSiMg_200W_500mms_M0_G13_Test_Stepover0145.tif,-0.001,1.776,1.672,0.046,0.057,1658.473679
0.00289,144,050_AlSiMg_200W_500mms_M0_G13_Test_Stepover0145.tif,0,1.773,1.685,0.045,0.055,1651.871751
0.002895,144,050_AlSiMg_200W_500mms_M0_G13_Test_Stepover0145.tif,0,1.775,1.693,0.045,0.058,1710.185518
0.0029,145,050_AlSiMg_200W_500mms_M0_G13_Test_Stepover0146.tif,-0.002,1.776,1.675,0.045,0.055,1693.859977
0.002905,145,050_AlSiMg_200W_500mms_M0_G13_Test_Stepover0146.tif,-0.002,1.781,1.688,0.047,0.055,1676.086259
0.00291,145,050_AlSiMg_200W_500mms_M0_G13_Test_Stepover0146.tif,-0.001,1.79,1.668,0.045,0.057,1737.963077
0.002915,145,050_AlSiMg_200W_500mms_M0_G13_Test_Stepover0146.tif,-0.001,1.801,1.712,0.044,0.055,1695.432681
0.00292,146,050_AlSiMg_200W_500mms_M0_G13_Test_Stepover0147.tif,0,1.809,1.682,0.047,0.056,1683.871894
0.002925,146,050_AlSiMg_200W_500mms_M0_G13_Test_Stepover0147.tif,-0.001,1.812,1.674,0.044,0.057,1775.094731
0.00293,146,050_AlSiMg_200W_500mms_M0_G13_Test_Stepover0147.tif,0.001,1.809,1.702,0.049,0.058,1792.86845
0.002935,146,050_AlSiMg_200W_500mms_M0_G13_Test_Stepover0147.tif,0.001,1.808,1.717,0.048,0.055,1776.833916
0.00294,147,050_AlSiMg_200W_500mms_M0_G13_Test_Stepover0148.tif,-0.002,1.808,1.731,0.045,0.055,1801.590593
0.002945,147,050_AlSiMg_200W_500mms_M0_G13_Test_Stepover0148.tif,-0.001,1.798,1.689,0.047,0.057,1856.061295
0.00295,147,050_AlSiMg_200W_500mms_M0_G13_Test_Stepover0148.tif,0,1.786,1.734,0.044,0.055,1774.479221
0.002955,147,050_AlSiMg_200W_500mms_M0_G13_Test_Stepover0148.tif,-0.002,1.777,1.716,0.047,0.053,1771.074133
0.00296,148,050_AlSiMg_200W_500mms_M0_G13_Test_Stepover0149.tif,-0.001,1.779,1.695,0.044,0.055,1783.83407
0.002965,148,050_AlSiMg_200W_500mms_M0_G13_Test_Stepover0149.tif,0,1.777,1.681,0.044,0.054,1842.147837
0.00297,148,050_AlSiMg_200W_500mms_M0_G13_Test_Stepover0149.tif,0,1.781,1.71,0.046,0.055,1740.924156
0.002975,148,050_AlSiMg_200W_500mms_M0_G13_Test_Stepover0149.tif,0,1.781,1.699,0.047,0.055,1758.697874
0.00298,149,050_AlSiMg_200W_500mms_M0_G13_Test_Stepover0150.tif,-0.002,1.793,1.692,0.044,0.055,1734.68848
0.002985,149,050_AlSiMg_200W_500mms_M0_G13_Test_Stepover0150.tif,0,1.801,1.714,0.045,0.055,1734.68848
0.00299,149,050_AlSiMg_200W_500mms_M0_G13_Test_Stepover0150.tif,-0.002,1.804,1.751,0.045,0.057,1676.374713
0.002995,149,050_AlSiMg_200W_500mms_M0_G13_Test_Stepover0150.tif,0.001,1.801,1.784,0.046,0.055,1734.68848
0.003,150,050_AlSiMg_200W_500mms_M0_G13_Test_Stepover0151.tif,-0.001,1.801,1.742,0.044,0.055,1775.228529
0.003005,150,050_AlSiMg_200W_500mms_M0_G13_Test_Stepover0151.tif,-0.002,1.798,1.745,0.047,0.055,1843.18306
0.00301,150,050_AlSiMg_200W_500mms_M0_G13_Test_Stepover0151.tif,0,1.793,1.733,0.047,0.055,1836.415926
0.003015,150,050_AlSiMg_200W_500mms_M0_G13_Test_Stepover0151.tif,0.001,1.779,1.727,0.047,0.055,1843.100702
0.00302,151,050_AlSiMg_200W_500mms_M0_G13_Test_Stepover0152.tif,-0.002,1.775,1.706,0.044,0.053,1843.100702
0.003025,151,050_AlSiMg_200W_500mms_M0_G13_Test_Stepover0152.tif,0,1.772,1.682,0.046,0.057,1805.895602
0.00303,151,050_AlSiMg_200W_500mms_M0_G13_Test_Stepover0152.tif,-0.002,1.776,1.699,0.047,0.055,1750.957312
0.003035,151,050_AlSiMg_200W_500mms_M0_G13_Test_Stepover0152.tif,0.002,1.779,1.692,0.046,0.056,1760.999043
0.00304,152,050_AlSiMg_200W_500mms_M0_G13_Test_Stepover0153.tif,0.001,1.783,1.702,0.045,0.056,1861.586241
0.003045,152,050_AlSiMg_200W_500mms_M0_G13_Test_Stepover0153.tif,-0.002,1.795,1.728,0.047,0.056,1878.487591
0.00305,152,050_AlSiMg_200W_500mms_M0_G13_Test_Stepover0153.tif,-0.002,1.807,1.749,0.049,0.055,1878.487591
0.003055,152,050_AlSiMg_200W_500mms_M0_G13_Test_Stepover0153.tif,0,1.809,1.731,0.046,0.053,1862.135243
0.00306,153,050_AlSiMg_200W_500mms_M0_G13_Test_Stepover0154.tif,-0.001,1.811,1.695,0.046,0.056,1839.498781
0.003065,153,050_AlSiMg_200W_500mms_M0_G13_Test_Stepover0154.tif,0.001,1.808,1.723,0.044,0.056,1750.000526
0.00307,153,050_AlSiMg_200W_500mms_M0_G13_Test_Stepover0154.tif,-0.002,1.804,1.749,0.045,0.055,1699.161054
0.003075,153,050_AlSiMg_200W_500mms_M0_G13_Test_Stepover0154.tif,0,1.802,1.726,0.045,0.055,1736.366154
0.00308,154,050_AlSiMg_200W_500mms_M0_G13_Test_Stepover0155.tif,-0.002,1.788,1.717,0.047,0.057,1807.656792
0.003085,154,050_AlSiMg_200W_500mms_M0_G13_Test_Stepover0155.tif,0.001,1.779,1.735,0.047,0.055,1848.196841
0.00309,154,050_AlSiMg_200W_500mms_M0_G13_Test_Stepover0155.tif,0,1.779,1.696,0.047,0.055,1851.531789
0.003095,154,050_AlSiMg_200W_500mms_M0_G13_Test_Stepover0155.tif,0,1.777,1.707,0.047,0.055,1864.291727
0.0031,155,050_AlSiMg_200W_500mms_M0_G13_Test_Stepover0156.tif,0.001,1.779,1.703,0.046,0.056,1864.291727
0.003105,155,050_AlSiMg_200W_500mms_M0_G13_Test_Stepover0156.tif,0,1.783,1.682,0.046,0.055,1968.567732
0.00311,155,050_AlSiMg_200W_500mms_M0_G13_Test_Stepover0156.tif,-0.001,1.79,1.73,0.047,0.055,1947.389549
0.003115,155,050_AlSiMg_200W_500mms_M0_G13_Test_Stepover0156.tif,0,1.801,1.745,0.049,0.053,1966.691062
0.00312,156,050_AlSiMg_200W_500mms_M0_G13_Test_Stepover0157.tif,0,1.811,1.7,0.046,0.055,1987.869245
0.003125,156,050_AlSiMg_200W_500mms_M0_G13_Test_Stepover0157.tif,0,1.811,1.712,0.047,0.056,1982.390327
0.00313,156,050_AlSiMg_200W_500mms_M0_G13_Test_Stepover0157.tif,-0.001,1.809,1.74,0.047,0.055,1860.210735
0.003135,156,050_AlSiMg_200W_500mms_M0_G13_Test_Stepover0157.tif,-0.002,1.809,1.72,0.051,0.06,1823.075151
0.00314,157,050_AlSiMg_200W_500mms_M0_G13_Test_Stepover0158.tif,-0.001,1.808,1.696,0.047,0.056,1782.664971
0.003145,157,050_AlSiMg_200W_500mms_M0_G13_Test_Stepover0158.tif,-0.002,1.793,1.661,0.044,0.055,1761.486788
0.00315,157,050_AlSiMg_200W_500mms_M0_G13_Test_Stepover0158.tif,0,1.783,1.681,0.044,0.055,1755.404919
0.003155,157,050_AlSiMg_200W_500mms_M0_G13_Test_Stepover0158.tif,0.001,1.776,1.692,0.046,0.055,1724.924591
0.00316,158,050_AlSiMg_200W_500mms_M0_G13_Test_Stepover0159.tif,0,1.776,1.695,0.049,0.058,1783.238358
0.003165,158,050_AlSiMg_200W_500mms_M0_G13_Test_Stepover0159.tif,-0.001,1.775,1.682,0.047,0.058,1823.648538
0.00317,158,050_AlSiMg_200W_500mms_M0_G13_Test_Stepover0159.tif,0,1.78,1.681,0.047,0.055,1807.621622
0.003175,158,050_AlSiMg_200W_500mms_M0_G13_Test_Stepover0159.tif,0.001,1.784,1.681,0.047,0.056,1798.004226
0.00318,159,050_AlSiMg_200W_500mms_M0_G13_Test_Stepover0160.tif,0,1.794,1.67,0.046,0.056,1752.575012
0.003185,159,050_AlSiMg_200W_500mms_M0_G13_Test_Stepover0160.tif,0,1.801,1.649,0.046,0.055,1721.837982
0.00319,159,050_AlSiMg_200W_500mms_M0_G13_Test_Stepover0160.tif,-0.002,1.807,1.66,0.044,0.058,1681.427802
0.003195,159,050_AlSiMg_200W_500mms_M0_G13_Test_Stepover0160.tif,-0.002,1.802,1.682,0.048,0.058,1660.319135
0.0032,160,050_AlSiMg_200W_500mms_M0_G13_Test_Stepover0161.tif,0,1.805,1.742,0.044,0.055,1640.957269
0.003205,160,050_AlSiMg_200W_500mms_M0_G13_Test_Stepover0161.tif,0,1.8,1.713,0.044,0.055,1676.45663
0.00321,160,050_AlSiMg_200W_500mms_M0_G13_Test_Stepover0161.tif,-0.002,1.795,1.698,0.045,0.055,1686.015478
0.003215,160,050_AlSiMg_200W_500mms_M0_G13_Test_Stepover0161.tif,0.001,1.781,1.658,0.044,0.055,1723.151061
0.00322,161,050_AlSiMg_200W_500mms_M0_G13_Test_Stepover0162.tif,-0.002,1.775,1.675,0.046,0.055,1729.835837
0.003225,161,050_AlSiMg_200W_500mms_M0_G13_Test_Stepover0162.tif,0.001,1.772,1.686,0.046,0.055,1752.472299
0.00323,161,050_AlSiMg_200W_500mms_M0_G13_Test_Stepover0162.tif,-0.002,1.775,1.67,0.046,0.057,1752.472299
0.003235,161,050_AlSiMg_200W_500mms_M0_G13_Test_Stepover0162.tif,-0.002,1.78,1.644,0.047,0.056,1702.359845
0.00324,162,050_AlSiMg_200W_500mms_M0_G13_Test_Stepover0163.tif,0.001,1.784,1.664,0.044,0.055,1705.634441
0.003245,162,050_AlSiMg_200W_500mms_M0_G13_Test_Stepover0163.tif,0,1.794,1.658,0.044,0.056,1723.325311
0.00325,162,050_AlSiMg_200W_500mms_M0_G13_Test_Stepover0163.tif,0,1.808,1.692,0.047,0.056,1692.844984
0.003255,162,050_AlSiMg_200W_500mms_M0_G13_Test_Stepover0163.tif,0,1.812,1.798,0.047,0.057,1751.158751
0.00326,163,050_AlSiMg_200W_500mms_M0_G13_Test_Stepover0164.tif,-0.001,1.811,1.752,0.047,0.058,1742.668985
0.003265,163,050_AlSiMg_200W_500mms_M0_G13_Test_Stepover0164.tif,0,1.809,1.709,0.047,0.055,1708.94358
0.00327,163,050_AlSiMg_200W_500mms_M0_G13_Test_Stepover0164.tif,-0.001,1.804,1.707,0.045,0.058,1708.94358
0.003275,163,050_AlSiMg_200W_500mms_M0_G13_Test_Stepover0164.tif,-0.001,1.801,1.688,0.046,0.057,1757.327494
0.00328,164,050_AlSiMg_200W_500mms_M0_G13_Test_Stepover0165.tif,0,1.79,1.674,0.047,0.057,1702.389205
0.003285,164,050_AlSiMg_200W_500mms_M0_G13_Test_Stepover0165.tif,-0.002,1.781,1.66,0.047,0.055,1741.629561
0.00329,164,050_AlSiMg_200W_500mms_M0_G13_Test_Stepover0165.tif,0.001,1.779,1.647,0.045,0.056,1744.874637
0.003295,164,050_AlSiMg_200W_500mms_M0_G13_Test_Stepover0165.tif,0.001,1.779,1.636,0.045,0.055,1778.812758
0.0033,165,050_AlSiMg_200W_500mms_M0_G13_Test_Stepover0166.tif,0.001,1.786,1.649,0.047,0.058,1760.909171
0.003305,165,050_AlSiMg_200W_500mms_M0_G13_Test_Stepover0166.tif,0,1.786,1.696,0.047,0.055,1839.115767
0.00331,165,050_AlSiMg_200W_500mms_M0_G13_Test_Stepover0166.tif,-0.002,1.795,1.668,0.047,0.056,1879.655816
0.003315,165,050_AlSiMg_200W_500mms_M0_G13_Test_Stepover0166.tif,-0.001,1.805,1.702,0.048,0.055,1834.226602
0.00332,166,050_AlSiMg_200W_500mms_M0_G13_Test_Stepover0167.tif,0,1.807,1.681,0.047,0.055,1834.226602
0.003325,166,050_AlSiMg_200W_500mms_M0_G13_Test_Stepover0167.tif,0,1.811,1.67,0.044,0.058,1852.130189
0.00333,166,050_AlSiMg_200W_500mms_M0_G13_Test_Stepover0167.tif,-0.002,1.808,1.664,0.047,0.055,1770.548115
0.003335,166,050_AlSiMg_200W_500mms_M0_G13_Test_Stepover0167.tif,0,1.802,1.677,0.047,0.055,1763.947973
0.00334,167,050_AlSiMg_200W_500mms_M0_G13_Test_Stepover0168.tif,-0.001,1.797,1.664,0.044,0.055,1851.160958
0.003345,167,050_AlSiMg_200W_500mms_M0_G13_Test_Stepover0168.tif,-0.001,1.784,1.643,0.045,0.053,1871.284089
0.00335,167,050_AlSiMg_200W_500mms_M0_G13_Test_Stepover0168.tif,-0.002,1.773,1.632,0.045,0.053,1837.345969
0.003355,167,050_AlSiMg_200W_500mms_M0_G13_Test_Stepover0168.tif,0,1.77,1.632,0.047,0.054,1895.659735
0.00336,168,050_AlSiMg_200W_500mms_M0_G13_Test_Stepover0169.tif,-0.002,1.77,1.661,0.047,0.057,1908.567226
0.003365,168,050_AlSiMg_200W_500mms_M0_G13_Test_Stepover0169.tif,-0.001,1.773,1.664,0.047,0.055,1893.989186
0.00337,168,050_AlSiMg_200W_500mms_M0_G13_Test_Stepover0169.tif,-0.002,1.777,1.651,0.049,0.057,1862.305267
0.003375,168,050_AlSiMg_200W_500mms_M0_G13_Test_Stepover0169.tif,-0.002,1.78,1.693,0.046,0.055,1896.243387
0.00338,169,050_AlSiMg_200W_500mms_M0_G13_Test_Stepover0170.tif,-0.002,1.797,1.684,0.049,0.058,1847.859473
0.003385,169,050_AlSiMg_200W_500mms_M0_G13_Test_Stepover0170.tif,-0.001,1.802,1.677,0.047,0.055,1789.923134
0.00339,169,050_AlSiMg_200W_500mms_M0_G13_Test_Stepover0170.tif,0.001,1.809,1.651,0.047,0.058,1777.163197
0.003395,169,050_AlSiMg_200W_500mms_M0_G13_Test_Stepover0170.tif,-0.001,1.805,1.681,0.046,0.057,1748.183936
0.0034,170,050_AlSiMg_200W_500mms_M0_G13_Test_Stepover0171.tif,0.001,1.809,1.64,0.047,0.057,1665.113492
0.003405,170,050_AlSiMg_200W_500mms_M0_G13_Test_Stepover0171.tif,0.001,1.804,1.632,0.045,0.055,1692.319223
0.00341,170,050_AlSiMg_200W_500mms_M0_G13_Test_Stepover0171.tif,0,1.798,1.619,0.044,0.057,1675.993682
0.003415,170,050_AlSiMg_200W_500mms_M0_G13_Test_Stepover0171.tif,-0.002,1.784,1.628,0.046,0.055,1688.75362
0.00342,171,050_AlSiMg_200W_500mms_M0_G13_Test_Stepover0172.tif,0,1.78,1.615,0.045,0.057,1729.293668
0.003425,171,050_AlSiMg_200W_500mms_M0_G13_Test_Stepover0172.tif,-0.002,1.779,1.618,0.046,0.055,1794.460525
0.00343,171,050_AlSiMg_200W_500mms_M0_G13_Test_Stepover0172.tif,-0.001,1.779,1.639,0.047,0.055,2231.103707
0.003435,171,050_AlSiMg_200W_500mms_M0_G13_Test_Stepover0172.tif,-0.002,1.781,1.636,0.047,0.056,2325.397826
0.00344,172,050_AlSiMg_200W_500mms_M0_G13_Test_Stepover0173.tif,0.001,1.786,1.65,0.069,0.057,2366.699141
0.003445,172,050_AlSiMg_200W_500mms_M0_G13_Test_Stepover0173.tif,-0.001,1.797,1.672,0.049,0.056,2318.315227
0.00345,172,050_AlSiMg_200W_500mms_M0_G13_Test_Stepover0173.tif,0.001,1.808,1.677,0.047,0.054,2321.520289
0.003455,172,050_AlSiMg_200W_500mms_M0_G13_Test_Stepover0173.tif,-0.002,1.811,1.677,0.047,0.058,1884.877108
0.00346,173,050_AlSiMg_200W_500mms_M0_G13_Test_Stepover0174.tif,-0.001,1.808,1.667,0.048,0.057,1840.633933
0.003465,173,050_AlSiMg_200W_500mms_M0_G13_Test_Stepover0174.tif,0,1.811,1.656,0.046,0.055,1799.332618
0.00347,173,050_AlSiMg_200W_500mms_M0_G13_Test_Stepover0174.tif,-0.001,1.805,1.647,0.047,0.056,1847.716532
0.003475,173,050_AlSiMg_200W_500mms_M0_G13_Test_Stepover0174.tif,-0.001,1.805,1.646,0.046,0.055,1862.415057
0.00348,174,050_AlSiMg_200W_500mms_M0_G13_Test_Stepover0175.tif,0,1.793,1.647,0.047,0.055,1815.638709
0.003485,174,050_AlSiMg_200W_500mms_M0_G13_Test_Stepover0175.tif,-0.002,1.781,1.653,0.047,0.055,1836.73133
0.00349,174,050_AlSiMg_200W_500mms_M0_G13_Test_Stepover0175.tif,0.001,1.779,1.647,0.045,0.057,1840.005927
0.003495,174,050_AlSiMg_200W_500mms_M0_G13_Test_Stepover0175.tif,0.001,1.776,1.677,0.048,0.056,1840.005927
0.0035,175,050_AlSiMg_200W_500mms_M0_G13_Test_Stepover0176.tif,-0.002,1.776,1.73,0.047,0.056,1799.465878
0.003505,175,050_AlSiMg_200W_500mms_M0_G13_Test_Stepover0176.tif,-0.002,1.777,1.703,0.047,0.055,1802.739557
0.00351,175,050_AlSiMg_200W_500mms_M0_G13_Test_Stepover0176.tif,0,1.786,1.7,0.045,0.055,1799.550522
0.003515,175,050_AlSiMg_200W_500mms_M0_G13_Test_Stepover0176.tif,-0.002,1.8,1.695,0.046,0.058,1762.51582
0.00352,176,050_AlSiMg_200W_500mms_M0_G13_Test_Stepover0177.tif,-0.001,1.802,1.686,0.047,0.055,1747.817295
0.003525,176,050_AlSiMg_200W_500mms_M0_G13_Test_Stepover0177.tif,-0.001,1.804,1.675,0.045,0.056,1776.796556
0.00353,176,050_AlSiMg_200W_500mms_M0_G13_Test_Stepover0177.tif,-0.002,1.804,1.688,0.048,0.057,1820.299225
0.003535,176,050_AlSiMg_200W_500mms_M0_G13_Test_Stepover0177.tif,-0.001,1.801,1.667,0.049,0.058,1792.353907
0.00354,177,050_AlSiMg_200W_500mms_M0_G13_Test_Stepover0178.tif,0.001,1.798,1.677,0.046,0.055,1826.114014
0.003545,177,050_AlSiMg_200W_500mms_M0_G13_Test_Stepover0178.tif,0,1.787,1.681,0.044,0.053,1779.344707
0.00355,177,050_AlSiMg_200W_500mms_M0_G13_Test_Stepover0178.tif,0.001,1.779,1.67,0.046,0.055,1750.365446
0.003555,177,050_AlSiMg_200W_500mms_M0_G13_Test_Stepover0178.tif,0.001,1.775,1.692,0.047,0.059,1713.229863
0.00356,178,050_AlSiMg_200W_500mms_M0_G13_Test_Stepover0179.tif,-0.002,1.773,1.636,0.045,0.055,1734.575038
0.003565,178,050_AlSiMg_200W_500mms_M0_G13_Test_Stepover0179.tif,-0.002,1.777,1.657,0.044,0.055,1708.33059
0.00357,178,050_AlSiMg_200W_500mms_M0_G13_Test_Stepover0179.tif,-0.002,1.779,1.695,0.045,0.053,1741.853103
0.003575,178,050_AlSiMg_200W_500mms_M0_G13_Test_Stepover0179.tif,0.001,1.786,1.709,0.043,0.053,1815.625991
0.00358,179,050_AlSiMg_200W_500mms_M0_G13_Test_Stepover0180.tif,0.001,1.8,1.649,0.044,0.053,1808.668254
0.003585,179,050_AlSiMg_200W_500mms_M0_G13_Test_Stepover0180.tif,-0.002,1.809,1.688,0.044,0.05,1783.825603
0.00359,179,050_AlSiMg_200W_500mms_M0_G13_Test_Stepover0180.tif,-0.001,1.814,1.63,0.042,0.053,1765.976731
0.003595,179,050_AlSiMg_200W_500mms_M0_G13_Test_Stepover0180.tif,-0.001,1.808,1.616,0.043,0.052,1762.479255
0.0036,180,050_AlSiMg_200W_500mms_M0_G13_Test_Stepover0181.tif,0.001,1.807,1.611,0.042,0.053,1722.646273
0.003605,180,050_AlSiMg_200W_500mms_M0_G13_Test_Stepover0181.tif,0.002,1.804,1.72,0.043,0.052,1743.97264
0.00361,180,050_AlSiMg_200W_500mms_M0_G13_Test_Stepover0181.tif,0,1.797,1.768,0.045,0.053,1734.875385
0.003615,180,050_AlSiMg_200W_500mms_M0_G13_Test_Stepover0181.tif,0,1.786,1.738,0.044,0.054,1728.856251
0.00362,181,050_AlSiMg_200W_500mms_M0_G13_Test_Stepover0182.tif,0.001,1.776,1.766,0.045,0.055,1745.600519
0.003625,181,050_AlSiMg_200W_500mms_M0_G13_Test_Stepover0182.tif,0,1.773,1.877,0.044,0.056,1703.816748
0.00363,181,050_AlSiMg_200W_500mms_M0_G13_Test_Stepover0182.tif,-0.002,1.772,1.979,0.048,0.057,1699.377971
0.003635,181,050_AlSiMg_200W_500mms_M0_G13_Test_Stepover0182.tif,0,1.781,1.982,0.047,0.058,1699.377971
0.00364,182,050_AlSiMg_200W_500mms_M0_G13_Test_Stepover0183.tif,0,1.786,1.884,0.047,0.058,1712.354842
0.003645,182,050_AlSiMg_200W_500mms_M0_G13_Test_Stepover0183.tif,0,1.801,1.86,0.045,0.055,1727.053367
0.00365,182,050_AlSiMg_200W_500mms_M0_G13_Test_Stepover0183.tif,-0.002,1.811,1.833,0.044,0.055,1747.491963
0.003655,182,050_AlSiMg_200W_500mms_M0_G13_Test_Stepover0183.tif,0.001,1.811,1.839,0.047,0.055,1751.93074
0.00366,183,050_AlSiMg_200W_500mms_M0_G13_Test_Stepover0184.tif,0.001,1.809,1.882,0.044,0.053,1748.525652
0.003665,183,050_AlSiMg_200W_500mms_M0_G13_Test_Stepover0184.tif,-0.001,1.805,1.913,0.044,0.054,1748.525652
0.00367,183,050_AlSiMg_200W_500mms_M0_G13_Test_Stepover0184.tif,0.001,1.802,1.851,0.044,0.054,1748.525652
0.003675,183,050_AlSiMg_200W_500mms_M0_G13_Test_Stepover0184.tif,0,1.801,1.783,0.044,0.055,1758.567382
0.00368,184,050_AlSiMg_200W_500mms_M0_G13_Test_Stepover0185.tif,0,1.784,1.77,0.047,0.055,1761.972471
0.003685,184,050_AlSiMg_200W_500mms_M0_G13_Test_Stepover0185.tif,-0.001,1.775,1.754,0.047,0.056,1722.847164
0.00369,184,050_AlSiMg_200W_500mms_M0_G13_Test_Stepover0185.tif,0.001,1.77,1.765,0.045,0.055,1801.284062
0.003695,184,050_AlSiMg_200W_500mms_M0_G13_Test_Stepover0185.tif,-0.002,1.77,1.733,0.044,0.057,1757.338925
0.0037,185,050_AlSiMg_200W_500mms_M0_G13_Test_Stepover0186.tif,-0.001,1.773,1.712,0.047,0.054,1824.200718
0.003705,185,050_AlSiMg_200W_500mms_M0_G13_Test_Stepover0186.tif,-0.002,1.777,1.689,0.044,0.054,1806.427
0.00371,185,050_AlSiMg_200W_500mms_M0_G13_Test_Stepover0186.tif,0.001,1.787,1.677,0.049,0.055,1848.957395
0.003715,185,050_AlSiMg_200W_500mms_M0_G13_Test_Stepover0186.tif,-0.002,1.798,1.681,0.044,0.055,1757.543626
0.00372,186,050_AlSiMg_200W_500mms_M0_G13_Test_Stepover0187.tif,-0.001,1.808,1.667,0.045,0.055,1730.198126
0.003725,186,050_AlSiMg_200W_500mms_M0_G13_Test_Stepover0187.tif,0.001,1.805,1.656,0.044,0.056,1666.541394
0.00373,186,050_AlSiMg_200W_500mms_M0_G13_Test_Stepover0187.tif,0.001,1.804,1.66,0.044,0.056,1666.541394
0.003735,186,050_AlSiMg_200W_500mms_M0_G13_Test_Stepover0187.tif,-0.001,1.802,1.675,0.048,0.057,1648.767676
0.00374,187,050_AlSiMg_200W_500mms_M0_G13_Test_Stepover0188.tif,0.001,1.8,1.741,0.044,0.055,1692.458479
0.003745,187,050_AlSiMg_200W_500mms_M0_G13_Test_Stepover0188.tif,0.001,1.79,1.71,0.044,0.055,1757.148974
0.00375,187,050_AlSiMg_200W_500mms_M0_G13_Test_Stepover0188.tif,-0.001,1.777,1.698,0.049,0.059,1727.902361
0.003755,187,050_AlSiMg_200W_500mms_M0_G13_Test_Stepover0188.tif,0,1.776,1.776,0.045,0.053,1786.216128
0.00376,188,050_AlSiMg_200W_500mms_M0_G13_Test_Stepover0189.tif,0,1.776,1.728,0.044,0.054,1816.584577
0.003765,188,050_AlSiMg_200W_500mms_M0_G13_Test_Stepover0189.tif,-0.001,1.777,1.726,0.047,0.055,1779.503561
0.00377,188,050_AlSiMg_200W_500mms_M0_G13_Test_Stepover0189.tif,0.001,1.784,1.731,0.044,0.053,1764.92552
0.003775,188,050_AlSiMg_200W_500mms_M0_G13_Test_Stepover0189.tif,0,1.79,1.699,0.046,0.058,1780.925339
0.00378,189,050_AlSiMg_200W_500mms_M0_G13_Test_Stepover0190.tif,-0.002,1.801,1.693,0.046,0.055,1801.048471
0.003785,189,050_AlSiMg_200W_500mms_M0_G13_Test_Stepover0190.tif,-0.001,1.809,1.692,0.044,0.053,1825.731584
0.00379,189,050_AlSiMg_200W_500mms_M0_G13_Test_Stepover0190.tif,0,1.809,1.674,0.047,0.054,1832.098669
0.003795,189,050_AlSiMg_200W_500mms_M0_G13_Test_Stepover0190.tif,-0.001,1.807,1.661,0.046,0.054,1846.67671
0.0038,190,050_AlSiMg_200W_500mms_M0_G13_Test_Stepover0191.tif,0,1.805,1.661,0.044,0.055,1850.097405
0.003805,190,050_AlSiMg_200W_500mms_M0_G13_Test_Stepover0191.tif,-0.002,1.804,1.646,0.045,0.053,1789.434225
0.00381,190,050_AlSiMg_200W_500mms_M0_G13_Test_Stepover0191.tif,0,1.8,1.671,0.045,0.054,1734.382663
0.003815,190,050_AlSiMg_200W_500mms_M0_G13_Test_Stepover0191.tif,-0.001,1.786,1.665,0.045,0.055,1764.751112
0.00382,191,050_AlSiMg_200W_500mms_M0_G13_Test_Stepover0192.tif,0.001,1.779,1.681,0.044,0.055,1771.351255
0.003825,191,050_AlSiMg_200W_500mms_M0_G13_Test_Stepover0192.tif,0,1.781,1.686,0.044,0.053,2211.340875
0.00383,191,050_AlSiMg_200W_500mms_M0_G13_Test_Stepover0192.tif,0,1.777,1.651,0.047,0.055,2227.356301
0.003835,191,050_AlSiMg_200W_500mms_M0_G13_Test_Stepover0192.tif,0,1.783,1.705,0.066,0.055,2220.398564
0.00384,192,050_AlSiMg_200W_500mms_M0_G13_Test_Stepover0193.tif,0,1.786,1.677,0.045,0.054,2248.343882
0.003845,192,050_AlSiMg_200W_500mms_M0_G13_Test_Stepover0193.tif,-0.001,1.793,1.681,0.042,0.053,2213.32419
0.00385,192,050_AlSiMg_200W_500mms_M0_G13_Test_Stepover0193.tif,0,1.801,1.664,0.047,0.055,1846.817399
0.003855,192,050_AlSiMg_200W_500mms_M0_G13_Test_Stepover0193.tif,-0.002,1.804,1.712,0.042,0.051,1813.028254
0.00386,193,050_AlSiMg_200W_500mms_M0_G13_Test_Stepover0194.tif,0,1.802,1.706,0.049,0.055,1837.759709
0.003865,193,050_AlSiMg_200W_500mms_M0_G13_Test_Stepover0194.tif,-0.002,1.802,1.685,0.044,0.055,1813.235087
0.00387,193,050_AlSiMg_200W_500mms_M0_G13_Test_Stepover0194.tif,-0.001,1.794,1.677,0.045,0.055,1811.049679
0.003875,193,050_AlSiMg_200W_500mms_M0_G13_Test_Stepover0194.tif,-0.002,1.791,1.65,0.045,0.054,1734.146155
0.00388,194,050_AlSiMg_200W_500mms_M0_G13_Test_Stepover0195.tif,0,1.779,1.671,0.046,0.056,1734.146155
0.003885,194,050_AlSiMg_200W_500mms_M0_G13_Test_Stepover0195.tif,0,1.77,1.698,0.044,0.053,1734.146155
0.00389,194,050_AlSiMg_200W_500mms_M0_G13_Test_Stepover0195.tif,-0.002,1.772,1.653,0.044,0.055,1700.35701
0.003895,194,050_AlSiMg_200W_500mms_M0_G13_Test_Stepover0195.tif,0,1.773,1.639,0.045,0.055,1751.162229
0.0039,195,050_AlSiMg_200W_500mms_M0_G13_Test_Stepover0196.tif,0,1.773,1.65,0.044,0.055,1689.273547
0.003905,195,050_AlSiMg_200W_500mms_M0_G13_Test_Stepover0196.tif,0.001,1.777,1.646,0.045,0.052,1734.073215
0.00391,195,050_AlSiMg_200W_500mms_M0_G13_Test_Stepover0196.tif,-0.002,1.788,1.633,0.042,0.055,1774.613263
0.003915,195,050_AlSiMg_200W_500mms_M0_G13_Test_Stepover0196.tif,0.001,1.805,1.629,0.043,0.051,1774.613263
0.00392,196,050_AlSiMg_200W_500mms_M0_G13_Test_Stepover0197.tif,-0.002,1.812,1.667,0.047,0.055,1702.699377
0.003925,196,050_AlSiMg_200W_500mms_M0_G13_Test_Stepover0197.tif,-0.001,1.812,1.702,0.044,0.055,1734.21961
0.00393,196,050_AlSiMg_200W_500mms_M0_G13_Test_Stepover0197.tif,0.001,1.809,1.668,0.044,0.055,1719.788392
0.003935,196,050_AlSiMg_200W_500mms_M0_G13_Test_Stepover0197.tif,0.001,1.808,1.642,0.044,0.055,1664.850102
0.00394,197,050_AlSiMg_200W_500mms_M0_G13_Test_Stepover0198.tif,-0.001,1.802,1.623,0.044,0.053,2138.628867
0.003945,197,050_AlSiMg_200W_500mms_M0_G13_Test_Stepover0198.tif,-0.001,1.795,1.636,0.045,0.056,2152.997497
0.00395,197,050_AlSiMg_200W_500mms_M0_G13_Test_Stepover0198.tif,-0.001,1.784,1.653,0.061,0.057,2167.366127
0.003955,197,050_AlSiMg_200W_500mms_M0_G13_Test_Stepover0198.tif,-0.002,1.776,1.74,0.044,0.054,2151.366307
0.00396,198,050_AlSiMg_200W_500mms_M0_G13_Test_Stepover0199.tif,-0.002,1.781,1.695,0.044,0.054,2178.359279
0.003965,198,050_AlSiMg_200W_500mms_M0_G13_Test_Stepover0199.tif,0.001,1.781,1.663,0.044,0.054,1722.354233
0.00397,198,050_AlSiMg_200W_500mms_M0_G13_Test_Stepover0199.tif,0,1.786,1.688,0.044,0.053,1722.354233
0.003975,198,050_AlSiMg_200W_500mms_M0_G13_Test_Stepover0199.tif,0,1.794,1.681,0.045,0.055,1738.354052
0.00398,199,050_AlSiMg_200W_500mms_M0_G13_Test_Stepover0200.tif,-0.002,1.808,1.686,0.044,0.054,1720.541727
0.003985,199,050_AlSiMg_200W_500mms_M0_G13_Test_Stepover0200.tif,-0.002,1.814,1.674,0.044,0.053,1723.962422
0.00399,199,050_AlSiMg_200W_500mms_M0_G13_Test_Stepover0200.tif,-0.002,1.814,1.667,0.043,0.054,1717.079839
0.003995,199,050_AlSiMg_200W_500mms_M0_G13_Test_Stepover0200.tif,0,1.812,1.663,0.045,0.054,1733.079659
0.004,200,050_AlSiMg_200W_500mms_M0_G13_Test_Stepover0201.tif,0,1.809,1.781,0.043,0.053,1706.420562
0.004005,200,050_AlSiMg_200W_500mms_M0_G13_Test_Stepover0201.tif,-0.002,1.802,1.773,0.044,0.053,1700.223493
0.00401,200,050_AlSiMg_200W_500mms_M0_G13_Test_Stepover0201.tif,-0.002,1.797,1.737,0.041,0.051,1718.147973
0.004015,200,050_AlSiMg_200W_500mms_M0_G13_Test_Stepover0201.tif,0.001,1.781,1.681,0.045,0.057,1718.147973
0.00402,201,050_AlSiMg_200W_500mms_M0_G13_Test_Stepover0202.tif,-0.001,1.773,1.678,0.045,0.053,1742.831086
0.004025,201,050_AlSiMg_200W_500mms_M0_G13_Test_Stepover0202.tif,-0.001,1.77,1.684,0.043,0.053,1726.144863
0.00403,201,050_AlSiMg_200W_500mms_M0_G13_Test_Stepover0202.tif,-0.002,1.772,1.682,0.046,0.054,1837.009308
0.004035,201,050_AlSiMg_200W_500mms_M0_G13_Test_Stepover0202.tif,-0.002,1.776,1.685,0.044,0.056,1772.318813
0.00404,202,050_AlSiMg_200W_500mms_M0_G13_Test_Stepover0203.tif,-0.002,1.779,1.696,0.047,0.053,1798.563261
0.004045,202,050_AlSiMg_200W_500mms_M0_G13_Test_Stepover0203.tif,-0.002,1.795,1.702,0.044,0.056,1727.134452
0.00405,202,050_AlSiMg_200W_500mms_M0_G13_Test_Stepover0203.tif,0.001,1.802,1.681,0.046,0.055,1754.479952
0.004055,202,050_AlSiMg_200W_500mms_M0_G13_Test_Stepover0203.tif,0,1.809,1.698,0.043,0.055,1667.624901
0.00406,203,050_AlSiMg_200W_500mms_M0_G13_Test_Stepover0204.tif,-0.001,1.805,1.695,0.044,0.054,1674.234687
0.004065,203,050_AlSiMg_200W_500mms_M0_G13_Test_Stepover0204.tif,0.001,1.804,1.686,0.044,0.054,1667.467552
0.00407,203,050_AlSiMg_200W_500mms_M0_G13_Test_Stepover0204.tif,0,1.802,1.682,0.046,0.058,1701.618518
0.004075,203,050_AlSiMg_200W_500mms_M0_G13_Test_Stepover0204.tif,0,1.797,1.664,0.044,0.053,1738.963512
0.00408,204,050_AlSiMg_200W_500mms_M0_G13_Test_Stepover0205.tif,0,1.786,1.674,0.045,0.055,1724.594882
0.004085,204,050_AlSiMg_200W_500mms_M0_G13_Test_Stepover0205.tif,0,1.78,1.692,0.045,0.053,1727.518272
0.00409,204,050_AlSiMg_200W_500mms_M0_G13_Test_Stepover0205.tif,0,1.78,1.672,0.044,0.055,1690.192086
0.004095,204,050_AlSiMg_200W_500mms_M0_G13_Test_Stepover0205.tif,0,1.78,1.681,0.043,0.054,1712.828547
0.0041,205,050_AlSiMg_200W_500mms_M0_G13_Test_Stepover0206.tif,0,1.784,1.654,0.042,0.053,1698.250507
0.004105,205,050_AlSiMg_200W_500mms_M0_G13_Test_Stepover0206.tif,0,1.786,1.64,0.047,0.056,1716.024225
0.00411,205,050_AlSiMg_200W_500mms_M0_G13_Test_Stepover0206.tif,-0.002,1.791,1.654,0.046,0.055,1749.83637
0.004115,205,050_AlSiMg_200W_500mms_M0_G13_Test_Stepover0206.tif,-0.002,1.804,1.658,0.045,0.055,1808.507731
0.00412,206,050_AlSiMg_200W_500mms_M0_G13_Test_Stepover0207.tif,0,1.805,1.647,0.044,0.053,1782.466181
0.004125,206,050_AlSiMg_200W_500mms_M0_G13_Test_Stepover0207.tif,-0.002,1.809,1.681,0.045,0.053,1800.38216
0.00413,206,050_AlSiMg_200W_500mms_M0_G13_Test_Stepover0207.tif,0,1.805,1.703,0.044,0.054,1812.976891
0.004135,206,050_AlSiMg_200W_500mms_M0_G13_Test_Stepover0207.tif,0,1.8,1.702,0.046,0.054,1834.322066
0.00414,207,050_AlSiMg_200W_500mms_M0_G13_Test_Stepover0208.tif,-0.002,1.795,1.748,0.044,0.053,1812.976891
0.004145,207,050_AlSiMg_200W_500mms_M0_G13_Test_Stepover0208.tif,-0.002,1.786,1.695,0.045,0.053,1828.97671
0.00415,207,050_AlSiMg_200W_500mms_M0_G13_Test_Stepover0208.tif,0.001,1.77,1.67,0.044,0.053,1825.638772
0.004155,207,050_AlSiMg_200W_500mms_M0_G13_Test_Stepover0208.tif,-0.001,1.768,1.644,0.044,0.053,1795.270323
0.00416,208,050_AlSiMg_200W_500mms_M0_G13_Test_Stepover0209.tif,0.001,1.77,1.667,0.045,0.053,1780.692282
0.004165,208,050_AlSiMg_200W_500mms_M0_G13_Test_Stepover0209.tif,0.001,1.773,1.667,0.044,0.055,1784.112977
0.00417,208,050_AlSiMg_200W_500mms_M0_G13_Test_Stepover0209.tif,0,1.776,1.677,0.046,0.055,1753.744528
0.004175,208,050_AlSiMg_200W_500mms_M0_G13_Test_Stepover0209.tif,0.001,1.786,1.719,0.045,0.054,1702.030904
0.00418,209,050_AlSiMg_200W_500mms_M0_G13_Test_Stepover0210.tif,-0.002,1.8,1.705,0.044,0.055,1698.587208
0.004185,209,050_AlSiMg_200W_500mms_M0_G13_Test_Stepover0210.tif,-0.001,1.808,1.686,0.044,0.055,1762.675306
0.00419,209,050_AlSiMg_200W_500mms_M0_G13_Test_Stepover0210.tif,0.001,1.809,1.658,0.043,0.054,1746.659879
0.004195,209,050_AlSiMg_200W_500mms_M0_G13_Test_Stepover0210.tif,-0.001,1.807,1.644,0.047,0.053,1739.702142
0.0042,210,050_AlSiMg_200W_500mms_M0_G13_Test_Stepover0211.tif,-0.002,1.808,1.667,0.045,0.055,1739.702142
0.004205,210,050_AlSiMg_200W_500mms_M0_G13_Test_Stepover0211.tif,0.001,1.802,1.681,0.042,0.053,1773.514287
0.00421,210,050_AlSiMg_200W_500mms_M0_G13_Test_Stepover0211.tif,-0.002,1.797,1.653,0.044,0.055,1724.00423
0.004215,210,050_AlSiMg_200W_500mms_M0_G13_Test_Stepover0211.tif,0.001,1.784,1.629,0.044,0.053,1699.272775
0.00422,211,050_AlSiMg_200W_500mms_M0_G13_Test_Stepover0212.tif,0,1.779,1.632,0.045,0.053,1754.527777
0.004225,211,050_AlSiMg_200W_500mms_M0_G13_Test_Stepover0212.tif,0,1.777,1.681,0.042,0.053,1772.301496
0.00423,211,050_AlSiMg_200W_500mms_M0_G13_Test_Stepover0212.tif,0,1.78,1.653,0.044,0.052,1741.933046
0.004235,211,050_AlSiMg_200W_500mms_M0_G13_Test_Stepover0212.tif,-0.002,1.781,1.667,0.045,0.055,1690.219422
0.00424,212,050_AlSiMg_200W_500mms_M0_G13_Test_Stepover0213.tif,-0.002,1.787,1.693,0.044,0.055,1765.707371
0.004245,212,050_AlSiMg_200W_500mms_M0_G13_Test_Stepover0213.tif,0.001,1.798,1.664,0.044,0.055,1769.12373
0.00425,212,050_AlSiMg_200W_500mms_M0_G13_Test_Stepover0213.tif,-0.001,1.807,1.691,0.044,0.051,1734.972765
0.004255,212,050_AlSiMg_200W_500mms_M0_G13_Test_Stepover0213.tif,-0.002,1.809,1.692,0.045,0.053,1728.015028
0.00426,213,050_AlSiMg_200W_500mms_M0_G13_Test_Stepover0214.tif,0.001,1.812,1.698,0.043,0.055,2201.793793
0.004265,213,050_AlSiMg_200W_500mms_M0_G13_Test_Stepover0214.tif,-0.002,1.809,1.692,0.042,0.053,2144.154716
0.00427,213,050_AlSiMg_200W_500mms_M0_G13_Test_Stepover0214.tif,-0.002,1.811,1.675,0.057,0.055,2106.809722
0.004275,213,050_AlSiMg_200W_500mms_M0_G13_Test_Stepover0214.tif,0,1.807,1.644,0.043,0.053,2163.597149
0.00428,214,050_AlSiMg_200W_500mms_M0_G13_Test_Stepover0215.tif,-0.001,1.788,1.622,0.044,0.054,2222.26851
0.004285,214,050_AlSiMg_200W_500mms_M0_G13_Test_Stepover0215.tif,0.001,1.78,1.643,0.047,0.056,1769.598412
0.00429,214,050_AlSiMg_200W_500mms_M0_G13_Test_Stepover0215.tif,0,1.776,1.794,0.045,0.053,1789.075726
0.004295,214,050_AlSiMg_200W_500mms_M0_G13_Test_Stepover0215.tif,-0.002,1.775,1.693,0.046,0.056,1826.420721
0.0043,215,050_AlSiMg_200W_500mms_M0_G13_Test_Stepover0216.tif,0,1.773,1.762,0.044,0.053,1803.784259
0.004305,215,050_AlSiMg_200W_500mms_M0_G13_Test_Stepover0216.tif,-0.002,1.777,1.772,0.045,0.053,1752.070634
0.00431,215,050_AlSiMg_200W_500mms_M0_G13_Test_Stepover0216.tif,0,1.79,1.807,0.045,0.055,1771.372148
0.004315,215,050_AlSiMg_200W_500mms_M0_G13_Test_Stepover0216.tif,0,1.797,1.77,0.044,0.055,1799.317465
0.00432,216,050_AlSiMg_200W_500mms_M0_G13_Test_Stepover0217.tif,0.001,1.802,1.716,0.047,0.056,1805.917608
0.004325,216,050_AlSiMg_200W_500mms_M0_G13_Test_Stepover0217.tif,-0.001,1.8,1.742,0.047,0.055,1828.55407
0.00433,216,050_AlSiMg_200W_500mms_M0_G13_Test_Stepover0217.tif,0.001,1.801,1.737,0.047,0.055,1886.867837
0.004335,216,050_AlSiMg_200W_500mms_M0_G13_Test_Stepover0217.tif,0,1.801,1.759,0.047,0.056,1860.826286
0.00434,217,050_AlSiMg_200W_500mms_M0_G13_Test_Stepover0218.tif,-0.001,1.795,1.699,0.047,0.055,1812.442372
0.004345,217,050_AlSiMg_200W_500mms_M0_G13_Test_Stepover0218.tif,0,1.788,1.675,0.044,0.054,1812.442372
0.00435,217,050_AlSiMg_200W_500mms_M0_G13_Test_Stepover0218.tif,-0.001,1.772,1.685,0.047,0.058,1809.167776
0.004355,217,050_AlSiMg_200W_500mms_M0_G13_Test_Stepover0218.tif,0,1.773,1.706,0.047,0.055,1997.875872
0.00436,218,050_AlSiMg_200W_500mms_M0_G13_Test_Stepover0219.tif,-0.002,1.773,1.692,0.046,0.055,2023.917422
0.004365,218,050_AlSiMg_200W_500mms_M0_G13_Test_Stepover0219.tif,-0.002,1.775,1.674,0.055,0.057,2020.672345
0.00437,218,050_AlSiMg_200W_500mms_M0_G13_Test_Stepover0219.tif,0.001,1.779,1.671,0.047,0.056,2002.768758
0.004375,218,050_AlSiMg_200W_500mms_M0_G13_Test_Stepover0219.tif,0,1.786,1.684,0.046,0.057,1952.656304
0.00438,219,050_AlSiMg_200W_500mms_M0_G13_Test_Stepover0220.tif,0,1.798,1.664,0.047,0.056,1723.408159
0.004385,219,050_AlSiMg_200W_500mms_M0_G13_Test_Stepover0220.tif,0.001,1.804,1.647,0.044,0.056,1713.366429
0.00439,219,050_AlSiMg_200W_500mms_M0_G13_Test_Stepover0220.tif,-0.002,1.805,1.667,0.045,0.055,1794.33498
0.004395,219,050_AlSiMg_200W_500mms_M0_G13_Test_Stepover0220.tif,0.001,1.805,1.661,0.044,0.053,1812.238566
0.0044,220,050_AlSiMg_200W_500mms_M0_G13_Test_Stepover0221.tif,0.001,1.801,1.643,0.05,0.057,1825.215437
0.004405,220,050_AlSiMg_200W_500mms_M0_G13_Test_Stepover0221.tif,-0.002,1.8,1.681,0.047,0.055,1807.441719
0.00441,220,050_AlSiMg_200W_500mms_M0_G13_Test_Stepover0221.tif,0,1.794,1.658,0.044,0.055,1814.208853
0.004415,220,050_AlSiMg_200W_500mms_M0_G13_Test_Stepover0221.tif,-0.001,1.777,1.755,0.044,0.055,1726.555526
0.00442,221,050_AlSiMg_200W_500mms_M0_G13_Test_Stepover0222.tif,0,1.776,1.828,0.046,0.055,1668.241759
0.004425,221,050_AlSiMg_200W_500mms_M0_G13_Test_Stepover0222.tif,0,1.773,1.877,0.044,0.055,1668.241759
0.00443,221,050_AlSiMg_200W_500mms_M0_G13_Test_Stepover0222.tif,0,1.779,1.913,0.044,0.055,1651.864512
0.004435,221,050_AlSiMg_200W_500mms_M0_G13_Test_Stepover0222.tif,0.001,1.78,1.94,0.044,0.055,1666.442553
0.00444,222,050_AlSiMg_200W_500mms_M0_G13_Test_Stepover0223.tif,-0.001,1.786,1.963,0.043,0.055,1666.442553
0.004445,222,050_AlSiMg_200W_500mms_M0_G13_Test_Stepover0223.tif,-0.001,1.801,1.942,0.045,0.053,1653.465682
0.00445,222,050_AlSiMg_200W_500mms_M0_G13_Test_Stepover0223.tif,0.001,1.811,1.961,0.044,0.055,1711.779449
0.004455,222,050_AlSiMg_200W_500mms_M0_G13_Test_Stepover0223.tif,0,1.818,1.871,0.044,0.056,1728.156696
0.00446,223,050_AlSiMg_200W_500mms_M0_G13_Test_Stepover0224.tif,-0.002,1.818,1.875,0.047,0.055,1706.811521
0.004465,223,050_AlSiMg_200W_500mms_M0_G13_Test_Stepover0224.tif,0,1.812,1.949,0.044,0.055,1706.811521
0.00447,223,050_AlSiMg_200W_500mms_M0_G13_Test_Stepover0224.tif,-0.002,1.808,1.937,0.044,0.053,1719.788392
0.004475,223,050_AlSiMg_200W_500mms_M0_G13_Test_Stepover0224.tif,0.001,1.8,1.92,0.044,0.055,1675.843255
0.00448,224,050_AlSiMg_200W_500mms_M0_G13_Test_Stepover0225.tif,0,1.787,1.863,0.044,0.055,1693.616973
0.004485,224,050_AlSiMg_200W_500mms_M0_G13_Test_Stepover0225.tif,0,1.776,1.793,0.044,0.054,1631.728291
0.00449,224,050_AlSiMg_200W_500mms_M0_G13_Test_Stepover0225.tif,-0.002,1.772,1.787,0.045,0.055,1668.863875
0.004495,224,050_AlSiMg_200W_500mms_M0_G13_Test_Stepover0225.tif,-0.001,1.775,1.749,0.042,0.055,1683.232504
0.0045,225,050_AlSiMg_200W_500mms_M0_G13_Test_Stepover0226.tif,-0.002,1.775,1.758,0.046,0.055,1686.637593
0.004505,225,050_AlSiMg_200W_500mms_M0_G13_Test_Stepover0226.tif,-0.001,1.779,1.773,0.044,0.054,1709.274055
0.00451,225,050_AlSiMg_200W_500mms_M0_G13_Test_Stepover0226.tif,-0.001,1.791,1.808,0.045,0.055,1799.108054
0.004515,225,050_AlSiMg_200W_500mms_M0_G13_Test_Stepover0226.tif,0,1.798,1.755,0.047,0.056,1779.746189
0.00452,226,050_AlSiMg_200W_500mms_M0_G13_Test_Stepover0227.tif,0,1.802,1.748,0.047,0.055,1765.377559
0.004525,226,050_AlSiMg_200W_500mms_M0_G13_Test_Stepover0227.tif,0,1.805,1.735,0.045,0.055,1788.014021
0.00453,226,050_AlSiMg_200W_500mms_M0_G13_Test_Stepover0227.tif,0,1.804,1.717,0.044,0.055,1781.392985
0.004535,226,050_AlSiMg_200W_500mms_M0_G13_Test_Stepover0227.tif,-0.001,1.804,1.713,0.047,0.056,1763.489399
0.00454,227,050_AlSiMg_200W_500mms_M0_G13_Test_Stepover0228.tif,-0.002,1.8,1.716,0.045,0.054,1779.504825
0.004545,227,050_AlSiMg_200W_500mms_M0_G13_Test_Stepover0228.tif,0,1.788,1.698,0.047,0.056,1837.818592
0.00455,227,050_AlSiMg_200W_500mms_M0_G13_Test_Stepover0228.tif,0,1.776,1.775,0.045,0.054,1800.783889
0.004555,227,050_AlSiMg_200W_500mms_M0_G13_Test_Stepover0228.tif,-0.002,1.773,1.726,0.047,0.055,1807.404925
0.00456,228,050_AlSiMg_200W_500mms_M0_G13_Test_Stepover0229.tif,0,1.777,1.762,0.045,0.056,1810.609987
0.004565,228,050_AlSiMg_200W_500mms_M0_G13_Test_Stepover0229.tif,0.001,1.781,1.733,0.047,0.056,1820.436085
0.00457,228,050_AlSiMg_200W_500mms_M0_G13_Test_Stepover0229.tif,-0.001,1.783,1.781,0.048,0.057,1820.436085
0.004575,228,050_AlSiMg_200W_500mms_M0_G13_Test_Stepover0229.tif,0,1.787,1.728,0.048,0.057,1875.374374
0.00458,229,050_AlSiMg_200W_500mms_M0_G13_Test_Stepover0230.tif,0.001,1.801,1.822,0.047,0.055,1872.099778
0.004585,229,050_AlSiMg_200W_500mms_M0_G13_Test_Stepover0230.tif,-0.001,1.802,1.779,0.047,0.055,1835.169311
0.00459,229,050_AlSiMg_200W_500mms_M0_G13_Test_Stepover0230.tif,-0.002,1.809,1.749,0.046,0.055,1849.867836
0.004595,229,050_AlSiMg_200W_500mms_M0_G13_Test_Stepover0230.tif,0,1.811,1.726,0.046,0.057,1798.238845
0.0046,230,050_AlSiMg_200W_500mms_M0_G13_Test_Stepover0231.tif,-0.002,1.802,1.791,0.047,0.055,1726.948207
0.004605,230,050_AlSiMg_200W_500mms_M0_G13_Test_Stepover0231.tif,0,1.802,1.756,0.046,0.057,1707.586342
0.00461,230,050_AlSiMg_200W_500mms_M0_G13_Test_Stepover0231.tif,-0.001,1.797,1.781,0.044,0.056,1718.675284
0.004615,230,050_AlSiMg_200W_500mms_M0_G13_Test_Stepover0231.tif,0.001,1.786,1.763,0.045,0.055,1687.938254
0.00462,231,050_AlSiMg_200W_500mms_M0_G13_Test_Stepover0232.tif,-0.002,1.779,1.719,0.045,0.055,1691.183331
0.004625,231,050_AlSiMg_200W_500mms_M0_G13_Test_Stepover0232.tif,-0.001,1.775,1.702,0.048,0.058,1728.535848
0.00463,231,050_AlSiMg_200W_500mms_M0_G13_Test_Stepover0232.tif,-0.001,1.781,1.759,0.047,0.058,1714.137607
0.004635,231,050_AlSiMg_200W_500mms_M0_G13_Test_Stepover0232.tif,-0.002,1.781,1.72,0.047,0.057,1703.048665
0.00464,232,050_AlSiMg_200W_500mms_M0_G13_Test_Stepover0233.tif,0,1.783,1.723,0.045,0.056,1685.401781
0.004645,232,050_AlSiMg_200W_500mms_M0_G13_Test_Stepover0233.tif,-0.001,1.797,1.709,0.046,0.057,1696.580595
0.00465,232,050_AlSiMg_200W_500mms_M0_G13_Test_Stepover0233.tif,0,1.802,1.681,0.047,0.058,1715.820191
0.004655,232,050_AlSiMg_200W_500mms_M0_G13_Test_Stepover0233.tif,-0.002,1.804,1.686,0.046,0.056,1722.374567
0.00466,233,050_AlSiMg_200W_500mms_M0_G13_Test_Stepover0234.tif,-0.001,1.802,1.688,0.048,0.057,1800.343146
0.004665,233,050_AlSiMg_200W_500mms_M0_G13_Test_Stepover0234.tif,0,1.798,1.702,0.047,0.058,1800.343146
0.00467,233,050_AlSiMg_200W_500mms_M0_G13_Test_Stepover0234.tif,-0.001,1.797,1.685,0.049,0.056,1886.506453
0.004675,233,050_AlSiMg_200W_500mms_M0_G13_Test_Stepover0234.tif,-0.002,1.794,1.681,0.047,0.058,1907.512326
0.00468,234,050_AlSiMg_200W_500mms_M0_G13_Test_Stepover0235.tif,0.001,1.779,1.656,0.049,0.055,1941.197715
0.004685,234,050_AlSiMg_200W_500mms_M0_G13_Test_Stepover0235.tif,-0.001,1.773,1.653,0.049,0.057,1853.390296
0.00469,234,050_AlSiMg_200W_500mms_M0_G13_Test_Stepover0235.tif,0,1.77,1.647,0.048,0.057,1890.213422
0.004695,234,050_AlSiMg_200W_500mms_M0_G13_Test_Stepover0235.tif,-0.002,1.775,1.684,0.047,0.059,1810.518185
0.0047,235,050_AlSiMg_200W_500mms_M0_G13_Test_Stepover0236.tif,0,1.777,1.663,0.049,0.058,1773.473806
0.004705,235,050_AlSiMg_200W_500mms_M0_G13_Test_Stepover0236.tif,-0.002,1.78,1.682,0.048,0.058,1754.23421
0.00471,235,050_AlSiMg_200W_500mms_M0_G13_Test_Stepover0236.tif,-0.002,1.793,1.738,0.048,0.058,1797.798454
0.004715,235,050_AlSiMg_200W_500mms_M0_G13_Test_Stepover0236.tif,0,1.802,1.781,0.047,0.057,1815.66659
0.00472,236,050_AlSiMg_200W_500mms_M0_G13_Test_Stepover0237.tif,-0.002,1.811,1.72,0.047,0.056,1849.592655
0.004725,236,050_AlSiMg_200W_500mms_M0_G13_Test_Stepover0237.tif,-0.001,1.811,1.713,0.049,0.057,1846.391565
0.00473,236,050_AlSiMg_200W_500mms_M0_G13_Test_Stepover0237.tif,-0.002,1.811,1.7,0.048,0.056,1868.768898
0.004735,236,050_AlSiMg_200W_500mms_M0_G13_Test_Stepover0237.tif,-0.002,1.807,1.74,0.047,0.057,1859.072649
0.00474,237,050_AlSiMg_200W_500mms_M0_G13_Test_Stepover0238.tif,-0.001,1.801,1.689,0.049,0.058,1841.204513
0.004745,237,050_AlSiMg_200W_500mms_M0_G13_Test_Stepover0238.tif,0.001,1.791,1.674,0.049,0.059,1844.322827
0.00475,237,050_AlSiMg_200W_500mms_M0_G13_Test_Stepover0238.tif,0.001,1.779,1.671,0.049,0.058,1866.70016
0.004755,237,050_AlSiMg_200W_500mms_M0_G13_Test_Stepover0238.tif,0,1.776,1.686,0.049,0.057,1872.782029
0.00476,238,050_AlSiMg_200W_500mms_M0_G13_Test_Stepover0239.tif,0,1.779,1.682,0.049,0.058,1888.821077
0.004765,238,050_AlSiMg_200W_500mms_M0_G13_Test_Stepover0239.tif,-0.001,1.777,1.677,0.051,0.06,1888.821077
0.00477,238,050_AlSiMg_200W_500mms_M0_G13_Test_Stepover0239.tif,-0.002,1.78,1.681,0.049,0.058,1877.03481
0.004775,238,050_AlSiMg_200W_500mms_M0_G13_Test_Stepover0239.tif,0,1.793,1.678,0.049,0.058,1846.516611
0.00478,239,050_AlSiMg_200W_500mms_M0_G13_Test_Stepover0240.tif,0,1.804,1.664,0.051,0.06,1858.302877
0.004785,239,050_AlSiMg_200W_500mms_M0_G13_Test_Stepover0240.tif,0.001,1.809,1.671,0.049,0.06,1827.784678
0.00479,239,050_AlSiMg_200W_500mms_M0_G13_Test_Stepover0240.tif,0,1.815,1.677,0.049,0.057,1848.702746
0.004795,239,050_AlSiMg_200W_500mms_M0_G13_Test_Stepover0240.tif,0,1.812,1.703,0.049,0.06,1842.620877
0.0048,240,050_AlSiMg_200W_500mms_M0_G13_Test_Stepover0241.tif,-0.002,1.807,1.714,0.05,0.058,1842.620877
0.004805,240,050_AlSiMg_200W_500mms_M0_G13_Test_Stepover0241.tif,0.001,1.8,1.7,0.049,0.058,1808.713693
0.00481,240,050_AlSiMg_200W_500mms_M0_G13_Test_Stepover0241.tif,-0.001,1.791,1.672,0.049,0.06,1839.231893
0.004815,240,050_AlSiMg_200W_500mms_M0_G13_Test_Stepover0241.tif,0.001,1.779,1.656,0.049,0.059,1824.395694
0.00482,241,050_AlSiMg_200W_500mms_M0_G13_Test_Stepover0242.tif,0,1.772,1.639,0.049,0.058,1787.572567
0.004825,241,050_AlSiMg_200W_500mms_M0_G13_Test_Stepover0242.tif,-0.002,1.769,1.642,0.051,0.06,1818.090767
0.00483,241,050_AlSiMg_200W_500mms_M0_G13_Test_Stepover0242.tif,-0.001,1.772,1.65,0.047,0.058,1821.16598
0.004835,241,050_AlSiMg_200W_500mms_M0_G13_Test_Stepover0242.tif,0,1.775,1.639,0.049,0.058,1801.989737
0.00484,242,050_AlSiMg_200W_500mms_M0_G13_Test_Stepover0243.tif,0,1.777,1.639,0.05,0.06,1795.907868
0.004845,242,050_AlSiMg_200W_500mms_M0_G13_Test_Stepover0243.tif,0.001,1.794,1.665,0.048,0.058,1838.812863
0.00485,242,050_AlSiMg_200W_500mms_M0_G13_Test_Stepover0243.tif,0.001,1.804,1.651,0.049,0.058,1798.197622
0.004855,242,050_AlSiMg_200W_500mms_M0_G13_Test_Stepover0243.tif,0,1.807,1.674,0.051,0.06,1817.243326
0.00486,243,050_AlSiMg_200W_500mms_M0_G13_Test_Stepover0244.tif,0.001,1.805,1.693,0.05,0.062,1823.455734
0.004865,243,050_AlSiMg_200W_500mms_M0_G13_Test_Stepover0244.tif,-0.001,1.804,1.691,0.051,0.06,1829.537604
0.00487,243,050_AlSiMg_200W_500mms_M0_G13_Test_Stepover0244.tif,-0.002,1.8,1.688,0.05,0.06,1829.537604
0.004875,243,050_AlSiMg_200W_500mms_M0_G13_Test_Stepover0244.tif,-0.001,1.797,1.681,0.051,0.06,1839.634645
0.00488,244,050_AlSiMg_200W_500mms_M0_G13_Test_Stepover0245.tif,0,1.787,1.699,0.051,0.06,1833.552776
0.004885,244,050_AlSiMg_200W_500mms_M0_G13_Test_Stepover0245.tif,-0.002,1.773,1.747,0.049,0.06,1852.59848
0.00489,244,050_AlSiMg_200W_500mms_M0_G13_Test_Stepover0245.tif,0.001,1.772,1.681,0.049,0.058,1890.348085
0.004895,244,050_AlSiMg_200W_500mms_M0_G13_Test_Stepover0245.tif,0.001,1.775,1.686,0.051,0.06,1884.266215
0.0049,245,050_AlSiMg_200W_500mms_M0_G13_Test_Stepover0246.tif,-0.002,1.779,1.693,0.051,0.058,1904.835647
0.004905,245,050_AlSiMg_200W_500mms_M0_G13_Test_Stepover0246.tif,0,1.781,1.674,0.049,0.058,1888.7966
0.00491,245,050_AlSiMg_200W_500mms_M0_G13_Test_Stepover0246.tif,0.001,1.788,1.658,0.051,0.061,1842.099489
0.004915,245,050_AlSiMg_200W_500mms_M0_G13_Test_Stepover0246.tif,-0.001,1.805,1.664,0.049,0.059,1785.30418
0.00492,246,050_AlSiMg_200W_500mms_M0_G13_Test_Stepover0247.tif,0,1.808,1.689,0.05,0.062,1741.647944
0.004925,246,050_AlSiMg_200W_500mms_M0_G13_Test_Stepover0247.tif,-0.001,1.807,1.693,0.05,0.06,1741.647944
0.00493,246,050_AlSiMg_200W_500mms_M0_G13_Test_Stepover0247.tif,0.001,1.807,1.653,0.049,0.061,1747.738224
0.004935,246,050_AlSiMg_200W_500mms_M0_G13_Test_Stepover0247.tif,-0.002,1.804,1.633,0.051,0.061,1726.538802
0.00494,247,050_AlSiMg_200W_500mms_M0_G13_Test_Stepover0248.tif,0.001,1.8,1.636,0.051,0.061,1708.984438
0.004945,247,050_AlSiMg_200W_500mms_M0_G13_Test_Stepover0248.tif,-0.001,1.79,1.629,0.047,0.06,1712.025433
0.00495,247,050_AlSiMg_200W_500mms_M0_G13_Test_Stepover0248.tif,-0.001,1.783,1.602,0.049,0.06,1712.025433
0.004955,247,050_AlSiMg_200W_500mms_M0_G13_Test_Stepover0248.tif,0,1.781,1.598,0.05,0.062,1678.317964
0.00496,248,050_AlSiMg_200W_500mms_M0_G13_Test_Stepover0249.tif,-0.002,1.781,1.677,0.051,0.061,1727.168792
0.004965,248,050_AlSiMg_200W_500mms_M0_G13_Test_Stepover0249.tif,-0.002,1.786,1.621,0.049,0.061,1781.588847
0.00497,248,050_AlSiMg_200W_500mms_M0_G13_Test_Stepover0249.tif,-0.002,1.783,1.601,0.05,0.06,1778.547852
0.004975,248,050_AlSiMg_200W_500mms_M0_G13_Test_Stepover0249.tif,0,1.793,1.595,0.051,0.059,1812.398475
0.00498,249,050_AlSiMg_200W_500mms_M0_G13_Test_Stepover0250.tif,0.001,1.802,1.598,0.049,0.061,1825.536512
0.004985,249,050_AlSiMg_200W_500mms_M0_G13_Test_Stepover0250.tif,-0.002,1.807,1.618,0.051,0.059,1807.982147
0.00499,249,050_AlSiMg_200W_500mms_M0_G13_Test_Stepover0250.tif,-0.003,1.808,1.601,0.049,0.06,1753.562092
0.004995,249,050_AlSiMg_200W_500mms_M0_G13_Test_Stepover0250.tif,0.001,1.801,1.625,0.049,0.06,1821.120184
0.005,250,050_AlSiMg_200W_500mms_M0_G13_Test_Stepover0251.tif,0.001,1.797,1.612,0.049,0.06,1841.049803
0.005005,250,050_AlSiMg_200W_500mms_M0_G13_Test_Stepover0251.tif,0,1.8,1.632,0.051,0.059,1877.649872
0.00501,250,050_AlSiMg_200W_500mms_M0_G13_Test_Stepover0251.tif,-0.002,1.79,1.629,0.051,0.058,2040.50574
0.005015,250,050_AlSiMg_200W_500mms_M0_G13_Test_Stepover0251.tif,0,1.779,1.629,0.051,0.06,2040.50574
0.00502,251,050_AlSiMg_200W_500mms_M0_G13_Test_Stepover0252.tif,-0.001,1.772,1.633,0.056,0.06,1986.085685
0.005025,251,050_AlSiMg_200W_500mms_M0_G13_Test_Stepover0252.tif,-0.001,1.769,1.636,0.049,0.06,1917.805644
0.00503,251,050_AlSiMg_200W_500mms_M0_G13_Test_Stepover0252.tif,0,1.772,1.649,0.049,0.06,1914.796301
0.005035,251,050_AlSiMg_200W_500mms_M0_G13_Test_Stepover0252.tif,0,1.776,1.626,0.051,0.062,1775.466549
0.00504,252,050_AlSiMg_200W_500mms_M0_G13_Test_Stepover0253.tif,0.001,1.78,1.658,0.05,0.059,1804.737595
0.005045,252,050_AlSiMg_200W_500mms_M0_G13_Test_Stepover0253.tif,-0.002,1.793,1.667,0.052,0.062,1890.168781
0.00505,252,050_AlSiMg_200W_500mms_M0_G13_Test_Stepover0253.tif,0,1.804,1.703,0.054,0.064,1961.313453
0.005055,252,050_AlSiMg_200W_500mms_M0_G13_Test_Stepover0253.tif,0,1.809,1.685,0.055,0.062,1948.292159
0.00506,253,050_AlSiMg_200W_500mms_M0_G13_Test_Stepover0254.tif,0.001,1.808,1.699,0.052,0.059,1924.766043
0.005065,253,050_AlSiMg_200W_500mms_M0_G13_Test_Stepover0254.tif,-0.001,1.804,1.682,0.051,0.061,1898.558383
0.00507,253,050_AlSiMg_200W_500mms_M0_G13_Test_Stepover0254.tif,-0.002,1.802,1.667,0.049,0.06,1799.989161
0.005075,253,050_AlSiMg_200W_500mms_M0_G13_Test_Stepover0254.tif,-0.002,1.798,1.644,0.05,0.061,1762.323026
0.00508,254,050_AlSiMg_200W_500mms_M0_G13_Test_Stepover0255.tif,0.001,1.787,1.647,0.049,0.061,1728.615557
0.005085,254,050_AlSiMg_200W_500mms_M0_G13_Test_Stepover0255.tif,0,1.777,1.665,0.052,0.061,1749.184989
0.00509,254,050_AlSiMg_200W_500mms_M0_G13_Test_Stepover0255.tif,-0.002,1.78,1.682,0.049,0.061,1752.191235
0.005095,254,050_AlSiMg_200W_500mms_M0_G13_Test_Stepover0255.tif,0,1.777,1.714,0.051,0.061,1785.898704
0.0051,255,050_AlSiMg_200W_500mms_M0_G13_Test_Stepover0256.tif,0,1.783,1.692,0.051,0.062,1782.950602
0.005105,255,050_AlSiMg_200W_500mms_M0_G13_Test_Stepover0256.tif,0,1.786,1.664,0.051,0.061,1819.614756
0.00511,255,050_AlSiMg_200W_500mms_M0_G13_Test_Stepover0256.tif,-0.002,1.795,1.67,0.051,0.06,1841.482216
0.005115,255,050_AlSiMg_200W_500mms_M0_G13_Test_Stepover0256.tif,0.001,1.807,1.654,0.052,0.062,1852.966948
0.00512,256,050_AlSiMg_200W_500mms_M0_G13_Test_Stepover0257.tif,0,1.815,1.649,0.053,0.062,1838.467148
0.005125,256,050_AlSiMg_200W_500mms_M0_G13_Test_Stepover0257.tif,-0.002,1.815,1.658,0.05,0.06,1816.346231
0.00513,256,050_AlSiMg_200W_500mms_M0_G13_Test_Stepover0257.tif,-0.002,1.809,1.681,0.051,0.062,1798.889748
0.005135,256,050_AlSiMg_200W_500mms_M0_G13_Test_Stepover0257.tif,0.001,1.809,1.677,0.049,0.059,1753.330662
0.00514,257,050_AlSiMg_200W_500mms_M0_G13_Test_Stepover0258.tif,0,1.807,1.66,0.051,0.062,1769.367024
0.005145,257,050_AlSiMg_200W_500mms_M0_G13_Test_Stepover0258.tif,0,1.793,1.686,0.048,0.059,1783.866823
0.00515,257,050_AlSiMg_200W_500mms_M0_G13_Test_Stepover0258.tif,0,1.78,1.672,0.05,0.059,1769.387671
0.005155,257,050_AlSiMg_200W_500mms_M0_G13_Test_Stepover0258.tif,-0.003,1.777,1.707,0.051,0.061,1763.318039
0.00516,258,050_AlSiMg_200W_500mms_M0_G13_Test_Stepover0259.tif,-0.001,1.772,1.649,0.049,0.06,1780.919384
0.005165,258,050_AlSiMg_200W_500mms_M0_G13_Test_Stepover0259.tif,0,1.776,1.681,0.049,0.06,1747.328658
0.00517,258,050_AlSiMg_200W_500mms_M0_G13_Test_Stepover0259.tif,-0.002,1.775,1.653,0.049,0.059,1757.277425
0.005175,258,050_AlSiMg_200W_500mms_M0_G13_Test_Stepover0259.tif,0,1.784,1.667,0.049,0.06,1771.756577
0.00518,259,050_AlSiMg_200W_500mms_M0_G13_Test_Stepover0260.tif,-0.002,1.794,1.65,0.049,0.058,1761.659535
0.005185,259,050_AlSiMg_200W_500mms_M0_G13_Test_Stepover0260.tif,-0.002,1.801,1.646,0.049,0.059,1747.180384
0.00519,259,050_AlSiMg_200W_500mms_M0_G13_Test_Stepover0260.tif,0,1.807,1.639,0.05,0.062,1753.250016
0.005195,259,050_AlSiMg_200W_500mms_M0_G13_Test_Stepover0260.tif,0,1.802,1.658,0.049,0.06,1753.250016
0.0052,260,050_AlSiMg_200W_500mms_M0_G13_Test_Stepover0261.tif,0,1.798,1.66,0.051,0.062,1769.289064
0.005205,260,050_AlSiMg_200W_500mms_M0_G13_Test_Stepover0261.tif,0.001,1.801,1.656,0.049,0.058,1793.865257
0.00521,260,050_AlSiMg_200W_500mms_M0_G13_Test_Stepover0261.tif,0,1.791,1.63,0.049,0.058,1780.727221
0.005215,260,050_AlSiMg_200W_500mms_M0_G13_Test_Stepover0261.tif,0.001,1.781,1.614,0.049,0.059,1805.175787
0.00522,261,050_AlSiMg_200W_500mms_M0_G13_Test_Stepover0262.tif,-0.001,1.775,1.635,0.049,0.061,1805.175787
0.005225,261,050_AlSiMg_200W_500mms_M0_G13_Test_Stepover0262.tif,-0.001,1.776,1.63,0.049,0.058,1798.183704
0.00523,261,050_AlSiMg_200W_500mms_M0_G13_Test_Stepover0262.tif,-0.001,1.779,1.637,0.049,0.058,1789.774185
0.005235,261,050_AlSiMg_200W_500mms_M0_G13_Test_Stepover0262.tif,0.001,1.781,1.625,0.052,0.062,1789.774185
0.00524,262,050_AlSiMg_200W_500mms_M0_G13_Test_Stepover0263.tif,-0.002,1.787,1.692,0.051,0.062,1717.074922
0.005245,262,050_AlSiMg_200W_500mms_M0_G13_Test_Stepover0263.tif,-0.001,1.797,1.765,0.049,0.061,1701.035874
0.00525,262,050_AlSiMg_200W_500mms_M0_G13_Test_Stepover0263.tif,0,1.808,1.835,0.047,0.061,1804.957466
0.005255,262,050_AlSiMg_200W_500mms_M0_G13_Test_Stepover0263.tif,-0.002,1.808,1.86,0.049,0.059,1798.887834
0.00526,263,050_AlSiMg_200W_500mms_M0_G13_Test_Stepover0264.tif,0.001,1.811,1.828,0.053,0.058,1792.637027
0.005265,263,050_AlSiMg_200W_500mms_M0_G13_Test_Stepover0264.tif,-0.002,1.812,1.821,0.049,0.06,1842.958957
0.00527,263,050_AlSiMg_200W_500mms_M0_G13_Test_Stepover0264.tif,-0.002,1.807,1.847,0.047,0.059,1858.998005
0.005275,263,050_AlSiMg_200W_500mms_M0_G13_Test_Stepover0264.tif,0,1.798,1.821,0.047,0.057,1731.550296
0.00528,264,050_AlSiMg_200W_500mms_M0_G13_Test_Stepover0265.tif,0,1.786,1.797,0.049,0.058,1718.41226
0.005285,264,050_AlSiMg_200W_500mms_M0_G13_Test_Stepover0265.tif,-0.001,1.777,1.794,0.049,0.06,1774.401172
0.00529,264,050_AlSiMg_200W_500mms_M0_G13_Test_Stepover0265.tif,-0.002,1.777,1.793,0.049,0.061,1799.851032
0.005295,264,050_AlSiMg_200W_500mms_M0_G13_Test_Stepover0265.tif,0.001,1.786,1.772,0.051,0.06,1799.851032
0.0053,265,050_AlSiMg_200W_500mms_M0_G13_Test_Stepover0266.tif,0.001,1.786,1.787,0.05,0.059,1874.200705
0.005305,265,050_AlSiMg_200W_500mms_M0_G13_Test_Stepover0266.tif,0.001,1.79,1.777,0.049,0.058,1871.103962
0.00531,265,050_AlSiMg_200W_500mms_M0_G13_Test_Stepover0266.tif,-0.001,1.801,1.747,0.051,0.058,1834.503894
0.005315,265,050_AlSiMg_200W_500mms_M0_G13_Test_Stepover0266.tif,0,1.807,1.756,0.048,0.06,1800.913168
0.00532,266,050_AlSiMg_200W_500mms_M0_G13_Test_Stepover0267.tif,-0.001,1.809,1.734,0.049,0.06,1806.995037
0.005325,266,050_AlSiMg_200W_500mms_M0_G13_Test_Stepover0267.tif,-0.001,1.807,1.726,0.049,0.06,1704.466965
0.00533,266,050_AlSiMg_200W_500mms_M0_G13_Test_Stepover0267.tif,0.001,1.807,1.737,0.051,0.06,1710.604703
0.005335,266,050_AlSiMg_200W_500mms_M0_G13_Test_Stepover0267.tif,0,1.798,1.7,0.048,0.061,1710.604703
0.00534,267,050_AlSiMg_200W_500mms_M0_G13_Test_Stepover0268.tif,0,1.795,1.688,0.05,0.062,1710.604703
0.005345,267,050_AlSiMg_200W_500mms_M0_G13_Test_Stepover0268.tif,0.001,1.783,1.667,0.049,0.06,1691.558999
0.00535,267,050_AlSiMg_200W_500mms_M0_G13_Test_Stepover0268.tif,0.001,1.772,1.674,0.049,0.06,1719.737397
0.005355,267,050_AlSiMg_200W_500mms_M0_G13_Test_Stepover0268.tif,0,1.77,1.688,0.05,0.06,1729.834439
0.00536,268,050_AlSiMg_200W_500mms_M0_G13_Test_Stepover0269.tif,0,1.772,1.681,0.049,0.06,1726.712245
0.005365,268,050_AlSiMg_200W_500mms_M0_G13_Test_Stepover0269.tif,-0.001,1.773,1.667,0.049,0.06,1738.054202
0.00537,268,050_AlSiMg_200W_500mms_M0_G13_Test_Stepover0269.tif,-0.001,1.78,1.646,0.048,0.059,1741.069269
0.005375,268,050_AlSiMg_200W_500mms_M0_G13_Test_Stepover0269.tif,-0.001,1.784,1.658,0.048,0.058,1774.659995
0.00538,269,050_AlSiMg_200W_500mms_M0_G13_Test_Stepover0270.tif,-0.002,1.798,1.667,0.051,0.061,1786.001952
0.005385,269,050_AlSiMg_200W_500mms_M0_G13_Test_Stepover0270.tif,-0.001,1.808,1.692,0.05,0.059,1825.724214
0.00539,269,050_AlSiMg_200W_500mms_M0_G13_Test_Stepover0270.tif,-0.002,1.809,1.692,0.048,0.058,1844.900457
0.005395,269,050_AlSiMg_200W_500mms_M0_G13_Test_Stepover0270.tif,0,1.807,1.716,0.051,0.06,1854.849225
0.0054,270,050_AlSiMg_200W_500mms_M0_G13_Test_Stepover0271.tif,-0.001,1.804,1.693,0.049,0.058,1951.205819
0.005405,270,050_AlSiMg_200W_500mms_M0_G13_Test_Stepover0271.tif,-0.002,1.8,1.675,0.049,0.058,1976.463931
0.00541,270,050_AlSiMg_200W_500mms_M0_G13_Test_Stepover0271.tif,-0.002,1.795,1.686,0.054,0.059,1954.343014
0.005415,270,050_AlSiMg_200W_500mms_M0_G13_Test_Stepover0271.tif,0.001,1.779,1.658,0.051,0.06,1907.590035
0.00542,271,050_AlSiMg_200W_500mms_M0_G13_Test_Stepover0272.tif,0,1.777,1.696,0.049,0.059,1894.6262
0.005425,271,050_AlSiMg_200W_500mms_M0_G13_Test_Stepover0272.tif,0,1.775,1.664,0.048,0.06,1748.4441
0.00543,271,050_AlSiMg_200W_500mms_M0_G13_Test_Stepover0272.tif,-0.002,1.777,1.672,0.05,0.06,1726.323183
0.005435,271,050_AlSiMg_200W_500mms_M0_G13_Test_Stepover0272.tif,0,1.781,1.649,0.048,0.06,1705.539105
0.00544,272,050_AlSiMg_200W_500mms_M0_G13_Test_Stepover0273.tif,-0.001,1.786,1.681,0.049,0.059,1776.193939
0.005445,272,050_AlSiMg_200W_500mms_M0_G13_Test_Stepover0273.tif,0,1.802,1.647,0.047,0.058,1792.230301
0.00545,272,050_AlSiMg_200W_500mms_M0_G13_Test_Stepover0273.tif,0.001,1.805,1.66,0.051,0.059,1805.342887
0.005455,272,050_AlSiMg_200W_500mms_M0_G13_Test_Stepover0273.tif,0,1.814,1.709,0.05,0.059,1787.741542
0.00546,273,050_AlSiMg_200W_500mms_M0_G13_Test_Stepover0274.tif,-0.002,1.812,1.658,0.048,0.059,1824.564668
0.005465,273,050_AlSiMg_200W_500mms_M0_G13_Test_Stepover0274.tif,-0.001,1.812,1.653,0.048,0.059,1767.022419
0.00547,273,050_AlSiMg_200W_500mms_M0_G13_Test_Stepover0274.tif,-0.002,1.804,1.64,0.049,0.058,1754.001125
0.005475,273,050_AlSiMg_200W_500mms_M0_G13_Test_Stepover0274.tif,0,1.802,1.691,0.048,0.059,1768.465275
0.00548,274,050_AlSiMg_200W_500mms_M0_G13_Test_Stepover0275.tif,0,1.787,1.664,0.051,0.061,1771.587469
0.005485,274,050_AlSiMg_200W_500mms_M0_G13_Test_Stepover0275.tif,0.001,1.777,1.712,0.048,0.058,1771.587469
0.00549,274,050_AlSiMg_200W_500mms_M0_G13_Test_Stepover0275.tif,0.001,1.779,1.663,0.049,0.06,1802.090125
0.005495,274,050_AlSiMg_200W_500mms_M0_G13_Test_Stepover0275.tif,0,1.78,1.685,0.049,0.058,1808.901156
0.0055,275,050_AlSiMg_200W_500mms_M0_G13_Test_Stepover0276.tif,-0.001,1.784,1.66,0.048,0.057,1865.977774
0.005505,275,050_AlSiMg_200W_500mms_M0_G13_Test_Stepover0276.tif,-0.002,1.788,1.644,0.048,0.057,1877.319731
0.00551,275,050_AlSiMg_200W_500mms_M0_G13_Test_Stepover0276.tif,0,1.801,1.66,0.049,0.056,1877.319731
0.005515,275,050_AlSiMg_200W_500mms_M0_G13_Test_Stepover0276.tif,0.001,1.811,1.636,0.048,0.058,1864.41842
0.00552,276,050_AlSiMg_200W_500mms_M0_G13_Test_Stepover0277.tif,0,1.811,1.651,0.049,0.058,1833.915764
0.005525,276,050_AlSiMg_200W_500mms_M0_G13_Test_Stepover0277.tif,-0.002,1.809,1.625,0.049,0.059,1776.839145
0.00553,276,050_AlSiMg_200W_500mms_M0_G13_Test_Stepover0277.tif,0,1.805,1.609,0.048,0.059,1816.933456
0.005535,276,050_AlSiMg_200W_500mms_M0_G13_Test_Stepover0277.tif,0.001,1.798,1.684,0.048,0.058,1780.11033
0.00554,277,050_AlSiMg_200W_500mms_M0_G13_Test_Stepover0278.tif,0.001,1.793,1.642,0.05,0.058,1802.231247
0.005545,277,050_AlSiMg_200W_500mms_M0_G13_Test_Stepover0278.tif,-0.001,1.78,1.66,0.047,0.058,1799.048514
0.00555,277,050_AlSiMg_200W_500mms_M0_G13_Test_Stepover0278.tif,-0.002,1.769,1.67,0.051,0.06,1802.185709
0.005555,277,050_AlSiMg_200W_500mms_M0_G13_Test_Stepover0278.tif,0,1.768,1.692,0.047,0.058,1734.514662
0.00556,278,050_AlSiMg_200W_500mms_M0_G13_Test_Stepover0279.tif,0.001,1.768,1.667,0.049,0.059,1737.697395
0.005565,278,050_AlSiMg_200W_500mms_M0_G13_Test_Stepover0279.tif,-0.002,1.77,1.668,0.048,0.06,1715.576478
0.00557,278,050_AlSiMg_200W_500mms_M0_G13_Test_Stepover0279.tif,0,1.776,1.681,0.048,0.059,1733.223361
0.005575,278,050_AlSiMg_200W_500mms_M0_G13_Test_Stepover0279.tif,0.001,1.784,1.706,0.049,0.059,1699.355366
0.00558,279,050_AlSiMg_200W_500mms_M0_G13_Test_Stepover0280.tif,0.001,1.8,1.688,0.048,0.058,1726.932102
0.005585,279,050_AlSiMg_200W_500mms_M0_G13_Test_Stepover0280.tif,0,1.808,1.681,0.047,0.059,1804.403969
0.00559,279,050_AlSiMg_200W_500mms_M0_G13_Test_Stepover0280.tif,0.001,1.809,1.719,0.048,0.058,1820.443017
0.005595,279,050_AlSiMg_200W_500mms_M0_G13_Test_Stepover0280.tif,0,1.807,1.674,0.051,0.058,1789.712216
0.0056,280,050_AlSiMg_200W_500mms_M0_G13_Test_Stepover0281.tif,0,1.809,1.698,0.049,0.058,1820.443017
0.005605,280,050_AlSiMg_200W_500mms_M0_G13_Test_Stepover0281.tif,0.001,1.804,1.698,0.047,0.059,1763.790296
0.00561,280,050_AlSiMg_200W_500mms_M0_G13_Test_Stepover0281.tif,-0.002,1.797,1.681,0.048,0.058,1703.919774
0.005615,280,050_AlSiMg_200W_500mms_M0_G13_Test_Stepover0281.tif,0,1.786,1.664,0.046,0.06,1670.279381
0.00562,281,050_AlSiMg_200W_500mms_M0_G13_Test_Stepover0282.tif,0,1.779,1.661,0.049,0.059,1670.279381
0.005625,281,050_AlSiMg_200W_500mms_M0_G13_Test_Stepover0282.tif,-0.001,1.779,1.663,0.048,0.059,1673.416576
0.00563,281,050_AlSiMg_200W_500mms_M0_G13_Test_Stepover0282.tif,-0.001,1.779,1.642,0.047,0.059,1715.605147
0.005635,281,050_AlSiMg_200W_500mms_M0_G13_Test_Stepover0282.tif,-0.001,1.783,1.622,0.049,0.059,1728.506458
0.00564,282,050_AlSiMg_200W_500mms_M0_G13_Test_Stepover0283.tif,0,1.793,1.642,0.048,0.059,1715.393872
0.005645,282,050_AlSiMg_200W_500mms_M0_G13_Test_Stepover0283.tif,-0.002,1.798,1.626,0.048,0.057,1739.656603
0.00565,282,050_AlSiMg_200W_500mms_M0_G13_Test_Stepover0283.tif,0,1.812,1.644,0.048,0.06,1755.69565
0.005655,282,050_AlSiMg_200W_500mms_M0_G13_Test_Stepover0283.tif,0,1.812,1.65,0.046,0.056,1779.387276
0.00566,283,050_AlSiMg_200W_500mms_M0_G13_Test_Stepover0284.tif,-0.002,1.808,1.684,0.049,0.058,1760.14768
0.005665,283,050_AlSiMg_200W_500mms_M0_G13_Test_Stepover0284.tif,-0.002,1.807,1.649,0.051,0.061,1784.523326
0.00567,283,050_AlSiMg_200W_500mms_M0_G13_Test_Stepover0284.tif,-0.002,1.801,1.689,0.047,0.057,1784.523326
0.005675,283,050_AlSiMg_200W_500mms_M0_G13_Test_Stepover0284.tif,0.001,1.794,1.644,0.047,0.057,1750.882933
0.00568,284,050_AlSiMg_200W_500mms_M0_G13_Test_Stepover0285.tif,0.002,1.781,1.664,0.046,0.056,1724.008574
0.005685,284,050_AlSiMg_200W_500mms_M0_G13_Test_Stepover0285.tif,-0.002,1.776,1.622,0.048,0.059,1715.867708
0.00569,284,050_AlSiMg_200W_500mms_M0_G13_Test_Stepover0285.tif,-0.002,1.776,1.637,0.047,0.058,1715.867708
0.005695,284,050_AlSiMg_200W_500mms_M0_G13_Test_Stepover0285.tif,0,1.78,1.644,0.049,0.06,1719.134687
0.0057,285,050_AlSiMg_200W_500mms_M0_G13_Test_Stepover0286.tif,0.001,1.781,1.628,0.047,0.057,1730.397747
0.005705,285,050_AlSiMg_200W_500mms_M0_G13_Test_Stepover0286.tif,-0.002,1.781,1.63,0.047,0.057,1720.467894
0.00571,285,050_AlSiMg_200W_500mms_M0_G13_Test_Stepover0286.tif,-0.001,1.794,1.618,0.047,0.057,1744.643295
0.005715,285,050_AlSiMg_200W_500mms_M0_G13_Test_Stepover0286.tif,0,1.802,1.625,0.048,0.06,1738.041367
0.00572,286,050_AlSiMg_200W_500mms_M0_G13_Test_Stepover0287.tif,0,1.811,1.716,0.047,0.056,1698.604037
0.005725,286,050_AlSiMg_200W_500mms_M0_G13_Test_Stepover0287.tif,0.001,1.807,1.665,0.045,0.055,1671.074326
0.00573,286,050_AlSiMg_200W_500mms_M0_G13_Test_Stepover0287.tif,-0.002,1.8,1.674,0.047,0.06,1729.388093
0.005735,286,050_AlSiMg_200W_500mms_M0_G13_Test_Stepover0287.tif,0.001,1.795,1.637,0.047,0.059,1676.001042
0.00574,287,050_AlSiMg_200W_500mms_M0_G13_Test_Stepover0288.tif,0.001,1.79,1.609,0.047,0.055,1716.541091
0.005745,287,050_AlSiMg_200W_500mms_M0_G13_Test_Stepover0288.tif,-0.002,1.781,1.608,0.044,0.056,1752.711441
0.00575,287,050_AlSiMg_200W_500mms_M0_G13_Test_Stepover0288.tif,0,1.773,1.597,0.047,0.055,1780.241152
0.005755,287,050_AlSiMg_200W_500mms_M0_G13_Test_Stepover0288.tif,-0.001,1.768,1.614,0.046,0.056,1759.062968
0.00576,288,050_AlSiMg_200W_500mms_M0_G13_Test_Stepover0289.tif,-0.002,1.77,1.594,0.047,0.057,1815.655082
0.005765,288,050_AlSiMg_200W_500mms_M0_G13_Test_Stepover0289.tif,0,1.776,1.608,0.046,0.055,1778.449982
0.00577,288,050_AlSiMg_200W_500mms_M0_G13_Test_Stepover0289.tif,-0.002,1.777,1.621,0.048,0.057,1757.341315
0.005775,288,050_AlSiMg_200W_500mms_M0_G13_Test_Stepover0289.tif,0,1.791,1.614,0.046,0.056,1711.499031
0.00578,289,050_AlSiMg_200W_500mms_M0_G13_Test_Stepover0290.tif,-0.001,1.802,1.591,0.044,0.055,1649.60677
0.005785,289,050_AlSiMg_200W_500mms_M0_G13_Test_Stepover0290.tif,-0.002,1.809,1.595,0.045,0.058,1707.215209
0.00579,289,050_AlSiMg_200W_500mms_M0_G13_Test_Stepover0290.tif,0.001,1.809,1.611,0.044,0.057,1726.516722
0.005795,289,050_AlSiMg_200W_500mms_M0_G13_Test_Stepover0290.tif,0.001,1.805,1.612,0.047,0.053,1766.926903
0.0058,290,050_AlSiMg_200W_500mms_M0_G13_Test_Stepover0291.tif,-0.001,1.807,1.677,0.047,0.056,1835.146519
0.005805,290,050_AlSiMg_200W_500mms_M0_G13_Test_Stepover0291.tif,0.001,1.804,1.667,0.047,0.056,1847.959578
0.00581,290,050_AlSiMg_200W_500mms_M0_G13_Test_Stepover0291.tif,0,1.794,1.657,0.049,0.058,1762.970677
0.005815,290,050_AlSiMg_200W_500mms_M0_G13_Test_Stepover0291.tif,-0.002,1.783,1.623,0.048,0.061,1780.874263
0.00582,291,050_AlSiMg_200W_500mms_M0_G13_Test_Stepover0292.tif,0.001,1.781,1.626,0.049,0.06,1750.393936
0.005825,291,050_AlSiMg_200W_500mms_M0_G13_Test_Stepover0292.tif,-0.002,1.781,1.847,0.047,0.055,1716.753543
0.00583,291,050_AlSiMg_200W_500mms_M0_G13_Test_Stepover0292.tif,0,1.783,1.714,0.047,0.058,1735.381938
0.005835,291,050_AlSiMg_200W_500mms_M0_G13_Test_Stepover0292.tif,-0.001,1.781,1.793,0.048,0.059,1780.649959
0.00584,292,050_AlSiMg_200W_500mms_M0_G13_Test_Stepover0293.tif,-0.002,1.788,1.784,0.046,0.057,1762.746373
0.005845,292,050_AlSiMg_200W_500mms_M0_G13_Test_Stepover0293.tif,0,1.807,1.77,0.048,0.056,1770.590238
0.00585,292,050_AlSiMg_200W_500mms_M0_G13_Test_Stepover0293.tif,0,1.811,1.734,0.047,0.056,2231.256417
0.005855,292,050_AlSiMg_200W_500mms_M0_G13_Test_Stepover0293.tif,0.001,1.812,1.717,0.045,0.055,2268.186883
0.00586,293,050_AlSiMg_200W_500mms_M0_G13_Test_Stepover0294.tif,0,1.812,1.686,0.065,0.056,2680.462846
0.005865,293,050_AlSiMg_200W_500mms_M0_G13_Test_Stepover0294.tif,-0.001,1.809,1.646,0.048,0.057,2640.052666
0.00587,293,050_AlSiMg_200W_500mms_M0_G13_Test_Stepover0294.tif,0,1.807,1.632,0.063,0.057,2643.387615
0.005875,293,050_AlSiMg_200W_500mms_M0_G13_Test_Stepover0294.tif,0,1.805,1.623,0.044,0.055,2251.190923
0.00588,294,050_AlSiMg_200W_500mms_M0_G13_Test_Stepover0295.tif,-0.002,1.79,1.658,0.046,0.056,2289.157754
0.005885,294,050_AlSiMg_200W_500mms_M0_G13_Test_Stepover0295.tif,0,1.78,1.66,0.048,0.055,1855.78917
0.00589,294,050_AlSiMg_200W_500mms_M0_G13_Test_Stepover0295.tif,-0.002,1.777,1.637,0.048,0.055,1865.719023
0.005895,294,050_AlSiMg_200W_500mms_M0_G13_Test_Stepover0295.tif,-0.001,1.776,1.629,0.047,0.056,1891.363335
0.0059,295,050_AlSiMg_200W_500mms_M0_G13_Test_Stepover0296.tif,0,1.78,1.64,0.047,0.058,1850.191442
0.005905,295,050_AlSiMg_200W_500mms_M0_G13_Test_Stepover0296.tif,-0.001,1.781,1.646,0.049,0.058,1809.019548
0.00591,295,050_AlSiMg_200W_500mms_M0_G13_Test_Stepover0296.tif,0.001,1.79,1.65,0.047,0.056,1812.22461
0.005915,295,050_AlSiMg_200W_500mms_M0_G13_Test_Stepover0296.tif,0.001,1.802,1.681,0.047,0.056,1824.59917
0.00592,296,050_AlSiMg_200W_500mms_M0_G13_Test_Stepover0297.tif,-0.001,1.804,1.688,0.048,0.057,1824.59917
0.005925,296,050_AlSiMg_200W_500mms_M0_G13_Test_Stepover0297.tif,0,1.802,1.653,0.051,0.062,1781.034926
0.00593,296,050_AlSiMg_200W_500mms_M0_G13_Test_Stepover0297.tif,0.001,1.801,1.693,0.049,0.058,1784.239988
0.005935,296,050_AlSiMg_200W_500mms_M0_G13_Test_Stepover0297.tif,-0.002,1.797,1.675,0.047,0.059,1781.034926
0.00594,297,050_AlSiMg_200W_500mms_M0_G13_Test_Stepover0298.tif,0.001,1.795,1.678,0.048,0.057,1792.519658
0.005945,297,050_AlSiMg_200W_500mms_M0_G13_Test_Stepover0298.tif,0.001,1.784,1.644,0.047,0.056,1755.696531
0.00595,297,050_AlSiMg_200W_500mms_M0_G13_Test_Stepover0298.tif,0,1.775,1.664,0.05,0.06,1817.164362
0.005955,297,050_AlSiMg_200W_500mms_M0_G13_Test_Stepover0298.tif,0,1.776,1.65,0.047,0.058,1794.657787
0.00596,298,050_AlSiMg_200W_500mms_M0_G13_Test_Stepover0299.tif,0,1.775,1.654,0.047,0.055,1741.270736
0.005965,298,050_AlSiMg_200W_500mms_M0_G13_Test_Stepover0299.tif,0,1.777,1.632,0.046,0.056,1744.617175
0.00597,298,050_AlSiMg_200W_500mms_M0_G13_Test_Stepover0299.tif,-0.002,1.78,1.678,0.044,0.056,1734.687322
0.005975,298,050_AlSiMg_200W_500mms_M0_G13_Test_Stepover0299.tif,-0.002,1.79,1.686,0.046,0.055,1670.00647
0.00598,299,050_AlSiMg_200W_500mms_M0_G13_Test_Stepover0300.tif,-0.001,1.8,1.675,0.048,0.06,1707.21157
0.005985,299,050_AlSiMg_200W_500mms_M0_G13_Test_Stepover0300.tif,0.001,1.808,1.699,0.046,0.058,1737.962159
0.00599,299,050_AlSiMg_200W_500mms_M0_G13_Test_Stepover0300.tif,0.001,1.807,1.726,0.047,0.055,1679.359938
0.005995,299,050_AlSiMg_200W_500mms_M0_G13_Test_Stepover0300.tif,-0.002,1.807,1.693,0.045,0.055,1689.289791
0.006,300,050_AlSiMg_200W_500mms_M0_G13_Test_Stepover0301.tif,0,1.804,1.658,0.045,0.058,1695.656876
0.006005,300,050_AlSiMg_200W_500mms_M0_G13_Test_Stepover0301.tif,0,1.804,1.706,0.047,0.058,1695.656876
0.00601,300,050_AlSiMg_200W_500mms_M0_G13_Test_Stepover0301.tif,-0.002,1.795,1.664,0.044,0.055,1759.465232
0.006015,300,050_AlSiMg_200W_500mms_M0_G13_Test_Stepover0301.tif,0,1.781,1.696,0.047,0.055,1805.307515
0.00602,301,050_AlSiMg_200W_500mms_M0_G13_Test_Stepover0302.tif,-0.002,1.775,1.643,0.048,0.055,1853.691429
0.006025,301,050_AlSiMg_200W_500mms_M0_G13_Test_Stepover0302.tif,0,1.779,1.642,0.047,0.057,1850.537365
0.00603,301,050_AlSiMg_200W_500mms_M0_G13_Test_Stepover0302.tif,0,1.78,1.633,0.047,0.055,1816.599245
0.006035,301,050_AlSiMg_200W_500mms_M0_G13_Test_Stepover0302.tif,-0.001,1.784,1.626,0.047,0.059,1744.947024
0.00604,302,050_AlSiMg_200W_500mms_M0_G13_Test_Stepover0303.tif,-0.002,1.791,1.628,0.047,0.057,1748.148114
0.006045,302,050_AlSiMg_200W_500mms_M0_G13_Test_Stepover0303.tif,0.001,1.804,1.629,0.047,0.058,1730.244527
0.00605,302,050_AlSiMg_200W_500mms_M0_G13_Test_Stepover0303.tif,-0.002,1.812,1.637,0.048,0.058,1730.244527
0.006055,302,050_AlSiMg_200W_500mms_M0_G13_Test_Stepover0303.tif,-0.001,1.812,1.667,0.047,0.056,1687.633373
0.00606,303,050_AlSiMg_200W_500mms_M0_G13_Test_Stepover0304.tif,0,1.815,1.619,0.047,0.059,1677.70352
0.006065,303,050_AlSiMg_200W_500mms_M0_G13_Test_Stepover0304.tif,-0.001,1.812,1.684,0.046,0.059,1680.495233
0.00607,303,050_AlSiMg_200W_500mms_M0_G13_Test_Stepover0304.tif,0,1.808,1.674,0.044,0.055,1646.769829
0.006075,303,050_AlSiMg_200W_500mms_M0_G13_Test_Stepover0304.tif,-0.002,1.8,1.639,0.044,0.053,1636.947022
0.00608,304,050_AlSiMg_200W_500mms_M0_G13_Test_Stepover0305.tif,0,1.787,1.643,0.046,0.057,1672.956248
0.006085,304,050_AlSiMg_200W_500mms_M0_G13_Test_Stepover0305.tif,-0.001,1.775,1.612,0.044,0.056,1651.489611
0.00609,304,050_AlSiMg_200W_500mms_M0_G13_Test_Stepover0305.tif,-0.002,1.776,1.615,0.045,0.055,1679.434928
0.006095,304,050_AlSiMg_200W_500mms_M0_G13_Test_Stepover0305.tif,0,1.777,1.602,0.045,0.058,1731.063919
0.0061,305,050_AlSiMg_200W_500mms_M0_G13_Test_Stepover0306.tif,-0.002,1.779,1.594,0.047,0.055,1802.354557
0.006105,305,050_AlSiMg_200W_500mms_M0_G13_Test_Stepover0306.tif,-0.003,1.776,1.591,0.047,0.055,1808.956485
0.00611,305,050_AlSiMg_200W_500mms_M0_G13_Test_Stepover0306.tif,0,1.788,1.584,0.047,0.055,1833.7986
0.006115,305,050_AlSiMg_200W_500mms_M0_G13_Test_Stepover0306.tif,-0.001,1.801,1.593,0.047,0.057,1812.620417
0.00612,306,050_AlSiMg_200W_500mms_M0_G13_Test_Stepover0307.tif,0,1.805,1.597,0.045,0.056,1772.080368
0.006125,306,050_AlSiMg_200W_500mms_M0_G13_Test_Stepover0307.tif,0,1.804,1.601,0.046,0.055,1713.766601
0.00613,306,050_AlSiMg_200W_500mms_M0_G13_Test_Stepover0307.tif,-0.002,1.801,1.647,0.045,0.055,1716.967691
0.006135,306,050_AlSiMg_200W_500mms_M0_G13_Test_Stepover0307.tif,-0.002,1.8,1.632,0.044,0.055,1757.207456
0.00614,307,050_AlSiMg_200W_500mms_M0_G13_Test_Stepover0308.tif,-0.001,1.795,1.625,0.048,0.058,1737.845591
0.006145,307,050_AlSiMg_200W_500mms_M0_G13_Test_Stepover0308.tif,0.001,1.781,1.658,0.048,0.057,1720.071873
0.00615,307,050_AlSiMg_200W_500mms_M0_G13_Test_Stepover0308.tif,-0.002,1.775,1.714,0.045,0.055,1737.845591
0.006155,307,050_AlSiMg_200W_500mms_M0_G13_Test_Stepover0308.tif,-0.001,1.775,1.677,0.044,0.055,1765.320417
0.00616,308,050_AlSiMg_200W_500mms_M0_G13_Test_Stepover0309.tif,0.001,1.776,1.644,0.045,0.055,1857.493821
0.006165,308,050_AlSiMg_200W_500mms_M0_G13_Test_Stepover0309.tif,-0.002,1.777,1.657,0.046,0.054,1918.157001
0.00617,308,050_AlSiMg_200W_500mms_M0_G13_Test_Stepover0309.tif,-0.002,1.78,1.609,0.05,0.055,1921.532479
0.006175,308,050_AlSiMg_200W_500mms_M0_G13_Test_Stepover0309.tif,0,1.788,1.614,0.047,0.054,1924.867427
0.00618,309,050_AlSiMg_200W_500mms_M0_G13_Test_Stepover0310.tif,0,1.807,1.614,0.045,0.056,1845.059188
0.006185,309,050_AlSiMg_200W_500mms_M0_G13_Test_Stepover0310.tif,0,1.807,1.588,0.046,0.056,1702.903456
0.00619,309,050_AlSiMg_200W_500mms_M0_G13_Test_Stepover0310.tif,-0.001,1.812,1.58,0.044,0.057,1621.312494
0.006195,309,050_AlSiMg_200W_500mms_M0_G13_Test_Stepover0310.tif,-0.002,1.805,1.574,0.046,0.058,1658.347196
0.0062,310,050_AlSiMg_200W_500mms_M0_G13_Test_Stepover0311.tif,0,1.808,1.595,0.047,0.059,1712.453647
0.006205,310,050_AlSiMg_200W_500mms_M0_G13_Test_Stepover0311.tif,-0.001,1.805,1.594,0.047,0.056,1737.210324
0.00621,310,050_AlSiMg_200W_500mms_M0_G13_Test_Stepover0311.tif,0,1.798,1.626,0.046,0.053,1780.712993
0.006215,310,050_AlSiMg_200W_500mms_M0_G13_Test_Stepover0311.tif,0,1.787,1.635,0.044,0.055,1814.235506
0.00622,311,050_AlSiMg_200W_500mms_M0_G13_Test_Stepover0312.tif,0,1.781,1.643,0.046,0.055,1791.599044
0.006225,311,050_AlSiMg_200W_500mms_M0_G13_Test_Stepover0312.tif,0,1.784,1.632,0.044,0.053,1734.157645
0.00623,311,050_AlSiMg_200W_500mms_M0_G13_Test_Stepover0312.tif,-0.001,1.784,1.605,0.045,0.055,1792.471412
0.006235,311,050_AlSiMg_200W_500mms_M0_G13_Test_Stepover0312.tif,0.001,1.781,1.598,0.045,0.055,1755.335828
0.00624,312,050_AlSiMg_200W_500mms_M0_G13_Test_Stepover0313.tif,-0.002,1.784,1.636,0.047,0.055,1803.404277
0.006245,312,050_AlSiMg_200W_500mms_M0_G13_Test_Stepover0313.tif,-0.002,1.801,1.618,0.044,0.055,1760.873882
0.00625,312,050_AlSiMg_200W_500mms_M0_G13_Test_Stepover0313.tif,0,1.804,1.608,0.047,0.054,1764.20883
0.006255,312,050_AlSiMg_200W_500mms_M0_G13_Test_Stepover0313.tif,-0.001,1.805,1.607,0.044,0.057,1692.918193
0.00626,313,050_AlSiMg_200W_500mms_M0_G13_Test_Stepover0314.tif,-0.002,1.804,1.594,0.046,0.056,1686.551107
0.006265,313,050_AlSiMg_200W_500mms_M0_G13_Test_Stepover0314.tif,0,1.802,1.622,0.044,0.056,1586.647572
0.00627,313,050_AlSiMg_200W_500mms_M0_G13_Test_Stepover0314.tif,0,1.798,1.626,0.046,0.058,1608.250185
0.006275,313,050_AlSiMg_200W_500mms_M0_G13_Test_Stepover0314.tif,-0.001,1.793,1.628,0.045,0.058,1651.762633
0.00628,314,050_AlSiMg_200W_500mms_M0_G13_Test_Stepover0315.tif,0.001,1.779,1.628,0.047,0.059,1664.739504
0.006285,314,050_AlSiMg_200W_500mms_M0_G13_Test_Stepover0315.tif,0,1.772,1.643,0.049,0.057,1681.036442
0.00629,314,050_AlSiMg_200W_500mms_M0_G13_Test_Stepover0315.tif,-0.001,1.775,1.637,0.044,0.055,1726.878726
0.006295,314,050_AlSiMg_200W_500mms_M0_G13_Test_Stepover0315.tif,0,1.776,1.621,0.047,0.058,1736.717566
0.0063,315,050_AlSiMg_200W_500mms_M0_G13_Test_Stepover0316.tif,-0.002,1.779,1.65,0.047,0.057,1689.870169
0.006305,315,050_AlSiMg_200W_500mms_M0_G13_Test_Stepover0316.tif,-0.002,1.786,1.63,0.046,0.057,1714.245816
0.00631,315,050_AlSiMg_200W_500mms_M0_G13_Test_Stepover0316.tif,0.001,1.795,1.621,0.045,0.055,1720.550742
0.006315,315,050_AlSiMg_200W_500mms_M0_G13_Test_Stepover0316.tif,0.001,1.812,1.623,0.047,0.057,1733.31068
0.00632,316,050_AlSiMg_200W_500mms_M0_G13_Test_Stepover0317.tif,0,1.811,1.626,0.049,0.06,1784.93967
0.006325,316,050_AlSiMg_200W_500mms_M0_G13_Test_Stepover0317.tif,-0.002,1.812,1.664,0.046,0.055,1777.095805
0.00633,316,050_AlSiMg_200W_500mms_M0_G13_Test_Stepover0317.tif,0,1.808,1.63,0.047,0.055,1780.296895
0.006335,316,050_AlSiMg_200W_500mms_M0_G13_Test_Stepover0317.tif,0.001,1.808,1.63,0.047,0.058,1822.375882
0.00634,317,050_AlSiMg_200W_500mms_M0_G13_Test_Stepover0318.tif,-0.001,1.801,1.661,0.048,0.058,1798.352885
0.006345,317,050_AlSiMg_200W_500mms_M0_G13_Test_Stepover0318.tif,-0.002,1.79,1.629,0.047,0.055,1801.54192
0.00635,317,050_AlSiMg_200W_500mms_M0_G13_Test_Stepover0318.tif,0,1.781,1.639,0.048,0.059,1879.265394
0.006355,317,050_AlSiMg_200W_500mms_M0_G13_Test_Stepover0318.tif,0,1.779,1.681,0.048,0.056,1858.373434
0.00636,318,050_AlSiMg_200W_500mms_M0_G13_Test_Stepover0319.tif,0,1.779,1.646,0.05,0.057,1858.373434
0.006365,318,050_AlSiMg_200W_500mms_M0_G13_Test_Stepover0319.tif,-0.002,1.777,1.636,0.046,0.057,1842.106783
0.00637,318,050_AlSiMg_200W_500mms_M0_G13_Test_Stepover0319.tif,-0.001,1.78,1.633,0.047,0.055,1838.917748
0.006375,318,050_AlSiMg_200W_500mms_M0_G13_Test_Stepover0319.tif,0,1.79,1.649,0.047,0.059,1761.194274
0.00638,319,050_AlSiMg_200W_500mms_M0_G13_Test_Stepover0320.tif,-0.002,1.804,1.643,0.047,0.055,1778.885145
0.006385,319,050_AlSiMg_200W_500mms_M0_G13_Test_Stepover0320.tif,-0.002,1.812,1.618,0.047,0.058,1738.345096
0.00639,319,050_AlSiMg_200W_500mms_M0_G13_Test_Stepover0320.tif,-0.001,1.814,1.608,0.047,0.057,1799.812927
0.006395,319,050_AlSiMg_200W_500mms_M0_G13_Test_Stepover0320.tif,-0.001,1.815,1.6,0.045,0.055,1806.120275
0.0064,320,050_AlSiMg_200W_500mms_M0_G13_Test_Stepover0321.tif,0,1.811,1.597,0.047,0.055,1789.823337
0.006405,320,050_AlSiMg_200W_500mms_M0_G13_Test_Stepover0321.tif,0,1.805,1.63,0.049,0.057,1775.377544
0.00641,320,050_AlSiMg_200W_500mms_M0_G13_Test_Stepover0321.tif,0.001,1.794,1.616,0.046,0.058,1760.979303
0.006415,320,050_AlSiMg_200W_500mms_M0_G13_Test_Stepover0321.tif,0,1.786,1.647,0.047,0.058,1720.439254
0.00642,321,050_AlSiMg_200W_500mms_M0_G13_Test_Stepover0322.tif,0,1.777,1.618,0.045,0.056,1655.818139
0.006425,321,050_AlSiMg_200W_500mms_M0_G13_Test_Stepover0322.tif,-0.001,1.773,1.608,0.045,0.055,1647.123541
0.00643,321,050_AlSiMg_200W_500mms_M0_G13_Test_Stepover0322.tif,0,1.773,1.595,0.044,0.055,1647.123541
0.006435,321,050_AlSiMg_200W_500mms_M0_G13_Test_Stepover0322.tif,0.001,1.775,1.621,0.047,0.06,1658.116693
0.00644,322,050_AlSiMg_200W_500mms_M0_G13_Test_Stepover0323.tif,0,1.784,1.664,0.047,0.058,1650.272828
0.006445,322,050_AlSiMg_200W_500mms_M0_G13_Test_Stepover0323.tif,0,1.794,1.614,0.044,0.054,1653.648305
0.00645,322,050_AlSiMg_200W_500mms_M0_G13_Test_Stepover0323.tif,0,1.805,1.6,0.047,0.058,1668.709989
0.006455,322,050_AlSiMg_200W_500mms_M0_G13_Test_Stepover0323.tif,0.001,1.807,1.64,0.045,0.056,1904.30157
0.00646,323,050_AlSiMg_200W_500mms_M0_G13_Test_Stepover0324.tif,-0.002,1.804,1.643,0.044,0.055,1951.435741
0.006465,323,050_AlSiMg_200W_500mms_M0_G13_Test_Stepover0324.tif,-0.002,1.801,1.623,0.054,0.056,1999.819655
0.00647,323,050_AlSiMg_200W_500mms_M0_G13_Test_Stepover0324.tif,-0.001,1.802,1.618,0.048,0.056,2020.819824
0.006475,323,050_AlSiMg_200W_500mms_M0_G13_Test_Stepover0324.tif,-0.001,1.795,1.621,0.047,0.055,2020.819824
0.00648,324,050_AlSiMg_200W_500mms_M0_G13_Test_Stepover0325.tif,0.001,1.783,1.622,0.047,0.057,1833.612157
0.006485,324,050_AlSiMg_200W_500mms_M0_G13_Test_Stepover0325.tif,0.001,1.777,1.661,0.044,0.055,1830.423123
0.00649,324,050_AlSiMg_200W_500mms_M0_G13_Test_Stepover0325.tif,-0.002,1.773,1.653,0.047,0.055,1772.109356
0.006495,324,050_AlSiMg_200W_500mms_M0_G13_Test_Stepover0325.tif,-0.001,1.775,1.646,0.047,0.055,1784.869293
0.0065,325,050_AlSiMg_200W_500mms_M0_G13_Test_Stepover0326.tif,0,1.78,1.63,0.044,0.055,1818.658437
0.006505,325,050_AlSiMg_200W_500mms_M0_G13_Test_Stepover0326.tif,-0.002,1.786,1.668,0.046,0.055,1760.344671
0.00651,325,050_AlSiMg_200W_500mms_M0_G13_Test_Stepover0326.tif,-0.002,1.795,1.678,0.045,0.054,1739.166487
0.006515,325,050_AlSiMg_200W_500mms_M0_G13_Test_Stepover0326.tif,0,1.805,1.661,0.044,0.055,1779.576667
0.00652,326,050_AlSiMg_200W_500mms_M0_G13_Test_Stepover0327.tif,-0.001,1.809,1.637,0.046,0.055,1742.441084
0.006525,326,050_AlSiMg_200W_500mms_M0_G13_Test_Stepover0327.tif,0,1.811,1.644,0.047,0.056,1718.581792
0.00653,326,050_AlSiMg_200W_500mms_M0_G13_Test_Stepover0327.tif,0.001,1.808,1.661,0.044,0.055,1742.957439
0.006535,326,050_AlSiMg_200W_500mms_M0_G13_Test_Stepover0327.tif,0,1.807,1.637,0.047,0.058,1705.821855
0.00654,327,050_AlSiMg_200W_500mms_M0_G13_Test_Stepover0328.tif,0,1.807,1.628,0.047,0.057,1705.821855
0.006545,327,050_AlSiMg_200W_500mms_M0_G13_Test_Stepover0328.tif,0.001,1.794,1.678,0.044,0.055,1764.135622
0.00655,327,050_AlSiMg_200W_500mms_M0_G13_Test_Stepover0328.tif,0,1.788,1.663,0.047,0.056,1768.574399
0.006555,327,050_AlSiMg_200W_500mms_M0_G13_Test_Stepover0328.tif,0,1.783,1.65,0.047,0.055,1784.608933
0.00656,328,050_AlSiMg_200W_500mms_M0_G13_Test_Stepover0329.tif,-0.002,1.783,1.699,0.044,0.054,1839.660495
0.006565,328,050_AlSiMg_200W_500mms_M0_G13_Test_Stepover0329.tif,-0.002,1.786,1.646,0.047,0.056,1817.024033
0.00657,328,050_AlSiMg_200W_500mms_M0_G13_Test_Stepover0329.tif,0.001,1.783,1.643,0.046,0.054,1795.84585
0.006575,328,050_AlSiMg_200W_500mms_M0_G13_Test_Stepover0329.tif,-0.002,1.793,1.67,0.045,0.055,1756.720543
0.00658,329,050_AlSiMg_200W_500mms_M0_G13_Test_Stepover0330.tif,0,1.805,1.675,0.046,0.055,1716.310363
0.006585,329,050_AlSiMg_200W_500mms_M0_G13_Test_Stepover0330.tif,0,1.807,1.689,0.044,0.057,1682.367467
0.00659,329,050_AlSiMg_200W_500mms_M0_G13_Test_Stepover0330.tif,-0.002,1.804,1.672,0.044,0.055,1682.367467
0.006595,329,050_AlSiMg_200W_500mms_M0_G13_Test_Stepover0330.tif,0,1.804,1.64,0.046,0.056,1648.607361
0.0066,330,050_AlSiMg_200W_500mms_M0_G13_Test_Stepover0331.tif,-0.001,1.798,1.684,0.045,0.055,1710.499622
0.006605,330,050_AlSiMg_200W_500mms_M0_G13_Test_Stepover0331.tif,-0.002,1.793,1.686,0.045,0.056,1713.875099
0.00661,330,050_AlSiMg_200W_500mms_M0_G13_Test_Stepover0331.tif,-0.002,1.788,1.66,0.046,0.055,1793.990113
0.006615,330,050_AlSiMg_200W_500mms_M0_G13_Test_Stepover0331.tif,0,1.77,1.692,0.045,0.056,1834.530162
0.00662,331,050_AlSiMg_200W_500mms_M0_G13_Test_Stepover0332.tif,-0.002,1.772,1.684,0.047,0.053,1889.468451
0.006625,331,050_AlSiMg_200W_500mms_M0_G13_Test_Stepover0332.tif,-0.001,1.772,1.665,0.047,0.055,1910.646635
0.00663,331,050_AlSiMg_200W_500mms_M0_G13_Test_Stepover0332.tif,-0.002,1.775,1.707,0.047,0.055,1958.984782
0.006635,331,050_AlSiMg_200W_500mms_M0_G13_Test_Stepover0332.tif,-0.002,1.78,1.709,0.047,0.055,1864.445877
0.00664,332,050_AlSiMg_200W_500mms_M0_G13_Test_Stepover0333.tif,0.001,1.786,1.649,0.045,0.053,1823.905828
0.006645,332,050_AlSiMg_200W_500mms_M0_G13_Test_Stepover0333.tif,0,1.798,1.642,0.046,0.057,1779.960691
0.00665,332,050_AlSiMg_200W_500mms_M0_G13_Test_Stepover0333.tif,0,1.805,1.681,0.045,0.055,1725.022401
0.006655,332,050_AlSiMg_200W_500mms_M0_G13_Test_Stepover0333.tif,0,1.811,1.672,0.044,0.054,1707.097922
0.00666,333,050_AlSiMg_200W_500mms_M0_G13_Test_Stepover0334.tif,0,1.807,1.678,0.045,0.056,1730.781595
0.006665,333,050_AlSiMg_200W_500mms_M0_G13_Test_Stepover0334.tif,0,1.809,1.693,0.045,0.054,1768.059439
0.00667,333,050_AlSiMg_200W_500mms_M0_G13_Test_Stepover0334.tif,0,1.805,1.672,0.044,0.053,1753.690809
0.006675,333,050_AlSiMg_200W_500mms_M0_G13_Test_Stepover0334.tif,-0.002,1.795,1.653,0.046,0.054,1764.683962
0.00668,334,050_AlSiMg_200W_500mms_M0_G13_Test_Stepover0335.tif,0,1.787,1.685,0.044,0.055,1748.668536
0.006685,334,050_AlSiMg_200W_500mms_M0_G13_Test_Stepover0335.tif,0,1.777,1.661,0.044,0.054,1752.089231
0.00669,334,050_AlSiMg_200W_500mms_M0_G13_Test_Stepover0335.tif,-0.001,1.775,1.665,0.045,0.055,1711.406298
0.006695,334,050_AlSiMg_200W_500mms_M0_G13_Test_Stepover0335.tif,-0.002,1.777,1.699,0.045,0.054,1748.541882
0.0067,335,050_AlSiMg_200W_500mms_M0_G13_Test_Stepover0336.tif,-0.002,1.777,1.726,0.044,0.054,1771.308835
0.006705,335,050_AlSiMg_200W_500mms_M0_G13_Test_Stepover0336.tif,-0.002,1.783,1.682,0.046,0.055,1740.558246
0.00671,335,050_AlSiMg_200W_500mms_M0_G13_Test_Stepover0336.tif,-0.002,1.795,1.664,0.046,0.055,1706.769102
0.006715,335,050_AlSiMg_200W_500mms_M0_G13_Test_Stepover0336.tif,-0.001,1.805,1.644,0.044,0.056,1692.400472
0.00672,336,050_AlSiMg_200W_500mms_M0_G13_Test_Stepover0337.tif,0,1.814,1.63,0.044,0.055,1655.264888
0.006725,336,050_AlSiMg_200W_500mms_M0_G13_Test_Stepover0337.tif,-0.002,1.812,1.623,0.044,0.055,1693.344423
0.00673,336,050_AlSiMg_200W_500mms_M0_G13_Test_Stepover0337.tif,0,1.814,1.63,0.044,0.055,1706.321293
0.006735,336,050_AlSiMg_200W_500mms_M0_G13_Test_Stepover0337.tif,-0.001,1.805,1.622,0.046,0.053,1693.344423
0.00674,337,050_AlSiMg_200W_500mms_M0_G13_Test_Stepover0338.tif,-0.001,1.805,1.657,0.044,0.055,1723.712872
0.006745,337,050_AlSiMg_200W_500mms_M0_G13_Test_Stepover0338.tif,0.001,1.783,1.642,0.044,0.056,1741.48659
0.00675,337,050_AlSiMg_200W_500mms_M0_G13_Test_Stepover0338.tif,-0.002,1.776,1.647,0.044,0.053,1750.924828
0.006755,337,050_AlSiMg_200W_500mms_M0_G13_Test_Stepover0338.tif,-0.002,1.77,1.653,0.045,0.055,1750.924828
0.00676,338,050_AlSiMg_200W_500mms_M0_G13_Test_Stepover0339.tif,0,1.77,1.66,0.049,0.056,1750.924828
0.006765,338,050_AlSiMg_200W_500mms_M0_G13_Test_Stepover0339.tif,0.001,1.773,1.654,0.044,0.055,1778.870145
0.00677,338,050_AlSiMg_200W_500mms_M0_G13_Test_Stepover0339.tif,0,1.779,1.653,0.044,0.056,1748.119556
0.006775,338,050_AlSiMg_200W_500mms_M0_G13_Test_Stepover0339.tif,0,1.784,1.649,0.047,0.055,1764.689882
0.00678,339,050_AlSiMg_200W_500mms_M0_G13_Test_Stepover0340.tif,-0.001,1.797,1.646,0.044,0.056,1816.403506
0.006785,339,050_AlSiMg_200W_500mms_M0_G13_Test_Stepover0340.tif,-0.002,1.802,1.657,0.047,0.053,1840.271513
0.00679,339,050_AlSiMg_200W_500mms_M0_G13_Test_Stepover0340.tif,0.001,1.805,1.682,0.045,0.053,1799.731464
0.006795,339,050_AlSiMg_200W_500mms_M0_G13_Test_Stepover0340.tif,-0.001,1.801,1.628,0.043,0.053,1812.708335
0.0068,340,050_AlSiMg_200W_500mms_M0_G13_Test_Stepover0341.tif,-0.002,1.8,1.628,0.045,0.055,1748.620237
0.006805,340,050_AlSiMg_200W_500mms_M0_G13_Test_Stepover0341.tif,-0.002,1.797,1.608,0.044,0.055,1672.149936
0.00681,340,050_AlSiMg_200W_500mms_M0_G13_Test_Stepover0341.tif,0.001,1.79,1.601,0.046,0.055,1762.482482
0.006815,340,050_AlSiMg_200W_500mms_M0_G13_Test_Stepover0341.tif,-0.001,1.776,1.614,0.044,0.057,1829.362119
0.00682,341,050_AlSiMg_200W_500mms_M0_G13_Test_Stepover0342.tif,0,1.775,1.639,0.047,0.053,1829.362119
0.006825,341,050_AlSiMg_200W_500mms_M0_G13_Test_Stepover0342.tif,-0.001,1.776,1.621,0.049,0.056,1847.278097
0.00683,341,050_AlSiMg_200W_500mms_M0_G13_Test_Stepover0342.tif,-0.001,1.777,1.615,0.044,0.055,1940.564987
0.006835,341,050_AlSiMg_200W_500mms_M0_G13_Test_Stepover0342.tif,-0.002,1.783,1.643,0.046,0.054,1917.778204
0.00684,342,050_AlSiMg_200W_500mms_M0_G13_Test_Stepover0343.tif,0,1.791,1.636,0.044,0.051,1914.706922
0.006845,342,050_AlSiMg_200W_500mms_M0_G13_Test_Stepover0343.tif,-0.001,1.801,1.661,0.047,0.054,1911.263226
0.00685,342,050_AlSiMg_200W_500mms_M0_G13_Test_Stepover0343.tif,-0.002,1.809,1.654,0.048,0.055,1867.102799
0.006855,342,050_AlSiMg_200W_500mms_M0_G13_Test_Stepover0343.tif,-0.001,1.811,1.623,0.043,0.054,1828.941036
0.00686,343,050_AlSiMg_200W_500mms_M0_G13_Test_Stepover0344.tif,-0.001,1.809,1.616,0.043,0.053,1734.126892
0.006865,343,050_AlSiMg_200W_500mms_M0_G13_Test_Stepover0344.tif,-0.001,1.809,1.608,0.044,0.053,1652.544818
0.00687,343,050_AlSiMg_200W_500mms_M0_G13_Test_Stepover0344.tif,0,1.805,1.591,0.043,0.055,1686.356963
0.006875,343,050_AlSiMg_200W_500mms_M0_G13_Test_Stepover0344.tif,-0.002,1.798,1.587,0.044,0.055,1693.239546
0.00688,344,050_AlSiMg_200W_500mms_M0_G13_Test_Stepover0345.tif,-0.001,1.781,1.573,0.044,0.053,1673.762232
0.006885,344,050_AlSiMg_200W_500mms_M0_G13_Test_Stepover0345.tif,0.001,1.777,1.572,0.045,0.055,1704.508109
0.00689,344,050_AlSiMg_200W_500mms_M0_G13_Test_Stepover0345.tif,-0.001,1.779,1.563,0.043,0.053,1731.379082
0.006895,344,050_AlSiMg_200W_500mms_M0_G13_Test_Stepover0345.tif,0,1.783,1.577,0.044,0.054,1701.010633
0.0069,345,050_AlSiMg_200W_500mms_M0_G13_Test_Stepover0346.tif,-0.002,1.784,1.58,0.043,0.052,1670.260044
0.006905,345,050_AlSiMg_200W_500mms_M0_G13_Test_Stepover0346.tif,0,1.788,1.563,0.044,0.055,1659.368908
0.00691,345,050_AlSiMg_200W_500mms_M0_G13_Test_Stepover0346.tif,0.001,1.8,1.579,0.044,0.056,1682.135862
0.006915,345,050_AlSiMg_200W_500mms_M0_G13_Test_Stepover0346.tif,-0.002,1.808,1.611,0.044,0.055,1713.578655
0.00692,346,050_AlSiMg_200W_500mms_M0_G13_Test_Stepover0347.tif,0.001,1.809,1.636,0.046,0.055,1678.079294
0.006925,346,050_AlSiMg_200W_500mms_M0_G13_Test_Stepover0347.tif,-0.002,1.809,1.628,0.047,0.055,1721.424615
0.00693,346,050_AlSiMg_200W_500mms_M0_G13_Test_Stepover0347.tif,0,1.807,1.67,0.044,0.058,1884.014387
0.006935,346,050_AlSiMg_200W_500mms_M0_G13_Test_Stepover0347.tif,0.001,1.798,1.622,0.044,0.053,1884.014387
0.00694,347,050_AlSiMg_200W_500mms_M0_G13_Test_Stepover0348.tif,-0.001,1.793,1.647,0.049,0.053,1800.943943
0.006945,347,050_AlSiMg_200W_500mms_M0_G13_Test_Stepover0348.tif,-0.002,1.78,1.66,0.046,0.055,1876.853484
0.00695,347,050_AlSiMg_200W_500mms_M0_G13_Test_Stepover0348.tif,0.001,1.772,1.681,0.044,0.057,1814.964802
0.006955,347,050_AlSiMg_200W_500mms_M0_G13_Test_Stepover0348.tif,-0.002,1.77,1.664,0.047,0.056,1666.743659
0.00696,348,050_AlSiMg_200W_500mms_M0_G13_Test_Stepover0349.tif,-0.002,1.77,1.692,0.042,0.055,1643.976706
0.006965,348,050_AlSiMg_200W_500mms_M0_G13_Test_Stepover0349.tif,-0.002,1.773,1.692,0.044,0.054,1699.101832
0.00697,348,050_AlSiMg_200W_500mms_M0_G13_Test_Stepover0349.tif,-0.002,1.777,1.668,0.044,0.054,1679.800319
0.006975,348,050_AlSiMg_200W_500mms_M0_G13_Test_Stepover0349.tif,-0.001,1.787,1.66,0.044,0.053,1729.09427
0.00698,349,050_AlSiMg_200W_500mms_M0_G13_Test_Stepover0350.tif,0.001,1.8,1.643,0.046,0.056,1745.094089
0.006985,349,050_AlSiMg_200W_500mms_M0_G13_Test_Stepover0350.tif,0,1.808,1.661,0.045,0.055,2074.41978
0.00699,349,050_AlSiMg_200W_500mms_M0_G13_Test_Stepover0350.tif,0.001,1.807,1.684,0.044,0.053,2102.365097
0.006995,349,050_AlSiMg_200W_500mms_M0_G13_Test_Stepover0350.tif,0.001,1.804,1.674,0.055,0.055,2099.030148
0.007,350,050_AlSiMg_200W_500mms_M0_G13_Test_Stepover0351.tif,-0.002,1.804,1.649,0.047,0.055,2139.570197
0.007005,350,050_AlSiMg_200W_500mms_M0_G13_Test_Stepover0351.tif,-0.001,1.8,1.664,0.045,0.055,2126.975466
0.00701,350,050_AlSiMg_200W_500mms_M0_G13_Test_Stepover0351.tif,0,1.791,1.663,0.047,0.055,1813.649595
0.007015,350,050_AlSiMg_200W_500mms_M0_G13_Test_Stepover0351.tif,0.001,1.779,1.646,0.045,0.055,1813.649595
0.00702,351,050_AlSiMg_200W_500mms_M0_G13_Test_Stepover0352.tif,0.001,1.772,1.661,0.044,0.053,1792.721813
0.007025,351,050_AlSiMg_200W_500mms_M0_G13_Test_Stepover0352.tif,-0.002,1.773,1.656,0.047,0.055,1861.653387
0.00703,351,050_AlSiMg_200W_500mms_M0_G13_Test_Stepover0352.tif,0,1.777,1.685,0.047,0.059,1867.173743
0.007035,351,050_AlSiMg_200W_500mms_M0_G13_Test_Stepover0352.tif,0,1.781,1.674,0.047,0.052,1891.856857
0.00704,352,050_AlSiMg_200W_500mms_M0_G13_Test_Stepover0353.tif,0,1.79,1.727,0.042,0.051,1881.840355
0.007045,352,050_AlSiMg_200W_500mms_M0_G13_Test_Stepover0353.tif,0,1.801,1.684,0.046,0.054,1884.994419
0.00705,352,050_AlSiMg_200W_500mms_M0_G13_Test_Stepover0353.tif,-0.002,1.811,1.66,0.044,0.052,1775.522797
0.007055,352,050_AlSiMg_200W_500mms_M0_G13_Test_Stepover0353.tif,0.001,1.808,1.644,0.044,0.055,1786.017866
0.00706,353,050_AlSiMg_200W_500mms_M0_G13_Test_Stepover0354.tif,0,1.811,1.635,0.045,0.055,1786.017866
0.007065,353,050_AlSiMg_200W_500mms_M0_G13_Test_Stepover0354.tif,-0.002,1.812,1.665,0.045,0.054,1748.611736
0.00707,353,050_AlSiMg_200W_500mms_M0_G13_Test_Stepover0354.tif,0,1.808,1.637,0.046,0.054,1806.925503
0.007075,353,050_AlSiMg_200W_500mms_M0_G13_Test_Stepover0354.tif,-0.001,1.8,1.642,0.043,0.053,1806.925503
0.00708,354,050_AlSiMg_200W_500mms_M0_G13_Test_Stepover0355.tif,-0.001,1.786,1.7,0.047,0.055,1766.178622
0.007085,354,050_AlSiMg_200W_500mms_M0_G13_Test_Stepover0355.tif,0.001,1.779,1.657,0.045,0.055,1741.495509
0.00709,354,050_AlSiMg_200W_500mms_M0_G13_Test_Stepover0355.tif,-0.002,1.776,1.65,0.042,0.053,1788.91814
0.007095,354,050_AlSiMg_200W_500mms_M0_G13_Test_Stepover0355.tif,-0.001,1.779,1.642,0.044,0.053,1788.91814
0.0071,355,050_AlSiMg_200W_500mms_M0_G13_Test_Stepover0356.tif,-0.001,1.781,1.636,0.047,0.055,1785.513052
0.007105,355,050_AlSiMg_200W_500mms_M0_G13_Test_Stepover0356.tif,-0.001,1.78,1.653,0.047,0.055,1887.327959
0.00711,355,050_AlSiMg_200W_500mms_M0_G13_Test_Stepover0356.tif,0,1.793,1.647,0.044,0.054,1887.327959
0.007115,355,050_AlSiMg_200W_500mms_M0_G13_Test_Stepover0356.tif,-0.001,1.802,1.684,0.045,0.051,1852.308268
0.00712,356,050_AlSiMg_200W_500mms_M0_G13_Test_Stepover0357.tif,-0.002,1.802,1.665,0.044,0.053,1793.994501
0.007125,356,050_AlSiMg_200W_500mms_M0_G13_Test_Stepover0357.tif,-0.001,1.801,1.726,0.042,0.051,1858.062769
0.00713,356,050_AlSiMg_200W_500mms_M0_G13_Test_Stepover0357.tif,0,1.801,1.73,0.044,0.055,1800.341182
0.007135,356,050_AlSiMg_200W_500mms_M0_G13_Test_Stepover0357.tif,-0.002,1.797,1.693,0.047,0.054,1821.686357
0.00714,357,050_AlSiMg_200W_500mms_M0_G13_Test_Stepover0358.tif,0,1.795,1.677,0.046,0.055,1835.527865
0.007145,357,050_AlSiMg_200W_500mms_M0_G13_Test_Stepover0358.tif,-0.001,1.783,1.64,0.045,0.053,1835.527865
0.00715,357,050_AlSiMg_200W_500mms_M0_G13_Test_Stepover0358.tif,0,1.776,1.626,0.046,0.055,1774.864685
0.007155,357,050_AlSiMg_200W_500mms_M0_G13_Test_Stepover0358.tif,0.001,1.772,1.614,0.044,0.055,1768.097551
0.00716,358,050_AlSiMg_200W_500mms_M0_G13_Test_Stepover0359.tif,0.001,1.775,1.618,0.045,0.055,1746.752376
0.007165,358,050_AlSiMg_200W_500mms_M0_G13_Test_Stepover0359.tif,0.001,1.777,1.629,0.044,0.053,1739.985242
0.00717,358,050_AlSiMg_200W_500mms_M0_G13_Test_Stepover0359.tif,-0.002,1.783,1.658,0.044,0.053,1770.353691
0.007175,358,050_AlSiMg_200W_500mms_M0_G13_Test_Stepover0359.tif,-0.001,1.793,1.64,0.044,0.053,1782.948422
0.00718,359,050_AlSiMg_200W_500mms_M0_G13_Test_Stepover0360.tif,0,1.802,1.64,0.044,0.053,1789.715557
0.007185,359,050_AlSiMg_200W_500mms_M0_G13_Test_Stepover0360.tif,0,1.809,1.639,0.044,0.053,1789.715557
0.00719,359,050_AlSiMg_200W_500mms_M0_G13_Test_Stepover0360.tif,0,1.809,1.663,0.046,0.055,1789.715557
0.007195,359,050_AlSiMg_200W_500mms_M0_G13_Test_Stepover0360.tif,-0.002,1.811,1.664,0.044,0.053,1739.503296
0.0072,360,050_AlSiMg_200W_500mms_M0_G13_Test_Stepover0361.tif,-0.001,1.805,1.661,0.044,0.053,1720.025983
0.007205,360,050_AlSiMg_200W_500mms_M0_G13_Test_Stepover0361.tif,-0.001,1.801,1.689,0.042,0.054,1666.513152
0.00721,360,050_AlSiMg_200W_500mms_M0_G13_Test_Stepover0361.tif,0,1.791,1.67,0.043,0.053,1636.144703
0.007215,360,050_AlSiMg_200W_500mms_M0_G13_Test_Stepover0361.tif,-0.001,1.779,1.67,0.043,0.055,1605.776254
0.00722,361,050_AlSiMg_200W_500mms_M0_G13_Test_Stepover0362.tif,-0.002,1.776,1.65,0.044,0.055,1648.91414
0.007225,361,050_AlSiMg_200W_500mms_M0_G13_Test_Stepover0362.tif,0.001,1.776,1.644,0.044,0.055,1671.812148
0.00723,361,050_AlSiMg_200W_500mms_M0_G13_Test_Stepover0362.tif,-0.001,1.779,1.647,0.042,0.051,1728.599575
0.007235,361,050_AlSiMg_200W_500mms_M0_G13_Test_Stepover0362.tif,-0.001,1.784,1.618,0.045,0.054,1728.599575
0.00724,362,050_AlSiMg_200W_500mms_M0_G13_Test_Stepover0363.tif,0.001,1.794,1.643,0.047,0.056,1721.641838
0.007245,362,050_AlSiMg_200W_500mms_M0_G13_Test_Stepover0363.tif,-0.001,1.804,1.681,0.044,0.055,1732.136908
0.00725,362,050_AlSiMg_200W_500mms_M0_G13_Test_Stepover0363.tif,-0.001,1.811,1.647,0.042,0.053,2172.126528
0.007255,362,050_AlSiMg_200W_500mms_M0_G13_Test_Stepover0363.tif,-0.001,1.809,1.643,0.045,0.054,2183.429972
0.00726,363,050_AlSiMg_200W_500mms_M0_G13_Test_Stepover0364.tif,0.001,1.805,1.616,0.056,0.053,2217.219117
0.007265,363,050_AlSiMg_200W_500mms_M0_G13_Test_Stepover0364.tif,-0.002,1.801,1.63,0.045,0.053,2224.176854
0.00727,363,050_AlSiMg_200W_500mms_M0_G13_Test_Stepover0364.tif,-0.001,1.797,1.681,0.045,0.054,2291.61139
0.007275,363,050_AlSiMg_200W_500mms_M0_G13_Test_Stepover0364.tif,-0.002,1.79,1.644,0.044,0.055,1848.201075
0.00728,364,050_AlSiMg_200W_500mms_M0_G13_Test_Stepover0365.tif,0,1.776,1.671,0.047,0.053,1891.344621
0.007285,364,050_AlSiMg_200W_500mms_M0_G13_Test_Stepover0365.tif,-0.001,1.77,1.639,0.044,0.053,1926.085689
0.00729,364,050_AlSiMg_200W_500mms_M0_G13_Test_Stepover0365.tif,0,1.773,1.628,0.045,0.051,1984.399456
0.007295,364,050_AlSiMg_200W_500mms_M0_G13_Test_Stepover0365.tif,0,1.776,1.636,0.044,0.051,1883.175775
0.0073,365,050_AlSiMg_200W_500mms_M0_G13_Test_Stepover0366.tif,-0.001,1.775,1.64,0.047,0.055,1852.807326
0.007305,365,050_AlSiMg_200W_500mms_M0_G13_Test_Stepover0366.tif,-0.002,1.786,1.644,0.044,0.055,1757.950155
0.00731,365,050_AlSiMg_200W_500mms_M0_G13_Test_Stepover0366.tif,-0.002,1.801,1.665,0.044,0.055,1726.555526
0.007315,365,050_AlSiMg_200W_500mms_M0_G13_Test_Stepover0366.tif,0,1.811,1.647,0.044,0.055,1708.65194
0.00732,366,050_AlSiMg_200W_500mms_M0_G13_Test_Stepover0367.tif,0.001,1.812,1.635,0.046,0.055,1766.965706
0.007325,366,050_AlSiMg_200W_500mms_M0_G13_Test_Stepover0367.tif,0.001,1.812,1.664,0.047,0.056,1818.679331
0.00733,366,050_AlSiMg_200W_500mms_M0_G13_Test_Stepover0367.tif,0.001,1.808,1.742,0.047,0.055,1795.300768
0.007335,366,050_AlSiMg_200W_500mms_M0_G13_Test_Stepover0367.tif,-0.001,1.805,1.696,0.045,0.053,1775.938903
0.00734,367,050_AlSiMg_200W_500mms_M0_G13_Test_Stepover0368.tif,-0.002,1.798,1.671,0.041,0.053,1719.151476
0.007345,367,050_AlSiMg_200W_500mms_M0_G13_Test_Stepover0368.tif,-0.001,1.781,1.685,0.045,0.055,1660.837709
0.00735,367,050_AlSiMg_200W_500mms_M0_G13_Test_Stepover0368.tif,0,1.777,1.649,0.043,0.055,1660.837709
0.007355,367,050_AlSiMg_200W_500mms_M0_G13_Test_Stepover0368.tif,-0.002,1.77,1.671,0.044,0.055,1677.258534
0.00736,368,050_AlSiMg_200W_500mms_M0_G13_Test_Stepover0369.tif,0,1.773,1.64,0.045,0.053,1689.853265
0.007365,368,050_AlSiMg_200W_500mms_M0_G13_Test_Stepover0369.tif,0,1.776,1.623,0.042,0.053,1717.121648
0.00737,368,050_AlSiMg_200W_500mms_M0_G13_Test_Stepover0369.tif,-0.001,1.779,1.629,0.044,0.053,1754.257231
0.007375,368,050_AlSiMg_200W_500mms_M0_G13_Test_Stepover0369.tif,-0.001,1.787,1.619,0.043,0.053,1739.679191
0.00738,369,050_AlSiMg_200W_500mms_M0_G13_Test_Stepover0370.tif,-0.001,1.798,1.637,0.046,0.055,1757.528063
0.007385,369,050_AlSiMg_200W_500mms_M0_G13_Test_Stepover0370.tif,0,1.807,1.647,0.046,0.055,1741.528244
0.00739,369,050_AlSiMg_200W_500mms_M0_G13_Test_Stepover0370.tif,0.002,1.809,1.731,0.043,0.053,1782.350733
0.007395,369,050_AlSiMg_200W_500mms_M0_G13_Test_Stepover0370.tif,0,1.808,1.681,0.044,0.054,1756.106285
0.0074,370,050_AlSiMg_200W_500mms_M0_G13_Test_Stepover0371.tif,-0.001,1.801,1.665,0.045,0.053,1777.284468
0.007405,370,050_AlSiMg_200W_500mms_M0_G13_Test_Stepover0371.tif,0,1.8,1.664,0.043,0.053,1796.761782
0.00741,370,050_AlSiMg_200W_500mms_M0_G13_Test_Stepover0371.tif,-0.002,1.786,1.657,0.047,0.055,1812.761601
0.007415,370,050_AlSiMg_200W_500mms_M0_G13_Test_Stepover0371.tif,0,1.779,1.677,0.044,0.053,1754.09024
0.00742,371,050_AlSiMg_200W_500mms_M0_G13_Test_Stepover0372.tif,0.001,1.776,1.668,0.044,0.053,1736.241367
0.007425,371,050_AlSiMg_200W_500mms_M0_G13_Test_Stepover0372.tif,-0.002,1.775,1.675,0.042,0.053,1654.549038
0.00743,371,050_AlSiMg_200W_500mms_M0_G13_Test_Stepover0372.tif,-0.001,1.779,1.671,0.042,0.053,1654.549038
0.007435,371,050_AlSiMg_200W_500mms_M0_G13_Test_Stepover0372.tif,0.001,1.784,1.622,0.041,0.053,1654.549038
0.00744,372,050_AlSiMg_200W_500mms_M0_G13_Test_Stepover0373.tif,0,1.788,1.616,0.044,0.053,1619.355368
0.007445,372,050_AlSiMg_200W_500mms_M0_G13_Test_Stepover0373.tif,-0.002,1.802,1.636,0.044,0.053,1619.355368
0.00745,372,050_AlSiMg_200W_500mms_M0_G13_Test_Stepover0373.tif,0,1.808,1.639,0.042,0.056,1734.280537
0.007455,372,050_AlSiMg_200W_500mms_M0_G13_Test_Stepover0373.tif,-0.002,1.809,1.656,0.042,0.053,1734.280537
0.00746,373,050_AlSiMg_200W_500mms_M0_G13_Test_Stepover0374.tif,-0.002,1.812,1.672,0.044,0.05,1714.803223
0.007465,373,050_AlSiMg_200W_500mms_M0_G13_Test_Stepover0374.tif,-0.001,1.809,1.684,0.044,0.053,1767.845765
0.00747,373,050_AlSiMg_200W_500mms_M0_G13_Test_Stepover0374.tif,0.001,1.804,1.66,0.043,0.053,1798.097577
0.007475,373,050_AlSiMg_200W_500mms_M0_G13_Test_Stepover0374.tif,-0.002,1.793,1.646,0.043,0.053,1736.919421
0.00748,374,050_AlSiMg_200W_500mms_M0_G13_Test_Stepover0375.tif,-0.002,1.781,1.658,0.042,0.051,1729.845046
0.007485,374,050_AlSiMg_200W_500mms_M0_G13_Test_Stepover0375.tif,0,1.776,1.664,0.044,0.053,1749.32236
0.00749,374,050_AlSiMg_200W_500mms_M0_G13_Test_Stepover0375.tif,-0.002,1.773,1.663,0.042,0.051,1722.053978
0.007495,374,050_AlSiMg_200W_500mms_M0_G13_Test_Stepover0375.tif,0.001,1.777,1.649,0.044,0.053,1753.811465
0.0075,375,050_AlSiMg_200W_500mms_M0_G13_Test_Stepover0376.tif,0.001,1.777,1.698,0.043,0.055,1737.811646
0.007505,375,050_AlSiMg_200W_500mms_M0_G13_Test_Stepover0376.tif,-0.002,1.787,1.681,0.046,0.054,1748.306715
0.00751,375,050_AlSiMg_200W_500mms_M0_G13_Test_Stepover0376.tif,0,1.801,1.65,0.044,0.054,1732.306895
0.007515,375,050_AlSiMg_200W_500mms_M0_G13_Test_Stepover0376.tif,-0.002,1.809,1.654,0.045,0.054,1806.997909
0.00752,376,050_AlSiMg_200W_500mms_M0_G13_Test_Stepover0377.tif,-0.002,1.815,1.665,0.044,0.054,1782.314796
0.007525,376,050_AlSiMg_200W_500mms_M0_G13_Test_Stepover0377.tif,-0.002,1.812,1.665,0.047,0.055,1798.314615
0.00753,376,050_AlSiMg_200W_500mms_M0_G13_Test_Stepover0377.tif,-0.002,1.808,1.686,0.044,0.053,1787.819546
0.007535,376,050_AlSiMg_200W_500mms_M0_G13_Test_Stepover0377.tif,-0.001,1.801,1.675,0.044,0.053,1821.748181
0.00754,377,050_AlSiMg_200W_500mms_M0_G13_Test_Stepover0378.tif,-0.001,1.794,1.664,0.042,0.051,2173.331686
0.007545,377,050_AlSiMg_200W_500mms_M0_G13_Test_Stepover0378.tif,0.001,1.781,1.632,0.044,0.052,2173.331686
0.00755,377,050_AlSiMg_200W_500mms_M0_G13_Test_Stepover0378.tif,0.001,1.77,1.657,0.053,0.052,2173.331686
0.007555,377,050_AlSiMg_200W_500mms_M0_G13_Test_Stepover0378.tif,-0.001,1.77,1.637,0.044,0.053,2164.406241
0.00756,378,050_AlSiMg_200W_500mms_M0_G13_Test_Stepover0379.tif,0.001,1.773,1.623,0.044,0.053,2091.352299
0.007565,378,050_AlSiMg_200W_500mms_M0_G13_Test_Stepover0379.tif,-0.001,1.773,1.636,0.044,0.054,1681.455027
0.00757,378,050_AlSiMg_200W_500mms_M0_G13_Test_Stepover0379.tif,-0.002,1.779,1.657,0.044,0.057,1665.455208
0.007575,378,050_AlSiMg_200W_500mms_M0_G13_Test_Stepover0379.tif,0.001,1.786,1.672,0.044,0.055,1679.886426
0.00758,379,050_AlSiMg_200W_500mms_M0_G13_Test_Stepover0380.tif,-0.002,1.798,1.705,0.044,0.054,1676.408932
0.007585,379,050_AlSiMg_200W_500mms_M0_G13_Test_Stepover0380.tif,-0.001,1.801,1.727,0.043,0.051,1701.165609
0.00759,379,050_AlSiMg_200W_500mms_M0_G13_Test_Stepover0380.tif,0.001,1.805,1.699,0.043,0.053,1690.621265
0.007595,379,050_AlSiMg_200W_500mms_M0_G13_Test_Stepover0380.tif,0,1.805,1.661,0.044,0.055,1699.54671
0.0076,380,050_AlSiMg_200W_500mms_M0_G13_Test_Stepover0381.tif,0.001,1.802,1.636,0.041,0.052,1703.044307
0.007605,380,050_AlSiMg_200W_500mms_M0_G13_Test_Stepover0381.tif,-0.001,1.805,1.616,0.042,0.051,1699.49204
0.00761,380,050_AlSiMg_200W_500mms_M0_G13_Test_Stepover0381.tif,-0.002,1.791,1.612,0.044,0.052,1768.022252
0.007615,380,050_AlSiMg_200W_500mms_M0_G13_Test_Stepover0381.tif,0,1.783,1.64,0.042,0.052,1819.784473
0.00762,381,050_AlSiMg_200W_500mms_M0_G13_Test_Stepover0382.tif,0,1.776,1.621,0.044,0.051,1803.829266
0.007625,381,050_AlSiMg_200W_500mms_M0_G13_Test_Stepover0382.tif,-0.002,1.779,1.611,0.042,0.05,1755.532001
0.00763,381,050_AlSiMg_200W_500mms_M0_G13_Test_Stepover0382.tif,-0.001,1.78,1.594,0.042,0.052,1759.084268
0.007635,381,050_AlSiMg_200W_500mms_M0_G13_Test_Stepover0382.tif,-0.001,1.779,1.658,0.044,0.055,1701.445192
0.00764,382,050_AlSiMg_200W_500mms_M0_G13_Test_Stepover0383.tif,-0.001,1.788,1.658,0.043,0.053,1711.940939
0.007645,382,050_AlSiMg_200W_500mms_M0_G13_Test_Stepover0383.tif,-0.002,1.8,1.622,0.043,0.053,1741.737655
0.00765,382,050_AlSiMg_200W_500mms_M0_G13_Test_Stepover0383.tif,-0.002,1.805,1.651,0.045,0.053,1762.846322
0.007655,382,050_AlSiMg_200W_500mms_M0_G13_Test_Stepover0383.tif,-0.003,1.808,1.664,0.046,0.055,1853.178867
0.00766,383,050_AlSiMg_200W_500mms_M0_G13_Test_Stepover0384.tif,0.001,1.807,1.675,0.046,0.056,1853.178867
0.007665,383,050_AlSiMg_200W_500mms_M0_G13_Test_Stepover0384.tif,-0.002,1.8,1.698,0.047,0.053,1794.507506
0.00767,383,050_AlSiMg_200W_500mms_M0_G13_Test_Stepover0384.tif,-0.002,1.797,1.672,0.043,0.053,1784.242896
0.007675,383,050_AlSiMg_200W_500mms_M0_G13_Test_Stepover0384.tif,-0.002,1.791,1.657,0.042,0.053,1756.176492
0.00768,384,050_AlSiMg_200W_500mms_M0_G13_Test_Stepover0385.tif,0,1.779,1.639,0.043,0.052,1685.32126
0.007685,384,050_AlSiMg_200W_500mms_M0_G13_Test_Stepover0385.tif,-0.002,1.773,1.664,0.042,0.053,1704.798574
0.00769,384,050_AlSiMg_200W_500mms_M0_G13_Test_Stepover0385.tif,0,1.77,1.66,0.044,0.053,1711.756311
0.007695,384,050_AlSiMg_200W_500mms_M0_G13_Test_Stepover0385.tif,-0.002,1.776,1.65,0.044,0.053,1677.9276
0.0077,385,050_AlSiMg_200W_500mms_M0_G13_Test_Stepover0386.tif,0,1.777,1.647,0.044,0.055,1756.799223
0.007705,385,050_AlSiMg_200W_500mms_M0_G13_Test_Stepover0386.tif,0,1.781,1.671,0.042,0.053,1729.806251
0.00771,385,050_AlSiMg_200W_500mms_M0_G13_Test_Stepover0386.tif,0.001,1.795,1.653,0.045,0.052,1751.151426
0.007715,385,050_AlSiMg_200W_500mms_M0_G13_Test_Stepover0386.tif,0.001,1.811,1.685,0.045,0.056,1781.519875
0.00772,386,050_AlSiMg_200W_500mms_M0_G13_Test_Stepover0387.tif,-0.001,1.812,1.696,0.045,0.053,1822.266757
0.007725,386,050_AlSiMg_200W_500mms_M0_G13_Test_Stepover0387.tif,0.001,1.812,1.675,0.044,0.053,1764.721501
0.00773,386,050_AlSiMg_200W_500mms_M0_G13_Test_Stepover0387.tif,0,1.809,1.644,0.045,0.054,1779.119742
0.007735,386,050_AlSiMg_200W_500mms_M0_G13_Test_Stepover0387.tif,-0.002,1.804,1.639,0.044,0.054,1745.179836
0.00774,387,050_AlSiMg_200W_500mms_M0_G13_Test_Stepover0388.tif,-0.001,1.801,1.637,0.045,0.055,1748.600531
0.007745,387,050_AlSiMg_200W_500mms_M0_G13_Test_Stepover0388.tif,0,1.787,1.64,0.045,0.055,1816.035067
0.00775,387,050_AlSiMg_200W_500mms_M0_G13_Test_Stepover0388.tif,-0.002,1.776,1.65,0.045,0.054,1801.666438
0.007755,387,050_AlSiMg_200W_500mms_M0_G13_Test_Stepover0388.tif,-0.002,1.773,1.65,0.047,0.053,1859.107837
0.00776,388,050_AlSiMg_200W_500mms_M0_G13_Test_Stepover0389.tif,0.001,1.773,1.625,0.044,0.055,1859.107837
0.007765,388,050_AlSiMg_200W_500mms_M0_G13_Test_Stepover0389.tif,0,1.776,1.647,0.046,0.053,1843.092411
0.00777,388,050_AlSiMg_200W_500mms_M0_G13_Test_Stepover0389.tif,0,1.777,1.626,0.045,0.055,1741.86873
0.007775,388,050_AlSiMg_200W_500mms_M0_G13_Test_Stepover0389.tif,-0.001,1.787,1.626,0.045,0.055,1943.193711
0.00778,389,050_AlSiMg_200W_500mms_M0_G13_Test_Stepover0390.tif,-0.001,1.797,1.622,0.044,0.055,1892.35424
0.007785,389,050_AlSiMg_200W_500mms_M0_G13_Test_Stepover0390.tif,0.001,1.804,1.65,0.051,0.054,1861.603651
0.00779,389,050_AlSiMg_200W_500mms_M0_G13_Test_Stepover0390.tif,0.001,1.805,1.681,0.047,0.057,1895.543557
0.007795,389,050_AlSiMg_200W_500mms_M0_G13_Test_Stepover0390.tif,-0.001,1.801,1.667,0.044,0.056,1925.912006
0.0078,390,050_AlSiMg_200W_500mms_M0_G13_Test_Stepover0391.tif,-0.001,1.8,1.667,0.045,0.053,1761.722608
0.007805,390,050_AlSiMg_200W_500mms_M0_G13_Test_Stepover0391.tif,-0.002,1.801,1.675,0.044,0.053,1758.455629
0.00781,390,050_AlSiMg_200W_500mms_M0_G13_Test_Stepover0391.tif,-0.001,1.786,1.709,0.046,0.055,1819.729765
0.007815,390,050_AlSiMg_200W_500mms_M0_G13_Test_Stepover0391.tif,-0.002,1.777,1.751,0.046,0.056,1775.355009
0.00782,391,050_AlSiMg_200W_500mms_M0_G13_Test_Stepover0392.tif,-0.002,1.775,1.761,0.044,0.052,1755.877695
0.007825,391,050_AlSiMg_200W_500mms_M0_G13_Test_Stepover0392.tif,-0.002,1.776,1.763,0.042,0.052,1718.742111
0.00783,391,050_AlSiMg_200W_500mms_M0_G13_Test_Stepover0392.tif,0,1.779,1.698,0.043,0.053,1697.633444
0.007835,391,050_AlSiMg_200W_500mms_M0_G13_Test_Stepover0392.tif,-0.001,1.783,1.726,0.044,0.055,1659.266032
0.00784,392,050_AlSiMg_200W_500mms_M0_G13_Test_Stepover0393.tif,-0.001,1.791,1.714,0.044,0.055,1700.224429
0.007845,392,050_AlSiMg_200W_500mms_M0_G13_Test_Stepover0393.tif,-0.001,1.807,1.692,0.047,0.058,1657.813061
0.00785,392,050_AlSiMg_200W_500mms_M0_G13_Test_Stepover0393.tif,0.001,1.815,1.684,0.044,0.052,1675.586779
0.007855,392,050_AlSiMg_200W_500mms_M0_G13_Test_Stepover0393.tif,-0.002,1.809,1.651,0.042,0.055,1668.629042
0.00786,393,050_AlSiMg_200W_500mms_M0_G13_Test_Stepover0394.tif,0,1.809,1.643,0.045,0.055,1669.590325
0.007865,393,050_AlSiMg_200W_500mms_M0_G13_Test_Stepover0394.tif,0.001,1.807,1.63,0.042,0.053,1696.508177
0.00787,393,050_AlSiMg_200W_500mms_M0_G13_Test_Stepover0394.tif,-0.001,1.804,1.628,0.043,0.053,1765.163994
0.007875,393,050_AlSiMg_200W_500mms_M0_G13_Test_Stepover0394.tif,0.001,1.797,1.639,0.046,0.053,1765.163994
0.00788,394,050_AlSiMg_200W_500mms_M0_G13_Test_Stepover0395.tif,-0.002,1.783,1.633,0.046,0.055,1809.257314
0.007885,394,050_AlSiMg_200W_500mms_M0_G13_Test_Stepover0395.tif,-0.001,1.777,1.681,0.045,0.055,1828.734628
0.00789,394,050_AlSiMg_200W_500mms_M0_G13_Test_Stepover0395.tif,0,1.776,1.654,0.046,0.055,1801.816775
0.007895,394,050_AlSiMg_200W_500mms_M0_G13_Test_Stepover0395.tif,0,1.78,1.643,0.044,0.053,1764.681192
0.0079,395,050_AlSiMg_200W_500mms_M0_G13_Test_Stepover0396.tif,-0.002,1.78,1.635,0.044,0.052,1761.276104
0.007905,395,050_AlSiMg_200W_500mms_M0_G13_Test_Stepover0396.tif,-0.001,1.786,1.636,0.044,0.055,1775.854144
0.00791,395,050_AlSiMg_200W_500mms_M0_G13_Test_Stepover0396.tif,0.001,1.798,1.667,0.044,0.054,1908.075467
0.007915,395,050_AlSiMg_200W_500mms_M0_G13_Test_Stepover0396.tif,0,1.808,1.675,0.045,0.053,1846.801331
0.00792,396,050_AlSiMg_200W_500mms_M0_G13_Test_Stepover0397.tif,0.001,1.815,1.664,0.049,0.053,1864.575049
0.007925,396,050_AlSiMg_200W_500mms_M0_G13_Test_Stepover0397.tif,0,1.814,1.675,0.044,0.056,1874.582066
0.00793,396,050_AlSiMg_200W_500mms_M0_G13_Test_Stepover0397.tif,-0.001,1.808,1.692,0.045,0.055,1877.920004
0.007935,396,050_AlSiMg_200W_500mms_M0_G13_Test_Stepover0397.tif,-0.001,1.805,1.737,0.047,0.057,1773.643999
0.00794,397,050_AlSiMg_200W_500mms_M0_G13_Test_Stepover0398.tif,-0.001,1.797,1.681,0.046,0.054,1844.934636
0.007945,397,050_AlSiMg_200W_500mms_M0_G13_Test_Stepover0398.tif,0.001,1.784,1.66,0.047,0.055,1827.160918
0.00795,397,050_AlSiMg_200W_500mms_M0_G13_Test_Stepover0398.tif,-0.001,1.773,1.66,0.047,0.055,1820.55899
0.007955,397,050_AlSiMg_200W_500mms_M0_G13_Test_Stepover0398.tif,-0.002,1.77,1.67,0.044,0.055,1783.281146
0.00796,398,050_AlSiMg_200W_500mms_M0_G13_Test_Stepover0399.tif,0.001,1.77,1.682,0.045,0.055,1762.102963
0.007965,398,050_AlSiMg_200W_500mms_M0_G13_Test_Stepover0399.tif,0,1.776,1.674,0.045,0.055,1740.924779
0.00797,398,050_AlSiMg_200W_500mms_M0_G13_Test_Stepover0399.tif,0,1.777,1.647,0.046,0.055,1778.060363
0.007975,398,050_AlSiMg_200W_500mms_M0_G13_Test_Stepover0399.tif,0,1.793,1.646,0.046,0.055,1794.075789
0.00798,399,050_AlSiMg_200W_500mms_M0_G13_Test_Stepover0400.tif,-0.001,1.802,1.64,0.046,0.055,1824.599336
0.007985,399,050_AlSiMg_200W_500mms_M0_G13_Test_Stepover0400.tif,0,1.805,1.672,0.045,0.054,1641.242517
0.00799,399,050_AlSiMg_200W_500mms_M0_G13_Test_Stepover0400.tif,0.001,1.804,1.681,0.044,0.052,1582.640296
0.007995,399,050_AlSiMg_200W_500mms_M0_G13_Test_Stepover0400.tif,-0.002,1.801,1.66,0.068,0.055,1559.873342
0.008,400,050_AlSiMg_200W_500mms_M0_G13_Test_Stepover0401.tif,-0.002,1.798,1.674,0.045,0.058,1556.452647
0.008005,400,050_AlSiMg_200W_500mms_M0_G13_Test_Stepover0401.tif,0,1.797,1.664,0.044,0.054,1563.206945
0.00801,400,050_AlSiMg_200W_500mms_M0_G13_Test_Stepover0401.tif,0,1.788,1.651,0.044,0.053,1716.112956
0.008015,400,050_AlSiMg_200W_500mms_M0_G13_Test_Stepover0401.tif,-0.002,1.777,1.636,0.046,0.054,1789.293218
0.00802,401,050_AlSiMg_200W_500mms_M0_G13_Test_Stepover0402.tif,0.001,1.772,1.643,0.046,0.057,2248.703353
0.008025,401,050_AlSiMg_200W_500mms_M0_G13_Test_Stepover0402.tif,-0.001,1.772,1.647,0.045,0.053,2241.628979
0.00803,401,050_AlSiMg_200W_500mms_M0_G13_Test_Stepover0402.tif,0,1.781,1.626,0.058,0.051,2238.29104
0.008035,401,050_AlSiMg_200W_500mms_M0_G13_Test_Stepover0402.tif,0,1.78,1.625,0.042,0.051,2245.974894
0.00804,402,050_AlSiMg_200W_500mms_M0_G13_Test_Stepover0403.tif,0,1.79,1.615,0.045,0.053,2234.67145
0.008045,402,050_AlSiMg_200W_500mms_M0_G13_Test_Stepover0403.tif,0.001,1.804,1.609,0.044,0.054,1791.261134
0.00805,402,050_AlSiMg_200W_500mms_M0_G13_Test_Stepover0403.tif,-0.001,1.811,1.616,0.047,0.056,1869.19074
0.008055,402,050_AlSiMg_200W_500mms_M0_G13_Test_Stepover0403.tif,-0.002,1.811,1.703,0.044,0.053,1824.815984
0.00806,403,050_AlSiMg_200W_500mms_M0_G13_Test_Stepover0404.tif,-0.001,1.809,1.688,0.047,0.053,1803.489617
0.008065,403,050_AlSiMg_200W_500mms_M0_G13_Test_Stepover0404.tif,0,1.805,1.663,0.042,0.052,1756.1217
0.00807,403,050_AlSiMg_200W_500mms_M0_G13_Test_Stepover0404.tif,0.001,1.8,1.726,0.042,0.053,1749.047326
0.008075,403,050_AlSiMg_200W_500mms_M0_G13_Test_Stepover0404.tif,-0.001,1.793,1.706,0.042,0.053,1709.326446
0.00808,404,050_AlSiMg_200W_500mms_M0_G13_Test_Stepover0405.tif,0,1.779,1.678,0.042,0.051,1725.281653
0.008085,404,050_AlSiMg_200W_500mms_M0_G13_Test_Stepover0405.tif,0,1.773,1.649,0.042,0.049,1718.033554
0.00809,404,050_AlSiMg_200W_500mms_M0_G13_Test_Stepover0405.tif,0,1.775,1.706,0.042,0.051,1793.521504
0.008095,404,050_AlSiMg_200W_500mms_M0_G13_Test_Stepover0405.tif,-0.001,1.772,1.871,0.04,0.051,1815.027096
0.0081,405,050_AlSiMg_200W_500mms_M0_G13_Test_Stepover0406.tif,-0.001,1.777,1.707,0.044,0.051,1742.979951
0.008105,405,050_AlSiMg_200W_500mms_M0_G13_Test_Stepover0406.tif,-0.001,1.783,1.66,0.043,0.051,1876.935092
0.00811,405,050_AlSiMg_200W_500mms_M0_G13_Test_Stepover0406.tif,0,1.794,1.633,0.041,0.052,1884.183191
0.008115,405,050_AlSiMg_200W_500mms_M0_G13_Test_Stepover0406.tif,0.001,1.804,1.639,0.047,0.051,1826.544114
0.00812,406,050_AlSiMg_200W_500mms_M0_G13_Test_Stepover0407.tif,-0.002,1.808,1.625,0.042,0.053,1805.038521
0.008125,406,050_AlSiMg_200W_500mms_M0_G13_Test_Stepover0407.tif,-0.001,1.805,1.619,0.043,0.053,1808.625129
0.00813,406,050_AlSiMg_200W_500mms_M0_G13_Test_Stepover0407.tif,0,1.804,1.609,0.042,0.051,1719.906125
0.008135,406,050_AlSiMg_200W_500mms_M0_G13_Test_Stepover0407.tif,0,1.8,1.629,0.042,0.053,1734.20273
0.00814,407,050_AlSiMg_200W_500mms_M0_G13_Test_Stepover0408.tif,0.001,1.8,1.649,0.044,0.051,1746.605669
0.008145,407,050_AlSiMg_200W_500mms_M0_G13_Test_Stepover0408.tif,0,1.783,1.637,0.042,0.052,1716.353857
0.00815,407,050_AlSiMg_200W_500mms_M0_G13_Test_Stepover0408.tif,-0.001,1.779,1.633,0.042,0.051,1734.20273
0.008155,407,050_AlSiMg_200W_500mms_M0_G13_Test_Stepover0408.tif,0.001,1.779,1.623,0.042,0.053,1658.71478
0.00816,408,050_AlSiMg_200W_500mms_M0_G13_Test_Stepover0409.tif,0,1.776,1.63,0.043,0.053,1631.532101
0.008165,408,050_AlSiMg_200W_500mms_M0_G13_Test_Stepover0409.tif,-0.002,1.783,1.639,0.042,0.053,1638.606476
0.00817,408,050_AlSiMg_200W_500mms_M0_G13_Test_Stepover0409.tif,0.001,1.783,1.67,0.042,0.054,1772.809553
0.008175,408,050_AlSiMg_200W_500mms_M0_G13_Test_Stepover0409.tif,0,1.793,1.663,0.044,0.053,1792.286867
0.00818,409,050_AlSiMg_200W_500mms_M0_G13_Test_Stepover0410.tif,0,1.808,1.675,0.047,0.052,1775.866042
0.008185,409,050_AlSiMg_200W_500mms_M0_G13_Test_Stepover0410.tif,0.001,1.809,1.653,0.044,0.053,1890.567024
0.00819,409,050_AlSiMg_200W_500mms_M0_G13_Test_Stepover0410.tif,0,1.815,1.632,0.041,0.053,1908.495839
0.008195,409,050_AlSiMg_200W_500mms_M0_G13_Test_Stepover0410.tif,0,1.811,1.637,0.045,0.051,1774.292762
0.0082,410,050_AlSiMg_200W_500mms_M0_G13_Test_Stepover0411.tif,-0.001,1.807,1.637,0.044,0.052,1774.292762
0.008205,410,050_AlSiMg_200W_500mms_M0_G13_Test_Stepover0411.tif,0,1.805,1.664,0.042,0.053,1828.039773
0.00821,410,050_AlSiMg_200W_500mms_M0_G13_Test_Stepover0411.tif,-0.001,1.793,1.661,0.044,0.053,1763.551052
0.008215,410,050_AlSiMg_200W_500mms_M0_G13_Test_Stepover0411.tif,0.001,1.783,1.637,0.044,0.053,1745.622236
0.00822,411,050_AlSiMg_200W_500mms_M0_G13_Test_Stepover0412.tif,0.001,1.78,1.644,0.044,0.053,1821.110185
0.008225,411,050_AlSiMg_200W_500mms_M0_G13_Test_Stepover0412.tif,0,1.78,1.625,0.044,0.053,1770.897925
0.00823,411,050_AlSiMg_200W_500mms_M0_G13_Test_Stepover0412.tif,0,1.78,1.654,0.044,0.051,1792.2431
0.008235,411,050_AlSiMg_200W_500mms_M0_G13_Test_Stepover0412.tif,0.001,1.777,1.628,0.042,0.054,1785.168726
0.00824,412,050_AlSiMg_200W_500mms_M0_G13_Test_Stepover0413.tif,0.001,1.784,1.626,0.045,0.053,1772.573995
0.008245,412,050_AlSiMg_200W_500mms_M0_G13_Test_Stepover0413.tif,0.001,1.798,1.678,0.042,0.051,1704.043782
0.00825,412,050_AlSiMg_200W_500mms_M0_G13_Test_Stepover0413.tif,0,1.802,1.64,0.045,0.055,1692.36736
0.008255,412,050_AlSiMg_200W_500mms_M0_G13_Test_Stepover0413.tif,0,1.804,1.682,0.044,0.055,1647.992604
0.00826,413,050_AlSiMg_200W_500mms_M0_G13_Test_Stepover0414.tif,-0.002,1.802,1.686,0.042,0.055,1621.254833
0.008265,413,050_AlSiMg_200W_500mms_M0_G13_Test_Stepover0414.tif,-0.001,1.798,1.64,0.042,0.052,1603.481115
0.00827,413,050_AlSiMg_200W_500mms_M0_G13_Test_Stepover0414.tif,-0.001,1.795,1.657,0.043,0.054,1633.849565
0.008275,413,050_AlSiMg_200W_500mms_M0_G13_Test_Stepover0414.tif,-0.002,1.787,1.699,0.044,0.055,1733.90001
0.00828,414,050_AlSiMg_200W_500mms_M0_G13_Test_Stepover0415.tif,0,1.773,1.684,0.044,0.053,1774.858407
0.008285,414,050_AlSiMg_200W_500mms_M0_G13_Test_Stepover0415.tif,-0.001,1.768,1.685,0.044,0.051,1764.096266
0.00829,414,050_AlSiMg_200W_500mms_M0_G13_Test_Stepover0415.tif,0.001,1.769,1.661,0.044,0.052,1790.96724
0.008295,414,050_AlSiMg_200W_500mms_M0_G13_Test_Stepover0415.tif,0,1.773,1.665,0.04,0.051,1829.129003
0.0083,415,050_AlSiMg_200W_500mms_M0_G13_Test_Stepover0416.tif,0.001,1.775,1.664,0.043,0.052,1750.054447
0.008305,415,050_AlSiMg_200W_500mms_M0_G13_Test_Stepover0416.tif,-0.001,1.783,1.667,0.044,0.051,1725.051257
0.00831,415,050_AlSiMg_200W_500mms_M0_G13_Test_Stepover0416.tif,0,1.794,1.7,0.041,0.052,1732.299355
0.008315,415,050_AlSiMg_200W_500mms_M0_G13_Test_Stepover0416.tif,-0.001,1.805,1.668,0.042,0.051,1735.796831
0.00832,416,050_AlSiMg_200W_500mms_M0_G13_Test_Stepover0417.tif,-0.002,1.811,1.698,0.042,0.053,2141.045384
0.008325,416,050_AlSiMg_200W_500mms_M0_G13_Test_Stepover0417.tif,0,1.809,1.695,0.044,0.053,2144.631991
0.00833,416,050_AlSiMg_200W_500mms_M0_G13_Test_Stepover0417.tif,-0.002,1.807,1.726,0.055,0.053,2121.337916
0.008335,416,050_AlSiMg_200W_500mms_M0_G13_Test_Stepover0417.tif,-0.002,1.804,1.749,0.042,0.053,2151.589728
0.00834,417,050_AlSiMg_200W_500mms_M0_G13_Test_Stepover0418.tif,0,1.802,1.737,0.04,0.05,2132.112414
0.008345,417,050_AlSiMg_200W_500mms_M0_G13_Test_Stepover0418.tif,0.001,1.786,1.677,0.042,0.051,1662.043002
0.00835,417,050_AlSiMg_200W_500mms_M0_G13_Test_Stepover0418.tif,-0.002,1.78,1.656,0.043,0.053,1662.043002
0.008355,417,050_AlSiMg_200W_500mms_M0_G13_Test_Stepover0418.tif,0,1.776,1.649,0.041,0.051,1685.337077
0.00836,418,050_AlSiMg_200W_500mms_M0_G13_Test_Stepover0419.tif,-0.001,1.779,1.639,0.042,0.053,1665.752354
0.008365,418,050_AlSiMg_200W_500mms_M0_G13_Test_Stepover0419.tif,0.001,1.781,1.633,0.042,0.051,1665.752354
0.00837,418,050_AlSiMg_200W_500mms_M0_G13_Test_Stepover0419.tif,0.001,1.781,1.612,0.041,0.051,1665.752354
0.008375,418,050_AlSiMg_200W_500mms_M0_G13_Test_Stepover0419.tif,-0.001,1.797,1.644,0.043,0.053,1680.048959
0.00838,419,050_AlSiMg_200W_500mms_M0_G13_Test_Stepover0420.tif,0.001,1.807,1.622,0.041,0.051,1676.38987
0.008385,419,050_AlSiMg_200W_500mms_M0_G13_Test_Stepover0420.tif,0,1.812,1.629,0.042,0.052,1695.974592
0.00839,419,050_AlSiMg_200W_500mms_M0_G13_Test_Stepover0420.tif,0,1.815,1.615,0.041,0.05,1658.09987
0.008395,419,050_AlSiMg_200W_500mms_M0_G13_Test_Stepover0420.tif,0,1.811,1.598,0.042,0.051,1998.084838
0.0084,420,050_AlSiMg_200W_500mms_M0_G13_Test_Stepover0421.tif,-0.002,1.807,1.616,0.04,0.052,1994.455322
0.008405,420,050_AlSiMg_200W_500mms_M0_G13_Test_Stepover0421.tif,0.001,1.802,1.583,0.051,0.051,1967.8626
0.00841,420,050_AlSiMg_200W_500mms_M0_G13_Test_Stepover0421.tif,-0.001,1.787,1.605,0.041,0.051,1974.936974
0.008415,420,050_AlSiMg_200W_500mms_M0_G13_Test_Stepover0421.tif,0,1.779,1.591,0.042,0.053,2012.811696
0.00842,421,050_AlSiMg_200W_500mms_M0_G13_Test_Stepover0422.tif,0.001,1.776,1.597,0.044,0.053,1662.159639
0.008425,421,050_AlSiMg_200W_500mms_M0_G13_Test_Stepover0422.tif,-0.002,1.775,1.605,0.043,0.053,1688.818736
0.00843,421,050_AlSiMg_200W_500mms_M0_G13_Test_Stepover0422.tif,0,1.776,1.635,0.042,0.053,1713.550191
0.008435,421,050_AlSiMg_200W_500mms_M0_G13_Test_Stepover0422.tif,-0.001,1.776,1.632,0.044,0.053,1713.550191
0.00844,422,050_AlSiMg_200W_500mms_M0_G13_Test_Stepover0423.tif,0,1.784,1.632,0.045,0.055,1803.882737
0.008445,422,050_AlSiMg_200W_500mms_M0_G13_Test_Stepover0423.tif,-0.001,1.797,1.629,0.044,0.053,1803.882737
0.00845,422,050_AlSiMg_200W_500mms_M0_G13_Test_Stepover0423.tif,0,1.802,1.626,0.047,0.053,1780.853155
0.008455,422,050_AlSiMg_200W_500mms_M0_G13_Test_Stepover0423.tif,-0.001,1.804,1.619,0.042,0.053,1786.373512
0.00846,423,050_AlSiMg_200W_500mms_M0_G13_Test_Stepover0424.tif,-0.002,1.802,1.628,0.042,0.052,1779.299138
0.008465,423,050_AlSiMg_200W_500mms_M0_G13_Test_Stepover0424.tif,0,1.804,1.622,0.042,0.051,1708.443906
0.00847,423,050_AlSiMg_200W_500mms_M0_G13_Test_Stepover0424.tif,-0.001,1.8,1.632,0.042,0.051,1738.695718
0.008475,423,050_AlSiMg_200W_500mms_M0_G13_Test_Stepover0424.tif,0.001,1.791,1.646,0.044,0.053,1724.399113
0.00848,424,050_AlSiMg_200W_500mms_M0_G13_Test_Stepover0425.tif,-0.002,1.779,1.632,0.042,0.051,1720.740024
0.008485,424,050_AlSiMg_200W_500mms_M0_G13_Test_Stepover0425.tif,-0.002,1.775,1.63,0.042,0.053,1651.87878
0.00849,424,050_AlSiMg_200W_500mms_M0_G13_Test_Stepover0425.tif,-0.001,1.773,1.632,0.041,0.05,1614.552594
0.008495,424,050_AlSiMg_200W_500mms_M0_G13_Test_Stepover0425.tif,-0.002,1.777,1.616,0.041,0.055,1584.300782
0.0085,425,050_AlSiMg_200W_500mms_M0_G13_Test_Stepover0426.tif,0,1.777,1.653,0.042,0.053,1659.788731
0.008505,425,050_AlSiMg_200W_500mms_M0_G13_Test_Stepover0426.tif,-0.001,1.788,1.656,0.042,0.053,1667.024719
0.00851,425,050_AlSiMg_200W_500mms_M0_G13_Test_Stepover0426.tif,-0.002,1.8,1.651,0.044,0.051,1702.047543
0.008515,425,050_AlSiMg_200W_500mms_M0_G13_Test_Stepover0426.tif,-0.002,1.808,1.649,0.043,0.052,1732.299355
0.00852,426,050_AlSiMg_200W_500mms_M0_G13_Test_Stepover0427.tif,0,1.808,1.644,0.041,0.052,1762.551168
0.008525,426,050_AlSiMg_200W_500mms_M0_G13_Test_Stepover0427.tif,-0.001,1.808,1.649,0.042,0.051,1923.601884
0.00853,426,050_AlSiMg_200W_500mms_M0_G13_Test_Stepover0427.tif,0,1.808,1.674,0.042,0.051,1889.773173
0.008535,426,050_AlSiMg_200W_500mms_M0_G13_Test_Stepover0427.tif,-0.001,1.802,1.684,0.045,0.047,1923.611593
0.00854,427,050_AlSiMg_200W_500mms_M0_G13_Test_Stepover0428.tif,0,1.797,1.661,0.042,0.053,1972.231403
0.008545,427,050_AlSiMg_200W_500mms_M0_G13_Test_Stepover0428.tif,0,1.784,1.65,0.042,0.051,1997.234593
0.00855,427,050_AlSiMg_200W_500mms_M0_G13_Test_Stepover0428.tif,-0.002,1.773,1.65,0.045,0.052,1836.183877
0.008555,427,050_AlSiMg_200W_500mms_M0_G13_Test_Stepover0428.tif,0.001,1.776,1.646,0.044,0.052,1843.141614
0.00856,428,050_AlSiMg_200W_500mms_M0_G13_Test_Stepover0429.tif,0.001,1.779,1.671,0.044,0.051,1888.377751
0.008565,428,050_AlSiMg_200W_500mms_M0_G13_Test_Stepover0429.tif,0,1.781,1.665,0.04,0.05,1861.263533
0.00857,428,050_AlSiMg_200W_500mms_M0_G13_Test_Stepover0429.tif,-0.002,1.79,1.66,0.044,0.051,1827.334898
0.008575,428,050_AlSiMg_200W_500mms_M0_G13_Test_Stepover0429.tif,-0.002,1.8,1.664,0.043,0.051,1782.098761
0.00858,429,050_AlSiMg_200W_500mms_M0_G13_Test_Stepover0430.tif,-0.002,1.811,1.636,0.044,0.054,1812.46721
0.008585,429,050_AlSiMg_200W_500mms_M0_G13_Test_Stepover0430.tif,0,1.814,1.622,0.042,0.051,1795.650622
0.00859,429,050_AlSiMg_200W_500mms_M0_G13_Test_Stepover0430.tif,0,1.812,1.646,0.044,0.053,1802.564578
0.008595,429,050_AlSiMg_200W_500mms_M0_G13_Test_Stepover0430.tif,0.001,1.808,1.629,0.045,0.053,1764.817386
0.0086,430,050_AlSiMg_200W_500mms_M0_G13_Test_Stepover0431.tif,0.001,1.802,1.632,0.045,0.053,1741.523311
0.008605,430,050_AlSiMg_200W_500mms_M0_G13_Test_Stepover0431.tif,0.001,1.8,1.67,0.041,0.053,1728.92858
0.00861,430,050_AlSiMg_200W_500mms_M0_G13_Test_Stepover0431.tif,0,1.787,1.657,0.044,0.055,1707.583405
0.008615,430,050_AlSiMg_200W_500mms_M0_G13_Test_Stepover0431.tif,0,1.775,1.646,0.045,0.055,1655.869781
0.00862,431,050_AlSiMg_200W_500mms_M0_G13_Test_Stepover0432.tif,-0.001,1.77,1.658,0.044,0.053,1693.616973
0.008625,431,050_AlSiMg_200W_500mms_M0_G13_Test_Stepover0432.tif,-0.002,1.772,1.633,0.044,0.055,1693.616973
0.00863,431,050_AlSiMg_200W_500mms_M0_G13_Test_Stepover0432.tif,0,1.773,1.646,0.044,0.054,1740.46437
0.008635,431,050_AlSiMg_200W_500mms_M0_G13_Test_Stepover0432.tif,0,1.776,1.642,0.044,0.055,1724.464551
0.00864,432,050_AlSiMg_200W_500mms_M0_G13_Test_Stepover0433.tif,0,1.784,1.644,0.049,0.057,1724.464551
0.008645,432,050_AlSiMg_200W_500mms_M0_G13_Test_Stepover0433.tif,-0.002,1.801,1.703,0.044,0.054,1710.095921
0.00865,432,050_AlSiMg_200W_500mms_M0_G13_Test_Stepover0433.tif,0,1.805,1.709,0.044,0.055,1697.11905
0.008655,432,050_AlSiMg_200W_500mms_M0_G13_Test_Stepover0433.tif,-0.001,1.811,1.681,0.044,0.055,1656.873581
0.00866,433,050_AlSiMg_200W_500mms_M0_G13_Test_Stepover0434.tif,0,1.809,1.719,0.044,0.056,1724.087025
0.008665,433,050_AlSiMg_200W_500mms_M0_G13_Test_Stepover0434.tif,-0.001,1.808,1.686,0.047,0.057,1764.497205
0.00867,433,050_AlSiMg_200W_500mms_M0_G13_Test_Stepover0434.tif,0,1.804,1.685,0.048,0.055,1822.810972
0.008675,433,050_AlSiMg_200W_500mms_M0_G13_Test_Stepover0434.tif,-0.002,1.795,1.692,0.047,0.056,1866.156292
0.00868,434,050_AlSiMg_200W_500mms_M0_G13_Test_Stepover0435.tif,-0.002,1.781,1.714,0.047,0.055,1859.554364
0.008685,434,050_AlSiMg_200W_500mms_M0_G13_Test_Stepover0435.tif,-0.002,1.777,1.686,0.044,0.053,1802.347937
0.00869,434,050_AlSiMg_200W_500mms_M0_G13_Test_Stepover0435.tif,0,1.773,1.693,0.045,0.055,1615.716521
0.008695,434,050_AlSiMg_200W_500mms_M0_G13_Test_Stepover0435.tif,0,1.775,1.702,0.047,0.057,1587.771204
0.0087,435,050_AlSiMg_200W_500mms_M0_G13_Test_Stepover0436.tif,0,1.776,1.692,0.07,0.054,1575.176473
0.008705,435,050_AlSiMg_200W_500mms_M0_G13_Test_Stepover0436.tif,0.001,1.784,1.698,0.044,0.053,1557.402754
0.00871,435,050_AlSiMg_200W_500mms_M0_G13_Test_Stepover0436.tif,0,1.798,1.707,0.045,0.055,1547.395738
0.008715,435,050_AlSiMg_200W_500mms_M0_G13_Test_Stepover0436.tif,0,1.807,1.686,0.044,0.055,1711.390691
0.00872,436,050_AlSiMg_200W_500mms_M0_G13_Test_Stepover0437.tif,-0.001,1.808,1.703,0.044,0.054,1718.157826
0.008725,436,050_AlSiMg_200W_500mms_M0_G13_Test_Stepover0437.tif,0,1.802,1.692,0.045,0.055,1758.697874
0.00873,436,050_AlSiMg_200W_500mms_M0_G13_Test_Stepover0437.tif,-0.002,1.8,1.663,0.046,0.055,1810.411498
0.008735,436,050_AlSiMg_200W_500mms_M0_G13_Test_Stepover0437.tif,-0.001,1.797,1.649,0.047,0.055,2269.821633
0.00874,437,050_AlSiMg_200W_500mms_M0_G13_Test_Stepover0438.tif,0,1.794,1.651,0.045,0.053,2259.386783
0.008745,437,050_AlSiMg_200W_500mms_M0_G13_Test_Stepover0438.tif,0,1.781,1.65,0.055,0.053,2252.619649
0.00875,437,050_AlSiMg_200W_500mms_M0_G13_Test_Stepover0438.tif,0,1.775,1.664,0.042,0.052,2285.852488
0.008755,437,050_AlSiMg_200W_500mms_M0_G13_Test_Stepover0438.tif,-0.001,1.772,1.717,0.044,0.053,2285.852488
0.00876,438,050_AlSiMg_200W_500mms_M0_G13_Test_Stepover0439.tif,-0.001,1.773,1.744,0.044,0.05,1819.412591
0.008765,438,050_AlSiMg_200W_500mms_M0_G13_Test_Stepover0439.tif,0,1.779,1.717,0.045,0.053,1867.125286
0.00877,438,050_AlSiMg_200W_500mms_M0_G13_Test_Stepover0439.tif,-0.001,1.78,1.717,0.042,0.052,1851.125466
0.008775,438,050_AlSiMg_200W_500mms_M0_G13_Test_Stepover0439.tif,0,1.794,1.738,0.046,0.054,1759.57886
0.00878,439,050_AlSiMg_200W_500mms_M0_G13_Test_Stepover0440.tif,0,1.805,1.72,0.044,0.054,1718.756372
0.008785,439,050_AlSiMg_200W_500mms_M0_G13_Test_Stepover0440.tif,0.001,1.809,1.7,0.044,0.055,1738.288477
0.00879,439,050_AlSiMg_200W_500mms_M0_G13_Test_Stepover0440.tif,0,1.815,1.714,0.043,0.053,1683.236915
0.008795,439,050_AlSiMg_200W_500mms_M0_G13_Test_Stepover0440.tif,0,1.808,1.699,0.043,0.052,1665.424589
0.0088,440,050_AlSiMg_200W_500mms_M0_G13_Test_Stepover0441.tif,-0.001,1.807,1.672,0.044,0.055,1658.466852
0.008805,440,050_AlSiMg_200W_500mms_M0_G13_Test_Stepover0441.tif,-0.002,1.8,1.689,0.043,0.054,1677.944166
0.00881,440,050_AlSiMg_200W_500mms_M0_G13_Test_Stepover0441.tif,0,1.79,1.681,0.042,0.053,1699.370457
0.008815,440,050_AlSiMg_200W_500mms_M0_G13_Test_Stepover0441.tif,-0.001,1.78,1.681,0.044,0.053,1800.594138
0.00882,441,050_AlSiMg_200W_500mms_M0_G13_Test_Stepover0442.tif,0,1.779,1.703,0.044,0.052,1852.335099
0.008825,441,050_AlSiMg_200W_500mms_M0_G13_Test_Stepover0442.tif,-0.002,1.777,1.685,0.047,0.053,1931.206722
0.00883,441,050_AlSiMg_200W_500mms_M0_G13_Test_Stepover0442.tif,-0.002,1.78,1.696,0.044,0.052,1893.880536
0.008835,441,050_AlSiMg_200W_500mms_M0_G13_Test_Stepover0442.tif,0.002,1.781,1.684,0.045,0.052,1845.583271
0.00884,442,050_AlSiMg_200W_500mms_M0_G13_Test_Stepover0443.tif,0,1.794,1.682,0.042,0.053,1755.250725
0.008845,442,050_AlSiMg_200W_500mms_M0_G13_Test_Stepover0443.tif,-0.002,1.802,1.674,0.044,0.055,1755.250725
0.00885,442,050_AlSiMg_200W_500mms_M0_G13_Test_Stepover0443.tif,-0.001,1.809,1.675,0.043,0.053,1659.958277
0.008855,442,050_AlSiMg_200W_500mms_M0_G13_Test_Stepover0443.tif,0.001,1.808,1.699,0.044,0.052,1715.213279
0.00886,443,050_AlSiMg_200W_500mms_M0_G13_Test_Stepover0444.tif,0,1.807,1.667,0.041,0.053,1715.213279
0.008865,443,050_AlSiMg_200W_500mms_M0_G13_Test_Stepover0444.tif,-0.001,1.809,1.675,0.044,0.052,1715.213279
0.00887,443,050_AlSiMg_200W_500mms_M0_G13_Test_Stepover0444.tif,-0.001,1.805,1.667,0.044,0.055,1735.446226
0.008875,443,050_AlSiMg_200W_500mms_M0_G13_Test_Stepover0444.tif,-0.001,1.797,1.625,0.043,0.053,1830.738674
0.00888,444,050_AlSiMg_200W_500mms_M0_G13_Test_Stepover0445.tif,0.001,1.786,1.63,0.044,0.051,1812.809859
0.008885,444,050_AlSiMg_200W_500mms_M0_G13_Test_Stepover0445.tif,0,1.777,1.642,0.045,0.052,1820.148727
0.00889,444,050_AlSiMg_200W_500mms_M0_G13_Test_Stepover0445.tif,-0.002,1.776,1.705,0.044,0.053,1832.551666
0.008895,444,050_AlSiMg_200W_500mms_M0_G13_Test_Stepover0445.tif,-0.001,1.777,1.706,0.042,0.052,1832.551666
0.0089,445,050_AlSiMg_200W_500mms_M0_G13_Test_Stepover0446.tif,-0.002,1.779,1.686,0.042,0.051,1829.167993
0.008905,445,050_AlSiMg_200W_500mms_M0_G13_Test_Stepover0446.tif,-0.002,1.784,1.699,0.044,0.051,1843.599211
0.00891,445,050_AlSiMg_200W_500mms_M0_G13_Test_Stepover0446.tif,0,1.798,1.665,0.044,0.051,1839.969695
0.008915,445,050_AlSiMg_200W_500mms_M0_G13_Test_Stepover0446.tif,0,1.802,1.684,0.043,0.051,1868.389245
0.00892,446,050_AlSiMg_200W_500mms_M0_G13_Test_Stepover0447.tif,-0.002,1.802,1.667,0.041,0.051,1792.901295
0.008925,446,050_AlSiMg_200W_500mms_M0_G13_Test_Stepover0447.tif,0.001,1.802,1.682,0.045,0.053,1792.901295
0.00893,446,050_AlSiMg_200W_500mms_M0_G13_Test_Stepover0447.tif,0.001,1.804,1.698,0.042,0.053,1728.257817
0.008935,446,050_AlSiMg_200W_500mms_M0_G13_Test_Stepover0447.tif,-0.002,1.8,1.703,0.044,0.051,1772.845729
0.00894,447,050_AlSiMg_200W_500mms_M0_G13_Test_Stepover0448.tif,0.001,1.795,1.667,0.042,0.054,1822.355786
0.008945,447,050_AlSiMg_200W_500mms_M0_G13_Test_Stepover0448.tif,0,1.78,1.658,0.044,0.052,1852.607598
0.00895,447,050_AlSiMg_200W_500mms_M0_G13_Test_Stepover0448.tif,0.001,1.775,1.668,0.047,0.053,1814.445835
0.008955,447,050_AlSiMg_200W_500mms_M0_G13_Test_Stepover0448.tif,0,1.773,1.649,0.042,0.051,1810.911084
0.00896,448,050_AlSiMg_200W_500mms_M0_G13_Test_Stepover0449.tif,-0.002,1.776,1.685,0.044,0.053,1769.952687
0.008965,448,050_AlSiMg_200W_500mms_M0_G13_Test_Stepover0449.tif,0.001,1.78,1.728,0.041,0.053,1676.067874
0.00897,448,050_AlSiMg_200W_500mms_M0_G13_Test_Stepover0449.tif,0.001,1.781,1.693,0.042,0.052,1676.067874
0.008975,448,050_AlSiMg_200W_500mms_M0_G13_Test_Stepover0449.tif,-0.001,1.794,1.692,0.042,0.052,1663.473143
0.00898,449,050_AlSiMg_200W_500mms_M0_G13_Test_Stepover0450.tif,0,1.807,1.667,0.042,0.051,1717.220154
0.008985,449,050_AlSiMg_200W_500mms_M0_G13_Test_Stepover0450.tif,-0.001,1.811,1.675,0.045,0.055,1811.104967
0.00899,449,050_AlSiMg_200W_500mms_M0_G13_Test_Stepover0450.tif,0,1.808,1.684,0.044,0.053,1834.134549
0.008995,449,050_AlSiMg_200W_500mms_M0_G13_Test_Stepover0450.tif,-0.001,1.805,1.665,0.047,0.053,1879.370686
0.009,450,050_AlSiMg_200W_500mms_M0_G13_Test_Stepover0451.tif,-0.001,1.802,1.665,0.044,0.053,1854.639231
0.009005,450,050_AlSiMg_200W_500mms_M0_G13_Test_Stepover0451.tif,0,1.8,1.663,0.044,0.051,1854.639231
0.00901,450,050_AlSiMg_200W_500mms_M0_G13_Test_Stepover0451.tif,-0.001,1.788,1.639,0.042,0.053,1760.754418
0.009015,450,050_AlSiMg_200W_500mms_M0_G13_Test_Stepover0451.tif,-0.001,1.779,1.651,0.044,0.053,1737.724836
0.00902,451,050_AlSiMg_200W_500mms_M0_G13_Test_Stepover0452.tif,0,1.777,1.661,0.042,0.052,1669.194624
0.009025,451,050_AlSiMg_200W_500mms_M0_G13_Test_Stepover0452.tif,-0.002,1.779,1.65,0.042,0.052,1737.655163
0.00903,451,050_AlSiMg_200W_500mms_M0_G13_Test_Stepover0452.tif,0,1.779,1.686,0.044,0.055,1714.625581
0.009035,451,050_AlSiMg_200W_500mms_M0_G13_Test_Stepover0452.tif,0,1.784,1.663,0.042,0.049,1700.328976
0.00904,452,050_AlSiMg_200W_500mms_M0_G13_Test_Stepover0453.tif,0,1.79,1.661,0.042,0.052,1712.625094
0.009045,452,050_AlSiMg_200W_500mms_M0_G13_Test_Stepover0453.tif,-0.002,1.805,1.642,0.042,0.053,1719.963962
0.00905,452,050_AlSiMg_200W_500mms_M0_G13_Test_Stepover0453.tif,-0.002,1.808,1.656,0.041,0.05,1681.755235
0.009055,452,050_AlSiMg_200W_500mms_M0_G13_Test_Stepover0453.tif,-0.002,1.809,1.63,0.042,0.052,1735.919169
0.00906,453,050_AlSiMg_200W_500mms_M0_G13_Test_Stepover0454.tif,0.001,1.811,1.614,0.042,0.051,1735.919169
0.009065,453,050_AlSiMg_200W_500mms_M0_G13_Test_Stepover0454.tif,0.001,1.811,1.626,0.042,0.049,1723.623051
0.00907,453,050_AlSiMg_200W_500mms_M0_G13_Test_Stepover0454.tif,-0.002,1.807,1.649,0.042,0.053,1709.326446
0.009075,453,050_AlSiMg_200W_500mms_M0_G13_Test_Stepover0454.tif,-0.002,1.794,1.639,0.042,0.052,1716.400821
0.00908,454,050_AlSiMg_200W_500mms_M0_G13_Test_Stepover0455.tif,0,1.784,1.639,0.042,0.053,1703.195284
0.009085,454,050_AlSiMg_200W_500mms_M0_G13_Test_Stepover0455.tif,-0.002,1.776,1.646,0.044,0.053,1733.447096
0.00909,454,050_AlSiMg_200W_500mms_M0_G13_Test_Stepover0455.tif,-0.001,1.775,1.665,0.044,0.052,1736.999364
0.009095,454,050_AlSiMg_200W_500mms_M0_G13_Test_Stepover0455.tif,-0.002,1.777,1.656,0.042,0.051,1758.325731
0.0091,455,050_AlSiMg_200W_500mms_M0_G13_Test_Stepover0456.tif,0,1.779,1.651,0.043,0.053,1751.251356
0.009105,455,050_AlSiMg_200W_500mms_M0_G13_Test_Stepover0456.tif,0.001,1.781,1.671,0.044,0.054,1778.169209
0.00911,455,050_AlSiMg_200W_500mms_M0_G13_Test_Stepover0456.tif,-0.002,1.795,1.684,0.042,0.051,1758.584486
0.009115,455,050_AlSiMg_200W_500mms_M0_G13_Test_Stepover0456.tif,0,1.807,1.7,0.046,0.053,1770.987426
0.00912,456,050_AlSiMg_200W_500mms_M0_G13_Test_Stepover0457.tif,0.001,1.804,1.675,0.041,0.051,1779.912871
0.009125,456,050_AlSiMg_200W_500mms_M0_G13_Test_Stepover0457.tif,-0.002,1.801,1.647,0.042,0.051,1776.253781
0.00913,456,050_AlSiMg_200W_500mms_M0_G13_Test_Stepover0457.tif,-0.001,1.801,1.633,0.042,0.051,1742.25654
0.009135,456,050_AlSiMg_200W_500mms_M0_G13_Test_Stepover0457.tif,-0.001,1.8,1.653,0.041,0.05,1758.182174
0.00914,457,050_AlSiMg_200W_500mms_M0_G13_Test_Stepover0458.tif,-0.001,1.795,1.651,0.042,0.05,1745.779234
0.009145,457,050_AlSiMg_200W_500mms_M0_G13_Test_Stepover0458.tif,-0.001,1.781,1.656,0.041,0.05,1711.940815
0.00915,457,050_AlSiMg_200W_500mms_M0_G13_Test_Stepover0458.tif,-0.002,1.777,1.664,0.043,0.053,1719.176803
0.009155,457,050_AlSiMg_200W_500mms_M0_G13_Test_Stepover0458.tif,-0.002,1.779,1.664,0.041,0.052,1681.668279
0.00916,458,050_AlSiMg_200W_500mms_M0_G13_Test_Stepover0459.tif,0,1.781,1.644,0.043,0.052,1710.330558
0.009165,458,050_AlSiMg_200W_500mms_M0_G13_Test_Stepover0459.tif,-0.002,1.783,1.644,0.041,0.051,1722.733498
0.00917,458,050_AlSiMg_200W_500mms_M0_G13_Test_Stepover0459.tif,0,1.788,1.629,0.044,0.052,1726.320105
0.009175,458,050_AlSiMg_200W_500mms_M0_G13_Test_Stepover0459.tif,-0.002,1.801,1.651,0.042,0.051,1722.743206
0.00918,459,050_AlSiMg_200W_500mms_M0_G13_Test_Stepover0460.tif,0,1.814,1.661,0.042,0.053,1742.327929
0.009185,459,050_AlSiMg_200W_500mms_M0_G13_Test_Stepover0460.tif,0,1.819,1.745,0.042,0.051,1717.324739
0.00919,459,050_AlSiMg_200W_500mms_M0_G13_Test_Stepover0460.tif,0.001,1.822,1.723,0.042,0.051,1701.369532
0.009195,459,050_AlSiMg_200W_500mms_M0_G13_Test_Stepover0460.tif,-0.002,1.816,1.681,0.042,0.051,1776.857481
0.0092,460,050_AlSiMg_200W_500mms_M0_G13_Test_Stepover0461.tif,0.001,1.811,1.647,0.042,0.052,1746.605669
0.009205,460,050_AlSiMg_200W_500mms_M0_G13_Test_Stepover0461.tif,-0.001,1.802,1.653,0.044,0.051,1791.841806
0.00921,460,050_AlSiMg_200W_500mms_M0_G13_Test_Stepover0461.tif,-0.002,1.79,1.653,0.042,0.053,1761.589994
0.009215,460,050_AlSiMg_200W_500mms_M0_G13_Test_Stepover0461.tif,0,1.783,1.643,0.044,0.051,1777.545201
0.00922,461,050_AlSiMg_200W_500mms_M0_G13_Test_Stepover0462.tif,0,1.777,1.632,0.042,0.053,1757.312254
0.009225,461,050_AlSiMg_200W_500mms_M0_G13_Test_Stepover0462.tif,0,1.776,1.616,0.042,0.051,1775.161127
0.00923,461,050_AlSiMg_200W_500mms_M0_G13_Test_Stepover0462.tif,0.001,1.772,1.611,0.044,0.052,1736.999364
0.009235,461,050_AlSiMg_200W_500mms_M0_G13_Test_Stepover0462.tif,-0.002,1.779,1.604,0.043,0.053,1761.730819
0.00924,462,050_AlSiMg_200W_500mms_M0_G13_Test_Stepover0463.tif,0.001,1.787,1.622,0.044,0.053,1793.488306
0.009245,462,050_AlSiMg_200W_500mms_M0_G13_Test_Stepover0463.tif,-0.002,1.801,1.665,0.045,0.055,1782.326625
0.00925,462,050_AlSiMg_200W_500mms_M0_G13_Test_Stepover0463.tif,-0.001,1.804,1.67,0.046,0.054,1789.209208
0.009255,462,050_AlSiMg_200W_500mms_M0_G13_Test_Stepover0463.tif,-0.002,1.805,1.658,0.046,0.055,1779.949425
0.00926,463,050_AlSiMg_200W_500mms_M0_G13_Test_Stepover0464.tif,0,1.805,1.693,0.045,0.055,1817.227269
0.009265,463,050_AlSiMg_200W_500mms_M0_G13_Test_Stepover0464.tif,0.001,1.801,1.675,0.046,0.056,1820.489474
0.00927,463,050_AlSiMg_200W_500mms_M0_G13_Test_Stepover0464.tif,0.001,1.798,1.717,0.046,0.054,1835.067514
0.009275,463,050_AlSiMg_200W_500mms_M0_G13_Test_Stepover0464.tif,-0.002,1.786,1.691,0.047,0.055,1875.607563
0.00928,464,050_AlSiMg_200W_500mms_M0_G13_Test_Stepover0465.tif,-0.001,1.777,1.73,0.045,0.053,1868.867526
0.009285,464,050_AlSiMg_200W_500mms_M0_G13_Test_Stepover0465.tif,0,1.773,1.703,0.047,0.055,1831.589682
0.00929,464,050_AlSiMg_200W_500mms_M0_G13_Test_Stepover0465.tif,0.001,1.775,1.74,0.044,0.054,1791.049633
0.009295,464,050_AlSiMg_200W_500mms_M0_G13_Test_Stepover0465.tif,-0.002,1.777,1.717,0.045,0.055,1791.049633
0.0093,465,050_AlSiMg_200W_500mms_M0_G13_Test_Stepover0466.tif,0,1.783,1.684,0.045,0.055,1763.104316
0.009305,465,050_AlSiMg_200W_500mms_M0_G13_Test_Stepover0466.tif,0,1.787,1.663,0.045,0.053,1785.871269
0.00931,465,050_AlSiMg_200W_500mms_M0_G13_Test_Stepover0466.tif,-0.002,1.797,1.67,0.044,0.053,1805.233135
0.009315,465,050_AlSiMg_200W_500mms_M0_G13_Test_Stepover0466.tif,0,1.808,1.684,0.046,0.055,1805.233135
0.00932,466,050_AlSiMg_200W_500mms_M0_G13_Test_Stepover0467.tif,-0.001,1.809,1.667,0.046,0.055,1790.655094
0.009325,466,050_AlSiMg_200W_500mms_M0_G13_Test_Stepover0467.tif,-0.002,1.807,1.741,0.045,0.055,1800.696825
0.00933,466,050_AlSiMg_200W_500mms_M0_G13_Test_Stepover0467.tif,-0.002,1.805,1.675,0.046,0.055,1781.334959
0.009335,466,050_AlSiMg_200W_500mms_M0_G13_Test_Stepover0467.tif,-0.002,1.801,1.685,0.047,0.056,1750.884152
0.00934,467,050_AlSiMg_200W_500mms_M0_G13_Test_Stepover0468.tif,0.001,1.798,1.689,0.045,0.055,1739.79521
0.009345,467,050_AlSiMg_200W_500mms_M0_G13_Test_Stepover0468.tif,0,1.783,1.7,0.046,0.057,1712.589479
0.00935,467,050_AlSiMg_200W_500mms_M0_G13_Test_Stepover0468.tif,-0.001,1.772,1.681,0.046,0.057,1682.109152
0.009355,467,050_AlSiMg_200W_500mms_M0_G13_Test_Stepover0468.tif,-0.001,1.776,1.685,0.047,0.058,1688.71108
0.00936,468,050_AlSiMg_200W_500mms_M0_G13_Test_Stepover0469.tif,-0.001,1.776,1.668,0.047,0.058,1691.956157
0.009365,468,050_AlSiMg_200W_500mms_M0_G13_Test_Stepover0469.tif,-0.002,1.78,1.681,0.047,0.057,1743.585148
0.00937,468,050_AlSiMg_200W_500mms_M0_G13_Test_Stepover0469.tif,0,1.787,1.667,0.047,0.058,1746.767881
0.009375,468,050_AlSiMg_200W_500mms_M0_G13_Test_Stepover0469.tif,0,1.798,1.672,0.047,0.055,1844.110002
0.00938,469,050_AlSiMg_200W_500mms_M0_G13_Test_Stepover0470.tif,0,1.808,1.699,0.048,0.059,1866.487335
0.009385,469,050_AlSiMg_200W_500mms_M0_G13_Test_Stepover0470.tif,-0.001,1.808,1.677,0.049,0.055,1884.134218
0.00939,469,050_AlSiMg_200W_500mms_M0_G13_Test_Stepover0470.tif,-0.001,1.807,1.665,0.049,0.058,1904.257349
0.009395,469,050_AlSiMg_200W_500mms_M0_G13_Test_Stepover0470.tif,0.001,1.805,1.681,0.048,0.058,1904.257349
0.0094,470,050_AlSiMg_200W_500mms_M0_G13_Test_Stepover0471.tif,-0.002,1.802,1.661,0.047,0.054,1858.488177
0.009405,470,050_AlSiMg_200W_500mms_M0_G13_Test_Stepover0471.tif,0.001,1.794,1.65,0.048,0.059,1893.317271
0.00941,470,050_AlSiMg_200W_500mms_M0_G13_Test_Stepover0471.tif,-0.001,1.784,1.696,0.048,0.056,1973.012509
0.009415,470,050_AlSiMg_200W_500mms_M0_G13_Test_Stepover0471.tif,0,1.776,1.661,0.048,0.055,1891.421546
0.00942,471,050_AlSiMg_200W_500mms_M0_G13_Test_Stepover0472.tif,-0.001,1.773,1.646,0.049,0.055,1928.134466
0.009425,471,050_AlSiMg_200W_500mms_M0_G13_Test_Stepover0472.tif,0.001,1.773,1.682,0.047,0.059,1928.134466
0.00943,471,050_AlSiMg_200W_500mms_M0_G13_Test_Stepover0472.tif,0.001,1.776,1.667,0.05,0.059,1870.928039
0.009435,471,050_AlSiMg_200W_500mms_M0_G13_Test_Stepover0472.tif,-0.002,1.779,1.658,0.048,0.056,1804.066245
0.00944,472,050_AlSiMg_200W_500mms_M0_G13_Test_Stepover0473.tif,0,1.787,1.663,0.047,0.057,1853.973289
0.009445,472,050_AlSiMg_200W_500mms_M0_G13_Test_Stepover0473.tif,-0.002,1.802,1.661,0.047,0.056,1814.077636
0.00945,472,050_AlSiMg_200W_500mms_M0_G13_Test_Stepover0473.tif,-0.002,1.807,1.684,0.049,0.058,1796.190077
0.009455,472,050_AlSiMg_200W_500mms_M0_G13_Test_Stepover0473.tif,0,1.808,1.686,0.047,0.058,1812.22461
0.00946,473,050_AlSiMg_200W_500mms_M0_G13_Test_Stepover0474.tif,-0.002,1.805,1.651,0.048,0.057,1812.22461
0.009465,473,050_AlSiMg_200W_500mms_M0_G13_Test_Stepover0474.tif,0.001,1.802,1.686,0.047,0.056,1830.092746
0.00947,473,050_AlSiMg_200W_500mms_M0_G13_Test_Stepover0474.tif,0,1.801,1.665,0.047,0.056,1860.573074
0.009475,473,050_AlSiMg_200W_500mms_M0_G13_Test_Stepover0474.tif,-0.001,1.793,1.665,0.049,0.057,1838.066498
0.00948,474,050_AlSiMg_200W_500mms_M0_G13_Test_Stepover0475.tif,0,1.781,1.658,0.047,0.056,1855.970085
0.009485,474,050_AlSiMg_200W_500mms_M0_G13_Test_Stepover0475.tif,0,1.775,1.681,0.046,0.056,1833.333623
0.00949,474,050_AlSiMg_200W_500mms_M0_G13_Test_Stepover0475.tif,0.001,1.776,1.671,0.047,0.055,1747.24587
0.009495,474,050_AlSiMg_200W_500mms_M0_G13_Test_Stepover0475.tif,0.001,1.78,1.664,0.045,0.055,1758.549314
0.0095,475,050_AlSiMg_200W_500mms_M0_G13_Test_Stepover0476.tif,0.001,1.781,1.636,0.045,0.058,1795.754414
0.009505,475,050_AlSiMg_200W_500mms_M0_G13_Test_Stepover0476.tif,0.001,1.786,1.671,0.045,0.053,1822.094003
0.00951,475,050_AlSiMg_200W_500mms_M0_G13_Test_Stepover0476.tif,-0.002,1.8,1.65,0.047,0.055,1865.823086
0.009515,475,050_AlSiMg_200W_500mms_M0_G13_Test_Stepover0476.tif,-0.001,1.808,1.682,0.049,0.056,1905.063442
0.00952,476,050_AlSiMg_200W_500mms_M0_G13_Test_Stepover0477.tif,0,1.811,1.672,0.048,0.056,1877.725464
0.009525,476,050_AlSiMg_200W_500mms_M0_G13_Test_Stepover0477.tif,-0.002,1.809,1.644,0.045,0.055,1813.044612
0.00953,476,050_AlSiMg_200W_500mms_M0_G13_Test_Stepover0477.tif,0,1.812,1.633,0.047,0.057,1786.705023
0.009535,476,050_AlSiMg_200W_500mms_M0_G13_Test_Stepover0477.tif,0.001,1.807,1.629,0.046,0.058,1749.577868
0.00954,477,050_AlSiMg_200W_500mms_M0_G13_Test_Stepover0478.tif,0,1.801,1.619,0.047,0.055,1735.179627
0.009545,477,050_AlSiMg_200W_500mms_M0_G13_Test_Stepover0478.tif,-0.001,1.787,1.636,0.047,0.057,1686.047304
0.00955,477,050_AlSiMg_200W_500mms_M0_G13_Test_Stepover0478.tif,0,1.783,1.658,0.045,0.056,1770.851287
0.009555,477,050_AlSiMg_200W_500mms_M0_G13_Test_Stepover0478.tif,-0.002,1.779,1.644,0.044,0.057,1736.913167
0.00956,478,050_AlSiMg_200W_500mms_M0_G13_Test_Stepover0479.tif,-0.001,1.776,1.622,0.047,0.054,1742.90597
0.009565,478,050_AlSiMg_200W_500mms_M0_G13_Test_Stepover0479.tif,0.001,1.781,1.642,0.047,0.057,1769.898942
0.00957,478,050_AlSiMg_200W_500mms_M0_G13_Test_Stepover0479.tif,0,1.784,1.653,0.044,0.053,1787.697882
0.009575,478,050_AlSiMg_200W_500mms_M0_G13_Test_Stepover0479.tif,-0.001,1.793,1.667,0.044,0.053,1727.034702
0.00958,479,050_AlSiMg_200W_500mms_M0_G13_Test_Stepover0480.tif,0.001,1.805,1.656,0.042,0.053,1736.4482
0.009585,479,050_AlSiMg_200W_500mms_M0_G13_Test_Stepover0480.tif,0,1.802,1.688,0.045,0.055,1743.215334
0.00959,479,050_AlSiMg_200W_500mms_M0_G13_Test_Stepover0480.tif,0.001,1.802,1.678,0.045,0.054,1706.4798
0.009595,479,050_AlSiMg_200W_500mms_M0_G13_Test_Stepover0480.tif,0,1.805,1.647,0.046,0.055,1750.57312
0.0096,480,050_AlSiMg_200W_500mms_M0_G13_Test_Stepover0481.tif,0.001,1.798,1.656,0.046,0.058,1750.57312
0.009605,480,050_AlSiMg_200W_500mms_M0_G13_Test_Stepover0481.tif,-0.002,1.793,1.682,0.046,0.055,1703.807105
0.00961,480,050_AlSiMg_200W_500mms_M0_G13_Test_Stepover0481.tif,0.001,1.779,1.689,0.045,0.055,1666.671521
0.009615,480,050_AlSiMg_200W_500mms_M0_G13_Test_Stepover0481.tif,-0.001,1.772,1.727,0.044,0.056,1748.253724
0.00962,481,050_AlSiMg_200W_500mms_M0_G13_Test_Stepover0482.tif,0.001,1.77,1.691,0.044,0.055,1786.333258
0.009625,481,050_AlSiMg_200W_500mms_M0_G13_Test_Stepover0482.tif,0.001,1.772,1.664,0.046,0.053,1782.92817
0.00963,481,050_AlSiMg_200W_500mms_M0_G13_Test_Stepover0482.tif,0.001,1.776,1.672,0.046,0.053,1926.075202
0.009635,481,050_AlSiMg_200W_500mms_M0_G13_Test_Stepover0482.tif,-0.002,1.777,1.692,0.044,0.054,1926.075202
0.00964,482,050_AlSiMg_200W_500mms_M0_G13_Test_Stepover0483.tif,0,1.79,1.647,0.048,0.053,1819.339852
0.009645,482,050_AlSiMg_200W_500mms_M0_G13_Test_Stepover0483.tif,0.001,1.801,1.625,0.044,0.055,1744.124734
0.00965,482,050_AlSiMg_200W_500mms_M0_G13_Test_Stepover0483.tif,0,1.809,1.632,0.042,0.055,1830.979785
0.009655,482,050_AlSiMg_200W_500mms_M0_G13_Test_Stepover0483.tif,-0.001,1.811,1.625,0.044,0.055,1737.945208
0.00966,483,050_AlSiMg_200W_500mms_M0_G13_Test_Stepover0484.tif,0.001,1.809,1.651,0.047,0.053,1796.258974
0.009665,483,050_AlSiMg_200W_500mms_M0_G13_Test_Stepover0484.tif,0.001,1.805,1.672,0.046,0.055,1882.83077
0.00967,483,050_AlSiMg_200W_500mms_M0_G13_Test_Stepover0484.tif,0,1.807,1.636,0.047,0.055,1873.190005
0.009675,483,050_AlSiMg_200W_500mms_M0_G13_Test_Stepover0484.tif,0,1.797,1.668,0.046,0.054,1830.280091
0.00968,484,050_AlSiMg_200W_500mms_M0_G13_Test_Stepover0485.tif,-0.002,1.783,1.674,0.045,0.057,1780.167637
0.009685,484,050_AlSiMg_200W_500mms_M0_G13_Test_Stepover0485.tif,0.001,1.78,1.67,0.047,0.055,1715.486784
0.00969,484,050_AlSiMg_200W_500mms_M0_G13_Test_Stepover0485.tif,-0.001,1.777,1.665,0.044,0.056,1718.748989
0.009695,484,050_AlSiMg_200W_500mms_M0_G13_Test_Stepover0485.tif,-0.001,1.781,1.663,0.046,0.058,1786.70352
0.0097,485,050_AlSiMg_200W_500mms_M0_G13_Test_Stepover0486.tif,-0.001,1.786,1.71,0.047,0.055,1738.319606
0.009705,485,050_AlSiMg_200W_500mms_M0_G13_Test_Stepover0486.tif,-0.002,1.793,1.681,0.047,0.055,1791.706657
0.00971,485,050_AlSiMg_200W_500mms_M0_G13_Test_Stepover0486.tif,0,1.807,1.698,0.047,0.058,1798.073743
0.009715,485,050_AlSiMg_200W_500mms_M0_G13_Test_Stepover0486.tif,0.001,1.815,1.684,0.047,0.056,1875.548623
0.00972,486,050_AlSiMg_200W_500mms_M0_G13_Test_Stepover0487.tif,0,1.816,1.684,0.044,0.055,1875.548623
0.009725,486,050_AlSiMg_200W_500mms_M0_G13_Test_Stepover0487.tif,0,1.815,1.677,0.05,0.055,1966.842451
0.00973,486,050_AlSiMg_200W_500mms_M0_G13_Test_Stepover0487.tif,0,1.809,1.717,0.047,0.055,1984.746037
0.009735,486,050_AlSiMg_200W_500mms_M0_G13_Test_Stepover0487.tif,0.001,1.805,1.726,0.047,0.053,1994.67589
0.00974,487,050_AlSiMg_200W_500mms_M0_G13_Test_Stepover0488.tif,-0.001,1.798,1.692,0.047,0.055,1883.26289
0.009745,487,050_AlSiMg_200W_500mms_M0_G13_Test_Stepover0488.tif,0.001,1.784,1.663,0.047,0.058,1862.084706
0.00975,487,050_AlSiMg_200W_500mms_M0_G13_Test_Stepover0488.tif,-0.001,1.772,1.661,0.047,0.057,1770.790878
0.009755,487,050_AlSiMg_200W_500mms_M0_G13_Test_Stepover0488.tif,-0.001,1.77,1.712,0.046,0.055,1770.790878
0.00976,488,050_AlSiMg_200W_500mms_M0_G13_Test_Stepover0489.tif,0,1.772,1.684,0.047,0.058,1785.236672
0.009765,488,050_AlSiMg_200W_500mms_M0_G13_Test_Stepover0489.tif,0,1.77,1.692,0.047,0.055,1781.969692
0.00977,488,050_AlSiMg_200W_500mms_M0_G13_Test_Stepover0489.tif,0,1.776,1.726,0.047,0.057,1762.607827
0.009775,488,050_AlSiMg_200W_500mms_M0_G13_Test_Stepover0489.tif,0,1.791,1.742,0.046,0.056,1810.991741
0.00978,489,050_AlSiMg_200W_500mms_M0_G13_Test_Stepover0490.tif,-0.001,1.801,1.698,0.045,0.055,1859.949948
0.009785,489,050_AlSiMg_200W_500mms_M0_G13_Test_Stepover0490.tif,0,1.801,1.713,0.047,0.055,1822.59743
0.00979,489,050_AlSiMg_200W_500mms_M0_G13_Test_Stepover0490.tif,-0.002,1.802,1.693,0.049,0.055,1859.80253
0.009795,489,050_AlSiMg_200W_500mms_M0_G13_Test_Stepover0490.tif,0,1.8,1.714,0.044,0.056,1859.80253
0.0098,490,050_AlSiMg_200W_500mms_M0_G13_Test_Stepover0491.tif,0,1.802,1.761,0.047,0.055,1908.760737
0.009805,490,050_AlSiMg_200W_500mms_M0_G13_Test_Stepover0491.tif,-0.001,1.795,1.754,0.045,0.055,1808.17354
0.00981,490,050_AlSiMg_200W_500mms_M0_G13_Test_Stepover0491.tif,-0.002,1.784,1.763,0.049,0.055,1889.680623
0.009815,490,050_AlSiMg_200W_500mms_M0_G13_Test_Stepover0491.tif,0,1.776,1.727,0.046,0.057,1855.742502
0.00982,491,050_AlSiMg_200W_500mms_M0_G13_Test_Stepover0492.tif,-0.001,1.775,1.709,0.044,0.051,1828.32802
0.009825,491,050_AlSiMg_200W_500mms_M0_G13_Test_Stepover0492.tif,-0.002,1.779,1.717,0.047,0.057,1742.164713
0.00983,491,050_AlSiMg_200W_500mms_M0_G13_Test_Stepover0492.tif,0,1.784,1.705,0.045,0.057,1759.855583
0.009835,491,050_AlSiMg_200W_500mms_M0_G13_Test_Stepover0492.tif,-0.002,1.788,1.702,0.046,0.056,1709.099089
0.00984,492,050_AlSiMg_200W_500mms_M0_G13_Test_Stepover0493.tif,-0.002,1.798,1.685,0.047,0.057,1736.437067
0.009845,492,050_AlSiMg_200W_500mms_M0_G13_Test_Stepover0493.tif,0.001,1.808,1.672,0.045,0.055,1739.710746
0.00985,492,050_AlSiMg_200W_500mms_M0_G13_Test_Stepover0493.tif,0,1.814,1.637,0.045,0.053,1828.786251
0.009855,492,050_AlSiMg_200W_500mms_M0_G13_Test_Stepover0493.tif,0,1.808,1.651,0.046,0.058,1779.653927
0.00986,493,050_AlSiMg_200W_500mms_M0_G13_Test_Stepover0494.tif,0,1.807,1.646,0.05,0.056,1805.495452
0.009865,493,050_AlSiMg_200W_500mms_M0_G13_Test_Stepover0494.tif,-0.001,1.798,1.672,0.044,0.057,1794.192008
0.00987,493,050_AlSiMg_200W_500mms_M0_G13_Test_Stepover0494.tif,-0.002,1.795,1.664,0.048,0.057,1868.23014
0.009875,493,050_AlSiMg_200W_500mms_M0_G13_Test_Stepover0494.tif,-0.001,1.786,1.706,0.047,0.056,1782.421615
0.00988,494,050_AlSiMg_200W_500mms_M0_G13_Test_Stepover0495.tif,0.001,1.775,1.693,0.05,0.058,1844.313875
0.009885,494,050_AlSiMg_200W_500mms_M0_G13_Test_Stepover0495.tif,0.001,1.77,1.703,0.047,0.057,1837.834217
0.00989,494,050_AlSiMg_200W_500mms_M0_G13_Test_Stepover0495.tif,-0.002,1.772,1.672,0.046,0.055,1797.424037
0.009895,494,050_AlSiMg_200W_500mms_M0_G13_Test_Stepover0495.tif,0,1.775,1.674,0.046,0.055,1763.542134
0.0099,495,050_AlSiMg_200W_500mms_M0_G13_Test_Stepover0496.tif,0.001,1.777,1.632,0.044,0.055,1745.851263
0.009905,495,050_AlSiMg_200W_500mms_M0_G13_Test_Stepover0496.tif,-0.001,1.784,1.649,0.045,0.054,1739.084129
0.00991,495,050_AlSiMg_200W_500mms_M0_G13_Test_Stepover0496.tif,0,1.798,1.625,0.046,0.057,1803.172227
0.009915,495,050_AlSiMg_200W_500mms_M0_G13_Test_Stepover0496.tif,0.001,1.809,1.63,0.044,0.053,1846.787469
0.00992,496,050_AlSiMg_200W_500mms_M0_G13_Test_Stepover0497.tif,0,1.812,1.635,0.047,0.053,1891.435223
0.009925,496,050_AlSiMg_200W_500mms_M0_G13_Test_Stepover0497.tif,0.001,1.805,1.64,0.048,0.057,1943.064213
0.00993,496,050_AlSiMg_200W_500mms_M0_G13_Test_Stepover0497.tif,-0.001,1.807,1.639,0.047,0.054,1971.009531
0.009935,496,050_AlSiMg_200W_500mms_M0_G13_Test_Stepover0497.tif,-0.001,1.804,1.653,0.047,0.055,1887.559568
0.00994,497,050_AlSiMg_200W_500mms_M0_G13_Test_Stepover0498.tif,0,1.798,1.663,0.047,0.055,1830.967455
0.009945,497,050_AlSiMg_200W_500mms_M0_G13_Test_Stepover0498.tif,0.001,1.786,1.661,0.045,0.055,1782.899006
0.00995,497,050_AlSiMg_200W_500mms_M0_G13_Test_Stepover0498.tif,-0.001,1.779,1.66,0.044,0.056,1742.358957
0.009955,497,050_AlSiMg_200W_500mms_M0_G13_Test_Stepover0498.tif,0,1.776,1.651,0.044,0.053,1735.758815
0.00996,498,050_AlSiMg_200W_500mms_M0_G13_Test_Stepover0499.tif,-0.001,1.776,1.643,0.045,0.055,1755.12068
0.009965,498,050_AlSiMg_200W_500mms_M0_G13_Test_Stepover0499.tif,0,1.781,1.632,0.045,0.053,1785.871269
0.00997,498,050_AlSiMg_200W_500mms_M0_G13_Test_Stepover0499.tif,0,1.786,1.63,0.046,0.055,1789.291964
0.009975,498,050_AlSiMg_200W_500mms_M0_G13_Test_Stepover0499.tif,-0.002,1.8,1.629,0.045,0.055,1789.291964
0.00998,499,050_AlSiMg_200W_500mms_M0_G13_Test_Stepover0500.tif,0.001,1.809,1.664,0.045,0.054,1941.008372
0.009985,499,050_AlSiMg_200W_500mms_M0_G13_Test_Stepover0500.tif,0,1.811,1.654,0.045,0.055,1941.008372
0.00999,499,050_AlSiMg_200W_500mms_M0_G13_Test_Stepover0500.tif,0,1.812,1.658,0.052,0.055,1953.603103
0.009995,499,050_AlSiMg_200W_500mms_M0_G13_Test_Stepover0500.tif,-0.001,1.805,1.628,0.046,0.055,1937.587677
0.01,500,050_AlSiMg_200W_500mms_M0_G13_Test_Stepover0501.tif,-0.001,1.801,1.644,0.044,0.053,1968.111224
0.010005,500,050_AlSiMg_200W_500mms_M0_G13_Test_Stepover0501.tif,-0.002,1.798,1.654,0.045,0.055,1816.394816
0.01001,500,050_AlSiMg_200W_500mms_M0_G13_Test_Stepover0501.tif,-0.002,1.787,1.664,0.044,0.052,1816.394816
0.010015,500,050_AlSiMg_200W_500mms_M0_G13_Test_Stepover0501.tif,0,1.777,1.672,0.045,0.053,1837.739991
0.01002,501,050_AlSiMg_200W_500mms_M0_G13_Test_Stepover0502.tif,-0.002,1.775,1.689,0.046,0.055,1898.403171
0.010025,501,050_AlSiMg_200W_500mms_M0_G13_Test_Stepover0502.tif,-0.002,1.775,1.713,0.045,0.053,1867.879624
0.01003,501,050_AlSiMg_200W_500mms_M0_G13_Test_Stepover0502.tif,0,1.779,1.672,0.047,0.054,1849.955144
0.010035,501,050_AlSiMg_200W_500mms_M0_G13_Test_Stepover0502.tif,-0.001,1.784,1.686,0.045,0.055,1980.452259
0.01004,502,050_AlSiMg_200W_500mms_M0_G13_Test_Stepover0503.tif,-0.001,1.795,1.65,0.045,0.054,1953.114281
0.010045,502,050_AlSiMg_200W_500mms_M0_G13_Test_Stepover0503.tif,-0.001,1.805,1.671,0.051,0.055,1926.391007
0.01005,502,050_AlSiMg_200W_500mms_M0_G13_Test_Stepover0503.tif,0,1.815,1.651,0.047,0.057,1987.054187
0.010055,502,050_AlSiMg_200W_500mms_M0_G13_Test_Stepover0503.tif,0,1.808,1.668,0.045,0.053,1990.400626
0.01006,503,050_AlSiMg_200W_500mms_M0_G13_Test_Stepover0504.tif,0.001,1.804,1.651,0.047,0.054,1881.081695
0.010065,503,050_AlSiMg_200W_500mms_M0_G13_Test_Stepover0504.tif,-0.001,1.8,1.672,0.046,0.055,1877.814715
0.01007,503,050_AlSiMg_200W_500mms_M0_G13_Test_Stepover0504.tif,0,1.8,1.678,0.047,0.055,1863.236675
0.010075,503,050_AlSiMg_200W_500mms_M0_G13_Test_Stepover0504.tif,-0.001,1.786,1.699,0.046,0.056,1775.159012
0.01008,504,050_AlSiMg_200W_500mms_M0_G13_Test_Stepover0505.tif,0,1.776,1.668,0.046,0.055,1781.638671
0.010085,504,050_AlSiMg_200W_500mms_M0_G13_Test_Stepover0505.tif,-0.002,1.772,1.703,0.045,0.057,1807.978259
0.01009,504,050_AlSiMg_200W_500mms_M0_G13_Test_Stepover0505.tif,-0.001,1.77,1.733,0.048,0.057,1804.643311
0.010095,504,050_AlSiMg_200W_500mms_M0_G13_Test_Stepover0505.tif,-0.001,1.772,1.752,0.049,0.056,1825.821494
0.0101,505,050_AlSiMg_200W_500mms_M0_G13_Test_Stepover0506.tif,-0.002,1.777,1.73,0.045,0.055,1835.462258
0.010105,505,050_AlSiMg_200W_500mms_M0_G13_Test_Stepover0506.tif,-0.001,1.783,1.709,0.047,0.055,1846.898578
0.01011,505,050_AlSiMg_200W_500mms_M0_G13_Test_Stepover0506.tif,0,1.798,1.692,0.044,0.055,1762.245223
0.010115,505,050_AlSiMg_200W_500mms_M0_G13_Test_Stepover0506.tif,-0.002,1.808,1.714,0.046,0.054,1738.10442
0.01012,506,050_AlSiMg_200W_500mms_M0_G13_Test_Stepover0507.tif,0.001,1.811,1.685,0.044,0.055,1694.159283
0.010125,506,050_AlSiMg_200W_500mms_M0_G13_Test_Stepover0507.tif,0,1.809,1.703,0.046,0.058,1795.382964
0.01013,506,050_AlSiMg_200W_500mms_M0_G13_Test_Stepover0507.tif,0,1.805,1.738,0.044,0.054,1792.045026
0.010135,506,050_AlSiMg_200W_500mms_M0_G13_Test_Stepover0507.tif,0,1.802,1.755,0.047,0.053,1822.413475
0.01014,507,050_AlSiMg_200W_500mms_M0_G13_Test_Stepover0508.tif,-0.001,1.793,1.777,0.045,0.053,1828.78056
0.010145,507,050_AlSiMg_200W_500mms_M0_G13_Test_Stepover0508.tif,0,1.777,1.709,0.044,0.053,1872.725697
0.01015,507,050_AlSiMg_200W_500mms_M0_G13_Test_Stepover0508.tif,-0.001,1.77,1.706,0.044,0.055,1808.6376
0.010155,507,050_AlSiMg_200W_500mms_M0_G13_Test_Stepover0508.tif,-0.002,1.772,1.696,0.047,0.055,1756.923976
0.01016,508,050_AlSiMg_200W_500mms_M0_G13_Test_Stepover0509.tif,0,1.776,1.668,0.046,0.055,1726.555526
0.010165,508,050_AlSiMg_200W_500mms_M0_G13_Test_Stepover0509.tif,-0.002,1.777,1.642,0.044,0.055,1729.931004
0.01017,508,050_AlSiMg_200W_500mms_M0_G13_Test_Stepover0509.tif,-0.001,1.781,1.642,0.044,0.055,1658.640366
0.010175,508,050_AlSiMg_200W_500mms_M0_G13_Test_Stepover0509.tif,0.001,1.793,1.636,0.045,0.056,1673.218406
0.01018,509,050_AlSiMg_200W_500mms_M0_G13_Test_Stepover0510.tif,0.001,1.802,1.65,0.044,0.056,1713.628587
0.010185,509,050_AlSiMg_200W_500mms_M0_G13_Test_Stepover0510.tif,-0.002,1.805,1.653,0.045,0.053,1713.628587
0.01019,509,050_AlSiMg_200W_500mms_M0_G13_Test_Stepover0510.tif,0,1.809,1.644,0.047,0.056,1758.550374
0.010195,509,050_AlSiMg_200W_500mms_M0_G13_Test_Stepover0510.tif,-0.001,1.805,1.651,0.044,0.055,1782.418381
0.0102,510,050_AlSiMg_200W_500mms_M0_G13_Test_Stepover0511.tif,-0.001,1.801,1.636,0.044,0.052,1745.073386
0.010205,510,050_AlSiMg_200W_500mms_M0_G13_Test_Stepover0511.tif,0,1.8,1.636,0.043,0.053,1799.520377
0.01021,510,050_AlSiMg_200W_500mms_M0_G13_Test_Stepover0511.tif,0,1.788,1.658,0.044,0.054,1868.050589
0.010215,510,050_AlSiMg_200W_500mms_M0_G13_Test_Stepover0511.tif,-0.002,1.775,1.721,0.045,0.051,1888.283537
0.01022,511,050_AlSiMg_200W_500mms_M0_G13_Test_Stepover0512.tif,0.001,1.773,1.682,0.044,0.051,1877.392401
0.010225,511,050_AlSiMg_200W_500mms_M0_G13_Test_Stepover0512.tif,-0.001,1.776,1.688,0.044,0.051,1877.392401
0.01023,511,050_AlSiMg_200W_500mms_M0_G13_Test_Stepover0512.tif,0,1.781,1.684,0.044,0.055,1800.308948
0.010235,511,050_AlSiMg_200W_500mms_M0_G13_Test_Stepover0512.tif,-0.001,1.788,1.649,0.044,0.054,1780.076001
0.01024,512,050_AlSiMg_200W_500mms_M0_G13_Test_Stepover0513.tif,-0.002,1.797,1.66,0.045,0.055,1741.914238
0.010245,512,050_AlSiMg_200W_500mms_M0_G13_Test_Stepover0513.tif,0.001,1.811,1.646,0.044,0.052,1756.282868
0.01025,512,050_AlSiMg_200W_500mms_M0_G13_Test_Stepover0513.tif,-0.001,1.815,1.65,0.044,0.053,1772.282687
0.010255,512,050_AlSiMg_200W_500mms_M0_G13_Test_Stepover0513.tif,0.001,1.815,1.661,0.044,0.054,1754.508969
0.01026,513,050_AlSiMg_200W_500mms_M0_G13_Test_Stepover0514.tif,0,1.812,1.642,0.044,0.053,1801.068875
0.010265,513,050_AlSiMg_200W_500mms_M0_G13_Test_Stepover0514.tif,-0.002,1.807,1.705,0.044,0.055,1770.700426
0.01027,513,050_AlSiMg_200W_500mms_M0_G13_Test_Stepover0514.tif,0,1.804,1.707,0.045,0.051,1756.331796
0.010275,513,050_AlSiMg_200W_500mms_M0_G13_Test_Stepover0514.tif,-0.002,1.787,1.727,0.044,0.055,1733.302215
0.01028,514,050_AlSiMg_200W_500mms_M0_G13_Test_Stepover0515.tif,-0.001,1.776,1.713,0.044,0.055,1729.858519
0.010285,514,050_AlSiMg_200W_500mms_M0_G13_Test_Stepover0515.tif,0.001,1.772,1.686,0.042,0.052,1686.714972
0.01029,514,050_AlSiMg_200W_500mms_M0_G13_Test_Stepover0515.tif,-0.001,1.772,1.646,0.043,0.054,1655.19474
0.010295,514,050_AlSiMg_200W_500mms_M0_G13_Test_Stepover0515.tif,0.001,1.775,1.668,0.045,0.053,1685.563189
0.0103,515,050_AlSiMg_200W_500mms_M0_G13_Test_Stepover0516.tif,0,1.779,1.705,0.042,0.055,1746.754533
0.010305,515,050_AlSiMg_200W_500mms_M0_G13_Test_Stepover0516.tif,0,1.784,1.695,0.044,0.053,1818.728441
0.01031,515,050_AlSiMg_200W_500mms_M0_G13_Test_Stepover0516.tif,-0.002,1.797,1.639,0.044,0.051,1774.353685
0.010315,515,050_AlSiMg_200W_500mms_M0_G13_Test_Stepover0516.tif,0,1.809,1.628,0.044,0.051,1798.916181
0.01032,516,050_AlSiMg_200W_500mms_M0_G13_Test_Stepover0517.tif,0.001,1.808,1.618,0.042,0.052,1761.589994
0.010325,516,050_AlSiMg_200W_500mms_M0_G13_Test_Stepover0517.tif,0.001,1.805,1.618,0.042,0.053,1723.428231
0.01033,516,050_AlSiMg_200W_500mms_M0_G13_Test_Stepover0517.tif,-0.002,1.808,1.629,0.042,0.053,1647.940282
0.010335,516,050_AlSiMg_200W_500mms_M0_G13_Test_Stepover0517.tif,0.001,1.802,1.64,0.044,0.053,1640.601414
0.01034,517,050_AlSiMg_200W_500mms_M0_G13_Test_Stepover0518.tif,-0.002,1.794,1.651,0.042,0.053,1692.358819
0.010345,517,050_AlSiMg_200W_500mms_M0_G13_Test_Stepover0518.tif,-0.002,1.781,1.639,0.044,0.055,1729.685005
0.01035,517,050_AlSiMg_200W_500mms_M0_G13_Test_Stepover0518.tif,0,1.776,1.653,0.043,0.051,1729.685005
0.010355,517,050_AlSiMg_200W_500mms_M0_G13_Test_Stepover0518.tif,0,1.776,1.663,0.044,0.053,1743.98161
0.01036,518,050_AlSiMg_200W_500mms_M0_G13_Test_Stepover0519.tif,0.001,1.776,1.672,0.044,0.053,1795.695234
0.010365,518,050_AlSiMg_200W_500mms_M0_G13_Test_Stepover0519.tif,0.001,1.779,1.685,0.042,0.052,1781.264016
0.01037,518,050_AlSiMg_200W_500mms_M0_G13_Test_Stepover0519.tif,-0.002,1.781,1.653,0.045,0.053,1747.451871
0.010375,518,050_AlSiMg_200W_500mms_M0_G13_Test_Stepover0519.tif,0,1.797,1.665,0.044,0.053,1692.326745
0.01038,519,050_AlSiMg_200W_500mms_M0_G13_Test_Stepover0520.tif,0,1.804,1.678,0.043,0.054,1678.03014
0.010385,519,050_AlSiMg_200W_500mms_M0_G13_Test_Stepover0520.tif,-0.002,1.808,1.706,0.044,0.057,1678.03014
0.01039,519,050_AlSiMg_200W_500mms_M0_G13_Test_Stepover0520.tif,-0.002,1.805,1.692,0.042,0.053,1716.191903
0.010395,519,050_AlSiMg_200W_500mms_M0_G13_Test_Stepover0520.tif,-0.001,1.804,1.692,0.045,0.053,1712.677861
0.0104,520,050_AlSiMg_200W_500mms_M0_G13_Test_Stepover0521.tif,-0.002,1.801,1.758,0.044,0.051,1710.450952
0.010405,520,050_AlSiMg_200W_500mms_M0_G13_Test_Stepover0521.tif,-0.002,1.797,1.693,0.042,0.053,1685.888456
0.01041,520,050_AlSiMg_200W_500mms_M0_G13_Test_Stepover0521.tif,-0.002,1.784,1.706,0.04,0.052,1664.543281
0.010415,520,050_AlSiMg_200W_500mms_M0_G13_Test_Stepover0521.tif,0,1.779,1.653,0.042,0.055,1647.726693
0.01042,521,050_AlSiMg_200W_500mms_M0_G13_Test_Stepover0522.tif,0,1.776,1.656,0.044,0.053,1638.307183
0.010425,521,050_AlSiMg_200W_500mms_M0_G13_Test_Stepover0522.tif,-0.001,1.777,1.651,0.045,0.053,1658.333033
0.01043,521,050_AlSiMg_200W_500mms_M0_G13_Test_Stepover0522.tif,0,1.781,1.63,0.043,0.055,1666.474703
0.010435,521,050_AlSiMg_200W_500mms_M0_G13_Test_Stepover0522.tif,0,1.788,1.632,0.042,0.053,1662.977227
0.01044,522,050_AlSiMg_200W_500mms_M0_G13_Test_Stepover0523.tif,0.001,1.798,1.647,0.041,0.053,1659.560868
0.010445,522,050_AlSiMg_200W_500mms_M0_G13_Test_Stepover0523.tif,-0.002,1.812,1.657,0.043,0.052,1686.829251
0.01045,522,050_AlSiMg_200W_500mms_M0_G13_Test_Stepover0523.tif,-0.001,1.818,1.646,0.044,0.052,1704.678123
0.010455,522,050_AlSiMg_200W_500mms_M0_G13_Test_Stepover0523.tif,-0.001,1.816,1.665,0.043,0.053,1721.098949
0.01046,523,050_AlSiMg_200W_500mms_M0_G13_Test_Stepover0524.tif,-0.001,1.809,1.675,0.043,0.053,1712.001693
0.010465,523,050_AlSiMg_200W_500mms_M0_G13_Test_Stepover0524.tif,-0.001,1.805,1.681,0.042,0.053,1715.418052
0.01047,523,050_AlSiMg_200W_500mms_M0_G13_Test_Stepover0524.tif,-0.001,1.801,1.668,0.045,0.055,1673.006684
0.010475,523,050_AlSiMg_200W_500mms_M0_G13_Test_Stepover0524.tif,0,1.786,1.668,0.045,0.053,2135.894313
0.01048,524,050_AlSiMg_200W_500mms_M0_G13_Test_Stepover0525.tif,-0.002,1.776,1.658,0.042,0.055,2197.903613
0.010485,524,050_AlSiMg_200W_500mms_M0_G13_Test_Stepover0525.tif,-0.001,1.772,1.656,0.056,0.051,2191.02103
0.01049,524,050_AlSiMg_200W_500mms_M0_G13_Test_Stepover0525.tif,-0.001,1.772,1.66,0.046,0.054,2132.349669
0.010495,524,050_AlSiMg_200W_500mms_M0_G13_Test_Stepover0525.tif,0,1.773,1.675,0.043,0.053,2187.163977
0.0105,525,050_AlSiMg_200W_500mms_M0_G13_Test_Stepover0526.tif,-0.001,1.773,1.682,0.042,0.053,1713.385212
0.010505,525,050_AlSiMg_200W_500mms_M0_G13_Test_Stepover0526.tif,0,1.781,1.67,0.042,0.051,1681.627724
0.01051,525,050_AlSiMg_200W_500mms_M0_G13_Test_Stepover0526.tif,0,1.797,1.672,0.044,0.055,1670.736589
0.010515,525,050_AlSiMg_200W_500mms_M0_G13_Test_Stepover0526.tif,0.001,1.804,1.681,0.042,0.051,1646.174093
0.01052,526,050_AlSiMg_200W_500mms_M0_G13_Test_Stepover0527.tif,-0.002,1.807,1.686,0.044,0.055,1615.922281
0.010525,526,050_AlSiMg_200W_500mms_M0_G13_Test_Stepover0527.tif,0.001,1.805,1.672,0.042,0.055,1615.922281
0.01053,526,050_AlSiMg_200W_500mms_M0_G13_Test_Stepover0527.tif,-0.002,1.801,1.756,0.042,0.053,1589.18451
0.010535,526,050_AlSiMg_200W_500mms_M0_G13_Test_Stepover0527.tif,0,1.798,1.684,0.044,0.055,1661.098396
0.01054,527,050_AlSiMg_200W_500mms_M0_G13_Test_Stepover0528.tif,-0.002,1.791,1.703,0.043,0.054,1661.098396
0.010545,527,050_AlSiMg_200W_500mms_M0_G13_Test_Stepover0528.tif,0,1.781,1.71,0.045,0.052,1691.350208
0.01055,527,050_AlSiMg_200W_500mms_M0_G13_Test_Stepover0528.tif,-0.002,1.775,1.7,0.042,0.055,1698.689076
0.010555,527,050_AlSiMg_200W_500mms_M0_G13_Test_Stepover0528.tif,0,1.773,1.726,0.042,0.051,1732.501221
0.01056,528,050_AlSiMg_200W_500mms_M0_G13_Test_Stepover0529.tif,-0.001,1.776,1.703,0.042,0.052,1708.8846
0.010565,528,050_AlSiMg_200W_500mms_M0_G13_Test_Stepover0529.tif,0,1.781,1.681,0.044,0.053,1740.404833
0.01057,528,050_AlSiMg_200W_500mms_M0_G13_Test_Stepover0529.tif,-0.001,1.783,1.667,0.044,0.052,1768.824382
0.010575,528,050_AlSiMg_200W_500mms_M0_G13_Test_Stepover0529.tif,0,1.801,1.653,0.044,0.055,1809.782779
0.01058,529,050_AlSiMg_200W_500mms_M0_G13_Test_Stepover0530.tif,0.001,1.805,1.658,0.045,0.053,1809.782779
0.010585,529,050_AlSiMg_200W_500mms_M0_G13_Test_Stepover0530.tif,-0.002,1.809,1.699,0.044,0.052,1754.527777
0.01059,529,050_AlSiMg_200W_500mms_M0_G13_Test_Stepover0530.tif,-0.003,1.812,1.689,0.044,0.053,1754.527777
0.010595,529,050_AlSiMg_200W_500mms_M0_G13_Test_Stepover0530.tif,-0.002,1.812,1.698,0.042,0.053,1733.182602
0.0106,530,050_AlSiMg_200W_500mms_M0_G13_Test_Stepover0531.tif,0,1.812,1.721,0.044,0.055,1733.182602
0.010605,530,050_AlSiMg_200W_500mms_M0_G13_Test_Stepover0531.tif,-0.002,1.809,1.698,0.044,0.053,1702.814153
0.01061,530,050_AlSiMg_200W_500mms_M0_G13_Test_Stepover0531.tif,0,1.797,1.751,0.044,0.052,1740.140339
0.010615,530,050_AlSiMg_200W_500mms_M0_G13_Test_Stepover0531.tif,-0.002,1.787,1.745,0.044,0.055,1812.054225
0.01062,531,050_AlSiMg_200W_500mms_M0_G13_Test_Stepover0532.tif,-0.002,1.781,1.726,0.044,0.053,1853.599662
0.010625,531,050_AlSiMg_200W_500mms_M0_G13_Test_Stepover0532.tif,0.001,1.783,1.702,0.045,0.052,1835.670846
0.01063,531,050_AlSiMg_200W_500mms_M0_G13_Test_Stepover0532.tif,-0.002,1.783,1.707,0.045,0.052,1828.713109
0.010635,531,050_AlSiMg_200W_500mms_M0_G13_Test_Stepover0532.tif,-0.001,1.787,1.696,0.044,0.053,1899.568341
0.01064,532,050_AlSiMg_200W_500mms_M0_G13_Test_Stepover0533.tif,0.001,1.793,1.752,0.042,0.053,1875.95172
0.010645,532,050_AlSiMg_200W_500mms_M0_G13_Test_Stepover0533.tif,-0.001,1.804,1.699,0.047,0.053,1852.335099
0.01065,532,050_AlSiMg_200W_500mms_M0_G13_Test_Stepover0533.tif,-0.002,1.804,1.714,0.044,0.052,1877.018212
0.010655,532,050_AlSiMg_200W_500mms_M0_G13_Test_Stepover0533.tif,0.001,1.802,1.713,0.044,0.052,1914.344399
0.01066,533,050_AlSiMg_200W_500mms_M0_G13_Test_Stepover0534.tif,-0.002,1.801,1.748,0.046,0.054,1864.834342
0.010665,533,050_AlSiMg_200W_500mms_M0_G13_Test_Stepover0534.tif,-0.002,1.801,1.749,0.044,0.053,1809.57934
0.01067,533,050_AlSiMg_200W_500mms_M0_G13_Test_Stepover0534.tif,0.001,1.798,1.756,0.045,0.053,1754.324338
0.010675,533,050_AlSiMg_200W_500mms_M0_G13_Test_Stepover0534.tif,-0.002,1.784,1.744,0.042,0.053,1699.272775
0.01068,534,050_AlSiMg_200W_500mms_M0_G13_Test_Stepover0535.tif,0.001,1.773,1.731,0.042,0.053,1665.46063
0.010685,534,050_AlSiMg_200W_500mms_M0_G13_Test_Stepover0535.tif,0,1.768,1.681,0.044,0.055,1644.115455
0.01069,534,050_AlSiMg_200W_500mms_M0_G13_Test_Stepover0535.tif,0,1.772,1.675,0.043,0.054,1719.603405
0.010695,534,050_AlSiMg_200W_500mms_M0_G13_Test_Stepover0535.tif,-0.002,1.775,1.658,0.044,0.053,1749.855217
0.0107,535,050_AlSiMg_200W_500mms_M0_G13_Test_Stepover0536.tif,0,1.777,1.649,0.044,0.051,1714.355856
0.010705,535,050_AlSiMg_200W_500mms_M0_G13_Test_Stepover0536.tif,0,1.786,1.642,0.042,0.051,1728.690687
0.01071,535,050_AlSiMg_200W_500mms_M0_G13_Test_Stepover0536.tif,0.001,1.8,1.663,0.044,0.058,1694.878542
0.010715,535,050_AlSiMg_200W_500mms_M0_G13_Test_Stepover0536.tif,0.001,1.807,1.628,0.043,0.053,1626.34833
0.01072,536,050_AlSiMg_200W_500mms_M0_G13_Test_Stepover0537.tif,-0.002,1.807,1.615,0.043,0.054,1596.096518
0.010725,536,050_AlSiMg_200W_500mms_M0_G13_Test_Stepover0537.tif,-0.001,1.809,1.615,0.044,0.055,1642.487014
0.01073,536,050_AlSiMg_200W_500mms_M0_G13_Test_Stepover0537.tif,0.001,1.804,1.619,0.042,0.053,1710.032777
0.010735,536,050_AlSiMg_200W_500mms_M0_G13_Test_Stepover0537.tif,0.001,1.802,1.621,0.043,0.053,1743.844922
0.01074,537,050_AlSiMg_200W_500mms_M0_G13_Test_Stepover0538.tif,0,1.797,1.637,0.047,0.054,1774.213371
0.010745,537,050_AlSiMg_200W_500mms_M0_G13_Test_Stepover0538.tif,0.001,1.783,1.632,0.044,0.053,1792.062244
0.01075,537,050_AlSiMg_200W_500mms_M0_G13_Test_Stepover0538.tif,0.001,1.78,1.637,0.044,0.053,1836.22267
0.010755,537,050_AlSiMg_200W_500mms_M0_G13_Test_Stepover0538.tif,0.001,1.777,1.625,0.043,0.053,1826.315985
0.01076,538,050_AlSiMg_200W_500mms_M0_G13_Test_Stepover0539.tif,0,1.784,1.647,0.046,0.054,1795.947535
0.010765,538,050_AlSiMg_200W_500mms_M0_G13_Test_Stepover0539.tif,-0.001,1.783,1.674,0.044,0.051,1772.917954
0.01077,538,050_AlSiMg_200W_500mms_M0_G13_Test_Stepover0539.tif,0,1.788,1.71,0.044,0.055,1776.395448
0.010775,538,050_AlSiMg_200W_500mms_M0_G13_Test_Stepover0539.tif,-0.001,1.8,1.67,0.042,0.052,1751.712335
0.01078,539,050_AlSiMg_200W_500mms_M0_G13_Test_Stepover0540.tif,-0.001,1.807,1.668,0.044,0.054,1713.550572
0.010785,539,050_AlSiMg_200W_500mms_M0_G13_Test_Stepover0540.tif,0.001,1.812,1.66,0.044,0.053,1736.844647
0.01079,539,050_AlSiMg_200W_500mms_M0_G13_Test_Stepover0540.tif,0,1.808,1.672,0.044,0.053,1759.874229
0.010795,539,050_AlSiMg_200W_500mms_M0_G13_Test_Stepover0540.tif,0,1.807,1.667,0.042,0.051,1725.661788
0.0108,540,050_AlSiMg_200W_500mms_M0_G13_Test_Stepover0541.tif,-0.002,1.808,1.689,0.044,0.053,1725.661788
0.010805,540,050_AlSiMg_200W_500mms_M0_G13_Test_Stepover0541.tif,0.001,1.804,1.712,0.042,0.054,1725.661788
0.01081,540,050_AlSiMg_200W_500mms_M0_G13_Test_Stepover0541.tif,-0.002,1.787,1.692,0.044,0.053,1770.897925
0.010815,540,050_AlSiMg_200W_500mms_M0_G13_Test_Stepover0541.tif,0,1.78,1.717,0.044,0.053,1737.08578
0.01082,541,050_AlSiMg_200W_500mms_M0_G13_Test_Stepover0542.tif,0.001,1.775,1.731,0.044,0.051,1887.099752
0.010825,541,050_AlSiMg_200W_500mms_M0_G13_Test_Stepover0542.tif,0.001,1.775,1.741,0.043,0.054,1864.070171
0.01083,541,050_AlSiMg_200W_500mms_M0_G13_Test_Stepover0542.tif,0,1.779,1.723,0.048,0.053,1885.415346
0.010835,541,050_AlSiMg_200W_500mms_M0_G13_Test_Stepover0542.tif,-0.002,1.779,1.768,0.042,0.052,1865.182399
0.01084,542,050_AlSiMg_200W_500mms_M0_G13_Test_Stepover0543.tif,0,1.788,1.766,0.045,0.053,1875.964962
0.010845,542,050_AlSiMg_200W_500mms_M0_G13_Test_Stepover0543.tif,-0.001,1.798,1.811,0.044,0.052,1807.297603
0.01085,542,050_AlSiMg_200W_500mms_M0_G13_Test_Stepover0543.tif,0.001,1.8,1.779,0.042,0.052,1793.000998
0.010855,542,050_AlSiMg_200W_500mms_M0_G13_Test_Stepover0543.tif,-0.002,1.801,1.773,0.048,0.056,1771.655823
0.01086,543,050_AlSiMg_200W_500mms_M0_G13_Test_Stepover0544.tif,-0.002,1.802,1.888,0.042,0.053,1719.914862
0.010865,543,050_AlSiMg_200W_500mms_M0_G13_Test_Stepover0544.tif,0.001,1.795,1.844,0.044,0.053,1742.944443
0.01087,543,050_AlSiMg_200W_500mms_M0_G13_Test_Stepover0544.tif,-0.001,1.794,1.819,0.043,0.054,1721.851822
0.010875,543,050_AlSiMg_200W_500mms_M0_G13_Test_Stepover0544.tif,-0.001,1.783,1.762,0.044,0.053,1762.598703
0.01088,544,050_AlSiMg_200W_500mms_M0_G13_Test_Stepover0545.tif,0.001,1.773,1.768,0.047,0.056,1753.338921
0.010885,544,050_AlSiMg_200W_500mms_M0_G13_Test_Stepover0545.tif,0,1.77,1.73,0.045,0.054,1815.096383
0.01089,544,050_AlSiMg_200W_500mms_M0_G13_Test_Stepover0545.tif,-0.001,1.77,1.702,0.046,0.056,1784.727934
0.010895,544,050_AlSiMg_200W_500mms_M0_G13_Test_Stepover0545.tif,0,1.773,1.688,0.047,0.055,1825.899827
0.0109,545,050_AlSiMg_200W_500mms_M0_G13_Test_Stepover0546.tif,-0.001,1.779,1.721,0.044,0.055,1802.040536
0.010905,545,050_AlSiMg_200W_500mms_M0_G13_Test_Stepover0546.tif,-0.002,1.788,1.696,0.048,0.055,1784.307346
0.01091,545,050_AlSiMg_200W_500mms_M0_G13_Test_Stepover0546.tif,0,1.801,1.74,0.047,0.058,1766.40376
0.010915,545,050_AlSiMg_200W_500mms_M0_G13_Test_Stepover0546.tif,0,1.811,1.72,0.045,0.056,1847.985833
0.01092,546,050_AlSiMg_200W_500mms_M0_G13_Test_Stepover0547.tif,-0.002,1.807,1.728,0.047,0.056,1831.024875
0.010925,546,050_AlSiMg_200W_500mms_M0_G13_Test_Stepover0547.tif,0,1.809,1.699,0.048,0.055,1838.86874
0.01093,546,050_AlSiMg_200W_500mms_M0_G13_Test_Stepover0547.tif,0,1.807,1.72,0.049,0.057,2179.187583
0.010935,546,050_AlSiMg_200W_500mms_M0_G13_Test_Stepover0547.tif,-0.001,1.801,1.7,0.045,0.055,2129.136638
0.01094,547,050_AlSiMg_200W_500mms_M0_G13_Test_Stepover0548.tif,-0.001,1.795,1.721,0.058,0.058,2057.484418
0.010945,547,050_AlSiMg_200W_500mms_M0_G13_Test_Stepover0548.tif,0.001,1.783,1.698,0.045,0.057,2029.998886
0.01095,547,050_AlSiMg_200W_500mms_M0_G13_Test_Stepover0548.tif,-0.002,1.773,1.678,0.047,0.058,2029.998886
0.010955,547,050_AlSiMg_200W_500mms_M0_G13_Test_Stepover0548.tif,-0.002,1.776,1.653,0.046,0.055,1679.937481
0.01096,548,050_AlSiMg_200W_500mms_M0_G13_Test_Stepover0549.tif,0.001,1.779,1.67,0.045,0.055,1771.160319
0.010965,548,050_AlSiMg_200W_500mms_M0_G13_Test_Stepover0549.tif,0,1.78,1.686,0.046,0.058,1785.606112
0.01097,548,050_AlSiMg_200W_500mms_M0_G13_Test_Stepover0549.tif,0,1.787,1.685,0.048,0.055,1849.694209
0.010975,548,050_AlSiMg_200W_500mms_M0_G13_Test_Stepover0549.tif,0,1.801,1.66,0.047,0.057,1849.694209
0.01098,549,050_AlSiMg_200W_500mms_M0_G13_Test_Stepover0550.tif,-0.001,1.811,1.763,0.047,0.053,1931.276412
0.010985,549,050_AlSiMg_200W_500mms_M0_G13_Test_Stepover0550.tif,-0.002,1.811,1.761,0.045,0.055,1886.829922
0.01099,549,050_AlSiMg_200W_500mms_M0_G13_Test_Stepover0550.tif,-0.002,1.811,1.727,0.046,0.053,1899.58986
0.010995,549,050_AlSiMg_200W_500mms_M0_G13_Test_Stepover0550.tif,0,1.809,1.72,0.046,0.055,1785.389308
0.011,550,050_AlSiMg_200W_500mms_M0_G13_Test_Stepover0551.tif,0,1.805,1.67,0.046,0.055,1757.974825
0.011005,550,050_AlSiMg_200W_500mms_M0_G13_Test_Stepover0551.tif,0,1.8,1.71,0.044,0.056,1682.759708
0.01101,550,050_AlSiMg_200W_500mms_M0_G13_Test_Stepover0551.tif,0.001,1.787,1.72,0.045,0.057,1682.759708
0.011015,550,050_AlSiMg_200W_500mms_M0_G13_Test_Stepover0551.tif,-0.001,1.777,1.742,0.044,0.055,1669.99977
0.01102,551,050_AlSiMg_200W_500mms_M0_G13_Test_Stepover0552.tif,-0.001,1.772,1.727,0.046,0.055,1700.750359
0.011025,551,050_AlSiMg_200W_500mms_M0_G13_Test_Stepover0552.tif,-0.001,1.775,1.727,0.047,0.057,1768.704891
0.01103,551,050_AlSiMg_200W_500mms_M0_G13_Test_Stepover0552.tif,0,1.777,1.709,0.045,0.055,1805.840474
0.011035,551,050_AlSiMg_200W_500mms_M0_G13_Test_Stepover0552.tif,0.001,1.781,1.714,0.047,0.055,1805.840474
0.01104,552,050_AlSiMg_200W_500mms_M0_G13_Test_Stepover0553.tif,-0.001,1.79,1.74,0.046,0.055,1839.778595
0.011045,552,050_AlSiMg_200W_500mms_M0_G13_Test_Stepover0553.tif,0.001,1.802,1.713,0.046,0.055,1846.380523
0.01105,552,050_AlSiMg_200W_500mms_M0_G13_Test_Stepover0553.tif,-0.002,1.808,1.751,0.047,0.055,1846.380523
0.011055,552,050_AlSiMg_200W_500mms_M0_G13_Test_Stepover0553.tif,-0.001,1.808,1.727,0.047,0.057,1870.747741
0.01106,553,050_AlSiMg_200W_500mms_M0_G13_Test_Stepover0554.tif,0,1.807,1.703,0.047,0.055,1818.550474
0.011065,553,050_AlSiMg_200W_500mms_M0_G13_Test_Stepover0554.tif,0,1.804,1.692,0.048,0.056,1787.813443
0.01107,553,050_AlSiMg_200W_500mms_M0_G13_Test_Stepover0554.tif,-0.001,1.797,1.744,0.047,0.06,1773.36765
0.011075,553,050_AlSiMg_200W_500mms_M0_G13_Test_Stepover0554.tif,-0.002,1.788,1.762,0.048,0.058,1805.638336
0.01108,554,050_AlSiMg_200W_500mms_M0_G13_Test_Stepover0555.tif,-0.002,1.781,1.712,0.047,0.058,1790.888514
0.011085,554,050_AlSiMg_200W_500mms_M0_G13_Test_Stepover0555.tif,0,1.776,1.703,0.051,0.058,1833.526934
0.01109,554,050_AlSiMg_200W_500mms_M0_G13_Test_Stepover0555.tif,0.001,1.776,1.726,0.049,0.058,1846.360378
0.011095,554,050_AlSiMg_200W_500mms_M0_G13_Test_Stepover0555.tif,-0.001,1.776,1.693,0.048,0.058,1846.360378
0.0111,555,050_AlSiMg_200W_500mms_M0_G13_Test_Stepover0556.tif,0.001,1.781,1.685,0.047,0.056,1765.705777
0.011105,555,050_AlSiMg_200W_500mms_M0_G13_Test_Stepover0556.tif,-0.001,1.788,1.73,0.047,0.058,1743.328445
0.01111,555,050_AlSiMg_200W_500mms_M0_G13_Test_Stepover0556.tif,-0.002,1.804,1.681,0.047,0.058,1725.681561
0.011115,555,050_AlSiMg_200W_500mms_M0_G13_Test_Stepover0556.tif,0.001,1.811,1.777,0.047,0.057,1695.201234
0.01112,556,050_AlSiMg_200W_500mms_M0_G13_Test_Stepover0557.tif,-0.001,1.812,1.72,0.047,0.058,1732.02436
0.011125,556,050_AlSiMg_200W_500mms_M0_G13_Test_Stepover0557.tif,-0.002,1.805,1.776,0.047,0.058,1768.847486
0.01113,556,050_AlSiMg_200W_500mms_M0_G13_Test_Stepover0557.tif,-0.001,1.807,1.786,0.049,0.058,1781.607424
0.011135,556,050_AlSiMg_200W_500mms_M0_G13_Test_Stepover0557.tif,0,1.804,1.773,0.049,0.058,1796.053217
0.01114,557,050_AlSiMg_200W_500mms_M0_G13_Test_Stepover0558.tif,-0.001,1.795,1.719,0.046,0.055,1810.49901
0.011145,557,050_AlSiMg_200W_500mms_M0_G13_Test_Stepover0558.tif,-0.002,1.784,1.784,0.047,0.057,1791.322767
0.01115,557,050_AlSiMg_200W_500mms_M0_G13_Test_Stepover0558.tif,0,1.783,1.748,0.047,0.057,1809.190903
0.011155,557,050_AlSiMg_200W_500mms_M0_G13_Test_Stepover0558.tif,-0.002,1.781,1.731,0.048,0.058,1793.163987
0.01116,558,050_AlSiMg_200W_500mms_M0_G13_Test_Stepover0559.tif,0.001,1.779,1.731,0.049,0.057,1793.163987
0.011165,558,050_AlSiMg_200W_500mms_M0_G13_Test_Stepover0559.tif,0,1.786,1.754,0.046,0.056,1793.163987
0.01117,558,050_AlSiMg_200W_500mms_M0_G13_Test_Stepover0559.tif,-0.002,1.787,1.747,0.047,0.057,1820.638813
0.011175,558,050_AlSiMg_200W_500mms_M0_G13_Test_Stepover0559.tif,-0.001,1.802,1.763,0.047,0.057,1765.947551
0.01118,559,050_AlSiMg_200W_500mms_M0_G13_Test_Stepover0560.tif,0,1.807,1.709,0.046,0.054,1826.420957
0.011185,559,050_AlSiMg_200W_500mms_M0_G13_Test_Stepover0560.tif,-0.002,1.807,1.738,0.047,0.058,1839.180895
0.01119,559,050_AlSiMg_200W_500mms_M0_G13_Test_Stepover0560.tif,-0.001,1.807,1.675,0.048,0.055,1805.164484
0.011195,559,050_AlSiMg_200W_500mms_M0_G13_Test_Stepover0560.tif,-0.002,1.804,1.653,0.046,0.055,1805.164484
0.0112,560,050_AlSiMg_200W_500mms_M0_G13_Test_Stepover0561.tif,0.001,1.798,1.63,0.045,0.057,1809.603261
0.011205,560,050_AlSiMg_200W_500mms_M0_G13_Test_Stepover0561.tif,-0.002,1.794,1.615,0.046,0.054,1731.396665
0.01121,560,050_AlSiMg_200W_500mms_M0_G13_Test_Stepover0561.tif,0,1.776,1.63,0.044,0.054,1684.620317
0.011215,560,050_AlSiMg_200W_500mms_M0_G13_Test_Stepover0561.tif,-0.001,1.77,1.64,0.045,0.056,1684.620317
0.01122,561,050_AlSiMg_200W_500mms_M0_G13_Test_Stepover0562.tif,0.001,1.772,1.636,0.045,0.057,1647.342472
0.011225,561,050_AlSiMg_200W_500mms_M0_G13_Test_Stepover0562.tif,-0.001,1.77,1.63,0.045,0.057,1673.384023
0.01123,561,050_AlSiMg_200W_500mms_M0_G13_Test_Stepover0562.tif,-0.002,1.775,1.636,0.045,0.055,1728.322312
0.011235,561,050_AlSiMg_200W_500mms_M0_G13_Test_Stepover0562.tif,0,1.777,1.709,0.047,0.056,1778.373257
0.01124,562,050_AlSiMg_200W_500mms_M0_G13_Test_Stepover0563.tif,0,1.79,1.663,0.047,0.055,1797.943874
0.011245,562,050_AlSiMg_200W_500mms_M0_G13_Test_Stepover0563.tif,0,1.802,1.661,0.047,0.056,1765.108472
0.01125,562,050_AlSiMg_200W_500mms_M0_G13_Test_Stepover0563.tif,0,1.804,1.639,0.047,0.058,1783.012059
0.011255,562,050_AlSiMg_200W_500mms_M0_G13_Test_Stepover0563.tif,0,1.808,1.628,0.047,0.06,1783.012059
0.01126,563,050_AlSiMg_200W_500mms_M0_G13_Test_Stepover0564.tif,0,1.807,1.647,0.047,0.055,1779.737462
0.011265,563,050_AlSiMg_200W_500mms_M0_G13_Test_Stepover0564.tif,0.001,1.802,1.653,0.047,0.055,1828.121376
0.01127,563,050_AlSiMg_200W_500mms_M0_G13_Test_Stepover0564.tif,-0.001,1.797,1.654,0.046,0.055,1880.318643
0.011275,563,050_AlSiMg_200W_500mms_M0_G13_Test_Stepover0564.tif,0.001,1.787,1.66,0.047,0.055,1865.620119
0.01128,564,050_AlSiMg_200W_500mms_M0_G13_Test_Stepover0565.tif,0,1.781,1.644,0.046,0.055,1817.236205
0.011285,564,050_AlSiMg_200W_500mms_M0_G13_Test_Stepover0565.tif,-0.002,1.776,1.639,0.048,0.057,1817.236205
0.01129,564,050_AlSiMg_200W_500mms_M0_G13_Test_Stepover0565.tif,0.001,1.781,1.717,0.047,0.058,1869.10661
0.011295,564,050_AlSiMg_200W_500mms_M0_G13_Test_Stepover0565.tif,-0.001,1.78,1.658,0.046,0.055,1875.586269
0.0113,565,050_AlSiMg_200W_500mms_M0_G13_Test_Stepover0566.tif,-0.001,1.781,1.686,0.05,0.056,1869.10661
0.011305,565,050_AlSiMg_200W_500mms_M0_G13_Test_Stepover0566.tif,-0.004,1.794,1.692,0.048,0.057,1869.10661
0.01131,565,050_AlSiMg_200W_500mms_M0_G13_Test_Stepover0566.tif,0,1.807,1.688,0.046,0.055,1872.381206
0.011315,565,050_AlSiMg_200W_500mms_M0_G13_Test_Stepover0566.tif,0,1.814,1.668,0.047,0.058,1886.436209
0.01132,566,050_AlSiMg_200W_500mms_M0_G13_Test_Stepover0567.tif,-0.001,1.815,1.665,0.047,0.056,1897.87253
0.011325,566,050_AlSiMg_200W_500mms_M0_G13_Test_Stepover0567.tif,0.001,1.814,1.667,0.046,0.051,1891.105395
0.01133,566,050_AlSiMg_200W_500mms_M0_G13_Test_Stepover0567.tif,-0.002,1.805,1.64,0.046,0.054,1898.94926
0.011335,566,050_AlSiMg_200W_500mms_M0_G13_Test_Stepover0567.tif,-0.002,1.804,1.607,0.044,0.053,1888.90753
0.01134,567,050_AlSiMg_200W_500mms_M0_G13_Test_Stepover0568.tif,0,1.795,1.622,0.045,0.055,1764.668355
0.011345,567,050_AlSiMg_200W_500mms_M0_G13_Test_Stepover0568.tif,-0.002,1.78,1.623,0.044,0.053,1739.985242
0.01135,567,050_AlSiMg_200W_500mms_M0_G13_Test_Stepover0568.tif,0.001,1.773,1.623,0.044,0.055,1709.616793
0.011355,567,050_AlSiMg_200W_500mms_M0_G13_Test_Stepover0568.tif,0,1.777,1.651,0.044,0.053,1722.211524
0.01136,568,050_AlSiMg_200W_500mms_M0_G13_Test_Stepover0569.tif,0,1.777,1.667,0.044,0.055,1691.843074
0.011365,568,050_AlSiMg_200W_500mms_M0_G13_Test_Stepover0569.tif,-0.002,1.777,1.67,0.044,0.053,1760.373287
0.01137,568,050_AlSiMg_200W_500mms_M0_G13_Test_Stepover0569.tif,-0.002,1.784,1.647,0.044,0.055,1785.0564
0.011375,568,050_AlSiMg_200W_500mms_M0_G13_Test_Stepover0569.tif,-0.001,1.795,1.628,0.044,0.051,1799.42503
0.01138,569,050_AlSiMg_200W_500mms_M0_G13_Test_Stepover0570.tif,-0.002,1.807,1.637,0.046,0.054,1799.42503
0.011385,569,050_AlSiMg_200W_500mms_M0_G13_Test_Stepover0570.tif,-0.002,1.812,1.637,0.044,0.054,1799.42503
0.01139,569,050_AlSiMg_200W_500mms_M0_G13_Test_Stepover0570.tif,0,1.811,1.616,0.044,0.053,1748.668536
0.011395,569,050_AlSiMg_200W_500mms_M0_G13_Test_Stepover0570.tif,0.001,1.808,1.614,0.044,0.055,1711.390691
0.0114,570,050_AlSiMg_200W_500mms_M0_G13_Test_Stepover0571.tif,-0.001,1.804,1.625,0.045,0.055,1734.157645
0.011405,570,050_AlSiMg_200W_500mms_M0_G13_Test_Stepover0571.tif,0.001,1.797,1.693,0.045,0.055,1728.164842
0.01141,570,050_AlSiMg_200W_500mms_M0_G13_Test_Stepover0571.tif,-0.002,1.783,1.664,0.046,0.055,1761.953986
0.011415,570,050_AlSiMg_200W_500mms_M0_G13_Test_Stepover0571.tif,-0.001,1.776,1.665,0.047,0.057,1774.548718
0.01142,571,050_AlSiMg_200W_500mms_M0_G13_Test_Stepover0572.tif,-0.002,1.77,1.692,0.045,0.054,1787.143449
0.011425,571,050_AlSiMg_200W_500mms_M0_G13_Test_Stepover0572.tif,0,1.77,1.731,0.044,0.053,1750.007865
0.01143,571,050_AlSiMg_200W_500mms_M0_G13_Test_Stepover0572.tif,0,1.776,1.677,0.044,0.053,1725.632219
0.011435,571,050_AlSiMg_200W_500mms_M0_G13_Test_Stepover0572.tif,0,1.781,1.642,0.044,0.055,1682.20231
0.01144,572,050_AlSiMg_200W_500mms_M0_G13_Test_Stepover0573.tif,-0.002,1.79,1.64,0.044,0.055,1651.833861
0.011445,572,050_AlSiMg_200W_500mms_M0_G13_Test_Stepover0573.tif,0.001,1.802,1.658,0.045,0.057,1639.23913
0.01145,572,050_AlSiMg_200W_500mms_M0_G13_Test_Stepover0573.tif,-0.001,1.807,1.663,0.044,0.055,1614.482453
0.011455,572,050_AlSiMg_200W_500mms_M0_G13_Test_Stepover0573.tif,0,1.807,1.665,0.045,0.055,1635.591119
0.01146,573,050_AlSiMg_200W_500mms_M0_G13_Test_Stepover0574.tif,0,1.802,1.622,0.044,0.057,1703.545651
0.011465,573,050_AlSiMg_200W_500mms_M0_G13_Test_Stepover0574.tif,-0.001,1.8,1.649,0.046,0.056,1721.319369
0.01147,573,050_AlSiMg_200W_500mms_M0_G13_Test_Stepover0574.tif,-0.002,1.8,1.651,0.047,0.055,1737.334795
0.011475,573,050_AlSiMg_200W_500mms_M0_G13_Test_Stepover0574.tif,0.001,1.787,1.657,0.045,0.055,1762.091472
0.01148,574,050_AlSiMg_200W_500mms_M0_G13_Test_Stepover0575.tif,0,1.776,1.661,0.045,0.054,1848.254779
0.011485,574,050_AlSiMg_200W_500mms_M0_G13_Test_Stepover0575.tif,0,1.775,1.681,0.044,0.055,1848.254779
0.01149,574,050_AlSiMg_200W_500mms_M0_G13_Test_Stepover0575.tif,0.001,1.77,1.667,0.049,0.055,1837.165837
0.011495,574,050_AlSiMg_200W_500mms_M0_G13_Test_Stepover0575.tif,-0.002,1.777,1.713,0.047,0.055,1843.786872
0.0115,575,050_AlSiMg_200W_500mms_M0_G13_Test_Stepover0576.tif,-0.001,1.78,1.677,0.046,0.057,1853.716725
0.011505,575,050_AlSiMg_200W_500mms_M0_G13_Test_Stepover0576.tif,-0.002,1.788,1.66,0.047,0.056,1804.758519
0.01151,575,050_AlSiMg_200W_500mms_M0_G13_Test_Stepover0576.tif,0.001,1.804,1.658,0.047,0.058,1786.854932
0.011515,575,050_AlSiMg_200W_500mms_M0_G13_Test_Stepover0576.tif,0,1.814,1.66,0.047,0.055,1838.483923
0.01152,576,050_AlSiMg_200W_500mms_M0_G13_Test_Stepover0577.tif,0.002,1.811,1.643,0.047,0.056,1798.073743
0.011525,576,050_AlSiMg_200W_500mms_M0_G13_Test_Stepover0577.tif,-0.002,1.809,1.623,0.047,0.055,1794.828666
0.01153,576,050_AlSiMg_200W_500mms_M0_G13_Test_Stepover0577.tif,-0.001,1.808,1.605,0.044,0.055,1794.828666
0.011535,576,050_AlSiMg_200W_500mms_M0_G13_Test_Stepover0577.tif,-0.002,1.807,1.623,0.046,0.057,1791.554069
0.01154,577,050_AlSiMg_200W_500mms_M0_G13_Test_Stepover0578.tif,-0.002,1.795,1.619,0.047,0.055,1770.375886
0.011545,577,050_AlSiMg_200W_500mms_M0_G13_Test_Stepover0578.tif,-0.001,1.783,1.604,0.046,0.055,1770.375886
0.01155,577,050_AlSiMg_200W_500mms_M0_G13_Test_Stepover0578.tif,0.001,1.78,1.6,0.046,0.055,1770.375886
0.011555,577,050_AlSiMg_200W_500mms_M0_G13_Test_Stepover0578.tif,-0.002,1.781,1.605,0.044,0.055,1773.564921
0.01156,578,050_AlSiMg_200W_500mms_M0_G13_Test_Stepover0579.tif,-0.001,1.784,1.614,0.046,0.057,1760.804983
0.011565,578,050_AlSiMg_200W_500mms_M0_G13_Test_Stepover0579.tif,-0.001,1.787,1.693,0.048,0.056,1748.045046
0.01157,578,050_AlSiMg_200W_500mms_M0_G13_Test_Stepover0579.tif,-0.002,1.787,1.639,0.047,0.057,1829.627119
0.011575,578,050_AlSiMg_200W_500mms_M0_G13_Test_Stepover0579.tif,-0.002,1.801,1.615,0.047,0.057,1881.25611
0.01158,579,050_AlSiMg_200W_500mms_M0_G13_Test_Stepover0580.tif,0,1.805,1.678,0.048,0.055,1878.067075
0.011585,579,050_AlSiMg_200W_500mms_M0_G13_Test_Stepover0580.tif,0,1.807,1.661,0.047,0.055,1897.306671
0.01159,579,050_AlSiMg_200W_500mms_M0_G13_Test_Stepover0580.tif,-0.001,1.804,1.693,0.047,0.055,1931.244792
0.011595,579,050_AlSiMg_200W_500mms_M0_G13_Test_Stepover0580.tif,0,1.802,1.65,0.048,0.057,1931.244792
0.0116,580,050_AlSiMg_200W_500mms_M0_G13_Test_Stepover0581.tif,-0.002,1.797,1.685,0.047,0.055,1948.146143
0.011605,580,050_AlSiMg_200W_500mms_M0_G13_Test_Stepover0581.tif,0.001,1.791,1.668,0.048,0.055,1948.146143
0.01161,580,050_AlSiMg_200W_500mms_M0_G13_Test_Stepover0581.tif,-0.001,1.779,1.702,0.046,0.053,2005.754582
0.011615,580,050_AlSiMg_200W_500mms_M0_G13_Test_Stepover0581.tif,-0.002,1.772,1.678,0.047,0.055,1934.463944
0.01162,581,050_AlSiMg_200W_500mms_M0_G13_Test_Stepover0582.tif,-0.002,1.77,1.713,0.047,0.053,1911.195637
0.011625,581,050_AlSiMg_200W_500mms_M0_G13_Test_Stepover0582.tif,-0.002,1.773,1.685,0.044,0.056,1873.116103
0.01163,581,050_AlSiMg_200W_500mms_M0_G13_Test_Stepover0582.tif,0,1.777,1.726,0.047,0.055,1814.802336
0.011635,581,050_AlSiMg_200W_500mms_M0_G13_Test_Stepover0582.tif,-0.001,1.779,1.737,0.046,0.055,1747.3678
0.01164,582,050_AlSiMg_200W_500mms_M0_G13_Test_Stepover0583.tif,-0.002,1.794,1.723,0.044,0.055,2234.123435
0.011645,582,050_AlSiMg_200W_500mms_M0_G13_Test_Stepover0583.tif,0,1.802,1.668,0.045,0.054,2230.861231
0.01165,582,050_AlSiMg_200W_500mms_M0_G13_Test_Stepover0583.tif,0.001,1.807,1.7,0.058,0.055,2437.699336
0.011655,582,050_AlSiMg_200W_500mms_M0_G13_Test_Stepover0583.tif,-0.002,1.808,1.665,0.046,0.054,2563.951826
0.01166,583,050_AlSiMg_200W_500mms_M0_G13_Test_Stepover0584.tif,-0.002,1.804,1.647,0.053,0.055,2588.476448
0.011665,583,050_AlSiMg_200W_500mms_M0_G13_Test_Stepover0584.tif,0.001,1.798,1.682,0.056,0.062,2148.486828
0.01167,583,050_AlSiMg_200W_500mms_M0_G13_Test_Stepover0584.tif,0,1.8,1.643,0.047,0.055,2133.845445
0.011675,583,050_AlSiMg_200W_500mms_M0_G13_Test_Stepover0584.tif,-0.002,1.787,1.706,0.045,0.054,1907.645475
0.01168,584,050_AlSiMg_200W_500mms_M0_G13_Test_Stepover0585.tif,0.002,1.779,1.681,0.047,0.056,1765.015738
0.011685,584,050_AlSiMg_200W_500mms_M0_G13_Test_Stepover0585.tif,-0.002,1.775,1.674,0.045,0.055,1706.701972
0.01169,584,050_AlSiMg_200W_500mms_M0_G13_Test_Stepover0585.tif,-0.002,1.777,1.703,0.043,0.055,1710.048411
0.011695,584,050_AlSiMg_200W_500mms_M0_G13_Test_Stepover0585.tif,0,1.779,1.733,0.044,0.055,1690.746898
0.0117,585,050_AlSiMg_200W_500mms_M0_G13_Test_Stepover0586.tif,0,1.78,1.717,0.046,0.055,1731.286946
0.011705,585,050_AlSiMg_200W_500mms_M0_G13_Test_Stepover0586.tif,0,1.79,1.672,0.046,0.056,1747.664193
0.01171,585,050_AlSiMg_200W_500mms_M0_G13_Test_Stepover0586.tif,0,1.804,1.738,0.047,0.055,1751.03967
0.011715,585,050_AlSiMg_200W_500mms_M0_G13_Test_Stepover0586.tif,0,1.807,1.699,0.044,0.055,1917.334119
0.01172,586,050_AlSiMg_200W_500mms_M0_G13_Test_Stepover0587.tif,0,1.807,1.692,0.045,0.056,1933.361035
0.011725,586,050_AlSiMg_200W_500mms_M0_G13_Test_Stepover0587.tif,0,1.807,1.728,0.052,0.055,1936.55007
0.01173,586,050_AlSiMg_200W_500mms_M0_G13_Test_Stepover0587.tif,-0.001,1.804,1.751,0.046,0.055,1966.918519
0.011735,586,050_AlSiMg_200W_500mms_M0_G13_Test_Stepover0587.tif,0.001,1.807,1.692,0.048,0.056,1963.543042
0.01174,587,050_AlSiMg_200W_500mms_M0_G13_Test_Stepover0588.tif,0,1.797,1.7,0.044,0.053,1793.902155
0.011745,587,050_AlSiMg_200W_500mms_M0_G13_Test_Stepover0588.tif,-0.003,1.787,1.668,0.044,0.055,1774.540289
0.01175,587,050_AlSiMg_200W_500mms_M0_G13_Test_Stepover0588.tif,0.001,1.781,1.661,0.045,0.054,1734.146155
0.011755,587,050_AlSiMg_200W_500mms_M0_G13_Test_Stepover0588.tif,-0.001,1.777,1.656,0.045,0.055,1737.56685
0.01176,588,050_AlSiMg_200W_500mms_M0_G13_Test_Stepover0589.tif,-0.002,1.775,1.7,0.046,0.056,1795.880616
0.011765,588,050_AlSiMg_200W_500mms_M0_G13_Test_Stepover0589.tif,0.001,1.78,1.664,0.045,0.054,1779.86519
0.01177,588,050_AlSiMg_200W_500mms_M0_G13_Test_Stepover0589.tif,0,1.784,1.686,0.047,0.055,1733.984176
0.011775,588,050_AlSiMg_200W_500mms_M0_G13_Test_Stepover0589.tif,-0.001,1.798,1.731,0.045,0.055,1730.649227
0.01178,589,050_AlSiMg_200W_500mms_M0_G13_Test_Stepover0590.tif,0,1.808,1.696,0.043,0.056,1714.633801
0.011785,589,050_AlSiMg_200W_500mms_M0_G13_Test_Stepover0590.tif,-0.001,1.807,1.7,0.045,0.055,1656.320034
0.01179,589,050_AlSiMg_200W_500mms_M0_G13_Test_Stepover0590.tif,0,1.804,1.717,0.045,0.055,1622.169069
0.011795,589,050_AlSiMg_200W_500mms_M0_G13_Test_Stepover0590.tif,-0.002,1.801,1.712,0.044,0.055,1671.385032
0.0118,590,050_AlSiMg_200W_500mms_M0_G13_Test_Stepover0591.tif,-0.001,1.8,1.672,0.043,0.055,1690.746898
0.011805,590,050_AlSiMg_200W_500mms_M0_G13_Test_Stepover0591.tif,0,1.793,1.705,0.046,0.056,1656.595932
0.01181,590,050_AlSiMg_200W_500mms_M0_G13_Test_Stepover0591.tif,-0.001,1.78,1.671,0.046,0.055,1680.971579
0.011815,590,050_AlSiMg_200W_500mms_M0_G13_Test_Stepover0591.tif,0,1.772,1.695,0.043,0.055,1731.13797
0.01182,591,050_AlSiMg_200W_500mms_M0_G13_Test_Stepover0592.tif,0.001,1.77,1.678,0.047,0.057,1791.611377
0.011825,591,050_AlSiMg_200W_500mms_M0_G13_Test_Stepover0592.tif,0.001,1.77,1.672,0.045,0.054,1741.498922
0.01183,591,050_AlSiMg_200W_500mms_M0_G13_Test_Stepover0592.tif,0,1.775,1.654,0.048,0.055,1833.091287
0.011835,591,050_AlSiMg_200W_500mms_M0_G13_Test_Stepover0592.tif,0.001,1.781,1.696,0.044,0.056,1826.489359
0.01184,592,050_AlSiMg_200W_500mms_M0_G13_Test_Stepover0593.tif,-0.002,1.795,1.685,0.046,0.053,1826.489359
0.011845,592,050_AlSiMg_200W_500mms_M0_G13_Test_Stepover0593.tif,0,1.805,1.681,0.045,0.055,1803.221052
0.01185,592,050_AlSiMg_200W_500mms_M0_G13_Test_Stepover0593.tif,-0.001,1.808,1.66,0.045,0.054,1874.51169
0.011855,592,050_AlSiMg_200W_500mms_M0_G13_Test_Stepover0593.tif,-0.002,1.811,1.67,0.047,0.055,1820.405239
0.01186,593,050_AlSiMg_200W_500mms_M0_G13_Test_Stepover0594.tif,-0.001,1.805,1.651,0.047,0.055,1860.945288
0.011865,593,050_AlSiMg_200W_500mms_M0_G13_Test_Stepover0594.tif,-0.001,1.802,1.677,0.046,0.056,1864.291727
0.01187,593,050_AlSiMg_200W_500mms_M0_G13_Test_Stepover0594.tif,0,1.802,1.647,0.047,0.055,1843.113543
0.011875,593,050_AlSiMg_200W_500mms_M0_G13_Test_Stepover0594.tif,0,1.787,1.654,0.046,0.055,1821.93536
0.01188,594,050_AlSiMg_200W_500mms_M0_G13_Test_Stepover0595.tif,0,1.78,1.626,0.046,0.055,1800.826693
0.011885,594,050_AlSiMg_200W_500mms_M0_G13_Test_Stepover0595.tif,0,1.776,1.629,0.046,0.055,1763.621593
0.01189,594,050_AlSiMg_200W_500mms_M0_G13_Test_Stepover0595.tif,0.001,1.777,1.618,0.044,0.055,1784.799777
0.011895,594,050_AlSiMg_200W_500mms_M0_G13_Test_Stepover0595.tif,0,1.776,1.611,0.046,0.056,1747.664193
0.0119,595,050_AlSiMg_200W_500mms_M0_G13_Test_Stepover0596.tif,-0.002,1.783,1.609,0.047,0.055,1954.502298
0.011905,595,050_AlSiMg_200W_500mms_M0_G13_Test_Stepover0596.tif,-0.001,1.794,1.643,0.044,0.055,1972.276016
0.01191,595,050_AlSiMg_200W_500mms_M0_G13_Test_Stepover0596.tif,-0.002,1.808,1.614,0.053,0.055,2009.481116
0.011915,595,050_AlSiMg_200W_500mms_M0_G13_Test_Stepover0596.tif,-0.001,1.816,1.584,0.045,0.055,1965.535979
0.01192,596,050_AlSiMg_200W_500mms_M0_G13_Test_Stepover0597.tif,0,1.815,1.586,0.047,0.055,1965.535979
0.011925,596,050_AlSiMg_200W_500mms_M0_G13_Test_Stepover0597.tif,0,1.815,1.594,0.044,0.054,1739.336009
0.01193,596,050_AlSiMg_200W_500mms_M0_G13_Test_Stepover0597.tif,0,1.809,1.586,0.044,0.055,1751.93074
0.011935,596,050_AlSiMg_200W_500mms_M0_G13_Test_Stepover0597.tif,0.001,1.805,1.584,0.045,0.055,1707.985603
0.01194,597,050_AlSiMg_200W_500mms_M0_G13_Test_Stepover0598.tif,0.001,1.793,1.605,0.044,0.053,1693.616973
0.011945,597,050_AlSiMg_200W_500mms_M0_G13_Test_Stepover0598.tif,-0.001,1.777,1.632,0.044,0.054,1751.93074
0.01195,597,050_AlSiMg_200W_500mms_M0_G13_Test_Stepover0598.tif,-0.001,1.77,1.663,0.044,0.055,1774.567202
0.011955,597,050_AlSiMg_200W_500mms_M0_G13_Test_Stepover0598.tif,-0.002,1.772,1.637,0.047,0.055,1781.334336
0.01196,598,050_AlSiMg_200W_500mms_M0_G13_Test_Stepover0599.tif,0.001,1.77,1.653,0.047,0.056,1804.10129
0.011965,598,050_AlSiMg_200W_500mms_M0_G13_Test_Stepover0599.tif,0.001,1.777,1.625,0.046,0.055,1844.51147
0.01197,598,050_AlSiMg_200W_500mms_M0_G13_Test_Stepover0599.tif,0.001,1.779,1.656,0.046,0.055,1823.333287
0.011975,598,050_AlSiMg_200W_500mms_M0_G13_Test_Stepover0599.tif,0,1.795,1.623,0.047,0.056,1841.236873
0.01198,599,050_AlSiMg_200W_500mms_M0_G13_Test_Stepover0600.tif,0,1.805,1.721,0.046,0.055,1862.415057
0.011985,599,050_AlSiMg_200W_500mms_M0_G13_Test_Stepover0600.tif,-0.001,1.805,1.707,0.047,0.055,1862.415057
0.01199,599,050_AlSiMg_200W_500mms_M0_G13_Test_Stepover0600.tif,-0.002,1.804,1.658,0.047,0.055,1839.778595
0.011995,599,050_AlSiMg_200W_500mms_M0_G13_Test_Stepover0600.tif,-0.002,1.801,1.651,0.046,0.055,1812.572864
0.012,600,050_AlSiMg_200W_500mms_M0_G13_Test_Stepover0601.tif,-0.002,1.801,1.685,0.045,0.055,1741.282226
0.012005,600,050_AlSiMg_200W_500mms_M0_G13_Test_Stepover0601.tif,0,1.797,1.65,0.047,0.058,1758.183577
0.01201,600,050_AlSiMg_200W_500mms_M0_G13_Test_Stepover0601.tif,0,1.784,1.66,0.044,0.056,1754.837138
0.012015,600,050_AlSiMg_200W_500mms_M0_G13_Test_Stepover0601.tif,0.001,1.773,1.657,0.046,0.053,1761.439066
0.01202,601,050_AlSiMg_200W_500mms_M0_G13_Test_Stepover0602.tif,0.001,1.773,1.654,0.045,0.054,1791.919393
0.012025,601,050_AlSiMg_200W_500mms_M0_G13_Test_Stepover0602.tif,-0.002,1.779,1.681,0.047,0.057,1804.896264
0.01203,601,050_AlSiMg_200W_500mms_M0_G13_Test_Stepover0602.tif,0.001,1.78,1.658,0.047,0.056,1723.314061
0.012035,601,050_AlSiMg_200W_500mms_M0_G13_Test_Stepover0602.tif,0,1.786,1.723,0.044,0.055,1747.838684
0.01204,602,050_AlSiMg_200W_500mms_M0_G13_Test_Stepover0603.tif,0,1.802,1.677,0.046,0.058,2067.157357
0.012045,602,050_AlSiMg_200W_500mms_M0_G13_Test_Stepover0603.tif,0.001,1.814,1.698,0.047,0.055,2127.970858
0.01205,602,050_AlSiMg_200W_500mms_M0_G13_Test_Stepover0603.tif,-0.001,1.818,1.665,0.055,0.055,2209.552932
0.012055,602,050_AlSiMg_200W_500mms_M0_G13_Test_Stepover0603.tif,-0.001,1.819,1.712,0.047,0.053,2225.84987
0.01206,603,050_AlSiMg_200W_500mms_M0_G13_Test_Stepover0604.tif,0.001,1.814,1.665,0.048,0.055,2204.671687
0.012065,603,050_AlSiMg_200W_500mms_M0_G13_Test_Stepover0604.tif,-0.001,1.811,1.688,0.047,0.058,1825.478006
0.01207,603,050_AlSiMg_200W_500mms_M0_G13_Test_Stepover0604.tif,-0.002,1.802,1.675,0.046,0.055,1764.664505
0.012075,603,050_AlSiMg_200W_500mms_M0_G13_Test_Stepover0604.tif,-0.002,1.79,1.684,0.044,0.058,1658.325754
0.01208,604,050_AlSiMg_200W_500mms_M0_G13_Test_Stepover0605.tif,0.001,1.78,1.7,0.047,0.056,1635.419031
0.012085,604,050_AlSiMg_200W_500mms_M0_G13_Test_Stepover0605.tif,0,1.772,1.681,0.044,0.057,1635.419031
0.01209,604,050_AlSiMg_200W_500mms_M0_G13_Test_Stepover0605.tif,0,1.773,1.677,0.044,0.056,1688.69211
0.012095,604,050_AlSiMg_200W_500mms_M0_G13_Test_Stepover0605.tif,-0.002,1.776,1.733,0.046,0.055,1712.903045
0.0121,605,050_AlSiMg_200W_500mms_M0_G13_Test_Stepover0606.tif,0,1.779,1.688,0.045,0.055,1774.795305
0.012105,605,050_AlSiMg_200W_500mms_M0_G13_Test_Stepover0606.tif,-0.002,1.786,1.664,0.049,0.057,1824.90776
0.01211,605,050_AlSiMg_200W_500mms_M0_G13_Test_Stepover0606.tif,-0.002,1.797,1.665,0.046,0.055,1846.085943
0.012115,605,050_AlSiMg_200W_500mms_M0_G13_Test_Stepover0606.tif,0.001,1.807,1.667,0.046,0.055,1865.447808
0.01212,606,050_AlSiMg_200W_500mms_M0_G13_Test_Stepover0607.tif,-0.002,1.807,1.716,0.047,0.055,1821.93536
0.012125,606,050_AlSiMg_200W_500mms_M0_G13_Test_Stepover0607.tif,-0.002,1.805,1.707,0.046,0.055,1763.333139
0.01213,606,050_AlSiMg_200W_500mms_M0_G13_Test_Stepover0607.tif,-0.001,1.801,1.65,0.046,0.056,1784.511322
0.012135,606,050_AlSiMg_200W_500mms_M0_G13_Test_Stepover0607.tif,-0.001,1.798,1.661,0.045,0.058,1888.787328
0.01214,607,050_AlSiMg_200W_500mms_M0_G13_Test_Stepover0608.tif,0,1.791,1.671,0.047,0.055,1892.061924
0.012145,607,050_AlSiMg_200W_500mms_M0_G13_Test_Stepover0608.tif,-0.001,1.779,1.663,0.049,0.053,1929.267024
0.01215,607,050_AlSiMg_200W_500mms_M0_G13_Test_Stepover0608.tif,0.001,1.773,1.639,0.047,0.056,1987.869245
0.012155,607,050_AlSiMg_200W_500mms_M0_G13_Test_Stepover0608.tif,-0.002,1.772,1.643,0.047,0.055,1932.930956
0.01216,608,050_AlSiMg_200W_500mms_M0_G13_Test_Stepover0609.tif,0,1.779,1.618,0.046,0.055,1788.114902
0.012165,608,050_AlSiMg_200W_500mms_M0_G13_Test_Stepover0609.tif,0.001,1.779,1.622,0.045,0.056,1765.47844
0.01217,608,050_AlSiMg_200W_500mms_M0_G13_Test_Stepover0609.tif,0,1.786,1.635,0.045,0.055,1808.388354
0.012175,608,050_AlSiMg_200W_500mms_M0_G13_Test_Stepover0609.tif,0,1.8,1.614,0.045,0.055,1764.295034
0.01218,609,050_AlSiMg_200W_500mms_M0_G13_Test_Stepover0610.tif,0.001,1.809,1.647,0.047,0.053,1778.693274
0.012185,609,050_AlSiMg_200W_500mms_M0_G13_Test_Stepover0610.tif,0,1.812,1.639,0.042,0.053,1801.329736
0.01219,609,050_AlSiMg_200W_500mms_M0_G13_Test_Stepover0610.tif,0.001,1.809,1.636,0.045,0.055,1835.269642
0.012195,609,050_AlSiMg_200W_500mms_M0_G13_Test_Stepover0610.tif,0.001,1.809,1.681,0.047,0.056,1764.414411
0.0122,610,050_AlSiMg_200W_500mms_M0_G13_Test_Stepover0611.tif,0.001,1.802,1.672,0.045,0.053,1801.740597
0.012205,610,050_AlSiMg_200W_500mms_M0_G13_Test_Stepover0611.tif,0,1.798,1.703,0.044,0.053,1783.966879
0.01221,610,050_AlSiMg_200W_500mms_M0_G13_Test_Stepover0611.tif,0,1.786,1.644,0.044,0.053,1777.345843
0.012215,610,050_AlSiMg_200W_500mms_M0_G13_Test_Stepover0611.tif,-0.002,1.776,1.619,0.044,0.055,1725.632219
0.01222,611,050_AlSiMg_200W_500mms_M0_G13_Test_Stepover0612.tif,0,1.78,1.621,0.045,0.054,1695.26377
0.012225,611,050_AlSiMg_200W_500mms_M0_G13_Test_Stepover0612.tif,-0.002,1.784,1.604,0.044,0.055,1695.26377
0.01223,611,050_AlSiMg_200W_500mms_M0_G13_Test_Stepover0612.tif,0,1.783,1.583,0.044,0.055,2038.95809
0.012235,611,050_AlSiMg_200W_500mms_M0_G13_Test_Stepover0612.tif,-0.001,1.784,1.579,0.044,0.053,1985.325134
0.01224,612,050_AlSiMg_200W_500mms_M0_G13_Test_Stepover0613.tif,0.001,1.798,1.607,0.056,0.056,2037.038759
0.012245,612,050_AlSiMg_200W_500mms_M0_G13_Test_Stepover0613.tif,-0.001,1.804,1.636,0.042,0.054,2037.038759
0.01225,612,050_AlSiMg_200W_500mms_M0_G13_Test_Stepover0613.tif,0.001,1.808,1.612,0.045,0.053,2058.383933
0.012255,612,050_AlSiMg_200W_500mms_M0_G13_Test_Stepover0613.tif,-0.002,1.802,1.626,0.044,0.055,1766.403238
0.01226,613,050_AlSiMg_200W_500mms_M0_G13_Test_Stepover0614.tif,0,1.804,1.651,0.045,0.053,1797.138184
0.012265,613,050_AlSiMg_200W_500mms_M0_G13_Test_Stepover0614.tif,-0.001,1.795,1.618,0.045,0.053,1745.42456
0.01227,613,050_AlSiMg_200W_500mms_M0_G13_Test_Stepover0614.tif,0.001,1.793,1.583,0.043,0.053,1741.980864
0.012275,613,050_AlSiMg_200W_500mms_M0_G13_Test_Stepover0614.tif,-0.002,1.781,1.588,0.044,0.055,1724.056384
0.01228,614,050_AlSiMg_200W_500mms_M0_G13_Test_Stepover0615.tif,-0.001,1.77,1.602,0.043,0.054,1686.71139
0.012285,614,050_AlSiMg_200W_500mms_M0_G13_Test_Stepover0615.tif,-0.002,1.766,1.584,0.045,0.054,1706.188704
0.01229,614,050_AlSiMg_200W_500mms_M0_G13_Test_Stepover0615.tif,-0.002,1.77,1.636,0.044,0.054,1723.962422
0.012295,614,050_AlSiMg_200W_500mms_M0_G13_Test_Stepover0615.tif,-0.001,1.776,1.63,0.044,0.053,1775.703383
0.0123,615,050_AlSiMg_200W_500mms_M0_G13_Test_Stepover0616.tif,-0.002,1.777,1.598,0.045,0.055,1759.687956
0.012305,615,050_AlSiMg_200W_500mms_M0_G13_Test_Stepover0616.tif,0,1.786,1.588,0.044,0.052,1797.032951
0.01231,615,050_AlSiMg_200W_500mms_M0_G13_Test_Stepover0616.tif,0.001,1.801,1.651,0.045,0.055,1818.378126
0.012315,615,050_AlSiMg_200W_500mms_M0_G13_Test_Stepover0616.tif,0,1.809,1.616,0.045,0.053,1814.973037
0.01232,616,050_AlSiMg_200W_500mms_M0_G13_Test_Stepover0617.tif,-0.001,1.807,1.626,0.045,0.053,1784.44949
0.012325,616,050_AlSiMg_200W_500mms_M0_G13_Test_Stepover0617.tif,-0.001,1.805,1.591,0.044,0.054,1784.44949
0.01233,616,050_AlSiMg_200W_500mms_M0_G13_Test_Stepover0617.tif,-0.002,1.801,1.611,0.045,0.055,1732.735866
0.012335,616,050_AlSiMg_200W_500mms_M0_G13_Test_Stepover0617.tif,-0.002,1.8,1.637,0.045,0.055,1711.390691
0.01234,617,050_AlSiMg_200W_500mms_M0_G13_Test_Stepover0618.tif,-0.001,1.79,1.618,0.044,0.055,1700.397539
0.012345,617,050_AlSiMg_200W_500mms_M0_G13_Test_Stepover0618.tif,-0.002,1.781,1.608,0.044,0.053,1700.397539
0.01235,617,050_AlSiMg_200W_500mms_M0_G13_Test_Stepover0618.tif,0,1.777,1.615,0.045,0.056,1712.99227
0.012355,617,050_AlSiMg_200W_500mms_M0_G13_Test_Stepover0618.tif,0.001,1.776,1.612,0.045,0.055,1743.360719
0.01236,618,050_AlSiMg_200W_500mms_M0_G13_Test_Stepover0619.tif,0.001,1.777,1.604,0.044,0.053,1734.100937
0.012365,618,050_AlSiMg_200W_500mms_M0_G13_Test_Stepover0619.tif,0,1.781,1.598,0.044,0.053,1761.093909
0.01237,618,050_AlSiMg_200W_500mms_M0_G13_Test_Stepover0619.tif,0,1.79,1.591,0.046,0.056,1726.942944
0.012375,618,050_AlSiMg_200W_500mms_M0_G13_Test_Stepover0619.tif,0,1.801,1.622,0.044,0.053,1707.46563
0.01238,619,050_AlSiMg_200W_500mms_M0_G13_Test_Stepover0620.tif,-0.001,1.808,1.623,0.043,0.055,1677.097181
0.012385,619,050_AlSiMg_200W_500mms_M0_G13_Test_Stepover0620.tif,-0.002,1.808,1.611,0.043,0.053,1686.356963
0.01239,619,050_AlSiMg_200W_500mms_M0_G13_Test_Stepover0620.tif,0.001,1.815,1.628,0.044,0.055,1757.212195
0.012395,619,050_AlSiMg_200W_500mms_M0_G13_Test_Stepover0620.tif,0,1.811,1.602,0.044,0.053,1852.02634
0.0124,620,050_AlSiMg_200W_500mms_M0_G13_Test_Stepover0621.tif,-0.002,1.809,1.612,0.047,0.053,1844.510681
0.012405,620,050_AlSiMg_200W_500mms_M0_G13_Test_Stepover0621.tif,-0.001,1.804,1.675,0.047,0.054,1874.879131
0.01241,620,050_AlSiMg_200W_500mms_M0_G13_Test_Stepover0621.tif,0.001,1.787,1.633,0.045,0.056,1812.990449
0.012415,620,050_AlSiMg_200W_500mms_M0_G13_Test_Stepover0621.tif,-0.001,1.779,1.595,0.044,0.053,1748.902351
0.01242,621,050_AlSiMg_200W_500mms_M0_G13_Test_Stepover0622.tif,-0.001,1.779,1.594,0.042,0.055,1670.465453
0.012425,621,050_AlSiMg_200W_500mms_M0_G13_Test_Stepover0622.tif,0.001,1.779,1.586,0.046,0.055,1667.089976
0.01243,621,050_AlSiMg_200W_500mms_M0_G13_Test_Stepover0622.tif,-0.002,1.78,1.591,0.044,0.055,1636.721527
0.012435,621,050_AlSiMg_200W_500mms_M0_G13_Test_Stepover0622.tif,0,1.784,1.594,0.044,0.055,1678.171612
0.01244,622,050_AlSiMg_200W_500mms_M0_G13_Test_Stepover0623.tif,-0.001,1.791,1.612,0.044,0.055,1641.036029
0.012445,622,050_AlSiMg_200W_500mms_M0_G13_Test_Stepover0623.tif,0.003,1.801,1.598,0.047,0.058,1655.404659
0.01245,622,050_AlSiMg_200W_500mms_M0_G13_Test_Stepover0623.tif,-0.002,1.804,1.625,0.044,0.055,1649.037573
0.012455,622,050_AlSiMg_200W_500mms_M0_G13_Test_Stepover0623.tif,0,1.804,1.625,0.044,0.054,1649.037573
0.01246,623,050_AlSiMg_200W_500mms_M0_G13_Test_Stepover0624.tif,-0.002,1.802,1.635,0.046,0.058,1676.243304
0.012465,623,050_AlSiMg_200W_500mms_M0_G13_Test_Stepover0624.tif,0.001,1.801,1.622,0.044,0.055,2150.022069
0.01247,623,050_AlSiMg_200W_500mms_M0_G13_Test_Stepover0624.tif,-0.002,1.797,1.651,0.046,0.055,2169.442583
0.012475,623,050_AlSiMg_200W_500mms_M0_G13_Test_Stepover0624.tif,-0.001,1.783,1.621,0.059,0.053,2227.523293
0.01248,624,050_AlSiMg_200W_500mms_M0_G13_Test_Stepover0625.tif,-0.001,1.77,1.64,0.045,0.054,2214.546422
0.012485,624,050_AlSiMg_200W_500mms_M0_G13_Test_Stepover0625.tif,0,1.773,1.637,0.045,0.053,2180.786316
0.01249,624,050_AlSiMg_200W_500mms_M0_G13_Test_Stepover0625.tif,0.001,1.773,1.608,0.044,0.056,1707.007551
0.012495,624,050_AlSiMg_200W_500mms_M0_G13_Test_Stepover0625.tif,-0.001,1.775,1.689,0.045,0.056,1707.007551
0.0125,625,050_AlSiMg_200W_500mms_M0_G13_Test_Stepover0626.tif,-0.002,1.777,1.625,0.044,0.055,1689.083071
0.012505,625,050_AlSiMg_200W_500mms_M0_G13_Test_Stepover0626.tif,-0.002,1.791,1.612,0.045,0.054,1712.951078
0.01251,625,050_AlSiMg_200W_500mms_M0_G13_Test_Stepover0626.tif,0,1.807,1.601,0.045,0.054,1739.944049
0.012515,625,050_AlSiMg_200W_500mms_M0_G13_Test_Stepover0626.tif,0,1.811,1.703,0.043,0.053,1841.16773
0.01252,626,050_AlSiMg_200W_500mms_M0_G13_Test_Stepover0627.tif,0,1.814,1.64,0.044,0.053,1807.378586
0.012525,626,050_AlSiMg_200W_500mms_M0_G13_Test_Stepover0627.tif,-0.001,1.809,1.604,0.047,0.053,1787.958072
0.01253,626,050_AlSiMg_200W_500mms_M0_G13_Test_Stepover0627.tif,0.001,1.812,1.614,0.044,0.055,1791.435566
0.012535,626,050_AlSiMg_200W_500mms_M0_G13_Test_Stepover0627.tif,0,1.809,1.65,0.044,0.054,1748.090246
0.01254,627,050_AlSiMg_200W_500mms_M0_G13_Test_Stepover0628.tif,-0.002,1.795,1.605,0.044,0.054,1698.580189
0.012545,627,050_AlSiMg_200W_500mms_M0_G13_Test_Stepover0628.tif,-0.001,1.784,1.622,0.044,0.056,1712.948819
0.01255,627,050_AlSiMg_200W_500mms_M0_G13_Test_Stepover0628.tif,-0.002,1.783,1.612,0.045,0.053,1728.948638
0.012555,627,050_AlSiMg_200W_500mms_M0_G13_Test_Stepover0628.tif,-0.002,1.783,1.612,0.044,0.054,1762.877273
0.01256,628,050_AlSiMg_200W_500mms_M0_G13_Test_Stepover0629.tif,0,1.784,1.602,0.044,0.053,1806.222593
0.012565,628,050_AlSiMg_200W_500mms_M0_G13_Test_Stepover0629.tif,-0.002,1.784,1.598,0.044,0.052,1784.877419
0.01257,628,050_AlSiMg_200W_500mms_M0_G13_Test_Stepover0629.tif,0.001,1.79,1.6,0.044,0.053,1750.664978
0.012575,628,050_AlSiMg_200W_500mms_M0_G13_Test_Stepover0629.tif,0,1.807,1.593,0.044,0.053,1921.62151
0.01258,629,050_AlSiMg_200W_500mms_M0_G13_Test_Stepover0630.tif,-0.002,1.811,1.597,0.042,0.054,1903.692694
0.012585,629,050_AlSiMg_200W_500mms_M0_G13_Test_Stepover0630.tif,0,1.809,1.6,0.051,0.054,1887.692875
0.01259,629,050_AlSiMg_200W_500mms_M0_G13_Test_Stepover0630.tif,0.001,1.807,1.628,0.044,0.053,1970.349811
0.012595,629,050_AlSiMg_200W_500mms_M0_G13_Test_Stepover0630.tif,-0.002,1.805,1.67,0.044,0.054,1990.193622
0.0126,630,050_AlSiMg_200W_500mms_M0_G13_Test_Stepover0631.tif,-0.002,1.8,1.667,0.051,0.057,1847.182407
0.012605,630,050_AlSiMg_200W_500mms_M0_G13_Test_Stepover0631.tif,-0.002,1.794,1.626,0.044,0.055,1868.527582
0.01261,630,050_AlSiMg_200W_500mms_M0_G13_Test_Stepover0631.tif,-0.001,1.779,1.6,0.047,0.055,1871.93267
0.012615,630,050_AlSiMg_200W_500mms_M0_G13_Test_Stepover0631.tif,-0.001,1.773,1.593,0.045,0.053,1758.907285
0.01262,631,050_AlSiMg_200W_500mms_M0_G13_Test_Stepover0632.tif,-0.001,1.769,1.605,0.045,0.055,1807.20455
0.012625,631,050_AlSiMg_200W_500mms_M0_G13_Test_Stepover0632.tif,0,1.772,1.587,0.044,0.055,1793.690451
0.01263,631,050_AlSiMg_200W_500mms_M0_G13_Test_Stepover0632.tif,0.001,1.773,1.584,0.044,0.052,1833.523433
0.012635,631,050_AlSiMg_200W_500mms_M0_G13_Test_Stepover0632.tif,-0.001,1.779,1.587,0.043,0.051,1784.229481
0.01264,632,050_AlSiMg_200W_500mms_M0_G13_Test_Stepover0633.tif,0,1.795,1.591,0.044,0.05,1795.120617
0.012645,632,050_AlSiMg_200W_500mms_M0_G13_Test_Stepover0633.tif,0,1.804,1.58,0.042,0.055,1773.694326
0.01265,632,050_AlSiMg_200W_500mms_M0_G13_Test_Stepover0633.tif,0,1.807,1.608,0.043,0.053,1697.374425
0.012655,632,050_AlSiMg_200W_500mms_M0_G13_Test_Stepover0633.tif,0,1.809,1.619,0.043,0.052,1616.718955
0.01266,633,050_AlSiMg_200W_500mms_M0_G13_Test_Stepover0634.tif,0,1.808,1.609,0.042,0.055,1678.607637
0.012665,633,050_AlSiMg_200W_500mms_M0_G13_Test_Stepover0634.tif,-0.001,1.805,1.598,0.043,0.053,1521.495266
0.01267,633,050_AlSiMg_200W_500mms_M0_G13_Test_Stepover0634.tif,-0.001,1.804,1.584,0.044,0.053,1512.398011
0.012675,633,050_AlSiMg_200W_500mms_M0_G13_Test_Stepover0634.tif,0,1.79,1.573,0.068,0.053,1558.286874
0.01268,634,050_AlSiMg_200W_500mms_M0_G13_Test_Stepover0635.tif,0,1.779,1.565,0.045,0.055,1547.395738
0.012685,634,050_AlSiMg_200W_500mms_M0_G13_Test_Stepover0635.tif,0.001,1.779,1.591,0.044,0.054,1517.027289
0.01269,634,050_AlSiMg_200W_500mms_M0_G13_Test_Stepover0635.tif,0,1.776,1.629,0.044,0.055,1656.290787
0.012695,634,050_AlSiMg_200W_500mms_M0_G13_Test_Stepover0635.tif,0,1.779,1.614,0.044,0.055,1631.559332
0.0127,635,050_AlSiMg_200W_500mms_M0_G13_Test_Stepover0636.tif,-0.002,1.779,1.594,0.042,0.053,1650.979846
0.012705,635,050_AlSiMg_200W_500mms_M0_G13_Test_Stepover0636.tif,-0.002,1.788,1.611,0.042,0.053,1644.022109
0.01271,635,050_AlSiMg_200W_500mms_M0_G13_Test_Stepover0636.tif,-0.002,1.801,1.584,0.045,0.054,1658.390739
0.012715,635,050_AlSiMg_200W_500mms_M0_G13_Test_Stepover0636.tif,0.001,1.805,1.604,0.042,0.053,1654.804132
0.01272,636,050_AlSiMg_200W_500mms_M0_G13_Test_Stepover0637.tif,-0.001,1.805,1.579,0.044,0.054,1692.130318
0.012725,636,050_AlSiMg_200W_500mms_M0_G13_Test_Stepover0637.tif,0,1.807,1.605,0.041,0.052,1710.054798
0.01273,636,050_AlSiMg_200W_500mms_M0_G13_Test_Stepover0637.tif,0,1.798,1.604,0.044,0.053,1747.380984
0.012735,636,050_AlSiMg_200W_500mms_M0_G13_Test_Stepover0637.tif,-0.002,1.795,1.607,0.045,0.053,1756.306429
0.01274,637,050_AlSiMg_200W_500mms_M0_G13_Test_Stepover0638.tif,0.001,1.784,1.674,0.044,0.053,1781.219404
0.012745,637,050_AlSiMg_200W_500mms_M0_G13_Test_Stepover0638.tif,-0.003,1.775,1.637,0.042,0.051,1795.650622
0.01275,637,050_AlSiMg_200W_500mms_M0_G13_Test_Stepover0638.tif,0,1.772,1.587,0.044,0.054,1751.275866
0.012755,637,050_AlSiMg_200W_500mms_M0_G13_Test_Stepover0638.tif,-0.002,1.773,1.58,0.043,0.051,1765.707084
0.01276,638,050_AlSiMg_200W_500mms_M0_G13_Test_Stepover0639.tif,0,1.776,1.609,0.042,0.052,1749.751877
0.012765,638,050_AlSiMg_200W_500mms_M0_G13_Test_Stepover0639.tif,-0.001,1.781,1.587,0.043,0.051,1746.274383
0.01277,638,050_AlSiMg_200W_500mms_M0_G13_Test_Stepover0639.tif,-0.001,1.787,1.611,0.042,0.052,1731.843164
0.012775,638,050_AlSiMg_200W_500mms_M0_G13_Test_Stepover0639.tif,-0.002,1.804,1.622,0.043,0.053,1793.034509
0.01278,639,050_AlSiMg_200W_500mms_M0_G13_Test_Stepover0640.tif,0,1.811,1.629,0.044,0.053,1741.277104
0.012785,639,050_AlSiMg_200W_500mms_M0_G13_Test_Stepover0640.tif,0.001,1.812,1.637,0.044,0.051,1782.235501
0.01279,639,050_AlSiMg_200W_500mms_M0_G13_Test_Stepover0640.tif,-0.001,1.812,1.619,0.042,0.053,1767.90067
0.012795,639,050_AlSiMg_200W_500mms_M0_G13_Test_Stepover0640.tif,0,1.808,1.604,0.044,0.052,1767.90067
0.0128,640,050_AlSiMg_200W_500mms_M0_G13_Test_Stepover0641.tif,-0.001,1.804,1.632,0.043,0.054,1861.960229
0.012805,640,050_AlSiMg_200W_500mms_M0_G13_Test_Stepover0641.tif,-0.002,1.797,1.66,0.044,0.053,1899.286416
0.01281,640,050_AlSiMg_200W_500mms_M0_G13_Test_Stepover0641.tif,0,1.787,1.601,0.049,0.053,1831.14534
0.012815,640,050_AlSiMg_200W_500mms_M0_G13_Test_Stepover0641.tif,-0.002,1.777,1.609,0.044,0.053,1831.14534
0.01282,641,050_AlSiMg_200W_500mms_M0_G13_Test_Stepover0642.tif,-0.002,1.777,1.633,0.042,0.054,1882.358964
0.012825,641,050_AlSiMg_200W_500mms_M0_G13_Test_Stepover0642.tif,-0.001,1.777,1.626,0.043,0.054,1764.56886
0.01283,641,050_AlSiMg_200W_500mms_M0_G13_Test_Stepover0642.tif,0,1.78,1.643,0.048,0.055,1741.539278
0.012835,641,050_AlSiMg_200W_500mms_M0_G13_Test_Stepover0642.tif,0.001,1.791,1.699,0.043,0.051,1745.005842
0.01284,642,050_AlSiMg_200W_500mms_M0_G13_Test_Stepover0643.tif,-0.002,1.801,1.665,0.042,0.052,1771.743613
0.012845,642,050_AlSiMg_200W_500mms_M0_G13_Test_Stepover0643.tif,-0.001,1.812,1.619,0.043,0.055,1701.052675
0.01285,642,050_AlSiMg_200W_500mms_M0_G13_Test_Stepover0643.tif,-0.002,1.814,1.594,0.042,0.051,1679.547083
0.012855,642,050_AlSiMg_200W_500mms_M0_G13_Test_Stepover0643.tif,-0.001,1.809,1.593,0.043,0.053,1665.250478
0.01286,643,050_AlSiMg_200W_500mms_M0_G13_Test_Stepover0644.tif,-0.002,1.808,1.56,0.042,0.051,1711.996174
0.012865,643,050_AlSiMg_200W_500mms_M0_G13_Test_Stepover0644.tif,-0.002,1.805,1.576,0.042,0.053,1711.996174
0.01287,643,050_AlSiMg_200W_500mms_M0_G13_Test_Stepover0644.tif,-0.002,1.795,1.583,0.044,0.053,1694.147301
0.012875,643,050_AlSiMg_200W_500mms_M0_G13_Test_Stepover0644.tif,0.001,1.781,1.588,0.042,0.051,1742.767112
0.01288,644,050_AlSiMg_200W_500mms_M0_G13_Test_Stepover0645.tif,0.001,1.77,1.565,0.042,0.053,2161.037455
0.012885,644,050_AlSiMg_200W_500mms_M0_G13_Test_Stepover0645.tif,0,1.768,1.591,0.045,0.052,2123.711268
0.01289,644,050_AlSiMg_200W_500mms_M0_G13_Test_Stepover0645.tif,0,1.77,1.654,0.052,0.051,2123.711268
0.012895,644,050_AlSiMg_200W_500mms_M0_G13_Test_Stepover0645.tif,-0.002,1.773,1.597,0.042,0.053,2157.539979
0.0129,645,050_AlSiMg_200W_500mms_M0_G13_Test_Stepover0646.tif,-0.002,1.775,1.731,0.042,0.051,2078.668356
0.012905,645,050_AlSiMg_200W_500mms_M0_G13_Test_Stepover0646.tif,-0.001,1.786,1.67,0.043,0.052,1656.811406
0.01291,645,050_AlSiMg_200W_500mms_M0_G13_Test_Stepover0646.tif,-0.002,1.798,1.637,0.042,0.053,1649.563307
0.012915,645,050_AlSiMg_200W_500mms_M0_G13_Test_Stepover0646.tif,0,1.802,1.614,0.041,0.052,1671.0689
0.01292,646,050_AlSiMg_200W_500mms_M0_G13_Test_Stepover0647.tif,0.001,1.807,1.602,0.04,0.051,1881.459686
0.012925,646,050_AlSiMg_200W_500mms_M0_G13_Test_Stepover0647.tif,0,1.802,1.58,0.043,0.051,1895.756291
0.01293,646,050_AlSiMg_200W_500mms_M0_G13_Test_Stepover0647.tif,0,1.801,1.601,0.049,0.051,2033.545976
0.012935,646,050_AlSiMg_200W_500mms_M0_G13_Test_Stepover0647.tif,0,1.801,1.595,0.042,0.052,2096.049077
0.01294,647,050_AlSiMg_200W_500mms_M0_G13_Test_Stepover0648.tif,0,1.788,1.618,0.047,0.052,2054.958762
0.012945,647,050_AlSiMg_200W_500mms_M0_G13_Test_Stepover0648.tif,0,1.779,1.66,0.044,0.052,1855.24579
0.01295,647,050_AlSiMg_200W_500mms_M0_G13_Test_Stepover0648.tif,-0.002,1.775,1.622,0.041,0.051,1824.52836
0.012955,647,050_AlSiMg_200W_500mms_M0_G13_Test_Stepover0648.tif,-0.002,1.773,1.602,0.041,0.049,1824.52836
0.01296,648,050_AlSiMg_200W_500mms_M0_G13_Test_Stepover0649.tif,0,1.776,1.573,0.041,0.053,1799.52517
0.012965,648,050_AlSiMg_200W_500mms_M0_G13_Test_Stepover0649.tif,-0.002,1.78,1.583,0.047,0.052,1819.109893
0.01297,648,050_AlSiMg_200W_500mms_M0_G13_Test_Stepover0649.tif,-0.002,1.787,1.565,0.042,0.051,1761.717293
0.012975,648,050_AlSiMg_200W_500mms_M0_G13_Test_Stepover0649.tif,-0.001,1.804,1.567,0.042,0.051,1774.551511
0.01298,649,050_AlSiMg_200W_500mms_M0_G13_Test_Stepover0650.tif,-0.001,1.808,1.542,0.042,0.054,1674.177144
0.012985,649,050_AlSiMg_200W_500mms_M0_G13_Test_Stepover0650.tif,-0.001,1.809,1.544,0.041,0.052,1699.180334
0.01299,649,050_AlSiMg_200W_500mms_M0_G13_Test_Stepover0650.tif,-0.001,1.808,1.555,0.043,0.052,1793.855074
0.012995,649,050_AlSiMg_200W_500mms_M0_G13_Test_Stepover0650.tif,-0.001,1.807,1.637,0.044,0.052,1817.408238
0.013,650,050_AlSiMg_200W_500mms_M0_G13_Test_Stepover0651.tif,0,1.804,1.667,0.044,0.049,1831.661934
0.013005,650,050_AlSiMg_200W_500mms_M0_G13_Test_Stepover0651.tif,0,1.801,1.602,0.041,0.051,1835.15941
0.01301,650,050_AlSiMg_200W_500mms_M0_G13_Test_Stepover0651.tif,0.001,1.787,1.608,0.041,0.051,1767.018334
0.013015,650,050_AlSiMg_200W_500mms_M0_G13_Test_Stepover0651.tif,-0.001,1.781,1.615,0.044,0.053,1697.346784
0.01302,651,050_AlSiMg_200W_500mms_M0_G13_Test_Stepover0652.tif,0,1.783,1.636,0.042,0.054,1693.637432
0.013025,651,050_AlSiMg_200W_500mms_M0_G13_Test_Stepover0652.tif,0,1.787,1.649,0.044,0.052,1704.296709
0.01303,651,050_AlSiMg_200W_500mms_M0_G13_Test_Stepover0652.tif,-0.002,1.786,1.628,0.044,0.055,1654.084449
0.013035,651,050_AlSiMg_200W_500mms_M0_G13_Test_Stepover0652.tif,0,1.788,1.622,0.044,0.054,1688.29689
0.01304,652,050_AlSiMg_200W_500mms_M0_G13_Test_Stepover0653.tif,0,1.801,1.621,0.042,0.054,1650.89076
0.013045,652,050_AlSiMg_200W_500mms_M0_G13_Test_Stepover0653.tif,-0.002,1.807,1.628,0.044,0.054,2056.876529
0.01305,652,050_AlSiMg_200W_500mms_M0_G13_Test_Stepover0653.tif,0.001,1.811,1.745,0.043,0.053,2111.038111
0.013055,652,050_AlSiMg_200W_500mms_M0_G13_Test_Stepover0653.tif,-0.002,1.808,1.654,0.056,0.055,2134.591275
0.01306,653,050_AlSiMg_200W_500mms_M0_G13_Test_Stepover0654.tif,0,1.807,1.653,0.044,0.051,2171.936269
0.013065,653,050_AlSiMg_200W_500mms_M0_G13_Test_Stepover0654.tif,0,1.801,1.622,0.041,0.051,2168.384001
0.01307,653,050_AlSiMg_200W_500mms_M0_G13_Test_Stepover0654.tif,-0.002,1.797,1.619,0.045,0.053,2051.764465
0.013075,653,050_AlSiMg_200W_500mms_M0_G13_Test_Stepover0654.tif,0,1.781,1.661,0.042,0.052,1983.234253
0.01308,654,050_AlSiMg_200W_500mms_M0_G13_Test_Stepover0655.tif,0,1.773,1.668,0.053,0.054,1933.957732
0.013085,654,050_AlSiMg_200W_500mms_M0_G13_Test_Stepover0655.tif,-0.001,1.77,1.636,0.044,0.055,1875.28637
0.01309,654,050_AlSiMg_200W_500mms_M0_G13_Test_Stepover0655.tif,0,1.776,1.675,0.041,0.055,1898.315952
0.013095,654,050_AlSiMg_200W_500mms_M0_G13_Test_Stepover0655.tif,-0.002,1.775,1.65,0.042,0.053,1623.318349
0.0131,655,050_AlSiMg_200W_500mms_M0_G13_Test_Stepover0656.tif,-0.001,1.78,1.642,0.044,0.053,1606.941102
0.013105,655,050_AlSiMg_200W_500mms_M0_G13_Test_Stepover0656.tif,0,1.79,1.635,0.044,0.054,1659.847139
0.01311,655,050_AlSiMg_200W_500mms_M0_G13_Test_Stepover0656.tif,0,1.802,1.623,0.043,0.055,1697.173325
0.013115,655,050_AlSiMg_200W_500mms_M0_G13_Test_Stepover0656.tif,-0.001,1.809,1.644,0.042,0.052,1715.102141
0.01312,656,050_AlSiMg_200W_500mms_M0_G13_Test_Stepover0657.tif,0.001,1.811,1.605,0.044,0.053,1700.733511
0.013125,656,050_AlSiMg_200W_500mms_M0_G13_Test_Stepover0657.tif,-0.001,1.808,1.632,0.044,0.052,1747.479207
0.01313,656,050_AlSiMg_200W_500mms_M0_G13_Test_Stepover0657.tif,-0.001,1.808,1.6,0.044,0.055,1773.929484
0.013135,656,050_AlSiMg_200W_500mms_M0_G13_Test_Stepover0657.tif,0,1.801,1.622,0.044,0.053,1743.561035
0.01314,657,050_AlSiMg_200W_500mms_M0_G13_Test_Stepover0658.tif,-0.001,1.79,1.632,0.045,0.054,1729.052914
0.013145,657,050_AlSiMg_200W_500mms_M0_G13_Test_Stepover0658.tif,-0.001,1.783,1.618,0.044,0.055,1732.428391
0.01315,657,050_AlSiMg_200W_500mms_M0_G13_Test_Stepover0658.tif,-0.002,1.776,1.587,0.045,0.054,1732.428391
0.013155,657,050_AlSiMg_200W_500mms_M0_G13_Test_Stepover0658.tif,-0.002,1.777,1.577,0.045,0.056,1713.007877
0.01316,658,050_AlSiMg_200W_500mms_M0_G13_Test_Stepover0659.tif,-0.001,1.776,1.579,0.044,0.053,1743.376326
0.013165,658,050_AlSiMg_200W_500mms_M0_G13_Test_Stepover0659.tif,-0.001,1.783,1.586,0.044,0.054,1720.478317
0.01317,658,050_AlSiMg_200W_500mms_M0_G13_Test_Stepover0659.tif,0,1.791,1.558,0.044,0.053,1710.145103
0.013175,658,050_AlSiMg_200W_500mms_M0_G13_Test_Stepover0659.tif,0.002,1.802,1.555,0.043,0.053,1694.145283
0.01318,659,050_AlSiMg_200W_500mms_M0_G13_Test_Stepover0660.tif,0,1.812,1.591,0.042,0.053,1672.818916
0.013185,659,050_AlSiMg_200W_500mms_M0_G13_Test_Stepover0660.tif,-0.001,1.815,1.574,0.044,0.054,1649.789335
0.01319,659,050_AlSiMg_200W_500mms_M0_G13_Test_Stepover0660.tif,0,1.815,1.64,0.042,0.053,1631.940462
0.013195,659,050_AlSiMg_200W_500mms_M0_G13_Test_Stepover0660.tif,-0.001,1.812,1.611,0.042,0.052,1642.607552
0.0132,660,050_AlSiMg_200W_500mms_M0_G13_Test_Stepover0661.tif,-0.002,1.808,1.649,0.042,0.053,1658.607371
0.013205,660,050_AlSiMg_200W_500mms_M0_G13_Test_Stepover0661.tif,0,1.8,1.681,0.041,0.051,1713.862373
0.01321,660,050_AlSiMg_200W_500mms_M0_G13_Test_Stepover0661.tif,0,1.786,1.619,0.044,0.053,1729.817581
0.013215,660,050_AlSiMg_200W_500mms_M0_G13_Test_Stepover0661.tif,0,1.776,1.614,0.044,0.052,1760.069393
0.01322,661,050_AlSiMg_200W_500mms_M0_G13_Test_Stepover0662.tif,0,1.773,1.587,0.042,0.051,1749.402303
0.013225,661,050_AlSiMg_200W_500mms_M0_G13_Test_Stepover0662.tif,0.001,1.773,1.558,0.042,0.051,1742.327929
0.01323,661,050_AlSiMg_200W_500mms_M0_G13_Test_Stepover0662.tif,-0.002,1.777,1.555,0.042,0.053,1704.9218
0.013235,661,050_AlSiMg_200W_500mms_M0_G13_Test_Stepover0662.tif,-0.002,1.777,1.537,0.042,0.051,1674.669987
0.01324,662,050_AlSiMg_200W_500mms_M0_G13_Test_Stepover0663.tif,0,1.793,1.559,0.043,0.053,1681.744362
0.013245,662,050_AlSiMg_200W_500mms_M0_G13_Test_Stepover0663.tif,-0.001,1.8,1.566,0.042,0.053,1740.415723
0.01325,662,050_AlSiMg_200W_500mms_M0_G13_Test_Stepover0663.tif,0.001,1.801,1.569,0.044,0.053,1740.415723
0.013255,662,050_AlSiMg_200W_500mms_M0_G13_Test_Stepover0663.tif,0.001,1.804,1.587,0.045,0.053,1722.56685
0.01326,663,050_AlSiMg_200W_500mms_M0_G13_Test_Stepover0664.tif,0,1.8,1.626,0.042,0.051,1752.818662
0.013265,663,050_AlSiMg_200W_500mms_M0_G13_Test_Stepover0664.tif,-0.001,1.798,1.611,0.042,0.053,1794.364099
0.01327,663,050_AlSiMg_200W_500mms_M0_G13_Test_Stepover0664.tif,0.001,1.793,1.604,0.042,0.051,1773.018924
0.013275,663,050_AlSiMg_200W_500mms_M0_G13_Test_Stepover0664.tif,-0.002,1.779,1.581,0.045,0.052,1773.018924
0.01328,664,050_AlSiMg_200W_500mms_M0_G13_Test_Stepover0665.tif,0,1.775,1.604,0.044,0.053,1803.270736
0.013285,664,050_AlSiMg_200W_500mms_M0_G13_Test_Stepover0665.tif,0.001,1.775,1.562,0.042,0.051,1773.018924
0.01329,664,050_AlSiMg_200W_500mms_M0_G13_Test_Stepover0665.tif,-0.001,1.775,1.555,0.042,0.051,1711.996174
0.013295,664,050_AlSiMg_200W_500mms_M0_G13_Test_Stepover0665.tif,-0.001,1.78,1.559,0.042,0.053,1692.51886
0.0133,665,050_AlSiMg_200W_500mms_M0_G13_Test_Stepover0666.tif,-0.001,1.781,1.572,0.043,0.053,1637.704552
0.013305,665,050_AlSiMg_200W_500mms_M0_G13_Test_Stepover0666.tif,0,1.795,1.56,0.043,0.053,1618.119829
0.01331,665,050_AlSiMg_200W_500mms_M0_G13_Test_Stepover0666.tif,0,1.804,1.569,0.042,0.055,1639.446196
0.013315,665,050_AlSiMg_200W_500mms_M0_G13_Test_Stepover0666.tif,0,1.811,1.57,0.041,0.051,1621.597324
0.01332,666,050_AlSiMg_200W_500mms_M0_G13_Test_Stepover0667.tif,0,1.809,1.56,0.044,0.054,1603.748451
0.013325,666,050_AlSiMg_200W_500mms_M0_G13_Test_Stepover0667.tif,0.001,1.807,1.58,0.042,0.053,1631.824988
0.01333,666,050_AlSiMg_200W_500mms_M0_G13_Test_Stepover0667.tif,-0.001,1.801,1.577,0.042,0.053,1651.409711
0.013335,666,050_AlSiMg_200W_500mms_M0_G13_Test_Stepover0667.tif,-0.002,1.801,1.633,0.043,0.054,1667.40953
0.01334,667,050_AlSiMg_200W_500mms_M0_G13_Test_Stepover0668.tif,-0.002,1.791,1.621,0.042,0.051,1688.735897
0.013345,667,050_AlSiMg_200W_500mms_M0_G13_Test_Stepover0668.tif,-0.001,1.781,1.612,0.044,0.053,1718.987709
0.01335,667,050_AlSiMg_200W_500mms_M0_G13_Test_Stepover0668.tif,0,1.779,1.6,0.044,0.054,1745.72548
0.013355,667,050_AlSiMg_200W_500mms_M0_G13_Test_Stepover0668.tif,0.001,1.779,1.602,0.042,0.051,1752.799854
0.01336,668,050_AlSiMg_200W_500mms_M0_G13_Test_Stepover0669.tif,-0.002,1.779,1.614,0.042,0.051,1790.961617
0.013365,668,050_AlSiMg_200W_500mms_M0_G13_Test_Stepover0669.tif,0.001,1.783,1.576,0.044,0.053,1783.931856
0.01337,668,050_AlSiMg_200W_500mms_M0_G13_Test_Stepover0669.tif,0.001,1.787,1.579,0.044,0.051,1791.00623
0.013375,668,050_AlSiMg_200W_500mms_M0_G13_Test_Stepover0669.tif,-0.001,1.798,1.577,0.042,0.052,1794.583128
0.01338,669,050_AlSiMg_200W_500mms_M0_G13_Test_Stepover0670.tif,-0.002,1.804,1.567,0.044,0.053,1771.553547
0.013385,669,050_AlSiMg_200W_500mms_M0_G13_Test_Stepover0670.tif,0,1.807,1.579,0.043,0.052,1722.65832
0.01339,669,050_AlSiMg_200W_500mms_M0_G13_Test_Stepover0670.tif,0,1.8,1.597,0.042,0.052,1738.613528
0.013395,669,050_AlSiMg_200W_500mms_M0_G13_Test_Stepover0670.tif,-0.001,1.802,1.619,0.041,0.05,1715.583946
0.0134,670,050_AlSiMg_200W_500mms_M0_G13_Test_Stepover0671.tif,-0.001,1.797,1.6,0.042,0.051,1681.755235
0.013405,670,050_AlSiMg_200W_500mms_M0_G13_Test_Stepover0671.tif,-0.002,1.79,1.591,0.042,0.052,1685.307503
0.01341,670,050_AlSiMg_200W_500mms_M0_G13_Test_Stepover0671.tif,0,1.776,1.607,0.042,0.053,1688.966592
0.013415,670,050_AlSiMg_200W_500mms_M0_G13_Test_Stepover0671.tif,0,1.769,1.565,0.043,0.053,1673.011385
0.01342,671,050_AlSiMg_200W_500mms_M0_G13_Test_Stepover0672.tif,-0.002,1.769,1.566,0.042,0.051,1688.966592
0.013425,671,050_AlSiMg_200W_500mms_M0_G13_Test_Stepover0672.tif,0.001,1.776,1.559,0.042,0.052,1740.723997
0.01343,671,050_AlSiMg_200W_500mms_M0_G13_Test_Stepover0672.tif,-0.002,1.776,1.532,0.042,0.051,1722.875125
0.013435,671,050_AlSiMg_200W_500mms_M0_G13_Test_Stepover0672.tif,0,1.78,1.546,0.043,0.051,1710.472185
0.01344,672,050_AlSiMg_200W_500mms_M0_G13_Test_Stepover0673.tif,0,1.794,1.535,0.042,0.053,1722.768303
0.013445,672,050_AlSiMg_200W_500mms_M0_G13_Test_Stepover0673.tif,0,1.804,1.581,0.043,0.053,1692.516491
0.01345,672,050_AlSiMg_200W_500mms_M0_G13_Test_Stepover0673.tif,-0.001,1.809,1.56,0.041,0.05,1640.759086
0.013455,672,050_AlSiMg_200W_500mms_M0_G13_Test_Stepover0673.tif,-0.002,1.807,1.552,0.042,0.053,1678.085272
0.01346,673,050_AlSiMg_200W_500mms_M0_G13_Test_Stepover0674.tif,0,1.801,1.558,0.042,0.053,1660.2364
0.013465,673,050_AlSiMg_200W_500mms_M0_G13_Test_Stepover0674.tif,-0.001,1.802,1.551,0.044,0.053,1609.081181
0.01347,673,050_AlSiMg_200W_500mms_M0_G13_Test_Stepover0674.tif,-0.001,1.797,1.581,0.042,0.053,1623.377786
0.013475,673,050_AlSiMg_200W_500mms_M0_G13_Test_Stepover0674.tif,0,1.783,1.563,0.042,0.055,1613.958276
0.01348,674,050_AlSiMg_200W_500mms_M0_G13_Test_Stepover0675.tif,0.001,1.775,1.552,0.042,0.052,1631.887092
0.013485,674,050_AlSiMg_200W_500mms_M0_G13_Test_Stepover0675.tif,0.001,1.773,1.574,0.043,0.055,1638.844829
0.01349,674,050_AlSiMg_200W_500mms_M0_G13_Test_Stepover0675.tif,0,1.777,1.633,0.044,0.052,1718.662327
0.013495,674,050_AlSiMg_200W_500mms_M0_G13_Test_Stepover0675.tif,-0.002,1.777,1.6,0.044,0.055,1783.237345
0.0135,675,050_AlSiMg_200W_500mms_M0_G13_Test_Stepover0676.tif,0,1.784,1.602,0.044,0.052,1829.983041
0.013505,675,050_AlSiMg_200W_500mms_M0_G13_Test_Stepover0676.tif,-0.001,1.795,1.597,0.045,0.052,1812.054225
0.01351,675,050_AlSiMg_200W_500mms_M0_G13_Test_Stepover0676.tif,0,1.805,1.661,0.044,0.053,1842.422675
0.013515,675,050_AlSiMg_200W_500mms_M0_G13_Test_Stepover0676.tif,-0.002,1.815,1.622,0.044,0.053,1787.167673
0.01352,676,050_AlSiMg_200W_500mms_M0_G13_Test_Stepover0677.tif,0.001,1.811,1.6,0.044,0.053,1745.622236
0.013525,676,050_AlSiMg_200W_500mms_M0_G13_Test_Stepover0677.tif,-0.002,1.807,1.57,0.042,0.053,1711.810091
0.01353,676,050_AlSiMg_200W_500mms_M0_G13_Test_Stepover0677.tif,0,1.801,1.569,0.044,0.053,1708.312615
0.013535,676,050_AlSiMg_200W_500mms_M0_G13_Test_Stepover0677.tif,0.001,1.795,1.572,0.043,0.054,1658.100355
0.01354,677,050_AlSiMg_200W_500mms_M0_G13_Test_Stepover0678.tif,-0.001,1.786,1.595,0.043,0.052,1691.929066
0.013545,677,050_AlSiMg_200W_500mms_M0_G13_Test_Stepover0678.tif,0,1.77,1.586,0.042,0.054,1702.778493
0.01355,677,050_AlSiMg_200W_500mms_M0_G13_Test_Stepover0678.tif,0,1.769,1.616,0.043,0.052,1736.590638
0.013555,677,050_AlSiMg_200W_500mms_M0_G13_Test_Stepover0678.tif,0,1.77,1.579,0.042,0.05,1754.519332
0.01356,678,050_AlSiMg_200W_500mms_M0_G13_Test_Stepover0679.tif,0,1.77,1.559,0.044,0.053,1781.702011
0.013565,678,050_AlSiMg_200W_500mms_M0_G13_Test_Stepover0679.tif,0.001,1.772,1.562,0.043,0.051,1778.125112
0.01357,678,050_AlSiMg_200W_500mms_M0_G13_Test_Stepover0679.tif,0,1.781,1.581,0.042,0.052,1733.46354
0.013575,678,050_AlSiMg_200W_500mms_M0_G13_Test_Stepover0679.tif,-0.001,1.797,1.581,0.042,0.051,1671.574858
0.01358,679,050_AlSiMg_200W_500mms_M0_G13_Test_Stepover0680.tif,-0.002,1.802,1.601,0.043,0.054,1657.14364
0.013585,679,050_AlSiMg_200W_500mms_M0_G13_Test_Stepover0680.tif,-0.002,1.802,1.597,0.042,0.055,1618.284539
0.01359,679,050_AlSiMg_200W_500mms_M0_G13_Test_Stepover0680.tif,-0.002,1.8,1.602,0.044,0.053,1625.358913
0.013595,679,050_AlSiMg_200W_500mms_M0_G13_Test_Stepover0680.tif,0.001,1.8,1.572,0.042,0.055,1652.096684
0.0136,680,050_AlSiMg_200W_500mms_M0_G13_Test_Stepover0681.tif,0,1.797,1.567,0.044,0.053,1731.914182
0.013605,680,050_AlSiMg_200W_500mms_M0_G13_Test_Stepover0681.tif,-0.002,1.788,1.615,0.042,0.051,1694.587995
0.01361,680,050_AlSiMg_200W_500mms_M0_G13_Test_Stepover0681.tif,-0.001,1.777,1.597,0.044,0.052,1767.326105
0.013615,680,050_AlSiMg_200W_500mms_M0_G13_Test_Stepover0681.tif,0.001,1.775,1.608,0.042,0.053,1736.957655
0.01362,681,050_AlSiMg_200W_500mms_M0_G13_Test_Stepover0682.tif,-0.002,1.773,1.591,0.042,0.05,1731.437299
0.013625,681,050_AlSiMg_200W_500mms_M0_G13_Test_Stepover0682.tif,-0.002,1.776,1.587,0.044,0.055,1700.913752
0.01363,681,050_AlSiMg_200W_500mms_M0_G13_Test_Stepover0682.tif,0.001,1.78,1.593,0.045,0.055,1669.075471
0.013635,681,050_AlSiMg_200W_500mms_M0_G13_Test_Stepover0682.tif,-0.001,1.781,1.576,0.045,0.055,1671.472836
0.01364,682,050_AlSiMg_200W_500mms_M0_G13_Test_Stepover0683.tif,-0.001,1.797,1.615,0.043,0.057,1671.472836
0.013645,682,050_AlSiMg_200W_500mms_M0_G13_Test_Stepover0683.tif,0,1.805,1.58,0.048,0.057,1644.058354
0.01365,682,050_AlSiMg_200W_500mms_M0_G13_Test_Stepover0683.tif,-0.002,1.804,1.579,0.044,0.055,1656.653085
0.013655,682,050_AlSiMg_200W_500mms_M0_G13_Test_Stepover0683.tif,-0.001,1.808,1.569,0.045,0.057,1773.886001
0.01366,683,050_AlSiMg_200W_500mms_M0_G13_Test_Stepover0684.tif,0.001,1.805,1.56,0.044,0.053,1788.584526
0.013665,683,050_AlSiMg_200W_500mms_M0_G13_Test_Stepover0684.tif,-0.002,1.804,1.546,0.047,0.054,1825.720109
0.01367,683,050_AlSiMg_200W_500mms_M0_G13_Test_Stepover0684.tif,-0.002,1.798,1.57,0.047,0.055,1835.360874
0.013675,683,050_AlSiMg_200W_500mms_M0_G13_Test_Stepover0684.tif,0,1.788,1.579,0.046,0.055,1822.766142
0.01368,684,050_AlSiMg_200W_500mms_M0_G13_Test_Stepover0685.tif,0.001,1.779,1.587,0.044,0.055,1758.697874
0.013685,684,050_AlSiMg_200W_500mms_M0_G13_Test_Stepover0685.tif,-0.001,1.776,1.587,0.045,0.055,1748.681372
0.01369,684,050_AlSiMg_200W_500mms_M0_G13_Test_Stepover0685.tif,-0.001,1.777,1.619,0.044,0.054,1711.545789
0.013695,684,050_AlSiMg_200W_500mms_M0_G13_Test_Stepover0685.tif,0,1.779,1.601,0.044,0.052,1786.760906
0.0137,685,050_AlSiMg_200W_500mms_M0_G13_Test_Stepover0686.tif,0.002,1.78,1.591,0.044,0.055,1809.397368
0.013705,685,050_AlSiMg_200W_500mms_M0_G13_Test_Stepover0686.tif,-0.002,1.791,1.64,0.046,0.053,1795.028739
0.01371,685,050_AlSiMg_200W_500mms_M0_G13_Test_Stepover0686.tif,-0.002,1.804,1.632,0.047,0.056,1777.099923
0.013715,685,050_AlSiMg_200W_500mms_M0_G13_Test_Stepover0686.tif,-0.001,1.801,1.672,0.044,0.055,1745.57969
0.01372,686,050_AlSiMg_200W_500mms_M0_G13_Test_Stepover0687.tif,0,1.802,1.639,0.044,0.053,1707.500156
0.013725,686,050_AlSiMg_200W_500mms_M0_G13_Test_Stepover0687.tif,-0.001,1.802,1.597,0.042,0.055,1667.089976
0.01373,686,050_AlSiMg_200W_500mms_M0_G13_Test_Stepover0687.tif,-0.002,1.798,1.583,0.046,0.055,1718.8036
0.013735,686,050_AlSiMg_200W_500mms_M0_G13_Test_Stepover0687.tif,-0.001,1.791,1.577,0.044,0.055,1718.8036
0.01374,687,050_AlSiMg_200W_500mms_M0_G13_Test_Stepover0688.tif,0,1.781,1.605,0.045,0.053,1746.880137
0.013745,687,050_AlSiMg_200W_500mms_M0_G13_Test_Stepover0688.tif,0,1.77,1.593,0.044,0.053,1761.458178
0.01375,687,050_AlSiMg_200W_500mms_M0_G13_Test_Stepover0688.tif,0.001,1.766,1.622,0.043,0.054,1813.171802
0.013755,687,050_AlSiMg_200W_500mms_M0_G13_Test_Stepover0688.tif,0.001,1.766,1.576,0.045,0.053,1839.895076
0.01376,688,050_AlSiMg_200W_500mms_M0_G13_Test_Stepover0689.tif,0,1.768,1.637,0.045,0.053,1864.578189
0.013765,688,050_AlSiMg_200W_500mms_M0_G13_Test_Stepover0689.tif,-0.001,1.775,1.581,0.047,0.054,1898.390334
0.01377,688,050_AlSiMg_200W_500mms_M0_G13_Test_Stepover0689.tif,0,1.787,1.619,0.046,0.054,1833.699839
0.013775,688,050_AlSiMg_200W_500mms_M0_G13_Test_Stepover0689.tif,-0.002,1.797,1.642,0.044,0.053,1765.608968
0.01378,689,050_AlSiMg_200W_500mms_M0_G13_Test_Stepover0690.tif,0.001,1.804,1.597,0.044,0.056,1704.945788
0.013785,689,050_AlSiMg_200W_500mms_M0_G13_Test_Stepover0690.tif,0,1.807,1.584,0.043,0.055,1667.667944
0.01379,689,050_AlSiMg_200W_500mms_M0_G13_Test_Stepover0690.tif,0,1.804,1.591,0.045,0.055,1633.855799
0.013795,689,050_AlSiMg_200W_500mms_M0_G13_Test_Stepover0690.tif,0.001,1.804,1.565,0.045,0.055,1626.988859
0.0138,690,050_AlSiMg_200W_500mms_M0_G13_Test_Stepover0691.tif,0,1.802,1.527,0.043,0.054,1618.609429
0.013805,690,050_AlSiMg_200W_500mms_M0_G13_Test_Stepover0691.tif,-0.002,1.795,1.507,0.042,0.054,1600.83571
0.01381,690,050_AlSiMg_200W_500mms_M0_G13_Test_Stepover0691.tif,-0.002,1.781,1.511,0.044,0.057,1597.430622
0.013815,690,050_AlSiMg_200W_500mms_M0_G13_Test_Stepover0691.tif,-0.002,1.775,1.495,0.044,0.055,1649.171583
0.01382,691,050_AlSiMg_200W_500mms_M0_G13_Test_Stepover0692.tif,0,1.776,1.516,0.044,0.054,1727.32916
0.013825,691,050_AlSiMg_200W_500mms_M0_G13_Test_Stepover0692.tif,-0.001,1.78,1.542,0.044,0.052,1782.454287
0.01383,691,050_AlSiMg_200W_500mms_M0_G13_Test_Stepover0692.tif,0.001,1.783,1.565,0.047,0.055,1822.864467
0.013835,691,050_AlSiMg_200W_500mms_M0_G13_Test_Stepover0692.tif,0.001,1.791,1.559,0.044,0.053,1815.834705
0.01384,692,050_AlSiMg_200W_500mms_M0_G13_Test_Stepover0693.tif,0.001,1.802,1.562,0.047,0.056,1797.905889
0.013845,692,050_AlSiMg_200W_500mms_M0_G13_Test_Stepover0693.tif,-0.002,1.815,1.574,0.042,0.052,1769.960572
0.01385,692,050_AlSiMg_200W_500mms_M0_G13_Test_Stepover0693.tif,-0.001,1.815,1.546,0.044,0.053,1726.615252
0.013855,692,050_AlSiMg_200W_500mms_M0_G13_Test_Stepover0693.tif,-0.001,1.811,1.532,0.044,0.053,1716.573521
0.01386,693,050_AlSiMg_200W_500mms_M0_G13_Test_Stepover0694.tif,0.001,1.807,1.562,0.044,0.056,1739.603102
0.013865,693,050_AlSiMg_200W_500mms_M0_G13_Test_Stepover0694.tif,0,1.804,1.535,0.044,0.053,1739.603102
0.01387,693,050_AlSiMg_200W_500mms_M0_G13_Test_Stepover0694.tif,0,1.795,1.548,0.044,0.053,1784.44977
0.013875,693,050_AlSiMg_200W_500mms_M0_G13_Test_Stepover0694.tif,0.001,1.779,1.549,0.044,0.053,1865.956854
0.01388,694,050_AlSiMg_200W_500mms_M0_G13_Test_Stepover0695.tif,0.001,1.769,1.551,0.046,0.053,1835.588404
0.013885,694,050_AlSiMg_200W_500mms_M0_G13_Test_Stepover0695.tif,0,1.77,1.555,0.044,0.051,1835.588404
0.01389,694,050_AlSiMg_200W_500mms_M0_G13_Test_Stepover0695.tif,0,1.772,1.572,0.044,0.055,1816.111091
0.013895,694,050_AlSiMg_200W_500mms_M0_G13_Test_Stepover0695.tif,0.001,1.772,1.605,0.044,0.053,1789.193238
0.0139,695,050_AlSiMg_200W_500mms_M0_G13_Test_Stepover0696.tif,0,1.773,1.637,0.043,0.053,1731.554161
0.013905,695,050_AlSiMg_200W_500mms_M0_G13_Test_Stepover0696.tif,0,1.788,1.616,0.044,0.052,1724.596424
0.01391,695,050_AlSiMg_200W_500mms_M0_G13_Test_Stepover0696.tif,-0.001,1.798,1.619,0.043,0.053,1708.596605
0.013915,695,050_AlSiMg_200W_500mms_M0_G13_Test_Stepover0696.tif,-0.001,1.805,1.591,0.042,0.053,1712.074099
0.01392,696,050_AlSiMg_200W_500mms_M0_G13_Test_Stepover0697.tif,-0.001,1.804,1.573,0.044,0.054,1697.565978
0.013925,696,050_AlSiMg_200W_500mms_M0_G13_Test_Stepover0697.tif,-0.002,1.805,1.569,0.044,0.054,1686.674843
0.01393,696,050_AlSiMg_200W_500mms_M0_G13_Test_Stepover0697.tif,-0.002,1.8,1.556,0.045,0.054,1708.00121
0.013935,696,050_AlSiMg_200W_500mms_M0_G13_Test_Stepover0697.tif,0.001,1.797,1.6,0.044,0.055,1693.63258
0.01394,697,050_AlSiMg_200W_500mms_M0_G13_Test_Stepover0698.tif,0.001,1.786,1.584,0.044,0.054,1679.26395
0.013945,697,050_AlSiMg_200W_500mms_M0_G13_Test_Stepover0698.tif,-0.002,1.775,1.602,0.044,0.055,1675.843255
0.01395,697,050_AlSiMg_200W_500mms_M0_G13_Test_Stepover0698.tif,0.001,1.772,1.56,0.044,0.055,1706.211704
0.013955,697,050_AlSiMg_200W_500mms_M0_G13_Test_Stepover0698.tif,0,1.775,1.535,0.044,0.053,1691.843074
0.01396,698,050_AlSiMg_200W_500mms_M0_G13_Test_Stepover0699.tif,-0.001,1.779,1.539,0.044,0.053,1722.211524
0.013965,698,050_AlSiMg_200W_500mms_M0_G13_Test_Stepover0699.tif,0,1.783,1.569,0.044,0.055,1773.925148
0.01397,698,050_AlSiMg_200W_500mms_M0_G13_Test_Stepover0699.tif,0,1.79,1.594,0.044,0.053,1757.925328
0.013975,698,050_AlSiMg_200W_500mms_M0_G13_Test_Stepover0699.tif,0.001,1.802,1.591,0.045,0.053,1727.556879
0.01398,699,050_AlSiMg_200W_500mms_M0_G13_Test_Stepover0700.tif,0.001,1.807,1.608,0.044,0.054,1727.556879
0.013985,699,050_AlSiMg_200W_500mms_M0_G13_Test_Stepover0700.tif,0,1.807,1.581,0.044,0.055,1734.324013
0.01399,699,050_AlSiMg_200W_500mms_M0_G13_Test_Stepover0700.tif,-0.002,1.807,1.573,0.044,0.055,1651.090156
0.013995,699,050_AlSiMg_200W_500mms_M0_G13_Test_Stepover0700.tif,0.001,1.805,1.58,0.046,0.055,1718.3036
0.014,700,050_AlSiMg_200W_500mms_M0_G13_Test_Stepover0701.tif,-0.001,1.804,1.616,0.042,0.055,1718.3036
0.014005,700,050_AlSiMg_200W_500mms_M0_G13_Test_Stepover0701.tif,-0.001,1.795,1.598,0.048,0.055,1752.092744
0.01401,700,050_AlSiMg_200W_500mms_M0_G13_Test_Stepover0701.tif,0,1.786,1.629,0.044,0.055,1714.957161
0.014015,700,050_AlSiMg_200W_500mms_M0_G13_Test_Stepover0701.tif,0,1.775,1.611,0.045,0.054,1776.845843
