time,xrayimage_id,xrayimage_name,trg,power,TED,TEP_low,TEP_high,TEP
0.0,0,077_AlSiMg_200W_500mms_M0_G13_Test_StepoverAlt0001.tif,4.889,1.783,1.563,0.043,0.052,1764.4768536208212
5e-06,0,077_AlSiMg_200W_500mms_M0_G13_Test_StepoverAlt0001.tif,4.894,1.77,1.562,0.042,0.05,1703.2855093848834
1e-05,0,077_AlSiMg_200W_500mms_M0_G13_Test_StepoverAlt0001.tif,0.006,1.77,1.552,0.041,0.051,1717.5821144286188
1.5e-05,0,077_AlSiMg_200W_500mms_M0_G13_Test_StepoverAlt0001.tif,0.001,1.775,1.558,0.042,0.052,1683.7534036484399
2e-05,1,077_AlSiMg_200W_500mms_M0_G13_Test_StepoverAlt0002.tif,-0.001,1.779,1.551,0.042,0.052,1662.1705126622699
2.5e-05,1,077_AlSiMg_200W_500mms_M0_G13_Test_StepoverAlt0002.tif,0.001,1.779,1.56,0.042,0.053,1703.260828034745
3e-05,1,077_AlSiMg_200W_500mms_M0_G13_Test_StepoverAlt0002.tif,-0.002,1.787,1.558,0.041,0.05,1681.7161241087008
3.5e-05,1,077_AlSiMg_200W_500mms_M0_G13_Test_StepoverAlt0002.tif,-0.001,1.801,1.555,0.043,0.051,1667.4195190649655
4e-05,2,077_AlSiMg_200W_500mms_M0_G13_Test_StepoverAlt0003.tif,-0.002,1.811,1.608,0.04,0.051,1681.7161241087008
4.5e-05,2,077_AlSiMg_200W_500mms_M0_G13_Test_StepoverAlt0003.tif,0.0,1.809,1.588,0.042,0.053,1730.6113507556802
5e-05,2,077_AlSiMg_200W_500mms_M0_G13_Test_StepoverAlt0003.tif,-0.001,1.805,1.594,0.042,0.052,1750.8726361953238
5.5e-05,2,077_AlSiMg_200W_500mms_M0_G13_Test_StepoverAlt0003.tif,-0.002,1.807,1.632,0.044,0.051,1788.372547211114
6e-05,3,077_AlSiMg_200W_500mms_M0_G13_Test_StepoverAlt0004.tif,0.0,1.804,1.615,0.043,0.05,1818.6243593445947
6.5e-05,3,077_AlSiMg_200W_500mms_M0_G13_Test_StepoverAlt0004.tif,0.001,1.795,1.602,0.042,0.051,2005.898191710527
7e-05,3,077_AlSiMg_200W_500mms_M0_G13_Test_StepoverAlt0004.tif,0.001,1.783,1.602,0.042,0.051,1960.662054564335
7.5e-05,3,077_AlSiMg_200W_500mms_M0_G13_Test_StepoverAlt0004.tif,0.001,1.78,1.59,0.048,0.051,1936.8189779888594
8e-05,4,077_AlSiMg_200W_500mms_M0_G13_Test_StepoverAlt0005.tif,0.0,1.779,1.598,0.042,0.051,1920.8637708991132
8.5e-05,4,077_AlSiMg_200W_500mms_M0_G13_Test_StepoverAlt0005.tif,-0.001,1.779,1.583,0.042,0.05,1904.908563809368
9e-05,4,077_AlSiMg_200W_500mms_M0_G13_Test_StepoverAlt0005.tif,0.001,1.781,1.586,0.042,0.052,1733.5899385331818
9.5e-05,4,077_AlSiMg_200W_500mms_M0_G13_Test_StepoverAlt0005.tif,0.001,1.784,1.588,0.042,0.052,1733.5899385331813
0.0001,5,077_AlSiMg_200W_500mms_M0_G13_Test_StepoverAlt0006.tif,-0.002,1.794,1.632,0.042,0.051,1712.0070475470118
0.000105,5,077_AlSiMg_200W_500mms_M0_G13_Test_StepoverAlt0006.tif,0.001,1.802,1.609,0.042,0.051,1727.9622546367577
0.00011,5,077_AlSiMg_200W_500mms_M0_G13_Test_StepoverAlt0006.tif,-0.001,1.805,1.611,0.041,0.05,1743.9174617265035
0.000115,5,077_AlSiMg_200W_500mms_M0_G13_Test_StepoverAlt0006.tif,-0.001,1.8,1.605,0.042,0.051,1743.9174617265035
0.00012,6,077_AlSiMg_200W_500mms_M0_G13_Test_StepoverAlt0007.tif,0.001,1.797,1.625,0.042,0.051,1689.9623277207097
0.000125,6,077_AlSiMg_200W_500mms_M0_G13_Test_StepoverAlt0007.tif,0.0,1.793,1.636,0.042,0.051,1711.5452187068793
0.00013,6,077_AlSiMg_200W_500mms_M0_G13_Test_StepoverAlt0007.tif,-0.001,1.79,1.628,0.039,0.051,1674.0453076910894
0.000135,6,077_AlSiMg_200W_500mms_M0_G13_Test_StepoverAlt0007.tif,-0.002,1.775,1.604,0.042,0.05,1654.4605849398285
0.00014,7,077_AlSiMg_200W_500mms_M0_G13_Test_StepoverAlt0008.tif,-0.002,1.77,1.581,0.04,0.051,1654.460584939828
0.000145,7,077_AlSiMg_200W_500mms_M0_G13_Test_StepoverAlt0008.tif,-0.001,1.77,1.58,0.041,0.051,1708.4157189456218
0.00015,7,077_AlSiMg_200W_500mms_M0_G13_Test_StepoverAlt0008.tif,-0.001,1.768,1.602,0.042,0.051,1953.6124290964049
0.000155,7,077_AlSiMg_200W_500mms_M0_G13_Test_StepoverAlt0008.tif,-0.001,1.777,1.619,0.042,0.051,1994.6892387588935
0.00016,8,077_AlSiMg_200W_500mms_M0_G13_Test_StepoverAlt0009.tif,0.001,1.786,1.629,0.05,0.051,2014.273961510154
0.000165,8,077_AlSiMg_200W_500mms_M0_G13_Test_StepoverAlt0009.tif,0.001,1.798,1.632,0.043,0.052,1984.0221493766735
0.00017,8,077_AlSiMg_200W_500mms_M0_G13_Test_StepoverAlt0009.tif,-0.002,1.808,1.653,0.042,0.051,1984.0221493766735
0.000175,8,077_AlSiMg_200W_500mms_M0_G13_Test_StepoverAlt0009.tif,-0.002,1.809,1.654,0.042,0.053,1720.9016377405073
0.00018,9,077_AlSiMg_200W_500mms_M0_G13_Test_StepoverAlt0010.tif,0.001,1.809,1.674,0.042,0.051,1762.5608762400013
0.000185,9,077_AlSiMg_200W_500mms_M0_G13_Test_StepoverAlt0010.tif,0.001,1.808,1.633,0.042,0.051,1758.9017867392147
0.00019,9,077_AlSiMg_200W_500mms_M0_G13_Test_StepoverAlt0010.tif,0.0,1.802,1.685,0.044,0.051,1773.1983917829498
0.000195,9,077_AlSiMg_200W_500mms_M0_G13_Test_StepoverAlt0010.tif,-0.002,1.797,1.693,0.041,0.05,1726.5257543234052
0.0002,10,077_AlSiMg_200W_500mms_M0_G13_Test_StepoverAlt0011.tif,0.0,1.784,1.628,0.042,0.052,1726.5257543234052
0.000205,10,077_AlSiMg_200W_500mms_M0_G13_Test_StepoverAlt0011.tif,0.001,1.773,1.607,0.041,0.053,1651.037805043732
0.00021,10,077_AlSiMg_200W_500mms_M0_G13_Test_StepoverAlt0011.tif,-0.002,1.77,1.63,0.042,0.051,1635.1121717932579
0.000215,10,077_AlSiMg_200W_500mms_M0_G13_Test_StepoverAlt0011.tif,-0.002,1.77,1.667,0.042,0.053,1635.112171793258
0.00022,11,077_AlSiMg_200W_500mms_M0_G13_Test_StepoverAlt0012.tif,-0.001,1.773,1.626,0.041,0.051,1681.7848092528027
0.000225,11,077_AlSiMg_200W_500mms_M0_G13_Test_StepoverAlt0012.tif,-0.002,1.775,1.615,0.042,0.052,1688.8591834782333
0.00023,11,077_AlSiMg_200W_500mms_M0_G13_Test_StepoverAlt0012.tif,-0.002,1.788,1.636,0.042,0.051,1737.0347970970965
0.000235,11,077_AlSiMg_200W_500mms_M0_G13_Test_StepoverAlt0012.tif,0.0,1.795,1.642,0.044,0.053,1756.6195198483576
0.00024,12,077_AlSiMg_200W_500mms_M0_G13_Test_StepoverAlt0013.tif,0.0,1.805,1.625,0.042,0.05,1779.649101163534
0.000245,12,077_AlSiMg_200W_500mms_M0_G13_Test_StepoverAlt0013.tif,0.0,1.811,1.637,0.042,0.051,1749.3972890300527
0.00025,12,077_AlSiMg_200W_500mms_M0_G13_Test_StepoverAlt0013.tif,-0.001,1.805,1.607,0.044,0.053,1695.6502773450775
0.000255,12,077_AlSiMg_200W_500mms_M0_G13_Test_StepoverAlt0013.tif,-0.001,1.805,1.58,0.042,0.053,1677.7264758596953
0.00026,13,077_AlSiMg_200W_500mms_M0_G13_Test_StepoverAlt0014.tif,-0.001,1.8,1.605,0.041,0.053,1661.771268769949
0.000265,13,077_AlSiMg_200W_500mms_M0_G13_Test_StepoverAlt0014.tif,-0.001,1.791,1.6,0.042,0.051,1604.4192330252208
0.00027,13,077_AlSiMg_200W_500mms_M0_G13_Test_StepoverAlt0014.tif,0.001,1.777,1.569,0.042,0.052,1618.7158380689561
0.000275,13,077_AlSiMg_200W_500mms_M0_G13_Test_StepoverAlt0014.tif,-0.002,1.775,1.614,0.04,0.052,1672.4628497539313
0.00028,14,077_AlSiMg_200W_500mms_M0_G13_Test_StepoverAlt0015.tif,-0.002,1.768,1.602,0.042,0.052,1656.5076426641851
0.000285,14,077_AlSiMg_200W_500mms_M0_G13_Test_StepoverAlt0015.tif,-0.002,1.772,1.593,0.044,0.053,1642.2110376204503
0.00029,14,077_AlSiMg_200W_500mms_M0_G13_Test_StepoverAlt0015.tif,-0.001,1.773,1.605,0.042,0.052,1737.7248362859405
0.000295,14,077_AlSiMg_200W_500mms_M0_G13_Test_StepoverAlt0015.tif,0.0,1.781,1.612,0.042,0.053,1723.4282312422051
0.0003,15,077_AlSiMg_200W_500mms_M0_G13_Test_StepoverAlt0016.tif,-0.002,1.793,1.635,0.044,0.051,1700.398649927029
0.000305,15,077_AlSiMg_200W_500mms_M0_G13_Test_StepoverAlt0016.tif,-0.002,1.8,1.577,0.042,0.053,1768.2748995398845
0.00031,15,077_AlSiMg_200W_500mms_M0_G13_Test_StepoverAlt0016.tif,0.0,1.801,1.595,0.042,0.052,1782.5715045836198
0.000315,15,077_AlSiMg_200W_500mms_M0_G13_Test_StepoverAlt0016.tif,0.0,1.802,1.566,0.046,0.053,1717.7506446861667
0.00032,16,077_AlSiMg_200W_500mms_M0_G13_Test_StepoverAlt0017.tif,-0.002,1.8,1.56,0.042,0.052,1769.5080494408617
0.000325,16,077_AlSiMg_200W_500mms_M0_G13_Test_StepoverAlt0017.tif,-0.001,1.795,1.559,0.041,0.051,1738.790619071063
0.00033,16,077_AlSiMg_200W_500mms_M0_G13_Test_StepoverAlt0017.tif,-0.002,1.794,1.667,0.043,0.051,1708.3751691691673
0.000335,16,077_AlSiMg_200W_500mms_M0_G13_Test_StepoverAlt0017.tif,-0.002,1.784,1.758,0.041,0.053,1727.907274905611
0.00034,17,077_AlSiMg_200W_500mms_M0_G13_Test_StepoverAlt0018.tif,0.0,1.775,1.756,0.043,0.051,1738.566552377721
0.000345,17,077_AlSiMg_200W_500mms_M0_G13_Test_StepoverAlt0018.tif,0.0,1.772,1.726,0.043,0.052,1704.6580202336004
0.00035,17,077_AlSiMg_200W_500mms_M0_G13_Test_StepoverAlt0018.tif,-0.003,1.776,1.707,0.044,0.054,1717.4922382730042
0.000355,17,077_AlSiMg_200W_500mms_M0_G13_Test_StepoverAlt0018.tif,-0.001,1.78,1.654,0.043,0.053,1699.563544298488
0.00036,18,077_AlSiMg_200W_500mms_M0_G13_Test_StepoverAlt0019.tif,-0.002,1.783,1.632,0.041,0.052,1680.031438562044
0.000365,18,077_AlSiMg_200W_500mms_M0_G13_Test_StepoverAlt0019.tif,0.001,1.795,1.607,0.043,0.052,1673.0016767514494
0.00037,18,077_AlSiMg_200W_500mms_M0_G13_Test_StepoverAlt0019.tif,0.0,1.805,1.586,0.042,0.052,1688.981514921054
0.000375,18,077_AlSiMg_200W_500mms_M0_G13_Test_StepoverAlt0019.tif,0.0,1.811,1.586,0.042,0.052,1699.5258592655969
0.00038,19,077_AlSiMg_200W_500mms_M0_G13_Test_StepoverAlt0020.tif,0.001,1.808,1.618,0.043,0.052,1703.0233348443296
0.000385,19,077_AlSiMg_200W_500mms_M0_G13_Test_StepoverAlt0020.tif,-0.001,1.805,1.748,0.044,0.055,1726.0529161595055
0.00039,19,077_AlSiMg_200W_500mms_M0_G13_Test_StepoverAlt0020.tif,0.0,1.804,1.686,0.044,0.053,1726.0529161595055
0.000395,19,077_AlSiMg_200W_500mms_M0_G13_Test_StepoverAlt0020.tif,0.001,1.801,1.658,0.044,0.053,1679.3381315316572
0.0004,20,077_AlSiMg_200W_500mms_M0_G13_Test_StepoverAlt0021.tif,0.0,1.79,1.639,0.042,0.052,1720.5560080926375
0.000405,20,077_AlSiMg_200W_500mms_M0_G13_Test_StepoverAlt0021.tif,-0.002,1.777,1.608,0.042,0.054,1683.229821733726
0.00041,20,077_AlSiMg_200W_500mms_M0_G13_Test_StepoverAlt0021.tif,0.0,1.776,1.625,0.042,0.05,1683.2298217337259
0.000415,20,077_AlSiMg_200W_500mms_M0_G13_Test_StepoverAlt0021.tif,-0.002,1.776,1.591,0.042,0.053,1668.9332166899908
0.00042,21,077_AlSiMg_200W_500mms_M0_G13_Test_StepoverAlt0022.tif,0.001,1.773,1.584,0.044,0.053,1699.6681631482347
0.000425,21,077_AlSiMg_200W_500mms_M0_G13_Test_StepoverAlt0022.tif,0.001,1.777,1.602,0.042,0.053,1665.7891545731065
0.00043,21,077_AlSiMg_200W_500mms_M0_G13_Test_StepoverAlt0022.tif,0.0,1.788,1.628,0.043,0.053,1721.0441566543864
0.000435,21,077_AlSiMg_200W_500mms_M0_G13_Test_StepoverAlt0022.tif,0.0,1.801,1.632,0.042,0.052,1738.9729723767553
0.00044,22,077_AlSiMg_200W_500mms_M0_G13_Test_StepoverAlt0023.tif,-0.001,1.804,1.623,0.044,0.052,1729.5534625248251
0.000445,22,077_AlSiMg_200W_500mms_M0_G13_Test_StepoverAlt0023.tif,-0.001,1.804,1.632,0.044,0.052,1711.7045899142508
0.00045,22,077_AlSiMg_200W_500mms_M0_G13_Test_StepoverAlt0023.tif,0.0,1.807,1.623,0.043,0.055,1772.8959341501882
0.000455,22,077_AlSiMg_200W_500mms_M0_G13_Test_StepoverAlt0023.tif,0.001,1.805,1.612,0.042,0.053,1793.1288813485814
0.00046,23,077_AlSiMg_200W_500mms_M0_G13_Test_StepoverAlt0024.tif,0.0,1.804,1.621,0.044,0.051,1755.7227518778764
0.000465,23,077_AlSiMg_200W_500mms_M0_G13_Test_StepoverAlt0024.tif,-0.001,1.794,1.681,0.044,0.051,1765.1422617298063
0.00047,23,077_AlSiMg_200W_500mms_M0_G13_Test_StepoverAlt0024.tif,0.0,1.777,1.689,0.043,0.053,1798.9709725099856
0.000475,23,077_AlSiMg_200W_500mms_M0_G13_Test_StepoverAlt0024.tif,-0.002,1.772,1.703,0.042,0.053,1775.2404279850075
0.00048,24,077_AlSiMg_200W_500mms_M0_G13_Test_StepoverAlt0025.tif,-0.002,1.775,1.681,0.043,0.052,1717.6013513159087
0.000485,24,077_AlSiMg_200W_500mms_M0_G13_Test_StepoverAlt0025.tif,-0.002,1.775,1.65,0.043,0.051,1710.4195680875541
0.00049,24,077_AlSiMg_200W_500mms_M0_G13_Test_StepoverAlt0025.tif,-0.002,1.776,1.611,0.043,0.053,1724.7161731312895
0.000495,24,077_AlSiMg_200W_500mms_M0_G13_Test_StepoverAlt0025.tif,-0.002,1.784,1.695,0.041,0.051,1690.8874623511106
0.0005,25,077_AlSiMg_200W_500mms_M0_G13_Test_StepoverAlt0026.tif,-0.002,1.795,1.632,0.042,0.052,1669.3818697298964
0.000505,25,077_AlSiMg_200W_500mms_M0_G13_Test_StepoverAlt0026.tif,-0.002,1.802,1.63,0.042,0.053,1681.7848092528027
0.00051,25,077_AlSiMg_200W_500mms_M0_G13_Test_StepoverAlt0026.tif,-0.002,1.802,1.636,0.042,0.051,1681.7848092528027
0.000515,25,077_AlSiMg_200W_500mms_M0_G13_Test_StepoverAlt0026.tif,-0.002,1.804,1.63,0.042,0.051,1685.3370768196419
0.00052,26,077_AlSiMg_200W_500mms_M0_G13_Test_StepoverAlt0027.tif,-0.002,1.8,1.628,0.041,0.051,1740.5920789009222
0.000525,26,077_AlSiMg_200W_500mms_M0_G13_Test_StepoverAlt0027.tif,0.001,1.798,1.626,0.043,0.053,1693.9194414413773
0.00053,26,077_AlSiMg_200W_500mms_M0_G13_Test_StepoverAlt0027.tif,-0.002,1.791,1.681,0.044,0.052,1677.9642343516316
0.000535,26,077_AlSiMg_200W_500mms_M0_G13_Test_StepoverAlt0027.tif,-0.001,1.779,1.656,0.041,0.053,1701.1258557495908
0.00054,27,077_AlSiMg_200W_500mms_M0_G13_Test_StepoverAlt0028.tif,0.001,1.773,1.672,0.042,0.052,1683.276983139016
0.000545,27,077_AlSiMg_200W_500mms_M0_G13_Test_StepoverAlt0028.tif,-0.001,1.775,1.667,0.043,0.052,1665.3481674166476
0.00055,27,077_AlSiMg_200W_500mms_M0_G13_Test_StepoverAlt0028.tif,0.001,1.776,1.689,0.042,0.053,1737.0239948239912
0.000555,27,077_AlSiMg_200W_500mms_M0_G13_Test_StepoverAlt0028.tif,-0.001,1.777,1.668,0.044,0.053,1760.053576139167
0.00056,28,077_AlSiMg_200W_500mms_M0_G13_Test_StepoverAlt0029.tif,-0.002,1.781,1.661,0.044,0.052,1784.8962266247352
0.000565,28,077_AlSiMg_200W_500mms_M0_G13_Test_StepoverAlt0029.tif,-0.001,1.79,1.637,0.044,0.053,1822.2224129836468
0.00057,28,077_AlSiMg_200W_500mms_M0_G13_Test_StepoverAlt0029.tif,-0.002,1.807,1.629,0.045,0.053,1822.2224129836468
0.000575,28,077_AlSiMg_200W_500mms_M0_G13_Test_StepoverAlt0029.tif,-0.001,1.808,1.63,0.044,0.053,1804.2935972612781
0.00058,29,077_AlSiMg_200W_500mms_M0_G13_Test_StepoverAlt0030.tif,0.0,1.807,1.636,0.044,0.053,1849.1402655589573
0.000585,29,077_AlSiMg_200W_500mms_M0_G13_Test_StepoverAlt0030.tif,0.0,1.802,1.675,0.044,0.053,1820.720716426691
0.00059,29,077_AlSiMg_200W_500mms_M0_G13_Test_StepoverAlt0030.tif,0.001,1.8,1.692,0.046,0.053,1838.6495321490597
0.000595,29,077_AlSiMg_200W_500mms_M0_G13_Test_StepoverAlt0030.tif,-0.002,1.794,1.661,0.042,0.051,1826.0548010247735
0.0006,30,077_AlSiMg_200W_500mms_M0_G13_Test_StepoverAlt0031.tif,-0.002,1.781,1.663,0.044,0.052,1795.6863517237448
0.000605,30,077_AlSiMg_200W_500mms_M0_G13_Test_StepoverAlt0031.tif,-0.001,1.776,1.646,0.045,0.055,1734.8398639214843
0.00061,30,077_AlSiMg_200W_500mms_M0_G13_Test_StepoverAlt0031.tif,-0.002,1.77,1.632,0.044,0.055,1718.8846568317385
0.000615,30,077_AlSiMg_200W_500mms_M0_G13_Test_StepoverAlt0031.tif,-0.001,1.772,1.614,0.044,0.054,1718.8846568317385
0.00062,31,077_AlSiMg_200W_500mms_M0_G13_Test_StepoverAlt0032.tif,-0.001,1.775,1.616,0.042,0.052,1742.328815215977
0.000625,31,077_AlSiMg_200W_500mms_M0_G13_Test_StepoverAlt0032.tif,-0.001,1.776,1.633,0.044,0.052,1761.9638007907877
0.00063,31,077_AlSiMg_200W_500mms_M0_G13_Test_StepoverAlt0032.tif,0.0,1.786,1.646,0.042,0.05,1754.9340389801932
0.000635,31,077_AlSiMg_200W_500mms_M0_G13_Test_StepoverAlt0032.tif,-0.001,1.8,1.744,0.041,0.05,1799.3087952022056
0.00064,32,077_AlSiMg_200W_500mms_M0_G13_Test_StepoverAlt0033.tif,0.0,1.805,1.672,0.042,0.052,1744.053793120925
0.000645,32,077_AlSiMg_200W_500mms_M0_G13_Test_StepoverAlt0033.tif,-0.002,1.808,1.67,0.045,0.053,1720.6096347366868
0.00065,32,077_AlSiMg_200W_500mms_M0_G13_Test_StepoverAlt0033.tif,-0.002,1.808,1.65,0.042,0.053,1677.5960867779293
0.000655,32,077_AlSiMg_200W_500mms_M0_G13_Test_StepoverAlt0033.tif,-0.002,1.8,1.649,0.045,0.055,1684.625848588524
0.00066,33,077_AlSiMg_200W_500mms_M0_G13_Test_StepoverAlt0034.tif,-0.001,1.8,1.644,0.041,0.053,1659.7831981029558
0.000665,33,077_AlSiMg_200W_500mms_M0_G13_Test_StepoverAlt0034.tif,-0.002,1.793,1.649,0.044,0.054,1735.271147382629
0.00067,33,077_AlSiMg_200W_500mms_M0_G13_Test_StepoverAlt0034.tif,-0.001,1.781,1.625,0.043,0.052,1818.7211102260112
0.000675,33,077_AlSiMg_200W_500mms_M0_G13_Test_StepoverAlt0034.tif,-0.001,1.772,1.622,0.044,0.051,1872.4681219109862
0.00068,34,077_AlSiMg_200W_500mms_M0_G13_Test_StepoverAlt0035.tif,0.0,1.772,1.615,0.047,0.053,1926.6297043363295
0.000685,34,077_AlSiMg_200W_500mms_M0_G13_Test_StepoverAlt0035.tif,0.0,1.777,1.608,0.044,0.053,1892.8009935561506
0.00069,34,077_AlSiMg_200W_500mms_M0_G13_Test_StepoverAlt0035.tif,-0.001,1.779,1.64,0.044,0.051,1817.3130442764773
0.000695,34,077_AlSiMg_200W_500mms_M0_G13_Test_StepoverAlt0035.tif,-0.001,1.781,1.612,0.042,0.053,1696.2455523508004
0.0007,35,077_AlSiMg_200W_500mms_M0_G13_Test_StepoverAlt0036.tif,0.0,1.8,1.622,0.042,0.053,1710.6767707465842
0.000705,35,077_AlSiMg_200W_500mms_M0_G13_Test_StepoverAlt0036.tif,0.0,1.807,1.614,0.042,0.054,1665.4406336003922
0.00071,35,077_AlSiMg_200W_500mms_M0_G13_Test_StepoverAlt0036.tif,-0.001,1.808,1.626,0.043,0.051,1695.6924457338732
0.000715,35,077_AlSiMg_200W_500mms_M0_G13_Test_StepoverAlt0036.tif,0.0,1.807,1.664,0.042,0.051,1729.521156514052
0.00072,36,077_AlSiMg_200W_500mms_M0_G13_Test_StepoverAlt0037.tif,-0.002,1.802,1.621,0.042,0.051,1742.4072303617218
0.000725,36,077_AlSiMg_200W_500mms_M0_G13_Test_StepoverAlt0037.tif,0.001,1.8,1.615,0.043,0.052,1708.498698217601
0.00073,36,077_AlSiMg_200W_500mms_M0_G13_Test_StepoverAlt0037.tif,0.001,1.795,1.593,0.042,0.053,1685.2046231420031
0.000735,36,077_AlSiMg_200W_500mms_M0_G13_Test_StepoverAlt0037.tif,0.0,1.784,1.614,0.043,0.053,1950.3272902171352
0.00074,37,077_AlSiMg_200W_500mms_M0_G13_Test_StepoverAlt0038.tif,0.001,1.781,1.64,0.044,0.055,1903.612505589287
0.000745,37,077_AlSiMg_200W_500mms_M0_G13_Test_StepoverAlt0038.tif,-0.002,1.783,1.64,0.052,0.053,1879.0500097841868
0.00075,37,077_AlSiMg_200W_500mms_M0_G13_Test_StepoverAlt0038.tif,-0.001,1.78,1.651,0.042,0.054,1895.0298479537917
0.000755,37,077_AlSiMg_200W_500mms_M0_G13_Test_StepoverAlt0038.tif,0.0,1.787,1.636,0.042,0.055,1993.1116050520402
0.00076,38,077_AlSiMg_200W_500mms_M0_G13_Test_StepoverAlt0039.tif,0.0,1.784,1.698,0.043,0.052,1712.0337308871622
0.000765,38,077_AlSiMg_200W_500mms_M0_G13_Test_StepoverAlt0039.tif,0.0,1.791,1.688,0.046,0.052,1780.1748068161119
0.00077,38,077_AlSiMg_200W_500mms_M0_G13_Test_StepoverAlt0039.tif,0.0,1.805,1.684,0.042,0.052,1791.8512287735425
0.000775,38,077_AlSiMg_200W_500mms_M0_G13_Test_StepoverAlt0039.tif,0.0,1.805,1.635,0.044,0.052,1809.7799227480587
0.00078,39,077_AlSiMg_200W_500mms_M0_G13_Test_StepoverAlt0040.tif,-0.001,1.798,1.658,0.042,0.054,1734.9922407254076
0.000785,39,077_AlSiMg_200W_500mms_M0_G13_Test_StepoverAlt0040.tif,-0.002,1.797,1.684,0.043,0.051,1775.950637762952
0.00079,39,077_AlSiMg_200W_500mms_M0_G13_Test_StepoverAlt0040.tif,0.0,1.795,1.654,0.042,0.051,1768.8712493005357
0.000795,39,077_AlSiMg_200W_500mms_M0_G13_Test_StepoverAlt0040.tif,0.0,1.791,1.616,0.044,0.052,1796.0539281919403
0.0008,40,077_AlSiMg_200W_500mms_M0_G13_Test_StepoverAlt0041.tif,-0.002,1.779,1.6,0.042,0.05,1819.7844727169183
0.000805,40,077_AlSiMg_200W_500mms_M0_G13_Test_StepoverAlt0041.tif,-0.002,1.766,1.583,0.042,0.052,1819.7844727169183
0.00081,40,077_AlSiMg_200W_500mms_M0_G13_Test_StepoverAlt0041.tif,-0.001,1.766,1.597,0.044,0.051,1794.7812827691191
0.000815,40,077_AlSiMg_200W_500mms_M0_G13_Test_StepoverAlt0041.tif,0.001,1.77,1.588,0.042,0.051,1801.8606712315354
0.00082,41,077_AlSiMg_200W_500mms_M0_G13_Test_StepoverAlt0042.tif,0.0,1.775,1.6,0.042,0.051,1787.5640661878006
0.000825,41,077_AlSiMg_200W_500mms_M0_G13_Test_StepoverAlt0042.tif,-0.002,1.777,1.616,0.044,0.052,1742.3279290416085
0.00083,41,077_AlSiMg_200W_500mms_M0_G13_Test_StepoverAlt0042.tif,0.0,1.788,1.621,0.042,0.053,1742.3279290416085
0.000835,41,077_AlSiMg_200W_500mms_M0_G13_Test_StepoverAlt0042.tif,0.0,1.8,1.64,0.042,0.051,1680.493489531485
0.00084,42,077_AlSiMg_200W_500mms_M0_G13_Test_StepoverAlt0043.tif,-0.002,1.805,1.667,0.042,0.051,1639.5350924939407
0.000845,42,077_AlSiMg_200W_500mms_M0_G13_Test_StepoverAlt0043.tif,0.0,1.808,1.616,0.04,0.053,1715.023041773614
0.00085,42,077_AlSiMg_200W_500mms_M0_G13_Test_StepoverAlt0043.tif,-0.001,1.804,1.612,0.042,0.052,1671.8851557924634
0.000855,42,077_AlSiMg_200W_500mms_M0_G13_Test_StepoverAlt0043.tif,0.0,1.805,1.639,0.044,0.051,1678.959530017894
0.00086,43,077_AlSiMg_200W_500mms_M0_G13_Test_StepoverAlt0044.tif,-0.003,1.802,1.691,0.042,0.054,1724.838762438271
0.000865,43,077_AlSiMg_200W_500mms_M0_G13_Test_StepoverAlt0044.tif,-0.002,1.791,1.686,0.044,0.053,1786.030106674209
0.00087,43,077_AlSiMg_200W_500mms_M0_G13_Test_StepoverAlt0044.tif,0.0,1.783,1.667,0.042,0.052,1731.8685242488657
0.000875,43,077_AlSiMg_200W_500mms_M0_G13_Test_StepoverAlt0044.tif,-0.001,1.775,1.846,0.044,0.051,1744.7545980965351
0.00088,44,077_AlSiMg_200W_500mms_M0_G13_Test_StepoverAlt0045.tif,0.001,1.777,1.759,0.044,0.054,1809.2433197123687
0.000885,44,077_AlSiMg_200W_500mms_M0_G13_Test_StepoverAlt0045.tif,0.001,1.779,1.832,0.042,0.053,1832.2729010275448
0.00089,44,077_AlSiMg_200W_500mms_M0_G13_Test_StepoverAlt0045.tif,0.001,1.779,1.779,0.045,0.051,1818.794251287627
0.000895,44,077_AlSiMg_200W_500mms_M0_G13_Test_StepoverAlt0045.tif,0.001,1.79,1.77,0.044,0.053,1804.4256214911802
0.0009,45,077_AlSiMg_200W_500mms_M0_G13_Test_StepoverAlt0046.tif,-0.001,1.8,1.758,0.046,0.054,1889.8202565367242
0.000905,45,077_AlSiMg_200W_500mms_M0_G13_Test_StepoverAlt0046.tif,-0.002,1.809,1.713,0.044,0.055,1809.3317154163092
0.00091,45,077_AlSiMg_200W_500mms_M0_G13_Test_StepoverAlt0046.tif,-0.002,1.809,1.726,0.047,0.054,1809.3317154163094
0.000915,45,077_AlSiMg_200W_500mms_M0_G13_Test_StepoverAlt0046.tif,-0.002,1.811,1.726,0.044,0.054,1747.3224158765538
0.00092,46,077_AlSiMg_200W_500mms_M0_G13_Test_StepoverAlt0047.tif,-0.002,1.808,1.759,0.044,0.053,1754.661283862406
0.000925,46,077_AlSiMg_200W_500mms_M0_G13_Test_StepoverAlt0047.tif,-0.002,1.802,1.712,0.042,0.053,1669.266648816862
0.00093,46,077_AlSiMg_200W_500mms_M0_G13_Test_StepoverAlt0047.tif,0.0,1.798,1.728,0.042,0.052,1654.8980190204152
0.000935,46,077_AlSiMg_200W_500mms_M0_G13_Test_StepoverAlt0047.tif,0.0,1.783,1.731,0.042,0.053,1699.7446873180943
0.00094,47,077_AlSiMg_200W_500mms_M0_G13_Test_StepoverAlt0048.tif,0.0,1.777,1.72,0.044,0.055,1737.070873677006
0.000945,47,077_AlSiMg_200W_500mms_M0_G13_Test_StepoverAlt0048.tif,-0.002,1.773,1.728,0.046,0.053,1760.1004549921818
0.00095,47,077_AlSiMg_200W_500mms_M0_G13_Test_StepoverAlt0048.tif,0.001,1.773,1.692,0.044,0.053,1797.426641351093
0.000955,47,077_AlSiMg_200W_500mms_M0_G13_Test_StepoverAlt0048.tif,-0.001,1.776,1.647,0.044,0.053,1808.3177769037848
0.00096,48,077_AlSiMg_200W_500mms_M0_G13_Test_StepoverAlt0049.tif,-0.001,1.776,1.632,0.044,0.053,1801.6328715268676
0.000965,48,077_AlSiMg_200W_500mms_M0_G13_Test_StepoverAlt0049.tif,0.0,1.788,1.639,0.043,0.053,1798.1353959481348
0.00097,48,077_AlSiMg_200W_500mms_M0_G13_Test_StepoverAlt0049.tif,0.001,1.798,1.63,0.044,0.051,1798.1353959481348
0.000975,48,077_AlSiMg_200W_500mms_M0_G13_Test_StepoverAlt0049.tif,-0.002,1.802,1.636,0.043,0.052,1816.0642116705035
0.00098,49,077_AlSiMg_200W_500mms_M0_G13_Test_StepoverAlt0050.tif,0.0,1.802,1.628,0.044,0.053,1863.4868429317817
0.000985,49,077_AlSiMg_200W_500mms_M0_G13_Test_StepoverAlt0050.tif,0.0,1.801,1.639,0.044,0.052,1825.3250800110195
0.00099,49,077_AlSiMg_200W_500mms_M0_G13_Test_StepoverAlt0050.tif,-0.002,1.797,1.643,0.047,0.055,1828.8225555897523
0.000995,49,077_AlSiMg_200W_500mms_M0_G13_Test_StepoverAlt0050.tif,0.0,1.793,1.653,0.044,0.053,1791.4963692308406
0.001,50,077_AlSiMg_200W_500mms_M0_G13_Test_StepoverAlt0051.tif,-0.002,1.781,1.643,0.044,0.053,1794.912728415308
0.001005,50,077_AlSiMg_200W_500mms_M0_G13_Test_StepoverAlt0051.tif,0.0,1.773,1.632,0.042,0.053,1729.6412245434553
0.00101,50,077_AlSiMg_200W_500mms_M0_G13_Test_StepoverAlt0051.tif,0.0,1.773,1.663,0.045,0.053,1710.1639107951185
0.001015,50,077_AlSiMg_200W_500mms_M0_G13_Test_StepoverAlt0051.tif,-0.002,1.77,1.643,0.042,0.053,1710.163910795119
0.00102,51,077_AlSiMg_200W_500mms_M0_G13_Test_StepoverAlt0052.tif,0.0,1.775,1.635,0.043,0.053,1747.49009715403
0.001025,51,077_AlSiMg_200W_500mms_M0_G13_Test_StepoverAlt0052.tif,0.001,1.779,1.642,0.044,0.053,1726.1449222471942
0.00103,51,077_AlSiMg_200W_500mms_M0_G13_Test_StepoverAlt0052.tif,0.001,1.788,1.654,0.044,0.053,1756.396734380675
0.001035,51,077_AlSiMg_200W_500mms_M0_G13_Test_StepoverAlt0052.tif,0.001,1.801,1.677,0.044,0.053,1814.0358110497734
0.00104,52,077_AlSiMg_200W_500mms_M0_G13_Test_StepoverAlt0053.tif,-0.002,1.805,1.681,0.042,0.051,1787.3767140730822
0.001045,52,077_AlSiMg_200W_500mms_M0_G13_Test_StepoverAlt0053.tif,-0.001,1.807,1.647,0.044,0.051,1776.6432503468648
0.00105,52,077_AlSiMg_200W_500mms_M0_G13_Test_StepoverAlt0053.tif,0.0,1.805,1.643,0.041,0.051,1814.8050132676267
0.001055,52,077_AlSiMg_200W_500mms_M0_G13_Test_StepoverAlt0053.tif,-0.002,1.801,1.668,0.041,0.05,1860.0411504138187
0.00106,53,077_AlSiMg_200W_500mms_M0_G13_Test_StepoverAlt0054.tif,0.0,1.801,1.675,0.044,0.051,1821.8793874930568
0.001065,53,077_AlSiMg_200W_500mms_M0_G13_Test_StepoverAlt0054.tif,0.0,1.793,1.693,0.044,0.051,1841.464110244318
0.00107,53,077_AlSiMg_200W_500mms_M0_G13_Test_StepoverAlt0054.tif,-0.001,1.78,1.689,0.044,0.053,1814.8713876116242
0.001075,53,077_AlSiMg_200W_500mms_M0_G13_Test_StepoverAlt0054.tif,0.001,1.779,1.65,0.042,0.051,1814.8713876116242
0.00108,54,077_AlSiMg_200W_500mms_M0_G13_Test_StepoverAlt0055.tif,0.001,1.781,1.649,0.042,0.053,1814.8713876116242
0.001085,54,077_AlSiMg_200W_500mms_M0_G13_Test_StepoverAlt0055.tif,0.0,1.781,1.647,0.044,0.051,1832.800203333993
0.00109,54,077_AlSiMg_200W_500mms_M0_G13_Test_StepoverAlt0055.tif,0.002,1.78,1.675,0.044,0.051,1802.5483912005118
0.001095,54,077_AlSiMg_200W_500mms_M0_G13_Test_StepoverAlt0055.tif,0.001,1.783,1.649,0.044,0.052,1861.2197524662588
0.0011,55,077_AlSiMg_200W_500mms_M0_G13_Test_StepoverAlt0056.tif,-0.002,1.794,1.639,0.042,0.053,1823.0579895454969
0.001105,55,077_AlSiMg_200W_500mms_M0_G13_Test_StepoverAlt0056.tif,-0.002,1.805,1.643,0.045,0.053,1747.570040265824
0.00111,55,077_AlSiMg_200W_500mms_M0_G13_Test_StepoverAlt0056.tif,0.0,1.808,1.65,0.044,0.053,1729.6412245434556
0.001115,55,077_AlSiMg_200W_500mms_M0_G13_Test_StepoverAlt0056.tif,-0.002,1.805,1.692,0.042,0.053,1750.967591397785
0.00112,56,077_AlSiMg_200W_500mms_M0_G13_Test_StepoverAlt0057.tif,0.001,1.802,1.656,0.044,0.053,1729.6224164909495
0.001125,56,077_AlSiMg_200W_500mms_M0_G13_Test_StepoverAlt0057.tif,0.0,1.798,1.646,0.044,0.054,1797.3357242881702
0.00113,56,077_AlSiMg_200W_500mms_M0_G13_Test_StepoverAlt0057.tif,-0.002,1.793,1.637,0.044,0.053,1797.3357242881702
0.001135,56,077_AlSiMg_200W_500mms_M0_G13_Test_StepoverAlt0057.tif,0.001,1.78,1.625,0.046,0.052,1747.1234640815896
0.00114,57,077_AlSiMg_200W_500mms_M0_G13_Test_StepoverAlt0058.tif,0.0,1.772,1.611,0.042,0.053,1927.3675346369268
0.001145,57,077_AlSiMg_200W_500mms_M0_G13_Test_StepoverAlt0058.tif,0.0,1.77,1.615,0.042,0.054,1965.5292975576886
0.00115,57,077_AlSiMg_200W_500mms_M0_G13_Test_StepoverAlt0058.tif,-0.002,1.77,1.612,0.048,0.051,1897.815989760468
0.001155,57,077_AlSiMg_200W_500mms_M0_G13_Test_StepoverAlt0058.tif,-0.002,1.779,1.604,0.044,0.051,1897.815989760468
0.00116,58,077_AlSiMg_200W_500mms_M0_G13_Test_StepoverAlt0059.tif,-0.001,1.779,1.622,0.044,0.053,1910.7020636081375
0.001165,58,077_AlSiMg_200W_500mms_M0_G13_Test_StepoverAlt0059.tif,0.0,1.793,1.615,0.042,0.053,1784.6195754781431
0.00117,58,077_AlSiMg_200W_500mms_M0_G13_Test_StepoverAlt0059.tif,-0.001,1.801,1.644,0.042,0.053,1764.3866282797499
0.001175,58,077_AlSiMg_200W_500mms_M0_G13_Test_StepoverAlt0059.tif,0.001,1.808,1.632,0.044,0.051,1744.9093145314132
0.00118,59,077_AlSiMg_200W_500mms_M0_G13_Test_StepoverAlt0060.tif,0.0,1.807,1.625,0.044,0.052,1744.9093145314132
0.001185,59,077_AlSiMg_200W_500mms_M0_G13_Test_StepoverAlt0060.tif,-0.002,1.804,1.636,0.043,0.053,1782.2355008903244
0.00119,59,077_AlSiMg_200W_500mms_M0_G13_Test_StepoverAlt0060.tif,-0.001,1.802,1.647,0.042,0.053,1782.2355008903244
0.001195,59,077_AlSiMg_200W_500mms_M0_G13_Test_StepoverAlt0060.tif,0.0,1.802,1.653,0.044,0.053,1744.8293714196193
0.0012,60,077_AlSiMg_200W_500mms_M0_G13_Test_StepoverAlt0061.tif,0.001,1.788,1.636,0.044,0.051,1741.2771038527796
0.001205,60,077_AlSiMg_200W_500mms_M0_G13_Test_StepoverAlt0061.tif,-0.001,1.78,1.611,0.043,0.053,1728.3910300051107
0.00121,60,077_AlSiMg_200W_500mms_M0_G13_Test_StepoverAlt0061.tif,-0.001,1.775,1.622,0.042,0.052,1691.0648436461993
0.001215,60,077_AlSiMg_200W_500mms_M0_G13_Test_StepoverAlt0061.tif,-0.001,1.773,1.621,0.042,0.054,1697.7497490231162
0.00122,61,077_AlSiMg_200W_500mms_M0_G13_Test_StepoverAlt0062.tif,-0.001,1.773,1.639,0.042,0.053,1713.7295871927206
0.001225,61,077_AlSiMg_200W_500mms_M0_G13_Test_StepoverAlt0062.tif,-0.001,1.779,1.642,0.046,0.053,1720.7593490033155
0.00123,61,077_AlSiMg_200W_500mms_M0_G13_Test_StepoverAlt0062.tif,-0.001,1.786,1.635,0.043,0.052,1740.6031599088678
0.001235,61,077_AlSiMg_200W_500mms_M0_G13_Test_StepoverAlt0062.tif,0.001,1.8,1.686,0.044,0.054,1777.9293462677792
0.00124,62,077_AlSiMg_200W_500mms_M0_G13_Test_StepoverAlt0063.tif,0.0,1.805,1.686,0.044,0.055,1726.0083037446698
0.001245,62,077_AlSiMg_200W_500mms_M0_G13_Test_StepoverAlt0063.tif,0.001,1.805,1.702,0.044,0.053,1706.4761980082258
0.00125,62,077_AlSiMg_200W_500mms_M0_G13_Test_StepoverAlt0063.tif,0.001,1.804,1.658,0.042,0.051,1643.062554851243
0.001255,62,077_AlSiMg_200W_500mms_M0_G13_Test_StepoverAlt0063.tif,0.0,1.801,1.637,0.042,0.052,1653.9536904039346
0.00126,63,077_AlSiMg_200W_500mms_M0_G13_Test_StepoverAlt0064.tif,0.0,1.797,1.623,0.04,0.054,1630.9241090887585
0.001265,63,077_AlSiMg_200W_500mms_M0_G13_Test_StepoverAlt0064.tif,0.0,1.784,1.628,0.043,0.053,1630.9241090887585
0.00127,63,077_AlSiMg_200W_500mms_M0_G13_Test_StepoverAlt0064.tif,0.0,1.777,1.649,0.042,0.052,1692.115453324696
0.001275,63,077_AlSiMg_200W_500mms_M0_G13_Test_StepoverAlt0064.tif,-0.001,1.772,1.622,0.042,0.051,2214.9392315153723
0.00128,64,077_AlSiMg_200W_500mms_M0_G13_Test_StepoverAlt0065.tif,0.001,1.773,1.658,0.044,0.051,2193.503751618138
0.001285,64,077_AlSiMg_200W_500mms_M0_G13_Test_StepoverAlt0065.tif,-0.001,1.776,1.699,0.058,0.055,2166.3210727267333
0.00129,64,077_AlSiMg_200W_500mms_M0_G13_Test_StepoverAlt0065.tif,-0.001,1.779,1.731,0.041,0.052,2166.3210727267333
0.001295,64,077_AlSiMg_200W_500mms_M0_G13_Test_StepoverAlt0065.tif,-0.002,1.784,1.706,0.042,0.054,2128.1593098059716
0.0013,65,077_AlSiMg_200W_500mms_M0_G13_Test_StepoverAlt0066.tif,0.001,1.8,1.829,0.042,0.051,1699.1802126726438
0.001305,65,077_AlSiMg_200W_500mms_M0_G13_Test_StepoverAlt0066.tif,-0.001,1.807,1.766,0.044,0.053,1740.093006318215
0.00131,65,077_AlSiMg_200W_500mms_M0_G13_Test_StepoverAlt0066.tif,-0.001,1.808,1.745,0.043,0.051,1743.559570313954
0.001315,65,077_AlSiMg_200W_500mms_M0_G13_Test_StepoverAlt0066.tif,0.0,1.809,1.686,0.044,0.053,1713.3077581804732
0.00132,66,077_AlSiMg_200W_500mms_M0_G13_Test_StepoverAlt0067.tif,0.0,1.805,1.712,0.043,0.055,1659.560746495498
0.001325,66,077_AlSiMg_200W_500mms_M0_G13_Test_StepoverAlt0067.tif,0.0,1.8,1.731,0.042,0.053,1607.803341740803
0.00133,66,077_AlSiMg_200W_500mms_M0_G13_Test_StepoverAlt0067.tif,0.001,1.795,1.699,0.041,0.053,1577.4348924397748
0.001335,66,077_AlSiMg_200W_500mms_M0_G13_Test_StepoverAlt0067.tif,-0.002,1.78,1.802,0.042,0.053,1617.1062144251857
0.00134,67,077_AlSiMg_200W_500mms_M0_G13_Test_StepoverAlt0068.tif,-0.002,1.773,1.709,0.044,0.055,1654.4324007840974
0.001345,67,077_AlSiMg_200W_500mms_M0_G13_Test_StepoverAlt0068.tif,-0.001,1.77,1.719,0.042,0.051,1685.1498311538958
0.00135,67,077_AlSiMg_200W_500mms_M0_G13_Test_StepoverAlt0068.tif,-0.002,1.772,1.714,0.044,0.053,1722.4760175128074
0.001355,67,077_AlSiMg_200W_500mms_M0_G13_Test_StepoverAlt0068.tif,0.0,1.777,1.713,0.042,0.052,1726.1853698371444
0.00136,68,077_AlSiMg_200W_500mms_M0_G13_Test_StepoverAlt0069.tif,0.001,1.777,1.7,0.044,0.053,1710.2301627473985
0.001365,68,077_AlSiMg_200W_500mms_M0_G13_Test_StepoverAlt0069.tif,-0.002,1.79,1.768,0.041,0.051,1703.1557885219686
0.00137,68,077_AlSiMg_200W_500mms_M0_G13_Test_StepoverAlt0069.tif,-0.003,1.801,1.741,0.042,0.052,1710.1855503325628
0.001375,68,077_AlSiMg_200W_500mms_M0_G13_Test_StepoverAlt0069.tif,0.001,1.802,1.67,0.042,0.051,1672.8593639736514
0.00138,69,077_AlSiMg_200W_500mms_M0_G13_Test_StepoverAlt0070.tif,-0.002,1.804,1.672,0.044,0.054,1683.5186414457614
0.001385,69,077_AlSiMg_200W_500mms_M0_G13_Test_StepoverAlt0070.tif,0.0,1.802,1.759,0.042,0.053,1690.5484032563559
0.00139,69,077_AlSiMg_200W_500mms_M0_G13_Test_StepoverAlt0070.tif,0.0,1.802,1.741,0.044,0.054,1735.784540402548
0.001395,69,077_AlSiMg_200W_500mms_M0_G13_Test_StepoverAlt0070.tif,-0.002,1.797,1.741,0.044,0.054,1793.3297964189583
0.0014,70,077_AlSiMg_200W_500mms_M0_G13_Test_StepoverAlt0071.tif,-0.002,1.78,1.726,0.044,0.051,1845.0872011736533
0.001405,70,077_AlSiMg_200W_500mms_M0_G13_Test_StepoverAlt0071.tif,-0.001,1.772,1.738,0.045,0.052,1830.7185713772064
0.00141,70,077_AlSiMg_200W_500mms_M0_G13_Test_StepoverAlt0071.tif,-0.004,1.773,1.719,0.043,0.051,1857.5678181417402
0.001415,70,077_AlSiMg_200W_500mms_M0_G13_Test_StepoverAlt0071.tif,-0.001,1.773,1.695,0.044,0.055,1819.4060552209783
0.00142,71,077_AlSiMg_200W_500mms_M0_G13_Test_StepoverAlt0072.tif,-0.002,1.776,1.695,0.042,0.05,1740.5344323502384
0.001425,71,077_AlSiMg_200W_500mms_M0_G13_Test_StepoverAlt0072.tif,-0.001,1.779,1.686,0.044,0.053,1710.103394449873
0.00143,71,077_AlSiMg_200W_500mms_M0_G13_Test_StepoverAlt0072.tif,0.001,1.788,1.709,0.042,0.053,1737.6801308153583
0.001435,71,077_AlSiMg_200W_500mms_M0_G13_Test_StepoverAlt0072.tif,-0.002,1.801,1.675,0.044,0.054,1710.8308840508246
0.00144,72,077_AlSiMg_200W_500mms_M0_G13_Test_StepoverAlt0073.tif,-0.002,1.809,1.643,0.048,0.058,1691.3535703024877
0.001445,72,077_AlSiMg_200W_500mms_M0_G13_Test_StepoverAlt0073.tif,-0.002,1.804,1.77,0.044,0.054,1793.1684782772325
0.00145,72,077_AlSiMg_200W_500mms_M0_G13_Test_StepoverAlt0073.tif,0.0,1.804,1.78,0.043,0.053,1768.255504136243
0.001455,72,077_AlSiMg_200W_500mms_M0_G13_Test_StepoverAlt0073.tif,0.0,1.804,1.754,0.045,0.051,1730.1344234262149
0.00146,73,077_AlSiMg_200W_500mms_M0_G13_Test_StepoverAlt0074.tif,0.001,1.798,1.684,0.041,0.052,1746.1342429307965
0.001465,73,077_AlSiMg_200W_500mms_M0_G13_Test_StepoverAlt0074.tif,0.001,1.788,1.675,0.041,0.052,1715.3992964725524
0.00147,73,077_AlSiMg_200W_500mms_M0_G13_Test_StepoverAlt0074.tif,-0.002,1.777,1.646,0.044,0.053,1650.9105748567188
0.001475,73,077_AlSiMg_200W_500mms_M0_G13_Test_StepoverAlt0074.tif,-0.001,1.772,1.629,0.042,0.054,1709.7521842246588
0.00148,74,077_AlSiMg_200W_500mms_M0_G13_Test_StepoverAlt0075.tif,0.001,1.777,1.625,0.044,0.053,1750.6649778702304
0.001485,74,077_AlSiMg_200W_500mms_M0_G13_Test_StepoverAlt0075.tif,0.001,1.777,1.614,0.044,0.052,1778.6102953831712
0.00149,74,077_AlSiMg_200W_500mms_M0_G13_Test_StepoverAlt0075.tif,0.001,1.784,1.628,0.044,0.053,1838.864286397741
0.001495,74,077_AlSiMg_200W_500mms_M0_G13_Test_StepoverAlt0075.tif,-0.001,1.788,1.668,0.047,0.055,1915.7678106494047
0.0015,75,077_AlSiMg_200W_500mms_M0_G13_Test_StepoverAlt0076.tif,-0.001,1.801,1.667,0.047,0.056,1885.24426380275
0.001505,75,077_AlSiMg_200W_500mms_M0_G13_Test_StepoverAlt0076.tif,-0.002,1.808,1.671,0.049,0.055,1885.24426380275
0.00151,75,077_AlSiMg_200W_500mms_M0_G13_Test_StepoverAlt0076.tif,-0.002,1.807,1.658,0.045,0.055,1841.2991267852271
0.001515,75,077_AlSiMg_200W_500mms_M0_G13_Test_StepoverAlt0076.tif,-0.002,1.807,1.695,0.044,0.053,1777.510384292263
0.00152,76,077_AlSiMg_200W_500mms_M0_G13_Test_StepoverAlt0077.tif,-0.001,1.8,1.672,0.044,0.054,1700.6068600405997
0.001525,76,077_AlSiMg_200W_500mms_M0_G13_Test_StepoverAlt0077.tif,-0.001,1.795,1.664,0.041,0.053,1659.454579479911
0.00153,76,077_AlSiMg_200W_500mms_M0_G13_Test_StepoverAlt0077.tif,-0.001,1.786,1.661,0.044,0.053,1652.3802052544804
0.001535,76,077_AlSiMg_200W_500mms_M0_G13_Test_StepoverAlt0077.tif,0.001,1.77,1.692,0.041,0.053,1661.3056505336313
0.00154,77,077_AlSiMg_200W_500mms_M0_G13_Test_StepoverAlt0078.tif,-0.002,1.768,1.681,0.042,0.051,1677.7264758596953
0.001545,77,077_AlSiMg_200W_500mms_M0_G13_Test_StepoverAlt0078.tif,0.0,1.768,1.654,0.042,0.051,1715.888238780457
0.00155,77,077_AlSiMg_200W_500mms_M0_G13_Test_StepoverAlt0078.tif,-0.002,1.77,1.667,0.042,0.053,1732.3090641065205
0.001555,77,077_AlSiMg_200W_500mms_M0_G13_Test_StepoverAlt0078.tif,0.0,1.772,1.66,0.044,0.051,1723.3836188273694
0.00156,78,077_AlSiMg_200W_500mms_M0_G13_Test_StepoverAlt0079.tif,-0.002,1.775,1.658,0.042,0.053,1940.8165471963257
0.001565,78,077_AlSiMg_200W_500mms_M0_G13_Test_StepoverAlt0079.tif,-0.001,1.788,1.635,0.044,0.054,1962.1429140506557
0.00157,78,077_AlSiMg_200W_500mms_M0_G13_Test_StepoverAlt0079.tif,-0.002,1.798,1.677,0.051,0.053,1941.9099668522626
0.001575,78,077_AlSiMg_200W_500mms_M0_G13_Test_StepoverAlt0079.tif,-0.002,1.804,1.776,0.044,0.054,1941.9099668522626
0.00158,79,077_AlSiMg_200W_500mms_M0_G13_Test_StepoverAlt0080.tif,0.0,1.805,1.801,0.044,0.052,1950.8354121314137
0.001585,79,077_AlSiMg_200W_500mms_M0_G13_Test_StepoverAlt0080.tif,0.002,1.805,1.84,0.042,0.053,1754.9080763836714
0.00159,79,077_AlSiMg_200W_500mms_M0_G13_Test_StepoverAlt0080.tif,-0.002,1.8,1.77,0.042,0.051,1763.8335216628225
0.001595,79,077_AlSiMg_200W_500mms_M0_G13_Test_StepoverAlt0080.tif,-0.001,1.795,1.745,0.043,0.051,1738.8303317150235
0.0016,80,077_AlSiMg_200W_500mms_M0_G13_Test_StepoverAlt0081.tif,0.0,1.783,1.737,0.042,0.051,1753.1269367587586
0.001605,80,077_AlSiMg_200W_500mms_M0_G13_Test_StepoverAlt0081.tif,0.0,1.775,1.703,0.042,0.051,1702.8492752394607
0.00161,80,077_AlSiMg_200W_500mms_M0_G13_Test_StepoverAlt0081.tif,-0.001,1.768,1.678,0.042,0.052,1681.3436826182467
0.001615,80,077_AlSiMg_200W_500mms_M0_G13_Test_StepoverAlt0081.tif,-0.002,1.77,1.64,0.04,0.052,1699.267484103629
0.00162,81,077_AlSiMg_200W_500mms_M0_G13_Test_StepoverAlt0082.tif,0.001,1.776,1.623,0.042,0.051,1686.8645445807226
0.001625,81,077_AlSiMg_200W_500mms_M0_G13_Test_StepoverAlt0082.tif,0.001,1.779,1.623,0.042,0.05,1659.681865689318
0.00163,81,077_AlSiMg_200W_500mms_M0_G13_Test_StepoverAlt0082.tif,-0.002,1.791,1.692,0.043,0.053,1679.7077150751352
0.001635,81,077_AlSiMg_200W_500mms_M0_G13_Test_StepoverAlt0082.tif,0.001,1.801,1.709,0.042,0.054,1704.7109050229342
0.00164,82,077_AlSiMg_200W_500mms_M0_G13_Test_StepoverAlt0083.tif,-0.001,1.807,1.707,0.042,0.053,1732.0232406837436
0.001645,82,077_AlSiMg_200W_500mms_M0_G13_Test_StepoverAlt0083.tif,0.0,1.809,1.681,0.044,0.052,1751.5005544320804
0.00165,82,077_AlSiMg_200W_500mms_M0_G13_Test_StepoverAlt0083.tif,0.0,1.809,1.675,0.044,0.051,1764.3866282797499
0.001655,82,077_AlSiMg_200W_500mms_M0_G13_Test_StepoverAlt0083.tif,0.0,1.809,1.692,0.044,0.053,1839.874577559423
0.00166,83,077_AlSiMg_200W_500mms_M0_G13_Test_StepoverAlt0084.tif,0.0,1.802,1.685,0.042,0.053,2265.3560773661657
0.001665,83,077_AlSiMg_200W_500mms_M0_G13_Test_StepoverAlt0084.tif,0.0,1.794,1.688,0.044,0.051,2220.1199402199736
0.00167,83,077_AlSiMg_200W_500mms_M0_G13_Test_StepoverAlt0084.tif,-0.002,1.78,1.663,0.055,0.053,2220.1199402199736
0.001675,83,077_AlSiMg_200W_500mms_M0_G13_Test_StepoverAlt0084.tif,-0.002,1.781,1.719,0.042,0.051,2257.4461265788855
0.00168,84,077_AlSiMg_200W_500mms_M0_G13_Test_StepoverAlt0085.tif,-0.001,1.78,1.696,0.044,0.053,2240.629538564959
0.001685,84,077_AlSiMg_200W_500mms_M0_G13_Test_StepoverAlt0085.tif,0.0,1.781,1.695,0.044,0.053,1766.850773734819
0.00169,84,077_AlSiMg_200W_500mms_M0_G13_Test_StepoverAlt0085.tif,-0.002,1.783,1.672,0.045,0.053,1773.92514796025
0.001695,84,077_AlSiMg_200W_500mms_M0_G13_Test_StepoverAlt0085.tif,-0.001,1.787,1.726,0.044,0.055,1761.3304168359634
0.0017,85,077_AlSiMg_200W_500mms_M0_G13_Test_StepoverAlt0086.tif,-0.002,1.8,1.692,0.044,0.053,1730.961967534935
0.001705,85,077_AlSiMg_200W_500mms_M0_G13_Test_StepoverAlt0086.tif,-0.002,1.807,1.696,0.045,0.055,1709.6167926280991
0.00171,85,077_AlSiMg_200W_500mms_M0_G13_Test_StepoverAlt0086.tif,-0.002,1.805,1.681,0.044,0.055,1757.914057651496
0.001715,85,077_AlSiMg_200W_500mms_M0_G13_Test_StepoverAlt0086.tif,0.0,1.8,1.692,0.044,0.053,1757.914057651496
0.00172,86,077_AlSiMg_200W_500mms_M0_G13_Test_StepoverAlt0087.tif,0.001,1.797,1.657,0.044,0.052,1763.4344145503521
0.001725,86,077_AlSiMg_200W_500mms_M0_G13_Test_StepoverAlt0087.tif,0.001,1.798,1.731,0.044,0.053,1828.495367686808
0.00173,86,077_AlSiMg_200W_500mms_M0_G13_Test_StepoverAlt0087.tif,-0.001,1.788,1.737,0.042,0.051,1815.9006365625216
0.001735,86,077_AlSiMg_200W_500mms_M0_G13_Test_StepoverAlt0087.tif,-0.001,1.772,1.707,0.043,0.05,1781.9720013355716
0.00174,87,077_AlSiMg_200W_500mms_M0_G13_Test_StepoverAlt0088.tif,0.001,1.77,1.703,0.045,0.055,1799.9008170579405
0.001745,87,077_AlSiMg_200W_500mms_M0_G13_Test_StepoverAlt0088.tif,0.001,1.77,1.719,0.044,0.054,1806.9751912833708
0.00175,87,077_AlSiMg_200W_500mms_M0_G13_Test_StepoverAlt0088.tif,0.001,1.772,1.728,0.044,0.052,1738.4705424824544
0.001755,87,077_AlSiMg_200W_500mms_M0_G13_Test_StepoverAlt0088.tif,-0.001,1.772,1.793,0.044,0.053,1728.0356922915646
0.00176,88,077_AlSiMg_200W_500mms_M0_G13_Test_StepoverAlt0089.tif,0.001,1.779,1.853,0.043,0.054,1706.7093254372346
0.001765,88,077_AlSiMg_200W_500mms_M0_G13_Test_StepoverAlt0089.tif,-0.001,1.793,1.847,0.042,0.052,1719.914861905685
0.00177,88,077_AlSiMg_200W_500mms_M0_G13_Test_StepoverAlt0089.tif,-0.002,1.804,1.737,0.042,0.053,1682.5886755467739
0.001775,88,077_AlSiMg_200W_500mms_M0_G13_Test_StepoverAlt0089.tif,-0.002,1.809,1.702,0.042,0.049,1709.326446286832
0.00178,89,077_AlSiMg_200W_500mms_M0_G13_Test_StepoverAlt0090.tif,0.001,1.804,1.709,0.042,0.053,1728.858552023276
0.001785,89,077_AlSiMg_200W_500mms_M0_G13_Test_StepoverAlt0090.tif,0.001,1.802,1.775,0.042,0.051,1804.346501302949
0.00179,89,077_AlSiMg_200W_500mms_M0_G13_Test_StepoverAlt0090.tif,0.001,1.802,1.808,0.043,0.052,1735.8859627532188
0.001795,89,077_AlSiMg_200W_500mms_M0_G13_Test_StepoverAlt0090.tif,-0.001,1.794,1.804,0.044,0.051,1769.7146735333977
0.0018,90,077_AlSiMg_200W_500mms_M0_G13_Test_StepoverAlt0091.tif,0.0,1.783,1.805,0.042,0.053,1773.2915721800957
0.001805,90,077_AlSiMg_200W_500mms_M0_G13_Test_StepoverAlt0091.tif,-0.002,1.779,1.766,0.043,0.052,1726.5767875522474
0.00181,90,077_AlSiMg_200W_500mms_M0_G13_Test_StepoverAlt0091.tif,0.001,1.77,1.776,0.043,0.052,1702.846243027269
0.001815,90,077_AlSiMg_200W_500mms_M0_G13_Test_StepoverAlt0091.tif,0.001,1.773,1.734,0.042,0.054,1720.695115637844
0.00182,91,077_AlSiMg_200W_500mms_M0_G13_Test_StepoverAlt0092.tif,-0.001,1.777,1.744,0.043,0.051,1686.8664048576647
0.001825,91,077_AlSiMg_200W_500mms_M0_G13_Test_StepoverAlt0092.tif,0.001,1.781,1.717,0.043,0.053,1653.0376940774859
0.00183,91,077_AlSiMg_200W_500mms_M0_G13_Test_StepoverAlt0092.tif,0.001,1.791,1.699,0.042,0.053,1665.9237679251553
0.001835,91,077_AlSiMg_200W_500mms_M0_G13_Test_StepoverAlt0092.tif,-0.002,1.802,1.682,0.042,0.053,1651.4925495293712
0.00184,92,077_AlSiMg_200W_500mms_M0_G13_Test_StepoverAlt0093.tif,-0.001,1.805,1.664,0.042,0.053,1670.9698632777083
0.001845,92,077_AlSiMg_200W_500mms_M0_G13_Test_StepoverAlt0093.tif,-0.001,1.804,1.656,0.044,0.053,1729.6412245434553
0.00185,92,077_AlSiMg_200W_500mms_M0_G13_Test_StepoverAlt0093.tif,-0.002,1.802,1.672,0.044,0.053,1784.8962266247352
0.001855,92,077_AlSiMg_200W_500mms_M0_G13_Test_StepoverAlt0093.tif,0.0,1.801,1.66,0.045,0.053,1806.2225934790652
0.00186,93,077_AlSiMg_200W_500mms_M0_G13_Test_StepoverAlt0094.tif,0.0,1.798,1.678,0.044,0.052,1790.2227739744835
0.001865,93,077_AlSiMg_200W_500mms_M0_G13_Test_StepoverAlt0094.tif,-0.002,1.787,1.658,0.044,0.054,1783.1483997490534
0.00187,93,077_AlSiMg_200W_500mms_M0_G13_Test_StepoverAlt0094.tif,0.0,1.777,1.658,0.044,0.054,1930.5905367823439
0.001875,93,077_AlSiMg_200W_500mms_M0_G13_Test_StepoverAlt0094.tif,0.002,1.77,1.678,0.042,0.051,1927.0929394557588
0.00188,94,077_AlSiMg_200W_500mms_M0_G13_Test_StepoverAlt0095.tif,-0.002,1.768,1.681,0.05,0.053,1939.5952833816077
0.001885,94,077_AlSiMg_200W_500mms_M0_G13_Test_StepoverAlt0095.tif,-0.002,1.772,1.674,0.043,0.051,1955.5951028861896
0.00189,94,077_AlSiMg_200W_500mms_M0_G13_Test_StepoverAlt0095.tif,-0.002,1.776,1.658,0.043,0.052,1984.0146520184558
0.001895,94,077_AlSiMg_200W_500mms_M0_G13_Test_StepoverAlt0095.tif,-0.001,1.784,1.653,0.044,0.053,1795.7500263299928
0.0019,95,077_AlSiMg_200W_500mms_M0_G13_Test_StepoverAlt0096.tif,-0.002,1.797,1.661,0.045,0.053,1754.6597109575177
0.001905,95,077_AlSiMg_200W_500mms_M0_G13_Test_StepoverAlt0096.tif,0.001,1.809,1.651,0.043,0.053,1751.0828123108197
0.00191,95,077_AlSiMg_200W_500mms_M0_G13_Test_StepoverAlt0096.tif,-0.002,1.802,1.661,0.041,0.051,1772.4279872176553
0.001915,95,077_AlSiMg_200W_500mms_M0_G13_Test_StepoverAlt0096.tif,-0.002,1.802,1.628,0.042,0.051,1779.028129823761
0.00192,96,077_AlSiMg_200W_500mms_M0_G13_Test_StepoverAlt0097.tif,-0.002,1.801,1.63,0.045,0.053,1836.6672064928593
0.001925,96,077_AlSiMg_200W_500mms_M0_G13_Test_StepoverAlt0097.tif,-0.002,1.795,1.703,0.047,0.055,1863.3263034695508
0.00193,96,077_AlSiMg_200W_500mms_M0_G13_Test_StepoverAlt0097.tif,-0.001,1.79,1.74,0.044,0.051,1863.3263034695508
0.001935,96,077_AlSiMg_200W_500mms_M0_G13_Test_StepoverAlt0097.tif,-0.001,1.777,1.654,0.044,0.053,1804.6549422038038
0.00194,97,077_AlSiMg_200W_500mms_M0_G13_Test_StepoverAlt0098.tif,-0.002,1.769,1.63,0.042,0.051,1750.050527714171
0.001945,97,077_AlSiMg_200W_500mms_M0_G13_Test_StepoverAlt0098.tif,0.0,1.768,1.616,0.042,0.053,1688.8591834782333
0.00195,97,077_AlSiMg_200W_500mms_M0_G13_Test_StepoverAlt0098.tif,0.001,1.77,1.614,0.041,0.051,1658.4907341772046
0.001955,97,077_AlSiMg_200W_500mms_M0_G13_Test_StepoverAlt0098.tif,0.001,1.772,1.663,0.042,0.052,1686.9102833094707
0.00196,98,077_AlSiMg_200W_500mms_M0_G13_Test_StepoverAlt0099.tif,0.0,1.783,1.783,0.044,0.055,1762.398232589144
0.001965,98,077_AlSiMg_200W_500mms_M0_G13_Test_StepoverAlt0099.tif,-0.002,1.793,1.787,0.045,0.053,1773.0575100612539
0.00197,98,077_AlSiMg_200W_500mms_M0_G13_Test_StepoverAlt0099.tif,0.001,1.802,1.755,0.044,0.051,1796.0870913764302
0.001975,98,077_AlSiMg_200W_500mms_M0_G13_Test_StepoverAlt0099.tif,-0.001,1.805,1.706,0.044,0.054,1810.4557211728766
0.00198,99,077_AlSiMg_200W_500mms_M0_G13_Test_StepoverAlt0100.tif,0.001,1.807,1.688,0.044,0.053,1789.110546266041
0.001985,99,077_AlSiMg_200W_500mms_M0_G13_Test_StepoverAlt0100.tif,-0.002,1.804,1.73,0.044,0.054,1821.804015064375
0.00199,99,077_AlSiMg_200W_500mms_M0_G13_Test_StepoverAlt0100.tif,-0.002,1.8,1.71,0.044,0.053,1855.7326502913252
0.001995,99,077_AlSiMg_200W_500mms_M0_G13_Test_StepoverAlt0100.tif,0.001,1.798,1.698,0.047,0.053,1843.1379191670392
0.002,100,077_AlSiMg_200W_500mms_M0_G13_Test_StepoverAlt0101.tif,0.0,1.786,1.696,0.044,0.052,1880.4829135784566
0.002005,100,077_AlSiMg_200W_500mms_M0_G13_Test_StepoverAlt0101.tif,0.0,1.779,1.696,0.045,0.055,1861.0055998301195
0.00201,100,077_AlSiMg_200W_500mms_M0_G13_Test_StepoverAlt0101.tif,0.001,1.777,1.744,0.045,0.053,1790.1503681110237
0.002015,100,077_AlSiMg_200W_500mms_M0_G13_Test_StepoverAlt0101.tif,-0.001,1.776,1.728,0.043,0.053,1772.2215523886553
0.00202,101,077_AlSiMg_200W_500mms_M0_G13_Test_StepoverAlt0102.tif,-0.002,1.781,1.71,0.044,0.053,1768.8164640083596
0.002025,101,077_AlSiMg_200W_500mms_M0_G13_Test_StepoverAlt0102.tif,0.0,1.784,1.712,0.044,0.053,1713.6591441360354
0.00203,101,077_AlSiMg_200W_500mms_M0_G13_Test_StepoverAlt0102.tif,-0.001,1.794,1.684,0.044,0.054,1717.1366383797904
0.002035,101,077_AlSiMg_200W_500mms_M0_G13_Test_StepoverAlt0102.tif,-0.001,1.807,1.678,0.043,0.054,1717.1366383797904
0.00204,102,077_AlSiMg_200W_500mms_M0_G13_Test_StepoverAlt0103.tif,-0.002,1.816,1.698,0.044,0.054,1673.7913181470637
0.002045,102,077_AlSiMg_200W_500mms_M0_G13_Test_StepoverAlt0103.tif,0.0,1.816,1.684,0.044,0.053,1693.2118327344076
0.00205,102,077_AlSiMg_200W_500mms_M0_G13_Test_StepoverAlt0103.tif,0.001,1.812,1.665,0.044,0.056,1707.5466639515594
0.002055,102,077_AlSiMg_200W_500mms_M0_G13_Test_StepoverAlt0103.tif,-0.002,1.807,1.653,0.045,0.054,1693.1780341551125
0.00206,103,077_AlSiMg_200W_500mms_M0_G13_Test_StepoverAlt0104.tif,-0.002,1.8,1.671,0.043,0.053,1699.9451684074859
0.002065,103,077_AlSiMg_200W_500mms_M0_G13_Test_StepoverAlt0104.tif,0.0,1.788,1.654,0.044,0.055,1743.2904886402125
0.00207,103,077_AlSiMg_200W_500mms_M0_G13_Test_StepoverAlt0104.tif,-0.002,1.777,1.681,0.046,0.055,1778.0315564782118
0.002075,103,077_AlSiMg_200W_500mms_M0_G13_Test_StepoverAlt0104.tif,0.001,1.77,1.689,0.044,0.053,1760.1826838676377
0.00208,104,077_AlSiMg_200W_500mms_M0_G13_Test_StepoverAlt0105.tif,0.001,1.77,1.653,0.044,0.051,1790.551133168666
0.002085,104,077_AlSiMg_200W_500mms_M0_G13_Test_StepoverAlt0105.tif,-0.002,1.773,1.628,0.042,0.053,1746.4578125573814
0.00209,104,077_AlSiMg_200W_500mms_M0_G13_Test_StepoverAlt0105.tif,0.0,1.77,1.618,0.044,0.053,1716.089363256353
0.002095,104,077_AlSiMg_200W_500mms_M0_G13_Test_StepoverAlt0105.tif,0.0,1.78,1.636,0.042,0.053,1681.3482954183535
0.0021,105,077_AlSiMg_200W_500mms_M0_G13_Test_StepoverAlt0106.tif,0.0,1.79,1.633,0.044,0.055,1681.3482954183535
0.002105,105,077_AlSiMg_200W_500mms_M0_G13_Test_StepoverAlt0106.tif,-0.002,1.8,1.644,0.045,0.054,1699.277111140722
0.00211,105,077_AlSiMg_200W_500mms_M0_G13_Test_StepoverAlt0106.tif,-0.002,1.802,1.611,0.042,0.053,1682.8562858146583
0.002115,105,077_AlSiMg_200W_500mms_M0_G13_Test_StepoverAlt0106.tif,0.0,1.801,1.597,0.044,0.052,1734.5699100225224
0.00212,106,077_AlSiMg_200W_500mms_M0_G13_Test_StepoverAlt0107.tif,-0.001,1.798,1.583,0.041,0.053,1737.916349192133
0.002125,106,077_AlSiMg_200W_500mms_M0_G13_Test_StepoverAlt0107.tif,-0.002,1.794,1.586,0.045,0.053,1737.9163491921336
0.00213,106,077_AlSiMg_200W_500mms_M0_G13_Test_StepoverAlt0107.tif,0.0,1.79,1.647,0.046,0.055,1703.987713965183
0.002135,106,077_AlSiMg_200W_500mms_M0_G13_Test_StepoverAlt0107.tif,0.0,1.776,1.623,0.042,0.053,1799.280162161987
0.00214,107,077_AlSiMg_200W_500mms_M0_G13_Test_StepoverAlt0108.tif,0.0,1.773,1.604,0.044,0.054,1781.3556823379135
0.002145,107,077_AlSiMg_200W_500mms_M0_G13_Test_StepoverAlt0108.tif,0.001,1.775,1.595,0.045,0.052,1774.5885480855402
0.00215,107,077_AlSiMg_200W_500mms_M0_G13_Test_StepoverAlt0108.tif,-0.002,1.78,1.607,0.045,0.054,1768.569414211725
0.002155,107,077_AlSiMg_200W_500mms_M0_G13_Test_StepoverAlt0108.tif,0.0,1.784,1.637,0.044,0.053,1737.823537505465
0.00216,108,077_AlSiMg_200W_500mms_M0_G13_Test_StepoverAlt0109.tif,0.0,1.788,1.629,0.044,0.056,1734.4398639143983
0.002165,108,077_AlSiMg_200W_500mms_M0_G13_Test_StepoverAlt0109.tif,-0.001,1.801,1.664,0.043,0.055,1752.364343738472
0.00217,108,077_AlSiMg_200W_500mms_M0_G13_Test_StepoverAlt0109.tif,-0.002,1.808,1.661,0.044,0.051,1715.0381573795603
0.002175,108,077_AlSiMg_200W_500mms_M0_G13_Test_StepoverAlt0109.tif,0.001,1.811,1.642,0.045,0.053,1796.5452405330489
0.00218,109,077_AlSiMg_200W_500mms_M0_G13_Test_StepoverAlt0110.tif,0.0,1.807,1.622,0.042,0.053,1920.1944609955542
0.002185,109,077_AlSiMg_200W_500mms_M0_G13_Test_StepoverAlt0110.tif,-0.001,1.802,1.633,0.044,0.051,1946.5214196906259
0.00219,109,077_AlSiMg_200W_500mms_M0_G13_Test_StepoverAlt0110.tif,0.001,1.801,1.65,0.049,0.055,1925.17624478379
0.002195,109,077_AlSiMg_200W_500mms_M0_G13_Test_StepoverAlt0110.tif,0.001,1.791,1.737,0.045,0.051,1932.1339818416732
0.0022,110,077_AlSiMg_200W_500mms_M0_G13_Test_StepoverAlt0111.tif,0.0,1.779,1.651,0.044,0.053,1863.603769619883
0.002205,110,077_AlSiMg_200W_500mms_M0_G13_Test_StepoverAlt0111.tif,-0.001,1.765,1.633,0.044,0.055,1786.7002453682192
0.00221,110,077_AlSiMg_200W_500mms_M0_G13_Test_StepoverAlt0111.tif,-0.001,1.768,1.651,0.044,0.055,1767.058192050065
0.002215,110,077_AlSiMg_200W_500mms_M0_G13_Test_StepoverAlt0111.tif,0.001,1.77,1.66,0.044,0.053,1791.741305230909
0.00222,111,077_AlSiMg_200W_500mms_M0_G13_Test_StepoverAlt0112.tif,-0.001,1.772,1.689,0.046,0.053,1892.9649862510335
0.002225,111,077_AlSiMg_200W_500mms_M0_G13_Test_StepoverAlt0112.tif,0.0,1.775,1.688,0.046,0.054,1930.1005698044348
0.00223,111,077_AlSiMg_200W_500mms_M0_G13_Test_StepoverAlt0112.tif,-0.002,1.786,1.688,0.047,0.053,1914.1007502998532
0.002235,111,077_AlSiMg_200W_500mms_M0_G13_Test_StepoverAlt0112.tif,0.001,1.8,1.654,0.046,0.055,1940.1093137212702
0.00224,112,077_AlSiMg_200W_500mms_M0_G13_Test_StepoverAlt0113.tif,-0.002,1.805,1.625,0.044,0.054,1918.8468956231882
0.002245,112,077_AlSiMg_200W_500mms_M0_G13_Test_StepoverAlt0113.tif,-0.001,1.808,1.622,0.047,0.053,1782.1238536533867
0.00225,112,077_AlSiMg_200W_500mms_M0_G13_Test_StepoverAlt0113.tif,0.001,1.807,1.629,0.045,0.054,1803.3020369139551
0.002255,112,077_AlSiMg_200W_500mms_M0_G13_Test_StepoverAlt0113.tif,-0.002,1.805,1.628,0.044,0.058,1873.5867622820674
0.00226,113,077_AlSiMg_200W_500mms_M0_G13_Test_StepoverAlt0114.tif,0.0,1.804,1.612,0.047,0.055,1910.851413122165
0.002265,113,077_AlSiMg_200W_500mms_M0_G13_Test_StepoverAlt0114.tif,0.001,1.794,1.744,0.049,0.056,1901.4379150130583
0.00227,113,077_AlSiMg_200W_500mms_M0_G13_Test_StepoverAlt0114.tif,-0.002,1.781,1.77,0.051,0.056,1940.3127532986468
0.002275,113,077_AlSiMg_200W_500mms_M0_G13_Test_StepoverAlt0114.tif,0.0,1.779,1.752,0.047,0.057,1963.5810599332017
0.00228,114,077_AlSiMg_200W_500mms_M0_G13_Test_StepoverAlt0115.tif,-0.001,1.781,1.728,0.045,0.056,1903.3033510433263
0.002285,114,077_AlSiMg_200W_500mms_M0_G13_Test_StepoverAlt0115.tif,0.0,1.784,1.702,0.048,0.055,1846.3970926316283
0.00229,114,077_AlSiMg_200W_500mms_M0_G13_Test_StepoverAlt0115.tif,-0.002,1.786,1.684,0.047,0.057,1880.3352131709144
0.002295,114,077_AlSiMg_200W_500mms_M0_G13_Test_StepoverAlt0115.tif,0.0,1.791,1.693,0.048,0.055,1978.1834168551272
0.0023,115,077_AlSiMg_200W_500mms_M0_G13_Test_StepoverAlt0116.tif,-0.002,1.8,1.674,0.047,0.055,1914.375061583345
0.002305,115,077_AlSiMg_200W_500mms_M0_G13_Test_StepoverAlt0116.tif,0.0,1.809,1.671,0.047,0.053,1907.7731334854034
0.00231,115,077_AlSiMg_200W_500mms_M0_G13_Test_StepoverAlt0116.tif,-0.002,1.809,1.671,0.045,0.055,1877.904684244743
0.002315,115,077_AlSiMg_200W_500mms_M0_G13_Test_StepoverAlt0116.tif,-0.001,1.804,1.651,0.045,0.055,1819.590917430773
0.00232,116,077_AlSiMg_200W_500mms_M0_G13_Test_StepoverAlt0117.tif,0.001,1.804,1.678,0.045,0.053,1739.4759032647482
0.002325,116,077_AlSiMg_200W_500mms_M0_G13_Test_StepoverAlt0117.tif,-0.002,1.798,1.657,0.044,0.055,1752.0706343890342
0.00233,116,077_AlSiMg_200W_500mms_M0_G13_Test_StepoverAlt0117.tif,-0.001,1.788,1.667,0.046,0.056,1721.3200452805936
0.002335,116,077_AlSiMg_200W_500mms_M0_G13_Test_StepoverAlt0117.tif,0.001,1.777,1.78,0.044,0.053,1653.2291741629167
0.00234,117,077_AlSiMg_200W_500mms_M0_G13_Test_StepoverAlt0118.tif,-0.001,1.775,1.867,0.044,0.056,1704.9427983707806
0.002345,117,077_AlSiMg_200W_500mms_M0_G13_Test_StepoverAlt0118.tif,0.0,1.776,1.865,0.043,0.055,1714.20258081771
0.00235,117,077_AlSiMg_200W_500mms_M0_G13_Test_StepoverAlt0118.tif,-0.002,1.776,1.775,0.045,0.053,1683.8341315166813
0.002355,117,077_AlSiMg_200W_500mms_M0_G13_Test_StepoverAlt0118.tif,-0.001,1.783,2.221,0.044,0.053,1683.8341315166813
0.00236,118,077_AlSiMg_200W_500mms_M0_G13_Test_StepoverAlt0119.tif,0.0,1.791,1.899,0.044,0.055,1751.9250026343586
0.002365,118,077_AlSiMg_200W_500mms_M0_G13_Test_StepoverAlt0119.tif,-0.001,1.8,2.232,0.044,0.056,1730.579827727523
0.00237,118,077_AlSiMg_200W_500mms_M0_G13_Test_StepoverAlt0119.tif,0.001,1.812,2.05,0.045,0.053,1700.2113784264943
0.002375,118,077_AlSiMg_200W_500mms_M0_G13_Test_StepoverAlt0119.tif,0.001,1.815,2.0,0.044,0.053,1801.4350594466189
0.00238,119,077_AlSiMg_200W_500mms_M0_G13_Test_StepoverAlt0120.tif,-0.001,1.811,1.886,0.044,0.055,1866.1255545861816
0.002385,119,077_AlSiMg_200W_500mms_M0_G13_Test_StepoverAlt0120.tif,0.001,1.807,1.822,0.047,0.053,1844.7803796793457
0.00239,119,077_AlSiMg_200W_500mms_M0_G13_Test_StepoverAlt0120.tif,0.0,1.801,1.783,0.045,0.053,1828.780560174764
0.002395,119,077_AlSiMg_200W_500mms_M0_G13_Test_StepoverAlt0120.tif,0.0,1.794,1.823,0.044,0.053,1828.780560174764
0.0024,120,077_AlSiMg_200W_500mms_M0_G13_Test_StepoverAlt0121.tif,0.001,1.781,1.779,0.044,0.054,1779.2705033625039
0.002405,120,077_AlSiMg_200W_500mms_M0_G13_Test_StepoverAlt0121.tif,0.0,1.77,1.734,0.044,0.055,1805.993777142301
0.00241,120,077_AlSiMg_200W_500mms_M0_G13_Test_StepoverAlt0121.tif,-0.001,1.763,1.699,0.045,0.053,1827.3389520491369
0.002415,120,077_AlSiMg_200W_500mms_M0_G13_Test_StepoverAlt0121.tif,-0.001,1.765,1.698,0.047,0.054,1843.338771553718
0.00242,121,077_AlSiMg_200W_500mms_M0_G13_Test_StepoverAlt0122.tif,-0.001,1.77,1.712,0.045,0.053,1843.338771553718
0.002425,121,077_AlSiMg_200W_500mms_M0_G13_Test_StepoverAlt0122.tif,0.001,1.773,1.815,0.044,0.053,1791.6251473458542
0.00243,121,077_AlSiMg_200W_500mms_M0_G13_Test_StepoverAlt0122.tif,0.001,1.781,2.134,0.044,0.055,1734.2969162122922
0.002435,121,077_AlSiMg_200W_500mms_M0_G13_Test_StepoverAlt0122.tif,-0.002,1.795,1.917,0.044,0.055,1682.5832920044281
0.00244,122,077_AlSiMg_200W_500mms_M0_G13_Test_StepoverAlt0123.tif,0.001,1.794,1.816,0.046,0.056,1655.5903200393113
0.002445,122,077_AlSiMg_200W_500mms_M0_G13_Test_StepoverAlt0123.tif,0.0,1.802,1.871,0.044,0.055,1734.0272180269724
0.00245,122,077_AlSiMg_200W_500mms_M0_G13_Test_StepoverAlt0123.tif,0.001,1.8,1.818,0.045,0.056,1734.0272180269724
0.002455,122,077_AlSiMg_200W_500mms_M0_G13_Test_StepoverAlt0123.tif,0.0,1.801,1.864,0.047,0.054,1771.2323179868429
0.00246,123,077_AlSiMg_200W_500mms_M0_G13_Test_StepoverAlt0124.tif,-0.002,1.795,1.795,0.044,0.055,1808.3679015402442
0.002465,123,077_AlSiMg_200W_500mms_M0_G13_Test_StepoverAlt0124.tif,-0.001,1.783,1.74,0.047,0.055,1780.2357471735013
0.00247,123,077_AlSiMg_200W_500mms_M0_G13_Test_StepoverAlt0124.tif,-0.002,1.779,1.723,0.046,0.055,1742.2090292948574
0.002475,123,077_AlSiMg_200W_500mms_M0_G13_Test_StepoverAlt0124.tif,-0.002,1.776,1.728,0.044,0.057,1759.9827474715996
0.00248,124,077_AlSiMg_200W_500mms_M0_G13_Test_StepoverAlt0125.tif,0.0,1.777,1.717,0.047,0.056,1708.35375672457
0.002485,124,077_AlSiMg_200W_500mms_M0_G13_Test_StepoverAlt0125.tif,0.0,1.779,1.72,0.045,0.055,1658.2413022394703
0.00249,124,077_AlSiMg_200W_500mms_M0_G13_Test_StepoverAlt0125.tif,0.0,1.783,1.791,0.046,0.057,1741.3117460842714
0.002495,124,077_AlSiMg_200W_500mms_M0_G13_Test_StepoverAlt0125.tif,0.001,1.791,1.815,0.044,0.056,1868.53426450248
0.0025,125,077_AlSiMg_200W_500mms_M0_G13_Test_StepoverAlt0126.tif,0.0,1.802,1.896,0.047,0.055,1909.0743131397078
0.002505,125,077_AlSiMg_200W_500mms_M0_G13_Test_StepoverAlt0126.tif,0.0,1.809,2.011,0.051,0.055,1889.4126661410687
0.00251,125,077_AlSiMg_200W_500mms_M0_G13_Test_StepoverAlt0126.tif,-0.001,1.807,1.902,0.047,0.055,1920.1632552495096
0.002515,125,077_AlSiMg_200W_500mms_M0_G13_Test_StepoverAlt0126.tif,0.0,1.808,1.893,0.044,0.056,1913.563112643404
0.00252,126,077_AlSiMg_200W_500mms_M0_G13_Test_StepoverAlt0127.tif,0.001,1.804,1.923,0.045,0.055,1779.7195584999686
0.002525,126,077_AlSiMg_200W_500mms_M0_G13_Test_StepoverAlt0127.tif,0.001,1.801,1.99,0.045,0.053,1773.1194158938629
0.00253,126,077_AlSiMg_200W_500mms_M0_G13_Test_StepoverAlt0127.tif,0.0,1.791,1.951,0.045,0.054,1816.46473612659
0.002535,126,077_AlSiMg_200W_500mms_M0_G13_Test_StepoverAlt0127.tif,0.0,1.78,1.905,0.045,0.053,1798.6910179498477
0.00254,127,077_AlSiMg_200W_500mms_M0_G13_Test_StepoverAlt0128.tif,-0.002,1.775,1.892,0.044,0.053,1768.086060596083
0.002545,127,077_AlSiMg_200W_500mms_M0_G13_Test_StepoverAlt0128.tif,0.0,1.773,1.863,0.044,0.055,1812.7338141999535
0.00255,127,077_AlSiMg_200W_500mms_M0_G13_Test_StepoverAlt0128.tif,0.001,1.773,1.968,0.046,0.056,1748.0433190603908
0.002555,127,077_AlSiMg_200W_500mms_M0_G13_Test_StepoverAlt0128.tif,0.001,1.776,2.039,0.047,0.054,1727.6047227239876
0.00256,128,077_AlSiMg_200W_500mms_M0_G13_Test_StepoverAlt0129.tif,0.0,1.781,1.994,0.044,0.056,1768.0149028330052
0.002565,128,077_AlSiMg_200W_500mms_M0_G13_Test_StepoverAlt0129.tif,0.0,1.798,2.158,0.047,0.058,1768.0149028330047
0.00257,128,077_AlSiMg_200W_500mms_M0_G13_Test_StepoverAlt0129.tif,0.0,1.805,2.067,0.047,0.056,1754.1991200111922
0.002575,128,077_AlSiMg_200W_500mms_M0_G13_Test_StepoverAlt0129.tif,-0.001,1.807,2.096,0.046,0.056,1791.5516372175741
0.00258,129,077_AlSiMg_200W_500mms_M0_G13_Test_StepoverAlt0130.tif,-0.002,1.805,2.085,0.049,0.057,1771.981019837721
0.002585,129,077_AlSiMg_200W_500mms_M0_G13_Test_StepoverAlt0130.tif,0.001,1.805,2.056,0.047,0.057,1806.7859573274113
0.00259,129,077_AlSiMg_200W_500mms_M0_G13_Test_StepoverAlt0130.tif,-0.001,1.8,1.976,0.045,0.057,1867.259363921837
0.002595,129,077_AlSiMg_200W_500mms_M0_G13_Test_StepoverAlt0130.tif,-0.001,1.795,1.914,0.046,0.053,1767.1388878063112
0.0026,130,077_AlSiMg_200W_500mms_M0_G13_Test_StepoverAlt0131.tif,-0.002,1.786,2.052,0.048,0.055,1767.1388878063117
0.002605,130,077_AlSiMg_200W_500mms_M0_G13_Test_StepoverAlt0131.tif,0.001,1.775,1.956,0.044,0.058,1878.0033332416635
0.00261,130,077_AlSiMg_200W_500mms_M0_G13_Test_StepoverAlt0131.tif,0.0,1.776,2.399,0.047,0.057,1802.7882156429557
0.002615,130,077_AlSiMg_200W_500mms_M0_G13_Test_StepoverAlt0131.tif,-0.002,1.775,2.392,0.047,0.053,1735.5747719908784
0.00262,131,077_AlSiMg_200W_500mms_M0_G13_Test_StepoverAlt0132.tif,0.0,1.78,2.231,0.044,0.055,1788.8478511172973
0.002625,131,077_AlSiMg_200W_500mms_M0_G13_Test_StepoverAlt0132.tif,-0.002,1.788,2.088,0.044,0.054,1751.4953339109154
0.00263,131,077_AlSiMg_200W_500mms_M0_G13_Test_StepoverAlt0132.tif,-0.001,1.795,1.956,0.045,0.055,1668.045371067533
0.002635,131,077_AlSiMg_200W_500mms_M0_G13_Test_StepoverAlt0132.tif,0.001,1.807,1.896,0.044,0.056,1746.4822690551944
0.00264,132,077_AlSiMg_200W_500mms_M0_G13_Test_StepoverAlt0133.tif,-0.002,1.811,1.888,0.045,0.055,1753.2223061128466
0.002645,132,077_AlSiMg_200W_500mms_M0_G13_Test_StepoverAlt0133.tif,0.0,1.805,2.045,0.047,0.054,1735.4485879361048
0.00265,132,077_AlSiMg_200W_500mms_M0_G13_Test_StepoverAlt0133.tif,-0.001,1.805,2.222,0.046,0.056,1723.6687818369714
0.002655,132,077_AlSiMg_200W_500mms_M0_G13_Test_StepoverAlt0133.tif,-0.002,1.8,2.151,0.044,0.055,1712.5798397271697
0.00266,133,077_AlSiMg_200W_500mms_M0_G13_Test_StepoverAlt0134.tif,-0.001,1.795,2.129,0.044,0.057,1667.932086123299
0.002665,133,077_AlSiMg_200W_500mms_M0_G13_Test_StepoverAlt0134.tif,0.001,1.781,2.029,0.046,0.057,1633.8465483375016
0.00267,133,077_AlSiMg_200W_500mms_M0_G13_Test_StepoverAlt0134.tif,-0.001,1.773,1.97,0.045,0.054,1667.6356927212923
0.002675,133,077_AlSiMg_200W_500mms_M0_G13_Test_StepoverAlt0134.tif,0.0,1.768,1.961,0.044,0.056,1713.501036606223
0.00268,134,077_AlSiMg_200W_500mms_M0_G13_Test_StepoverAlt0135.tif,0.0,1.769,1.966,0.045,0.054,1747.2264406482998
0.002685,134,077_AlSiMg_200W_500mms_M0_G13_Test_StepoverAlt0135.tif,0.001,1.772,2.138,0.046,0.056,1713.437296264509
0.00269,134,077_AlSiMg_200W_500mms_M0_G13_Test_StepoverAlt0135.tif,0.0,1.775,2.035,0.047,0.056,1713.437296264509
0.002695,134,077_AlSiMg_200W_500mms_M0_G13_Test_StepoverAlt0135.tif,-0.002,1.781,1.934,0.044,0.055,1683.02362921663
0.0027,135,077_AlSiMg_200W_500mms_M0_G13_Test_StepoverAlt0136.tif,-0.001,1.794,1.863,0.044,0.056,1720.2287291765006
0.002705,135,077_AlSiMg_200W_500mms_M0_G13_Test_StepoverAlt0136.tif,0.001,1.805,1.907,0.045,0.056,1683.1940264033947
0.00271,135,077_AlSiMg_200W_500mms_M0_G13_Test_StepoverAlt0136.tif,0.001,1.808,2.011,0.047,0.055,1713.562475704423
0.002715,135,077_AlSiMg_200W_500mms_M0_G13_Test_StepoverAlt0136.tif,-0.002,1.805,2.397,0.045,0.056,1781.590909117994
0.00272,136,077_AlSiMg_200W_500mms_M0_G13_Test_StepoverAlt0137.tif,0.001,1.802,2.232,0.044,0.053,1778.2154317820823
0.002725,136,077_AlSiMg_200W_500mms_M0_G13_Test_StepoverAlt0137.tif,0.0,1.801,2.061,0.046,0.054,1734.2702947645598
0.00273,136,077_AlSiMg_200W_500mms_M0_G13_Test_StepoverAlt0137.tif,-0.002,1.793,1.941,0.044,0.055,1748.6685356053902
0.002735,136,077_AlSiMg_200W_500mms_M0_G13_Test_StepoverAlt0137.tif,-0.001,1.777,1.856,0.044,0.054,1736.0738044811042
0.00274,137,077_AlSiMg_200W_500mms_M0_G13_Test_StepoverAlt0138.tif,-0.002,1.768,1.825,0.045,0.055,1668.045371067533
0.002745,137,077_AlSiMg_200W_500mms_M0_G13_Test_StepoverAlt0138.tif,-0.002,1.768,1.832,0.045,0.055,1655.0685001358347
0.00275,137,077_AlSiMg_200W_500mms_M0_G13_Test_StepoverAlt0138.tif,0.001,1.77,1.875,0.044,0.056,1647.3846464063286
0.002755,137,077_AlSiMg_200W_500mms_M0_G13_Test_StepoverAlt0138.tif,-0.002,1.776,1.793,0.044,0.056,1687.9246950435559
0.00276,138,077_AlSiMg_200W_500mms_M0_G13_Test_StepoverAlt0139.tif,0.0,1.779,1.755,0.046,0.057,1728.4647436807834
0.002765,138,077_AlSiMg_200W_500mms_M0_G13_Test_StepoverAlt0139.tif,0.0,1.795,1.777,0.047,0.055,1765.8172608871653
0.00277,138,077_AlSiMg_200W_500mms_M0_G13_Test_StepoverAlt0139.tif,-0.002,1.8,1.765,0.047,0.055,1837.1078986328334
0.002775,138,077_AlSiMg_200W_500mms_M0_G13_Test_StepoverAlt0139.tif,-0.001,1.805,1.777,0.047,0.057,1864.2122669496835
0.00278,139,077_AlSiMg_200W_500mms_M0_G13_Test_StepoverAlt0140.tif,-0.001,1.802,1.745,0.047,0.055,1864.2122669496835
0.002785,139,077_AlSiMg_200W_500mms_M0_G13_Test_StepoverAlt0140.tif,-0.002,1.805,1.795,0.045,0.054,1823.6722183124562
0.00279,139,077_AlSiMg_200W_500mms_M0_G13_Test_StepoverAlt0140.tif,-0.001,1.801,1.744,0.047,0.055,1877.7334700254337
0.002795,139,077_AlSiMg_200W_500mms_M0_G13_Test_StepoverAlt0140.tif,0.0,1.795,1.812,0.045,0.055,1837.1934213882064
0.0028,140,077_AlSiMg_200W_500mms_M0_G13_Test_StepoverAlt0141.tif,-0.001,1.78,1.842,0.047,0.054,1788.3425933822055
0.002805,140,077_AlSiMg_200W_500mms_M0_G13_Test_StepoverAlt0141.tif,0.0,1.776,1.823,0.045,0.055,1717.0519556365373
0.00281,140,077_AlSiMg_200W_500mms_M0_G13_Test_StepoverAlt0141.tif,-0.002,1.773,1.837,0.047,0.06,1699.278237459795
0.002815,140,077_AlSiMg_200W_500mms_M0_G13_Test_StepoverAlt0141.tif,0.0,1.772,1.973,0.044,0.056,1604.4640925623212
0.00282,141,077_AlSiMg_200W_500mms_M0_G13_Test_StepoverAlt0142.tif,-0.001,1.777,1.975,0.044,0.055,1593.3751504525192
0.002825,141,077_AlSiMg_200W_500mms_M0_G13_Test_StepoverAlt0142.tif,0.001,1.777,2.015,0.043,0.055,1608.4368340747292
0.00283,141,077_AlSiMg_200W_500mms_M0_G13_Test_StepoverAlt0142.tif,-0.001,1.793,2.029,0.046,0.057,1651.7821543074563
0.002835,141,077_AlSiMg_200W_500mms_M0_G13_Test_StepoverAlt0142.tif,-0.001,1.802,1.994,0.044,0.055,1688.9177378608576
0.00284,142,077_AlSiMg_200W_500mms_M0_G13_Test_StepoverAlt0143.tif,-0.001,1.807,1.99,0.044,0.053,1800.1521556875327
0.002845,142,077_AlSiMg_200W_500mms_M0_G13_Test_StepoverAlt0143.tif,0.0,1.808,1.85,0.046,0.055,1823.8358289216208
0.00285,142,077_AlSiMg_200W_500mms_M0_G13_Test_StepoverAlt0143.tif,0.001,1.805,1.802,0.045,0.051,1838.2044587180674
0.002855,142,077_AlSiMg_200W_500mms_M0_G13_Test_StepoverAlt0143.tif,0.0,1.802,1.804,0.044,0.053,1838.2044587180674
0.00286,143,077_AlSiMg_200W_500mms_M0_G13_Test_StepoverAlt0144.tif,0.001,1.798,1.752,0.044,0.054,1818.842593341408
0.002865,143,077_AlSiMg_200W_500mms_M0_G13_Test_StepoverAlt0144.tif,0.0,1.788,1.801,0.044,0.053,1723.985422424546
0.00287,143,077_AlSiMg_200W_500mms_M0_G13_Test_StepoverAlt0144.tif,0.0,1.781,1.875,0.045,0.055,1693.616973123518
0.002875,143,077_AlSiMg_200W_500mms_M0_G13_Test_StepoverAlt0144.tif,-0.002,1.775,2.308,0.044,0.055,1757.6852413147321
0.00288,144,077_AlSiMg_200W_500mms_M0_G13_Test_StepoverAlt0145.tif,0.001,1.776,2.031,0.044,0.055,1727.3167920137034
0.002885,144,077_AlSiMg_200W_500mms_M0_G13_Test_StepoverAlt0145.tif,-0.002,1.783,2.119,0.047,0.054,1684.7863968061301
0.00289,144,077_AlSiMg_200W_500mms_M0_G13_Test_StepoverAlt0145.tif,0.0,1.786,1.983,0.044,0.055,1671.8095258744313
0.002895,144,077_AlSiMg_200W_500mms_M0_G13_Test_StepoverAlt0145.tif,0.0,1.793,2.102,0.044,0.057,1730.1232926884015
0.0029,145,077_AlSiMg_200W_500mms_M0_G13_Test_StepoverAlt0146.tif,-0.002,1.807,2.084,0.044,0.056,1645.3193093627942
0.002905,145,077_AlSiMg_200W_500mms_M0_G13_Test_StepoverAlt0146.tif,0.0,1.807,2.003,0.047,0.055,1685.7294894718113
0.00291,145,077_AlSiMg_200W_500mms_M0_G13_Test_StepoverAlt0146.tif,0.0,1.811,2.071,0.046,0.058,1750.8963466116602
0.002915,145,077_AlSiMg_200W_500mms_M0_G13_Test_StepoverAlt0146.tif,-0.001,1.805,1.945,0.047,0.056,1788.2488638180425
0.00292,146,077_AlSiMg_200W_500mms_M0_G13_Test_StepoverAlt0147.tif,-0.001,1.804,1.923,0.047,0.056,1739.864949968698
0.002925,146,077_AlSiMg_200W_500mms_M0_G13_Test_StepoverAlt0147.tif,-0.001,1.798,1.892,0.047,0.057,1783.3676188600452
0.00293,146,077_AlSiMg_200W_500mms_M0_G13_Test_StepoverAlt0147.tif,0.0,1.79,1.86,0.047,0.058,1764.0661056051274
0.002935,146,077_AlSiMg_200W_500mms_M0_G13_Test_StepoverAlt0147.tif,0.0,1.775,1.861,0.046,0.055,1764.0661056051279
0.00294,147,077_AlSiMg_200W_500mms_M0_G13_Test_StepoverAlt0148.tif,-0.001,1.768,1.829,0.046,0.056,1760.7991261845432
0.002945,147,077_AlSiMg_200W_500mms_M0_G13_Test_StepoverAlt0148.tif,0.001,1.772,1.797,0.047,0.056,1809.1830400338877
0.00295,147,077_AlSiMg_200W_500mms_M0_G13_Test_StepoverAlt0148.tif,0.0,1.77,1.775,0.046,0.056,1759.0705855487874
0.002955,147,077_AlSiMg_200W_500mms_M0_G13_Test_StepoverAlt0148.tif,0.0,1.772,1.759,0.047,0.055,1819.5439921432128
0.00296,148,077_AlSiMg_200W_500mms_M0_G13_Test_StepoverAlt0149.tif,0.0,1.78,1.734,0.044,0.056,1796.9075302109377
0.002965,148,077_AlSiMg_200W_500mms_M0_G13_Test_StepoverAlt0149.tif,0.0,1.788,1.717,0.048,0.055,1885.983034973502
0.00297,148,077_AlSiMg_200W_500mms_M0_G13_Test_StepoverAlt0149.tif,-0.001,1.801,1.709,0.045,0.055,1852.0449144342158
0.002975,148,077_AlSiMg_200W_500mms_M0_G13_Test_StepoverAlt0149.tif,0.001,1.805,1.707,0.05,0.056,1905.4319654749313
0.00298,149,077_AlSiMg_200W_500mms_M0_G13_Test_StepoverAlt0150.tif,-0.002,1.802,1.713,0.047,0.057,1931.1218655790992
0.002985,149,077_AlSiMg_200W_500mms_M0_G13_Test_StepoverAlt0150.tif,-0.002,1.801,1.74,0.047,0.056,1953.7583275113743
0.00299,149,077_AlSiMg_200W_500mms_M0_G13_Test_StepoverAlt0150.tif,0.0,1.801,1.756,0.049,0.055,1901.8879227086804
0.002995,149,077_AlSiMg_200W_500mms_M0_G13_Test_StepoverAlt0150.tif,0.0,1.795,1.762,0.047,0.056,1935.8260432479663
0.003,150,077_AlSiMg_200W_500mms_M0_G13_Test_StepoverAlt0151.tif,-0.002,1.781,1.723,0.047,0.055,1919.7915094136326
0.003005,150,077_AlSiMg_200W_500mms_M0_G13_Test_StepoverAlt0151.tif,-0.001,1.772,1.712,0.047,0.055,1819.204311927881
0.00301,150,077_AlSiMg_200W_500mms_M0_G13_Test_StepoverAlt0151.tif,-0.001,1.772,1.705,0.047,0.057,1837.1078986328334
0.003015,150,077_AlSiMg_200W_500mms_M0_G13_Test_StepoverAlt0151.tif,0.001,1.776,1.692,0.046,0.057,1819.204311927881
0.00302,151,077_AlSiMg_200W_500mms_M0_G13_Test_StepoverAlt0152.tif,0.0,1.781,1.688,0.047,0.055,1801.3007252229283
0.003025,151,077_AlSiMg_200W_500mms_M0_G13_Test_StepoverAlt0152.tif,0.001,1.786,1.699,0.047,0.056,1801.3007252229283
0.00303,151,077_AlSiMg_200W_500mms_M0_G13_Test_StepoverAlt0152.tif,0.0,1.797,1.705,0.047,0.056,1835.0261292650052
0.003035,151,077_AlSiMg_200W_500mms_M0_G13_Test_StepoverAlt0152.tif,-0.002,1.807,1.685,0.047,0.057,1861.365717615595
0.00304,152,077_AlSiMg_200W_500mms_M0_G13_Test_StepoverAlt0153.tif,-0.001,1.812,1.672,0.047,0.056,1864.57077980492
0.003045,152,077_AlSiMg_200W_500mms_M0_G13_Test_StepoverAlt0153.tif,0.001,1.812,1.668,0.049,0.056,1834.0904526605277
0.00305,152,077_AlSiMg_200W_500mms_M0_G13_Test_StepoverAlt0153.tif,0.0,1.811,1.684,0.048,0.057,1846.850389939246
0.003055,152,077_AlSiMg_200W_500mms_M0_G13_Test_StepoverAlt0153.tif,0.0,1.807,1.698,0.047,0.058,1888.0222832787535
0.00306,153,077_AlSiMg_200W_500mms_M0_G13_Test_StepoverAlt0154.tif,-0.002,1.8,1.74,0.046,0.055,1861.6826949281635
0.003065,153,077_AlSiMg_200W_500mms_M0_G13_Test_StepoverAlt0154.tif,0.0,1.786,1.71,0.048,0.055,1842.4430989045054
0.00307,153,077_AlSiMg_200W_500mms_M0_G13_Test_StepoverAlt0154.tif,-0.001,1.772,1.77,0.047,0.055,1890.8270127538497
0.003075,153,077_AlSiMg_200W_500mms_M0_G13_Test_StepoverAlt0154.tif,-0.002,1.77,1.754,0.047,0.057,1912.0051960144178
0.00308,154,077_AlSiMg_200W_500mms_M0_G13_Test_StepoverAlt0155.tif,0.0,1.772,1.707,0.047,0.055,1888.7368893798625
0.003085,154,077_AlSiMg_200W_500mms_M0_G13_Test_StepoverAlt0155.tif,0.0,1.772,1.684,0.047,0.055,1870.8333026749103
0.00309,154,077_AlSiMg_200W_500mms_M0_G13_Test_StepoverAlt0155.tif,0.0,1.776,1.682,0.047,0.055,1904.7714232141964
0.003095,154,077_AlSiMg_200W_500mms_M0_G13_Test_StepoverAlt0155.tif,0.0,1.783,1.675,0.047,0.056,1864.2313745769686
0.0031,155,077_AlSiMg_200W_500mms_M0_G13_Test_StepoverAlt0156.tif,0.0,1.795,1.727,0.047,0.055,1887.4996812115237
0.003105,155,077_AlSiMg_200W_500mms_M0_G13_Test_StepoverAlt0156.tif,0.0,1.802,1.675,0.045,0.055,1875.938893515197
0.00311,155,077_AlSiMg_200W_500mms_M0_G13_Test_StepoverAlt0156.tif,-0.001,1.801,1.682,0.048,0.055,1842.21348947312
0.003115,155,077_AlSiMg_200W_500mms_M0_G13_Test_StepoverAlt0156.tif,-0.002,1.8,1.671,0.049,0.058,1835.6133468670146
0.00312,156,077_AlSiMg_200W_500mms_M0_G13_Test_StepoverAlt0157.tif,0.001,1.8,1.712,0.046,0.057,1876.153395504242
0.003125,156,077_AlSiMg_200W_500mms_M0_G13_Test_StepoverAlt0157.tif,0.0,1.8,1.712,0.045,0.053,1856.0741235475646
0.00313,156,077_AlSiMg_200W_500mms_M0_G13_Test_StepoverAlt0157.tif,-0.001,1.793,1.713,0.047,0.055,1663.0999092600618
0.003135,156,077_AlSiMg_200W_500mms_M0_G13_Test_StepoverAlt0157.tif,-0.002,1.781,1.707,0.048,0.056,1690.204277576912
0.00314,157,077_AlSiMg_200W_500mms_M0_G13_Test_StepoverAlt0158.tif,0.001,1.775,1.681,0.073,0.053,1739.7143343891719
0.003145,157,077_AlSiMg_200W_500mms_M0_G13_Test_StepoverAlt0158.tif,0.001,1.775,1.681,0.045,0.054,1788.6725411278944
0.00315,157,077_AlSiMg_200W_500mms_M0_G13_Test_StepoverAlt0158.tif,-0.002,1.775,1.699,0.047,0.053,1730.5452169719588
0.003155,157,077_AlSiMg_200W_500mms_M0_G13_Test_StepoverAlt0158.tif,-0.001,1.777,1.665,0.049,0.055,1901.142098416503
0.00316,158,077_AlSiMg_200W_500mms_M0_G13_Test_StepoverAlt0159.tif,0.0,1.784,1.716,0.045,0.056,1796.9029765175826
0.003165,158,077_AlSiMg_200W_500mms_M0_G13_Test_StepoverAlt0159.tif,-0.002,1.797,1.716,0.047,0.057,1777.2613689459831
0.00317,158,077_AlSiMg_200W_500mms_M0_G13_Test_StepoverAlt0159.tif,-0.001,1.804,1.716,0.044,0.062,1707.1249789466922
0.003175,158,077_AlSiMg_200W_500mms_M0_G13_Test_StepoverAlt0159.tif,-0.002,1.804,1.692,0.048,0.055,1740.8850851641823
0.00318,159,077_AlSiMg_200W_500mms_M0_G13_Test_StepoverAlt0160.tif,0.0,1.804,1.721,0.046,0.055,1734.2831570662408
0.003185,159,077_AlSiMg_200W_500mms_M0_G13_Test_StepoverAlt0160.tif,0.001,1.802,1.692,0.046,0.055,1814.6629875459955
0.00319,159,077_AlSiMg_200W_500mms_M0_G13_Test_StepoverAlt0160.tif,0.0,1.8,1.684,0.045,0.055,1788.1324765793438
0.003195,159,077_AlSiMg_200W_500mms_M0_G13_Test_StepoverAlt0160.tif,0.001,1.793,1.674,0.047,0.058,1738.0200220942436
0.0032,160,077_AlSiMg_200W_500mms_M0_G13_Test_StepoverAlt0161.tif,0.0,1.78,1.696,0.046,0.054,1779.3213365285033
0.003205,160,077_AlSiMg_200W_500mms_M0_G13_Test_StepoverAlt0161.tif,-0.002,1.77,1.681,0.044,0.056,1839.9845163394225
0.00321,160,077_AlSiMg_200W_500mms_M0_G13_Test_StepoverAlt0161.tif,0.0,1.77,1.665,0.047,0.054,1908.491561362458
0.003215,160,077_AlSiMg_200W_500mms_M0_G13_Test_StepoverAlt0161.tif,-0.002,1.773,1.674,0.047,0.054,1853.4399988805853
0.00322,161,077_AlSiMg_200W_500mms_M0_G13_Test_StepoverAlt0162.tif,-0.001,1.775,1.663,0.047,0.054,1880.7854996087306
0.003225,161,077_AlSiMg_200W_500mms_M0_G13_Test_StepoverAlt0162.tif,0.001,1.777,1.7,0.044,0.055,1877.5637192197769
0.00323,161,077_AlSiMg_200W_500mms_M0_G13_Test_StepoverAlt0162.tif,-0.002,1.79,1.668,0.044,0.054,1816.900539408858
0.003235,161,077_AlSiMg_200W_500mms_M0_G13_Test_StepoverAlt0162.tif,-0.001,1.802,1.653,0.046,0.053,1772.2527858049875
0.00324,162,077_AlSiMg_200W_500mms_M0_G13_Test_StepoverAlt0163.tif,-0.001,1.809,1.644,0.045,0.055,1802.621235106016
0.003245,162,077_AlSiMg_200W_500mms_M0_G13_Test_StepoverAlt0163.tif,0.0,1.811,1.658,0.045,0.054,1771.8753583997561
0.00325,162,077_AlSiMg_200W_500mms_M0_G13_Test_StepoverAlt0163.tif,0.0,1.808,1.67,0.044,0.053,1761.2813559668969
0.003255,162,077_AlSiMg_200W_500mms_M0_G13_Test_StepoverAlt0163.tif,0.0,1.804,1.653,0.043,0.055,1730.530766858456
0.00326,163,077_AlSiMg_200W_500mms_M0_G13_Test_StepoverAlt0164.tif,0.0,1.801,1.665,0.049,0.057,1696.7416224746655
0.003265,163,077_AlSiMg_200W_500mms_M0_G13_Test_StepoverAlt0164.tif,0.001,1.79,1.671,0.044,0.056,1721.4247356555097
0.00327,163,077_AlSiMg_200W_500mms_M0_G13_Test_StepoverAlt0164.tif,-0.002,1.779,1.653,0.044,0.055,1748.6931181180141
0.003275,163,077_AlSiMg_200W_500mms_M0_G13_Test_StepoverAlt0164.tif,0.001,1.779,1.646,0.046,0.054,1680.6283072877056
0.00328,164,077_AlSiMg_200W_500mms_M0_G13_Test_StepoverAlt0165.tif,-0.001,1.776,1.614,0.043,0.053,1717.980824494088
0.003285,164,077_AlSiMg_200W_500mms_M0_G13_Test_StepoverAlt0165.tif,-0.002,1.777,1.622,0.043,0.054,1735.75454267083
0.00329,164,077_AlSiMg_200W_500mms_M0_G13_Test_StepoverAlt0165.tif,0.0,1.781,1.619,0.047,0.057,1739.016747002927
0.003295,164,077_AlSiMg_200W_500mms_M0_G13_Test_StepoverAlt0165.tif,-0.001,1.788,1.681,0.045,0.055,1776.4228764736326
0.0033,165,077_AlSiMg_200W_500mms_M0_G13_Test_StepoverAlt0166.tif,0.0,1.798,1.754,0.047,0.055,1776.4228764736326
0.003305,165,077_AlSiMg_200W_500mms_M0_G13_Test_StepoverAlt0166.tif,0.0,1.807,1.752,0.044,0.052,1782.4156794999774
0.00331,165,077_AlSiMg_200W_500mms_M0_G13_Test_StepoverAlt0166.tif,0.0,1.807,1.836,0.043,0.054,1833.172173545025
0.003315,165,077_AlSiMg_200W_500mms_M0_G13_Test_StepoverAlt0166.tif,-0.001,1.801,1.814,0.044,0.053,1805.2268560320838
0.00332,166,077_AlSiMg_200W_500mms_M0_G13_Test_StepoverAlt0167.tif,-0.002,1.8,1.797,0.044,0.051,1756.9295910086869
0.003325,166,077_AlSiMg_200W_500mms_M0_G13_Test_StepoverAlt0167.tif,-0.002,1.794,1.762,0.044,0.053,1818.687053487117
0.00333,166,077_AlSiMg_200W_500mms_M0_G13_Test_StepoverAlt0167.tif,-0.001,1.787,1.703,0.044,0.055,1791.694081522
0.003335,166,077_AlSiMg_200W_500mms_M0_G13_Test_StepoverAlt0167.tif,-0.001,1.779,1.689,0.047,0.055,1801.600767287871
0.00334,167,077_AlSiMg_200W_500mms_M0_G13_Test_StepoverAlt0168.tif,-0.001,1.77,1.684,0.045,0.056,1764.8652326488968
0.003345,167,077_AlSiMg_200W_500mms_M0_G13_Test_StepoverAlt0168.tif,-0.001,1.772,1.684,0.047,0.054,1816.5788568567611
0.00335,167,077_AlSiMg_200W_500mms_M0_G13_Test_StepoverAlt0168.tif,0.0,1.775,1.658,0.046,0.058,1792.054234426582
0.003355,167,077_AlSiMg_200W_500mms_M0_G13_Test_StepoverAlt0168.tif,-0.002,1.776,1.776,0.045,0.053,1819.047206391699
0.00336,168,077_AlSiMg_200W_500mms_M0_G13_Test_StepoverAlt0169.tif,0.0,1.781,1.755,0.045,0.054,1740.6103084040376
0.003365,168,077_AlSiMg_200W_500mms_M0_G13_Test_StepoverAlt0169.tif,0.0,1.797,1.761,0.044,0.053,1798.6910179498477
0.00337,168,077_AlSiMg_200W_500mms_M0_G13_Test_StepoverAlt0169.tif,-0.001,1.802,1.71,0.044,0.055,1777.3458430430117
0.003375,168,077_AlSiMg_200W_500mms_M0_G13_Test_StepoverAlt0169.tif,-0.002,1.805,1.682,0.045,0.053,1730.579827727523
0.00338,169,077_AlSiMg_200W_500mms_M0_G13_Test_StepoverAlt0170.tif,0.0,1.805,1.67,0.044,0.053,1751.9250026343586
0.003385,169,077_AlSiMg_200W_500mms_M0_G13_Test_StepoverAlt0170.tif,0.0,1.802,1.668,0.044,0.056,1769.6987208111009
0.00339,169,077_AlSiMg_200W_500mms_M0_G13_Test_StepoverAlt0170.tif,0.0,1.798,1.64,0.045,0.053,1717.9850966032366
0.003395,169,077_AlSiMg_200W_500mms_M0_G13_Test_StepoverAlt0170.tif,-0.002,1.793,1.635,0.045,0.055,1687.6166473022083
0.0034,170,077_AlSiMg_200W_500mms_M0_G13_Test_StepoverAlt0171.tif,0.001,1.78,1.633,0.044,0.055,1718.367236410649
0.003405,170,077_AlSiMg_200W_500mms_M0_G13_Test_StepoverAlt0171.tif,0.001,1.776,1.658,0.044,0.055,1724.9673790167544
0.00341,170,077_AlSiMg_200W_500mms_M0_G13_Test_StepoverAlt0171.tif,0.0,1.776,1.647,0.045,0.055,1740.9828052238026
0.003415,170,077_AlSiMg_200W_500mms_M0_G13_Test_StepoverAlt0171.tif,0.001,1.776,1.665,0.047,0.055,1740.9828052238026
0.00342,171,077_AlSiMg_200W_500mms_M0_G13_Test_StepoverAlt0172.tif,-0.002,1.78,1.663,0.045,0.054,1755.35143502025
0.003425,171,077_AlSiMg_200W_500mms_M0_G13_Test_StepoverAlt0172.tif,0.0,1.783,1.642,0.044,0.055,1767.9461661445362
0.00343,171,077_AlSiMg_200W_500mms_M0_G13_Test_StepoverAlt0172.tif,-0.001,1.794,1.633,0.044,0.054,1709.6323993305662
0.003435,171,077_AlSiMg_200W_500mms_M0_G13_Test_StepoverAlt0172.tif,-0.001,1.804,1.629,0.044,0.053,1706.2117042478044
0.00344,172,077_AlSiMg_200W_500mms_M0_G13_Test_StepoverAlt0173.tif,-0.002,1.812,1.658,0.044,0.055,1736.5801535488324
0.003445,172,077_AlSiMg_200W_500mms_M0_G13_Test_StepoverAlt0173.tif,0.001,1.811,1.654,0.044,0.053,1752.579973053414
0.00345,172,077_AlSiMg_200W_500mms_M0_G13_Test_StepoverAlt0173.tif,-0.001,1.811,1.65,0.044,0.053,1773.92514796025
0.003455,172,077_AlSiMg_200W_500mms_M0_G13_Test_StepoverAlt0173.tif,-0.002,1.804,1.642,0.044,0.053,1868.7823188771115
0.00346,173,077_AlSiMg_200W_500mms_M0_G13_Test_StepoverAlt0174.tif,0.001,1.802,1.651,0.045,0.053,1868.7823188771115
0.003465,173,077_AlSiMg_200W_500mms_M0_G13_Test_StepoverAlt0174.tif,0.001,1.791,1.654,0.045,0.051,1849.3050051287748
0.00347,173,077_AlSiMg_200W_500mms_M0_G13_Test_StepoverAlt0174.tif,0.001,1.781,1.668,0.044,0.053,1870.6501800356104
0.003475,173,077_AlSiMg_200W_500mms_M0_G13_Test_StepoverAlt0174.tif,-0.002,1.773,1.653,0.043,0.053,1811.9788187698637
0.00348,174,077_AlSiMg_200W_500mms_M0_G13_Test_StepoverAlt0175.tif,-0.001,1.775,1.625,0.045,0.053,1768.835272060866
0.003485,174,077_AlSiMg_200W_500mms_M0_G13_Test_StepoverAlt0175.tif,0.0,1.777,1.651,0.042,0.053,1765.3377964821332
0.00349,174,077_AlSiMg_200W_500mms_M0_G13_Test_StepoverAlt0175.tif,-0.001,1.777,1.64,0.045,0.053,1784.8151102304703
0.003495,174,077_AlSiMg_200W_500mms_M0_G13_Test_StepoverAlt0175.tif,0.001,1.784,1.734,0.043,0.052,1834.3251670427303
0.0035,175,077_AlSiMg_200W_500mms_M0_G13_Test_StepoverAlt0176.tif,0.0,1.794,1.692,0.044,0.053,1841.282904100613
0.003505,175,077_AlSiMg_200W_500mms_M0_G13_Test_StepoverAlt0176.tif,-0.002,1.797,1.685,0.047,0.053,1819.9377291937774
0.00351,175,077_AlSiMg_200W_500mms_M0_G13_Test_StepoverAlt0176.tif,-0.002,1.797,1.703,0.044,0.055,1844.7803796793457
0.003515,175,077_AlSiMg_200W_500mms_M0_G13_Test_StepoverAlt0176.tif,0.0,1.8,1.726,0.044,0.053,1785.335945781547
0.00352,176,077_AlSiMg_200W_500mms_M0_G13_Test_StepoverAlt0177.tif,-0.002,1.794,1.693,0.045,0.053,1695.0034003141143
0.003525,176,077_AlSiMg_200W_500mms_M0_G13_Test_StepoverAlt0177.tif,-0.001,1.795,1.663,0.046,0.06,1725.3718496151425
0.00353,176,077_AlSiMg_200W_500mms_M0_G13_Test_StepoverAlt0177.tif,0.0,1.786,1.706,0.043,0.053,1705.8945358668057
0.003535,176,077_AlSiMg_200W_500mms_M0_G13_Test_StepoverAlt0177.tif,0.0,1.773,1.647,0.044,0.053,1684.54936095997
0.00354,177,077_AlSiMg_200W_500mms_M0_G13_Test_StepoverAlt0178.tif,-0.001,1.77,1.776,0.043,0.053,1876.2151175738115
0.003545,177,077_AlSiMg_200W_500mms_M0_G13_Test_StepoverAlt0178.tif,0.0,1.773,1.726,0.044,0.053,1879.6926118175666
0.00355,177,077_AlSiMg_200W_500mms_M0_G13_Test_StepoverAlt0178.tif,-0.001,1.773,1.702,0.049,0.053,1879.6926118175666
0.003555,177,077_AlSiMg_200W_500mms_M0_G13_Test_StepoverAlt0178.tif,0.0,1.779,1.913,0.044,0.054,1899.1699255659034
0.00356,178,077_AlSiMg_200W_500mms_M0_G13_Test_StepoverAlt0179.tif,-0.002,1.781,1.712,0.044,0.053,1920.5151004727395
0.003565,178,077_AlSiMg_200W_500mms_M0_G13_Test_StepoverAlt0179.tif,-0.001,1.798,1.682,0.044,0.053,1775.6990466324103
0.00357,178,077_AlSiMg_200W_500mms_M0_G13_Test_StepoverAlt0179.tif,0.0,1.812,1.726,0.045,0.053,1836.5455344346708
0.003575,178,077_AlSiMg_200W_500mms_M0_G13_Test_StepoverAlt0179.tif,0.0,1.812,1.752,0.045,0.055,1823.9508033103848
0.00358,179,077_AlSiMg_200W_500mms_M0_G13_Test_StepoverAlt0180.tif,0.001,1.809,1.73,0.046,0.053,1811.3560721860988
0.003585,179,077_AlSiMg_200W_500mms_M0_G13_Test_StepoverAlt0180.tif,-0.001,1.809,1.71,0.045,0.055,1838.0793459658955
0.00359,179,077_AlSiMg_200W_500mms_M0_G13_Test_StepoverAlt0180.tif,-0.001,1.804,1.712,0.045,0.055,1857.441211342555
0.003595,179,077_AlSiMg_200W_500mms_M0_G13_Test_StepoverAlt0180.tif,-0.002,1.797,1.726,0.047,0.054,1863.8081671923724
0.0036,180,077_AlSiMg_200W_500mms_M0_G13_Test_StepoverAlt0181.tif,0.001,1.784,1.737,0.046,0.055,1876.402898316658
0.003605,180,077_AlSiMg_200W_500mms_M0_G13_Test_StepoverAlt0181.tif,-0.002,1.775,1.712,0.048,0.055,1872.997809936363
0.00361,180,077_AlSiMg_200W_500mms_M0_G13_Test_StepoverAlt0181.tif,-0.001,1.773,1.707,0.044,0.053,1812.3346301254437
0.003615,180,077_AlSiMg_200W_500mms_M0_G13_Test_StepoverAlt0181.tif,-0.001,1.772,1.705,0.044,0.054,1853.6359445597034
0.00362,181,077_AlSiMg_200W_500mms_M0_G13_Test_StepoverAlt0182.tif,0.001,1.773,1.695,0.045,0.055,1802.4223204122075
0.003625,181,077_AlSiMg_200W_500mms_M0_G13_Test_StepoverAlt0182.tif,-0.002,1.779,1.693,0.047,0.054,1856.7072262757385
0.00363,181,077_AlSiMg_200W_500mms_M0_G13_Test_StepoverAlt0182.tif,0.0,1.791,1.762,0.044,0.053,1860.1123146560335
0.003635,181,077_AlSiMg_200W_500mms_M0_G13_Test_StepoverAlt0182.tif,-0.001,1.8,1.733,0.049,0.056,1842.3385964792913
0.00364,182,077_AlSiMg_200W_500mms_M0_G13_Test_StepoverAlt0183.tif,-0.001,1.802,1.695,0.045,0.055,1818.9532609735027
0.003645,182,077_AlSiMg_200W_500mms_M0_G13_Test_StepoverAlt0183.tif,-0.001,1.802,1.672,0.044,0.055,1736.711629226612
0.00365,182,077_AlSiMg_200W_500mms_M0_G13_Test_StepoverAlt0183.tif,-0.001,1.798,1.672,0.046,0.054,1682.426723363081
0.003655,182,077_AlSiMg_200W_500mms_M0_G13_Test_StepoverAlt0183.tif,-0.001,1.8,1.668,0.042,0.057,1701.7885887397406
0.00366,183,077_AlSiMg_200W_500mms_M0_G13_Test_StepoverAlt0184.tif,-0.001,1.795,1.675,0.044,0.053,1803.012269759865
0.003665,183,077_AlSiMg_200W_500mms_M0_G13_Test_StepoverAlt0184.tif,-0.002,1.783,1.661,0.046,0.055,1785.096290831394
0.00367,183,077_AlSiMg_200W_500mms_M0_G13_Test_StepoverAlt0184.tif,0.0,1.776,1.657,0.047,0.053,1888.6830974851205
0.003675,183,077_AlSiMg_200W_500mms_M0_G13_Test_StepoverAlt0184.tif,-0.002,1.775,1.668,0.046,0.055,1876.0883663608342
0.00368,184,077_AlSiMg_200W_500mms_M0_G13_Test_StepoverAlt0185.tif,0.001,1.776,1.699,0.045,0.053,1897.2665496214024
0.003685,184,077_AlSiMg_200W_500mms_M0_G13_Test_StepoverAlt0185.tif,-0.002,1.777,1.674,0.045,0.055,1833.1784521546797
0.00369,184,077_AlSiMg_200W_500mms_M0_G13_Test_StepoverAlt0185.tif,-0.001,1.78,1.703,0.047,0.055,1833.1784521546797
0.003695,184,077_AlSiMg_200W_500mms_M0_G13_Test_StepoverAlt0185.tif,0.0,1.787,1.731,0.046,0.055,1811.8332772478439
0.0037,185,077_AlSiMg_200W_500mms_M0_G13_Test_StepoverAlt0186.tif,0.0,1.804,1.713,0.046,0.055,1794.0595590711014
0.003705,185,077_AlSiMg_200W_500mms_M0_G13_Test_StepoverAlt0186.tif,-0.001,1.811,1.728,0.044,0.053,1742.4305683240723
0.00371,185,077_AlSiMg_200W_500mms_M0_G13_Test_StepoverAlt0186.tif,-0.002,1.808,1.675,0.044,0.055,1946.0219882152255
0.003715,185,077_AlSiMg_200W_500mms_M0_G13_Test_StepoverAlt0186.tif,-0.001,1.809,1.681,0.046,0.057,2010.110085681948
0.00372,186,077_AlSiMg_200W_500mms_M0_G13_Test_StepoverAlt0187.tif,-0.001,1.801,1.709,0.051,0.053,2031.4552605887839
0.003725,186,077_AlSiMg_200W_500mms_M0_G13_Test_StepoverAlt0187.tif,0.0,1.798,1.681,0.047,0.053,2049.228978765526
0.00373,186,077_AlSiMg_200W_500mms_M0_G13_Test_StepoverAlt0187.tif,-0.001,1.793,1.696,0.045,0.053,2094.2578269064497
0.003735,186,077_AlSiMg_200W_500mms_M0_G13_Test_StepoverAlt0187.tif,-0.001,1.781,1.668,0.045,0.055,1890.666407015297
0.00374,187,077_AlSiMg_200W_500mms_M0_G13_Test_StepoverAlt0188.tif,0.0,1.775,1.681,0.045,0.053,1847.7564928091422
0.003745,187,077_AlSiMg_200W_500mms_M0_G13_Test_StepoverAlt0188.tif,-0.002,1.775,1.686,0.046,0.055,1836.4530487102952
0.00375,187,077_AlSiMg_200W_500mms_M0_G13_Test_StepoverAlt0188.tif,-0.001,1.776,1.714,0.047,0.055,1919.9030115536775
0.003755,187,077_AlSiMg_200W_500mms_M0_G13_Test_StepoverAlt0188.tif,0.0,1.781,1.741,0.047,0.056,1923.2409498276859
0.00376,188,077_AlSiMg_200W_500mms_M0_G13_Test_StepoverAlt0189.tif,0.001,1.784,1.712,0.047,0.053,1861.3486892434528
0.003765,188,077_AlSiMg_200W_500mms_M0_G13_Test_StepoverAlt0189.tif,-0.001,1.798,1.742,0.046,0.054,1803.0349224294828
0.00377,188,077_AlSiMg_200W_500mms_M0_G13_Test_StepoverAlt0189.tif,0.001,1.805,1.72,0.044,0.057,1863.8484233405902
0.003775,188,077_AlSiMg_200W_500mms_M0_G13_Test_StepoverAlt0189.tif,0.001,1.812,1.686,0.044,0.055,1820.9385091344352
0.00378,189,077_AlSiMg_200W_500mms_M0_G13_Test_StepoverAlt0190.tif,0.0,1.812,1.682,0.047,0.053,1769.2624239884742
0.003785,189,077_AlSiMg_200W_500mms_M0_G13_Test_StepoverAlt0190.tif,0.0,1.804,1.661,0.047,0.055,1824.3875503203344
0.00379,189,077_AlSiMg_200W_500mms_M0_G13_Test_StepoverAlt0190.tif,-0.001,1.8,1.688,0.045,0.056,1858.176694704125
0.003795,189,077_AlSiMg_200W_500mms_M0_G13_Test_StepoverAlt0190.tif,0.0,1.795,1.712,0.044,0.053,1832.1681312827081
0.0038,190,077_AlSiMg_200W_500mms_M0_G13_Test_StepoverAlt0191.tif,-0.001,1.779,1.693,0.045,0.054,1804.2228137697668
0.003805,190,077_AlSiMg_200W_500mms_M0_G13_Test_StepoverAlt0191.tif,0.0,1.775,1.727,0.046,0.053,1831.2157857348836
0.00381,190,077_AlSiMg_200W_500mms_M0_G13_Test_StepoverAlt0191.tif,0.001,1.775,1.728,0.044,0.053,1831.2157857348836
0.003815,190,077_AlSiMg_200W_500mms_M0_G13_Test_StepoverAlt0191.tif,-0.002,1.77,1.686,0.044,0.053,1827.7950906521214
0.00382,191,077_AlSiMg_200W_500mms_M0_G13_Test_StepoverAlt0192.tif,-0.001,1.776,1.698,0.044,0.053,1759.918841039266
0.003825,191,077_AlSiMg_200W_500mms_M0_G13_Test_StepoverAlt0192.tif,-0.001,1.779,1.653,0.044,0.053,1759.9188410392665
0.00383,191,077_AlSiMg_200W_500mms_M0_G13_Test_StepoverAlt0192.tif,0.001,1.79,1.625,0.042,0.052,1798.080603960028
0.003835,191,077_AlSiMg_200W_500mms_M0_G13_Test_StepoverAlt0192.tif,0.0,1.801,1.642,0.044,0.053,1798.080603960028
0.00384,192,077_AlSiMg_200W_500mms_M0_G13_Test_StepoverAlt0193.tif,0.0,1.805,1.727,0.044,0.051,1836.2423668807896
0.003845,192,077_AlSiMg_200W_500mms_M0_G13_Test_StepoverAlt0193.tif,-0.002,1.805,1.714,0.044,0.053,1859.271948195966
0.00385,192,077_AlSiMg_200W_500mms_M0_G13_Test_StepoverAlt0193.tif,-0.002,1.801,1.719,0.044,0.051,1846.6772170716795
0.003855,192,077_AlSiMg_200W_500mms_M0_G13_Test_StepoverAlt0193.tif,0.001,1.797,1.699,0.044,0.053,1853.3621224485971
0.00386,193,077_AlSiMg_200W_500mms_M0_G13_Test_StepoverAlt0194.tif,-0.002,1.795,1.752,0.045,0.055,1924.217354167693
0.003865,193,077_AlSiMg_200W_500mms_M0_G13_Test_StepoverAlt0194.tif,0.0,1.781,1.702,0.046,0.053,1848.72940488802
0.00387,193,077_AlSiMg_200W_500mms_M0_G13_Test_StepoverAlt0194.tif,-0.002,1.773,1.733,0.047,0.053,1818.3609555869916
0.003875,193,077_AlSiMg_200W_500mms_M0_G13_Test_StepoverAlt0194.tif,0.0,1.77,1.734,0.042,0.053,1852.3008616181135
0.00388,194,077_AlSiMg_200W_500mms_M0_G13_Test_StepoverAlt0195.tif,0.001,1.776,1.741,0.044,0.055,1807.4541933204346
0.003885,194,077_AlSiMg_200W_500mms_M0_G13_Test_StepoverAlt0195.tif,-0.001,1.776,1.726,0.045,0.053,1754.5277773237067
0.00389,194,077_AlSiMg_200W_500mms_M0_G13_Test_StepoverAlt0195.tif,-0.002,1.777,1.724,0.044,0.053,1761.4855143815898
0.003895,194,077_AlSiMg_200W_500mms_M0_G13_Test_StepoverAlt0195.tif,0.0,1.793,1.728,0.044,0.052,2003.861866817726
0.0039,195,077_AlSiMg_200W_500mms_M0_G13_Test_StepoverAlt0196.tif,0.001,1.797,1.716,0.044,0.055,2027.363360208569
0.003905,195,077_AlSiMg_200W_500mms_M0_G13_Test_StepoverAlt0196.tif,0.0,1.805,1.744,0.052,0.054,2021.3705571822243
0.00391,195,077_AlSiMg_200W_500mms_M0_G13_Test_StepoverAlt0196.tif,0.0,1.808,1.735,0.046,0.053,1973.0732921588274
0.003915,195,077_AlSiMg_200W_500mms_M0_G13_Test_StepoverAlt0196.tif,0.0,1.807,1.7,0.047,0.057,2013.4834722678447
0.00392,196,077_AlSiMg_200W_500mms_M0_G13_Test_StepoverAlt0197.tif,-0.002,1.805,1.745,0.044,0.055,1829.4208866456786
0.003925,196,077_AlSiMg_200W_500mms_M0_G13_Test_StepoverAlt0197.tif,-0.002,1.804,1.698,0.047,0.056,1812.5195358609406
0.00393,196,077_AlSiMg_200W_500mms_M0_G13_Test_StepoverAlt0197.tif,0.001,1.794,1.71,0.047,0.055,1818.5123388872853
0.003935,196,077_AlSiMg_200W_500mms_M0_G13_Test_StepoverAlt0197.tif,-0.002,1.78,1.713,0.047,0.055,1786.992106024302
0.00394,197,077_AlSiMg_200W_500mms_M0_G13_Test_StepoverAlt0198.tif,-0.002,1.776,1.726,0.044,0.053,1764.355644092027
0.003945,197,077_AlSiMg_200W_500mms_M0_G13_Test_StepoverAlt0198.tif,-0.002,1.776,1.728,0.042,0.055,1723.8155954547997
0.00395,197,077_AlSiMg_200W_500mms_M0_G13_Test_StepoverAlt0198.tif,-0.002,1.776,1.707,0.045,0.055,1766.7255096609545
0.003955,197,077_AlSiMg_200W_500mms_M0_G13_Test_StepoverAlt0198.tif,0.0,1.78,1.681,0.045,0.055,1766.7255096609545
0.00396,198,077_AlSiMg_200W_500mms_M0_G13_Test_StepoverAlt0199.tif,0.0,1.783,1.709,0.047,0.053,1804.930518590878
0.003965,198,077_AlSiMg_200W_500mms_M0_G13_Test_StepoverAlt0199.tif,0.0,1.797,1.66,0.044,0.053,1790.5322777500471
0.00397,198,077_AlSiMg_200W_500mms_M0_G13_Test_StepoverAlt0199.tif,-0.002,1.8,1.664,0.046,0.057,1809.8941431267067
0.003975,198,077_AlSiMg_200W_500mms_M0_G13_Test_StepoverAlt0199.tif,-0.002,1.802,1.741,0.045,0.056,1718.6003150712077
0.00398,199,077_AlSiMg_200W_500mms_M0_G13_Test_StepoverAlt0200.tif,-0.002,1.802,1.688,0.046,0.055,1706.0055839469212
0.003985,199,077_AlSiMg_200W_500mms_M0_G13_Test_StepoverAlt0200.tif,-0.001,1.8,1.677,0.047,0.058,1717.0945260567235
0.00399,199,077_AlSiMg_200W_500mms_M0_G13_Test_StepoverAlt0200.tif,-0.001,1.797,1.693,0.045,0.055,1788.9341663195191
0.003995,199,077_AlSiMg_200W_500mms_M0_G13_Test_StepoverAlt0200.tif,-0.001,1.788,1.675,0.045,0.055,1762.6897183188091
0.004,200,077_AlSiMg_200W_500mms_M0_G13_Test_StepoverAlt0201.tif,0.001,1.779,1.665,0.046,0.053,1862.9440369708475
0.004005,200,077_AlSiMg_200W_500mms_M0_G13_Test_StepoverAlt0201.tif,-0.002,1.77,1.674,0.043,0.053,1851.8550948610457
0.00401,200,077_AlSiMg_200W_500mms_M0_G13_Test_StepoverAlt0201.tif,0.001,1.77,1.665,0.05,0.056,1909.2964942830108
0.004015,200,077_AlSiMg_200W_500mms_M0_G13_Test_StepoverAlt0201.tif,0.001,1.775,1.696,0.046,0.057,1935.305057704428
0.00402,201,077_AlSiMg_200W_500mms_M0_G13_Test_StepoverAlt0202.tif,0.0,1.776,1.728,0.046,0.053,1942.1876403284782
0.004025,201,077_AlSiMg_200W_500mms_M0_G13_Test_StepoverAlt0202.tif,0.0,1.776,1.703,0.047,0.053,1832.003468711815
0.00403,201,077_AlSiMg_200W_500mms_M0_G13_Test_StepoverAlt0202.tif,0.0,1.788,1.748,0.045,0.055,1877.0323168527386
0.004035,201,077_AlSiMg_200W_500mms_M0_G13_Test_StepoverAlt0202.tif,-0.002,1.8,1.726,0.044,0.055,1816.1858290504777
0.00404,202,077_AlSiMg_200W_500mms_M0_G13_Test_StepoverAlt0203.tif,0.001,1.802,1.707,0.045,0.053,1766.6757722382179
0.004045,202,077_AlSiMg_200W_500mms_M0_G13_Test_StepoverAlt0203.tif,0.0,1.802,1.699,0.044,0.054,1827.3389520491369
0.00405,202,077_AlSiMg_200W_500mms_M0_G13_Test_StepoverAlt0203.tif,-0.001,1.801,1.665,0.045,0.053,1857.707401350165
0.004055,202,077_AlSiMg_200W_500mms_M0_G13_Test_StepoverAlt0203.tif,-0.001,1.801,1.685,0.047,0.054,1816.8849126949924
0.00406,203,077_AlSiMg_200W_500mms_M0_G13_Test_StepoverAlt0204.tif,-0.002,1.801,1.712,0.044,0.053,1816.8849126949924
0.004065,203,077_AlSiMg_200W_500mms_M0_G13_Test_StepoverAlt0204.tif,-0.001,1.788,1.684,0.043,0.053,1761.7275928226682
0.00407,203,077_AlSiMg_200W_500mms_M0_G13_Test_StepoverAlt0204.tif,0.0,1.783,1.664,0.044,0.054,1701.0644130117494
0.004075,203,077_AlSiMg_200W_500mms_M0_G13_Test_StepoverAlt0204.tif,0.0,1.776,1.67,0.043,0.054,1701.0644130117494
0.00408,204,077_AlSiMg_200W_500mms_M0_G13_Test_StepoverAlt0205.tif,-0.001,1.775,1.661,0.045,0.055,1683.2155404011744
0.004085,204,077_AlSiMg_200W_500mms_M0_G13_Test_StepoverAlt0205.tif,-0.001,1.779,1.705,0.044,0.053,1699.2153599057558
0.00409,204,077_AlSiMg_200W_500mms_M0_G13_Test_StepoverAlt0205.tif,-0.002,1.781,1.71,0.042,0.053,1702.6590555702162
0.004095,204,077_AlSiMg_200W_500mms_M0_G13_Test_StepoverAlt0205.tif,-0.001,1.79,1.766,0.044,0.053,1708.179412469072
0.0041,205,077_AlSiMg_200W_500mms_M0_G13_Test_StepoverAlt0206.tif,0.0,1.804,1.766,0.044,0.055,1695.584681344786
0.004105,205,077_AlSiMg_200W_500mms_M0_G13_Test_StepoverAlt0206.tif,-0.002,1.805,1.73,0.042,0.051,1686.1651714928562
0.00411,205,077_AlSiMg_200W_500mms_M0_G13_Test_StepoverAlt0206.tif,-0.002,1.805,1.712,0.045,0.055,1673.5704403685697
0.004115,205,077_AlSiMg_200W_500mms_M0_G13_Test_StepoverAlt0206.tif,0.001,1.802,1.716,0.043,0.055,1691.3441585453118
0.00412,206,077_AlSiMg_200W_500mms_M0_G13_Test_StepoverAlt0207.tif,-0.002,1.8,1.709,0.045,0.055,1746.4869814573747
0.004125,206,077_AlSiMg_200W_500mms_M0_G13_Test_StepoverAlt0207.tif,-0.002,1.798,1.685,0.045,0.055,1728.7132632806326
0.00413,206,077_AlSiMg_200W_500mms_M0_G13_Test_StepoverAlt0207.tif,-0.002,1.787,1.702,0.047,0.054,1762.8642283671882
0.004135,206,077_AlSiMg_200W_500mms_M0_G13_Test_StepoverAlt0207.tif,0.001,1.776,1.695,0.044,0.055,1759.4591399868925
0.00414,207,077_AlSiMg_200W_500mms_M0_G13_Test_StepoverAlt0208.tif,0.0,1.773,1.7,0.045,0.055,1741.6854218101503
0.004145,207,077_AlSiMg_200W_500mms_M0_G13_Test_StepoverAlt0208.tif,0.001,1.773,1.735,0.044,0.054,1693.616973123518
0.00415,207,077_AlSiMg_200W_500mms_M0_G13_Test_StepoverAlt0208.tif,0.001,1.772,1.698,0.044,0.055,1794.8406541436423
0.004155,207,077_AlSiMg_200W_500mms_M0_G13_Test_StepoverAlt0208.tif,-0.001,1.777,1.726,0.044,0.053,1773.6232403024399
0.00416,208,077_AlSiMg_200W_500mms_M0_G13_Test_StepoverAlt0209.tif,-0.001,1.784,1.719,0.047,0.053,1831.1684963188502
0.004165,208,077_AlSiMg_200W_500mms_M0_G13_Test_StepoverAlt0209.tif,0.001,1.8,1.695,0.043,0.054,1854.4625713944479
0.00417,208,077_AlSiMg_200W_500mms_M0_G13_Test_StepoverAlt0209.tif,0.001,1.805,1.741,0.045,0.052,1804.2503111878673
0.004175,208,077_AlSiMg_200W_500mms_M0_G13_Test_StepoverAlt0209.tif,0.0,1.809,1.699,0.042,0.051,1726.3207052433409
0.00418,209,077_AlSiMg_200W_500mms_M0_G13_Test_StepoverAlt0210.tif,0.001,1.808,1.663,0.042,0.054,1744.1330307042476
0.004185,209,077_AlSiMg_200W_500mms_M0_G13_Test_StepoverAlt0210.tif,0.0,1.808,1.672,0.042,0.051,1679.558012877243
0.00419,209,077_AlSiMg_200W_500mms_M0_G13_Test_StepoverAlt0210.tif,-0.001,1.804,1.657,0.044,0.054,1686.6323871026736
0.004195,209,077_AlSiMg_200W_500mms_M0_G13_Test_StepoverAlt0210.tif,0.001,1.797,1.672,0.042,0.052,1736.8446473092542
0.0042,210,077_AlSiMg_200W_500mms_M0_G13_Test_StepoverAlt0211.tif,0.001,1.78,1.651,0.044,0.053,1782.0807844554467
0.004205,210,077_AlSiMg_200W_500mms_M0_G13_Test_StepoverAlt0211.tif,-0.002,1.773,1.667,0.044,0.053,1839.6260404718566
0.00421,210,077_AlSiMg_200W_500mms_M0_G13_Test_StepoverAlt0211.tif,0.0,1.77,1.647,0.044,0.051,1832.2871724860045
0.004215,210,077_AlSiMg_200W_500mms_M0_G13_Test_StepoverAlt0211.tif,-0.002,1.77,1.66,0.045,0.052,1809.2575911708282
0.00422,211,077_AlSiMg_200W_500mms_M0_G13_Test_StepoverAlt0212.tif,-0.004,1.773,1.692,0.044,0.055,1812.6782862535906
0.004225,211,077_AlSiMg_200W_500mms_M0_G13_Test_StepoverAlt0212.tif,0.001,1.777,1.674,0.042,0.052,1758.516703828247
0.00423,211,077_AlSiMg_200W_500mms_M0_G13_Test_StepoverAlt0212.tif,0.0,1.791,1.67,0.045,0.054,1734.9000830387872
0.004235,211,077_AlSiMg_200W_500mms_M0_G13_Test_StepoverAlt0212.tif,-0.001,1.8,1.654,0.044,0.054,1783.1973480621841
0.00424,212,077_AlSiMg_200W_500mms_M0_G13_Test_StepoverAlt0213.tif,-0.001,1.801,1.674,0.044,0.052,1799.1525551519298
0.004245,212,077_AlSiMg_200W_500mms_M0_G13_Test_StepoverAlt0213.tif,0.001,1.804,1.752,0.044,0.052,1788.6574858437373
0.00425,212,077_AlSiMg_200W_500mms_M0_G13_Test_StepoverAlt0213.tif,0.001,1.8,1.72,0.042,0.051,1797.582931122888
0.004255,212,077_AlSiMg_200W_500mms_M0_G13_Test_StepoverAlt0213.tif,0.0,1.795,1.709,0.042,0.051,1797.582931122888
0.00426,213,077_AlSiMg_200W_500mms_M0_G13_Test_StepoverAlt0214.tif,0.001,1.794,1.698,0.042,0.051,1749.2856660994917
0.004265,213,077_AlSiMg_200W_500mms_M0_G13_Test_StepoverAlt0214.tif,0.001,1.781,1.693,0.044,0.052,1719.0338539660104
0.00427,213,077_AlSiMg_200W_500mms_M0_G13_Test_StepoverAlt0214.tif,-0.001,1.77,1.706,0.044,0.055,1767.6536647032692
0.004275,213,077_AlSiMg_200W_500mms_M0_G13_Test_StepoverAlt0214.tif,0.0,1.772,1.709,0.042,0.053,1796.0732138355356
0.00428,214,077_AlSiMg_200W_500mms_M0_G13_Test_StepoverAlt0215.tif,0.001,1.775,1.685,0.045,0.052,1819.6898346249957
0.004285,214,077_AlSiMg_200W_500mms_M0_G13_Test_StepoverAlt0215.tif,-0.001,1.776,1.707,0.045,0.053,1891.6037204378524
0.00429,214,077_AlSiMg_200W_500mms_M0_G13_Test_StepoverAlt0215.tif,0.0,1.777,1.752,0.045,0.052,1909.4525930484274
0.004295,214,077_AlSiMg_200W_500mms_M0_G13_Test_StepoverAlt0215.tif,0.0,1.793,1.772,0.045,0.052,1867.9071565365987
0.0043,215,077_AlSiMg_200W_500mms_M0_G13_Test_StepoverAlt0216.tif,0.0,1.802,1.744,0.043,0.053,1816.1935323287344
0.004305,215,077_AlSiMg_200W_500mms_M0_G13_Test_StepoverAlt0216.tif,-0.002,1.809,1.707,0.044,0.053,1755.170782068569
0.00431,215,077_AlSiMg_200W_500mms_M0_G13_Test_StepoverAlt0216.tif,-0.002,1.807,1.674,0.044,0.055,1706.5509713313102
0.004315,215,077_AlSiMg_200W_500mms_M0_G13_Test_StepoverAlt0216.tif,-0.001,1.804,1.663,0.043,0.053,1668.6762493349183
0.00432,216,077_AlSiMg_200W_500mms_M0_G13_Test_StepoverAlt0217.tif,0.0,1.802,1.681,0.042,0.051,1686.605065057287
0.004325,216,077_AlSiMg_200W_500mms_M0_G13_Test_StepoverAlt0217.tif,-0.001,1.804,1.692,0.04,0.052,1679.6473279994038
0.00433,216,077_AlSiMg_200W_500mms_M0_G13_Test_StepoverAlt0217.tif,-0.001,1.788,1.7,0.044,0.052,1645.3776300627655
0.004335,216,077_AlSiMg_200W_500mms_M0_G13_Test_StepoverAlt0217.tif,0.001,1.776,1.738,0.042,0.053,1622.0835549871676
0.00434,217,077_AlSiMg_200W_500mms_M0_G13_Test_StepoverAlt0218.tif,0.001,1.775,1.717,0.041,0.053,1679.4355907318961
0.004345,217,077_AlSiMg_200W_500mms_M0_G13_Test_StepoverAlt0218.tif,0.0,1.772,1.688,0.044,0.055,1661.5067750095272
0.00435,217,077_AlSiMg_200W_500mms_M0_G13_Test_StepoverAlt0218.tif,-0.002,1.779,1.667,0.044,0.053,1682.8331418638572
0.004355,217,077_AlSiMg_200W_500mms_M0_G13_Test_StepoverAlt0218.tif,0.001,1.779,1.657,0.044,0.053,1717.1028398004958
0.00436,218,077_AlSiMg_200W_500mms_M0_G13_Test_StepoverAlt0219.tif,0.002,1.784,1.639,0.044,0.054,1717.1028398004958
0.004365,218,077_AlSiMg_200W_500mms_M0_G13_Test_StepoverAlt0219.tif,0.0,1.8,1.647,0.043,0.053,1735.0316555228644
0.00437,218,077_AlSiMg_200W_500mms_M0_G13_Test_StepoverAlt0219.tif,-0.001,1.808,1.702,0.044,0.055,1735.0316555228642
0.004375,218,077_AlSiMg_200W_500mms_M0_G13_Test_StepoverAlt0219.tif,0.001,1.811,1.705,0.044,0.052,1772.3766499342814
0.00438,219,077_AlSiMg_200W_500mms_M0_G13_Test_StepoverAlt0220.tif,0.001,1.812,1.668,0.044,0.053,1798.6210979349914
0.004385,219,077_AlSiMg_200W_500mms_M0_G13_Test_StepoverAlt0220.tif,0.0,1.804,1.67,0.045,0.053,2087.0378400857217
0.00439,219,077_AlSiMg_200W_500mms_M0_G13_Test_StepoverAlt0220.tif,0.0,1.802,1.741,0.046,0.055,2049.6317106150163
0.004395,219,077_AlSiMg_200W_500mms_M0_G13_Test_StepoverAlt0220.tif,0.0,1.794,1.856,0.052,0.053,2067.560526337385
0.0044,220,077_AlSiMg_200W_500mms_M0_G13_Test_StepoverAlt0221.tif,-0.001,1.779,1.822,0.043,0.053,2015.846902129521
0.004405,220,077_AlSiMg_200W_500mms_M0_G13_Test_StepoverAlt0221.tif,-0.001,1.776,1.773,0.044,0.052,2009.0797678771476
0.00441,220,077_AlSiMg_200W_500mms_M0_G13_Test_StepoverAlt0221.tif,0.001,1.765,1.781,0.044,0.055,1720.6630257264173
0.004415,220,077_AlSiMg_200W_500mms_M0_G13_Test_StepoverAlt0221.tif,0.0,1.77,1.77,0.044,0.053,1709.7718901737258
0.00442,221,077_AlSiMg_200W_500mms_M0_G13_Test_StepoverAlt0222.tif,0.0,1.773,1.744,0.044,0.055,1698.6102087037302
0.004425,221,077_AlSiMg_200W_500mms_M0_G13_Test_StepoverAlt0222.tif,-0.001,1.777,1.688,0.044,0.055,1698.6102087037302
0.00443,221,077_AlSiMg_200W_500mms_M0_G13_Test_StepoverAlt0222.tif,-0.001,1.788,1.703,0.046,0.055,1698.6102087037302
0.004435,221,077_AlSiMg_200W_500mms_M0_G13_Test_StepoverAlt0222.tif,0.0,1.798,1.74,0.044,0.055,1728.978658004759
0.00444,222,077_AlSiMg_200W_500mms_M0_G13_Test_StepoverAlt0223.tif,-0.002,1.801,1.773,0.044,0.053,1728.978658004759
0.004445,222,077_AlSiMg_200W_500mms_M0_G13_Test_StepoverAlt0223.tif,-0.001,1.802,1.717,0.044,0.053,1728.978658004759
0.00445,222,077_AlSiMg_200W_500mms_M0_G13_Test_StepoverAlt0223.tif,-0.001,1.8,1.692,0.044,0.055,1759.3471073057874
0.004455,222,077_AlSiMg_200W_500mms_M0_G13_Test_StepoverAlt0223.tif,0.0,1.797,1.672,0.046,0.055,1766.1142415581605
0.00446,223,077_AlSiMg_200W_500mms_M0_G13_Test_StepoverAlt0224.tif,-0.002,1.794,1.675,0.044,0.053,1753.519510433874
0.004465,223,077_AlSiMg_200W_500mms_M0_G13_Test_StepoverAlt0224.tif,0.001,1.781,1.692,0.046,0.055,1851.601267532123
0.00447,223,077_AlSiMg_200W_500mms_M0_G13_Test_StepoverAlt0224.tif,0.0,1.773,1.7,0.045,0.055,1866.179308186586
0.004475,223,077_AlSiMg_200W_500mms_M0_G13_Test_StepoverAlt0224.tif,-0.001,1.768,1.696,0.046,0.052,1872.946442438959
0.00448,224,077_AlSiMg_200W_500mms_M0_G13_Test_StepoverAlt0225.tif,0.001,1.773,1.693,0.045,0.053,1866.1793081865858
0.004485,224,077_AlSiMg_200W_500mms_M0_G13_Test_StepoverAlt0225.tif,-0.002,1.776,1.671,0.046,0.055,1859.2967255625354
0.00449,224,077_AlSiMg_200W_500mms_M0_G13_Test_StepoverAlt0225.tif,0.0,1.781,1.664,0.044,0.053,1795.0041128480766
0.004495,224,077_AlSiMg_200W_500mms_M0_G13_Test_StepoverAlt0225.tif,-0.002,1.794,1.695,0.043,0.053,1795.0041128480766
0.0045,225,077_AlSiMg_200W_500mms_M0_G13_Test_StepoverAlt0226.tif,-0.002,1.804,1.707,0.045,0.054,1788.2369785957035
0.004505,225,077_AlSiMg_200W_500mms_M0_G13_Test_StepoverAlt0226.tif,-0.002,1.809,1.71,0.045,0.053,1772.2371590911218
0.00451,225,077_AlSiMg_200W_500mms_M0_G13_Test_StepoverAlt0226.tif,0.0,1.809,1.693,0.044,0.053,1775.7146533348773
0.004515,225,077_AlSiMg_200W_500mms_M0_G13_Test_StepoverAlt0226.tif,0.0,1.809,1.735,0.044,0.054,1836.7826798679484
0.00452,226,077_AlSiMg_200W_500mms_M0_G13_Test_StepoverAlt0227.tif,-0.002,1.8,1.689,0.044,0.054,1853.5992678818743
0.004525,226,077_AlSiMg_200W_500mms_M0_G13_Test_StepoverAlt0227.tif,-0.002,1.802,1.756,0.045,0.051,1816.2730815229631
0.00453,226,077_AlSiMg_200W_500mms_M0_G13_Test_StepoverAlt0227.tif,0.001,1.787,1.73,0.044,0.051,1870.4346639483065
0.004535,226,077_AlSiMg_200W_500mms_M0_G13_Test_StepoverAlt0227.tif,-0.001,1.777,1.692,0.042,0.053,1924.5962463736498
0.00454,227,077_AlSiMg_200W_500mms_M0_G13_Test_StepoverAlt0228.tif,-0.002,1.772,1.667,0.044,0.051,1840.6302110094796
0.004545,227,077_AlSiMg_200W_500mms_M0_G13_Test_StepoverAlt0228.tif,-0.001,1.776,1.66,0.044,0.051,1802.4684480887177
0.00455,227,077_AlSiMg_200W_500mms_M0_G13_Test_StepoverAlt0228.tif,-0.002,1.775,1.667,0.043,0.053,1830.5348520006999
0.004555,227,077_AlSiMg_200W_500mms_M0_G13_Test_StepoverAlt0228.tif,-0.002,1.78,1.681,0.044,0.053,1785.2987148545078
0.00456,228,077_AlSiMg_200W_500mms_M0_G13_Test_StepoverAlt0229.tif,0.001,1.787,1.671,0.046,0.056,1720.4778549570551
0.004565,228,077_AlSiMg_200W_500mms_M0_G13_Test_StepoverAlt0229.tif,-0.002,1.798,1.699,0.042,0.051,1750.8045959653439
0.00457,228,077_AlSiMg_200W_500mms_M0_G13_Test_StepoverAlt0229.tif,-0.001,1.804,1.77,0.041,0.051,1731.3272822170068
0.004575,228,077_AlSiMg_200W_500mms_M0_G13_Test_StepoverAlt0229.tif,0.0,1.808,1.702,0.042,0.05,1740.587064663936
0.00458,229,077_AlSiMg_200W_500mms_M0_G13_Test_StepoverAlt0230.tif,0.0,1.804,1.681,0.043,0.053,2191.071754418478
0.004585,229,077_AlSiMg_200W_500mms_M0_G13_Test_StepoverAlt0230.tif,-0.002,1.801,1.665,0.044,0.053,2235.659667117538
0.00459,229,077_AlSiMg_200W_500mms_M0_G13_Test_StepoverAlt0230.tif,0.0,1.797,1.675,0.064,0.052,2224.8102398575857
0.004595,229,077_AlSiMg_200W_500mms_M0_G13_Test_StepoverAlt0230.tif,0.0,1.788,1.651,0.044,0.052,2194.0752933993417
0.0046,230,077_AlSiMg_200W_500mms_M0_G13_Test_StepoverAlt0231.tif,-0.001,1.775,1.714,0.044,0.053,2156.7491070404303
0.004605,230,077_AlSiMg_200W_500mms_M0_G13_Test_StepoverAlt0231.tif,0.001,1.768,1.681,0.042,0.054,1713.3387915113185
0.00461,230,077_AlSiMg_200W_500mms_M0_G13_Test_StepoverAlt0231.tif,-0.001,1.766,1.675,0.042,0.053,1695.4099757889503
0.004615,230,077_AlSiMg_200W_500mms_M0_G13_Test_StepoverAlt0231.tif,0.0,1.769,1.667,0.044,0.053,1655.400762072694
0.00462,231,077_AlSiMg_200W_500mms_M0_G13_Test_StepoverAlt0232.tif,-0.002,1.776,1.674,0.044,0.053,1668.2868359203635
0.004625,231,077_AlSiMg_200W_500mms_M0_G13_Test_StepoverAlt0232.tif,0.0,1.781,1.692,0.045,0.057,1705.613022279275
0.00463,231,077_AlSiMg_200W_500mms_M0_G13_Test_StepoverAlt0232.tif,0.0,1.794,1.66,0.042,0.053,1693.0182911549884
0.004635,231,077_AlSiMg_200W_500mms_M0_G13_Test_StepoverAlt0232.tif,-0.002,1.802,1.686,0.044,0.053,1666.3591941782972
0.00464,232,077_AlSiMg_200W_500mms_M0_G13_Test_StepoverAlt0233.tif,0.0,1.807,1.681,0.045,0.055,1770.8571295103866
0.004645,232,077_AlSiMg_200W_500mms_M0_G13_Test_StepoverAlt0233.tif,0.0,1.808,1.681,0.041,0.051,1770.857129510387
0.00465,232,077_AlSiMg_200W_500mms_M0_G13_Test_StepoverAlt0233.tif,0.001,1.802,1.649,0.045,0.051,1763.7827552849565
0.004655,232,077_AlSiMg_200W_500mms_M0_G13_Test_StepoverAlt0233.tif,0.0,1.802,1.643,0.042,0.053,1776.3774864092425
0.00466,233,077_AlSiMg_200W_500mms_M0_G13_Test_StepoverAlt0234.tif,0.001,1.797,1.628,0.042,0.051,1752.8243231793535
0.004665,233,077_AlSiMg_200W_500mms_M0_G13_Test_StepoverAlt0234.tif,-0.002,1.786,1.681,0.044,0.053,1661.6765045868287
0.00467,233,077_AlSiMg_200W_500mms_M0_G13_Test_StepoverAlt0234.tif,0.0,1.779,1.681,0.042,0.054,2075.8714548754924
0.004675,233,077_AlSiMg_200W_500mms_M0_G13_Test_StepoverAlt0234.tif,0.0,1.775,1.714,0.041,0.051,2063.468515352586
0.00468,234,077_AlSiMg_200W_500mms_M0_G13_Test_StepoverAlt0235.tif,-0.001,1.773,1.686,0.055,0.054,2081.3973310749548
0.004685,234,077_AlSiMg_200W_500mms_M0_G13_Test_StepoverAlt0235.tif,-0.001,1.775,1.692,0.043,0.053,2081.3973310749548
0.00469,234,077_AlSiMg_200W_500mms_M0_G13_Test_StepoverAlt0235.tif,0.0,1.781,1.714,0.044,0.052,2070.7302416927346
0.004695,234,077_AlSiMg_200W_500mms_M0_G13_Test_StepoverAlt0235.tif,-0.001,1.787,1.682,0.042,0.054,1686.7871035375515
0.0047,235,077_AlSiMg_200W_500mms_M0_G13_Test_StepoverAlt0236.tif,-0.002,1.801,1.661,0.042,0.053,1656.0521570793076
0.004705,235,077_AlSiMg_200W_500mms_M0_G13_Test_StepoverAlt0236.tif,0.001,1.808,1.716,0.042,0.051,1676.2851042777008
0.00471,235,077_AlSiMg_200W_500mms_M0_G13_Test_StepoverAlt0236.tif,-0.002,1.808,1.682,0.042,0.054,1747.8425393911177
0.004715,235,077_AlSiMg_200W_500mms_M0_G13_Test_StepoverAlt0236.tif,0.002,1.809,1.685,0.044,0.051,1762.1391444348526
0.00472,236,077_AlSiMg_200W_500mms_M0_G13_Test_StepoverAlt0237.tif,0.001,1.805,1.665,0.045,0.053,1749.7362049119463
0.004725,236,077_AlSiMg_200W_500mms_M0_G13_Test_StepoverAlt0237.tif,0.001,1.801,1.727,0.042,0.052,1817.8772808408953
0.00473,236,077_AlSiMg_200W_500mms_M0_G13_Test_StepoverAlt0237.tif,-0.001,1.787,1.733,0.043,0.053,1776.2180423414015
0.004735,236,077_AlSiMg_200W_500mms_M0_G13_Test_StepoverAlt0237.tif,0.0,1.776,1.728,0.044,0.052,1793.0346303553276
0.00474,237,077_AlSiMg_200W_500mms_M0_G13_Test_StepoverAlt0238.tif,-0.002,1.77,1.735,0.043,0.052,1765.851951463923
0.004745,237,077_AlSiMg_200W_500mms_M0_G13_Test_StepoverAlt0238.tif,0.001,1.772,1.717,0.044,0.051,1785.3292652122595
0.00475,237,077_AlSiMg_200W_500mms_M0_G13_Test_StepoverAlt0238.tif,-0.002,1.77,1.689,0.042,0.054,1730.0742631309797
0.004755,237,077_AlSiMg_200W_500mms_M0_G13_Test_StepoverAlt0238.tif,0.0,1.776,1.719,0.044,0.053,1717.5719192051304
0.00476,238,077_AlSiMg_200W_500mms_M0_G13_Test_StepoverAlt0239.tif,0.001,1.781,1.72,0.042,0.053,1724.256824582048
0.004765,238,077_AlSiMg_200W_500mms_M0_G13_Test_StepoverAlt0239.tif,0.0,1.794,1.773,0.044,0.054,1767.3947105631983
0.00477,238,077_AlSiMg_200W_500mms_M0_G13_Test_StepoverAlt0239.tif,-0.001,1.8,1.723,0.046,0.053,1763.8972349844657
0.004775,238,077_AlSiMg_200W_500mms_M0_G13_Test_StepoverAlt0239.tif,-0.002,1.8,1.726,0.042,0.051,1812.0728486033295
0.00478,239,077_AlSiMg_200W_500mms_M0_G13_Test_StepoverAlt0240.tif,-0.001,1.801,1.741,0.043,0.052,1820.9982938824803
0.004785,239,077_AlSiMg_200W_500mms_M0_G13_Test_StepoverAlt0240.tif,-0.002,1.798,1.811,0.042,0.05,1769.077251359371
0.00479,239,077_AlSiMg_200W_500mms_M0_G13_Test_StepoverAlt0240.tif,-0.001,1.795,1.794,0.042,0.051,1749.4925286081102
0.004795,239,077_AlSiMg_200W_500mms_M0_G13_Test_StepoverAlt0240.tif,-0.002,1.787,1.741,0.042,0.051,1791.1517671076042
0.0048,240,077_AlSiMg_200W_500mms_M0_G13_Test_StepoverAlt0241.tif,0.0,1.775,1.713,0.041,0.051,1760.825026099315
0.004805,240,077_AlSiMg_200W_500mms_M0_G13_Test_StepoverAlt0241.tif,-0.001,1.768,1.724,0.044,0.051,1764.4019247460135
0.00481,240,077_AlSiMg_200W_500mms_M0_G13_Test_StepoverAlt0241.tif,-0.001,1.768,1.733,0.043,0.053,1771.4762989714436
0.004815,240,077_AlSiMg_200W_500mms_M0_G13_Test_StepoverAlt0241.tif,-0.001,1.77,1.709,0.043,0.052,1754.7900757154082
0.00482,241,077_AlSiMg_200W_500mms_M0_G13_Test_StepoverAlt0242.tif,-0.002,1.775,1.705,0.044,0.053,1682.8161678291576
0.004825,241,077_AlSiMg_200W_500mms_M0_G13_Test_StepoverAlt0242.tif,0.001,1.786,1.737,0.044,0.056,1664.9672952185833
0.00483,241,077_AlSiMg_200W_500mms_M0_G13_Test_StepoverAlt0242.tif,-0.001,1.798,1.749,0.043,0.054,1671.8854658800778
0.004835,241,077_AlSiMg_200W_500mms_M0_G13_Test_StepoverAlt0242.tif,-0.001,1.807,1.731,0.042,0.053,1671.8854658800778
0.00484,242,077_AlSiMg_200W_500mms_M0_G13_Test_StepoverAlt0243.tif,-0.002,1.815,1.73,0.045,0.054,1739.913899293649
0.004845,242,077_AlSiMg_200W_500mms_M0_G13_Test_StepoverAlt0243.tif,0.001,1.809,1.737,0.044,0.053,1743.3575949581088
0.00485,242,077_AlSiMg_200W_500mms_M0_G13_Test_StepoverAlt0243.tif,-0.002,1.808,1.728,0.046,0.054,1802.0289562238563
0.004855,242,077_AlSiMg_200W_500mms_M0_G13_Test_StepoverAlt0243.tif,-0.001,1.804,1.74,0.044,0.055,1829.7426133319127
0.00486,243,077_AlSiMg_200W_500mms_M0_G13_Test_StepoverAlt0244.tif,-0.002,1.798,1.72,0.045,0.053,1847.6714290542811
0.004865,243,077_AlSiMg_200W_500mms_M0_G13_Test_StepoverAlt0244.tif,0.0,1.787,1.689,0.042,0.049,1844.3334907802732
0.00487,243,077_AlSiMg_200W_500mms_M0_G13_Test_StepoverAlt0244.tif,0.0,1.777,1.688,0.044,0.052,1827.9562438704597
0.004875,243,077_AlSiMg_200W_500mms_M0_G13_Test_StepoverAlt0244.tif,0.0,1.773,1.675,0.045,0.053,1824.5398846859928
0.00488,244,077_AlSiMg_200W_500mms_M0_G13_Test_StepoverAlt0245.tif,-0.002,1.775,1.671,0.043,0.055,1770.3759511799976
0.004885,244,077_AlSiMg_200W_500mms_M0_G13_Test_StepoverAlt0245.tif,-0.002,1.775,1.67,0.044,0.052,1770.3759511799976
0.00489,244,077_AlSiMg_200W_500mms_M0_G13_Test_StepoverAlt0245.tif,0.0,1.779,1.686,0.042,0.052,1736.4360451488756
0.004895,244,077_AlSiMg_200W_500mms_M0_G13_Test_StepoverAlt0245.tif,-0.001,1.787,1.693,0.044,0.052,1752.8132920586886
0.0049,245,077_AlSiMg_200W_500mms_M0_G13_Test_StepoverAlt0246.tif,0.001,1.8,1.681,0.045,0.055,1756.229651243156
0.004905,245,077_AlSiMg_200W_500mms_M0_G13_Test_StepoverAlt0246.tif,-0.002,1.807,1.677,0.044,0.055,1824.105900856011
0.00491,245,077_AlSiMg_200W_500mms_M0_G13_Test_StepoverAlt0246.tif,0.0,1.804,1.7,0.045,0.053,1775.808635832614
0.004915,245,077_AlSiMg_200W_500mms_M0_G13_Test_StepoverAlt0246.tif,-0.001,1.798,1.748,0.046,0.053,1758.034917655872
0.00492,246,077_AlSiMg_200W_500mms_M0_G13_Test_StepoverAlt0247.tif,0.0,1.797,1.728,0.044,0.055,1813.0864801377447
0.004925,246,077_AlSiMg_200W_500mms_M0_G13_Test_StepoverAlt0247.tif,0.0,1.794,1.749,0.044,0.055,1729.8526230668972
0.00493,246,077_AlSiMg_200W_500mms_M0_G13_Test_StepoverAlt0247.tif,-0.002,1.786,1.907,0.046,0.054,1654.6375054681896
0.004935,246,077_AlSiMg_200W_500mms_M0_G13_Test_StepoverAlt0247.tif,-0.002,1.775,1.84,0.042,0.055,1706.351129676054
0.00494,247,077_AlSiMg_200W_500mms_M0_G13_Test_StepoverAlt0248.tif,-0.002,1.773,1.853,0.044,0.055,1706.351129676054
0.004945,247,077_AlSiMg_200W_500mms_M0_G13_Test_StepoverAlt0248.tif,-0.002,1.775,1.808,0.045,0.053,1669.0732853709237
0.00495,247,077_AlSiMg_200W_500mms_M0_G13_Test_StepoverAlt0248.tif,-0.001,1.776,1.805,0.044,0.055,1737.729101787308
0.004955,247,077_AlSiMg_200W_500mms_M0_G13_Test_StepoverAlt0248.tif,0.001,1.78,1.745,0.045,0.055,1755.5028199640503
0.00496,248,077_AlSiMg_200W_500mms_M0_G13_Test_StepoverAlt0249.tif,0.0,1.79,1.79,0.046,0.055,1779.0043133548938
0.004965,248,077_AlSiMg_200W_500mms_M0_G13_Test_StepoverAlt0249.tif,0.0,1.802,1.823,0.045,0.055,1816.1398969082954
0.00497,248,077_AlSiMg_200W_500mms_M0_G13_Test_StepoverAlt0249.tif,0.0,1.811,1.788,0.046,0.053,1778.5223678260008
0.004975,248,077_AlSiMg_200W_500mms_M0_G13_Test_StepoverAlt0249.tif,0.0,1.809,1.779,0.046,0.055,1771.7552335736277
0.00498,249,077_AlSiMg_200W_500mms_M0_G13_Test_StepoverAlt0250.tif,0.001,1.805,1.762,0.042,0.054,1784.349964697914
0.004985,249,077_AlSiMg_200W_500mms_M0_G13_Test_StepoverAlt0250.tif,0.0,1.802,1.768,0.044,0.053,1739.5032964002348
0.00499,249,077_AlSiMg_200W_500mms_M0_G13_Test_StepoverAlt0250.tif,-0.001,1.8,1.749,0.044,0.053,1736.1568572306237
0.004995,249,077_AlSiMg_200W_500mms_M0_G13_Test_StepoverAlt0250.tif,-0.001,1.795,1.7,0.044,0.053,1834.4375661238373
0.005,250,077_AlSiMg_200W_500mms_M0_G13_Test_StepoverAlt0251.tif,-0.002,1.779,1.696,0.045,0.054,1772.5488839598256
0.005005,250,077_AlSiMg_200W_500mms_M0_G13_Test_StepoverAlt0251.tif,0.001,1.776,1.693,0.047,0.054,1772.5488839598256
0.00501,250,077_AlSiMg_200W_500mms_M0_G13_Test_StepoverAlt0251.tif,0.001,1.776,1.726,0.042,0.055,1749.5193026446498
0.005015,250,077_AlSiMg_200W_500mms_M0_G13_Test_StepoverAlt0251.tif,-0.002,1.781,1.73,0.044,0.053,1715.730158260859
0.00502,251,077_AlSiMg_200W_500mms_M0_G13_Test_StepoverAlt0252.tif,-0.002,1.784,1.731,0.042,0.052,1633.8495646087376
0.005025,251,077_AlSiMg_200W_500mms_M0_G13_Test_StepoverAlt0252.tif,0.001,1.786,1.717,0.044,0.055,1733.900009693511
0.00503,251,077_AlSiMg_200W_500mms_M0_G13_Test_StepoverAlt0252.tif,-0.002,1.798,1.717,0.043,0.054,1721.3052785692248
0.005035,251,077_AlSiMg_200W_500mms_M0_G13_Test_StepoverAlt0252.tif,-0.002,1.805,1.73,0.044,0.051,1762.2636756067695
0.00504,252,077_AlSiMg_200W_500mms_M0_G13_Test_StepoverAlt0253.tif,-0.001,1.805,1.717,0.045,0.055,1776.6323054032164
0.005045,252,077_AlSiMg_200W_500mms_M0_G13_Test_StepoverAlt0253.tif,0.0,1.802,1.72,0.044,0.052,1769.5316567231337
0.00505,252,077_AlSiMg_200W_500mms_M0_G13_Test_StepoverAlt0253.tif,0.0,1.802,1.72,0.044,0.054,1769.5316567231334
0.005055,252,077_AlSiMg_200W_500mms_M0_G13_Test_StepoverAlt0253.tif,-0.001,1.795,1.72,0.041,0.052,1751.7579385463916
0.00506,253,077_AlSiMg_200W_500mms_M0_G13_Test_StepoverAlt0254.tif,0.0,1.791,1.698,0.044,0.051,1693.819909107767
0.005065,253,077_AlSiMg_200W_500mms_M0_G13_Test_StepoverAlt0254.tif,0.0,1.776,1.658,0.044,0.055,1672.493542253437
0.00507,253,077_AlSiMg_200W_500mms_M0_G13_Test_StepoverAlt0254.tif,-0.002,1.768,1.684,0.045,0.057,1690.376754583832
0.005075,253,077_AlSiMg_200W_500mms_M0_G13_Test_StepoverAlt0254.tif,0.0,1.77,1.684,0.042,0.053,1652.2149916630704
0.00508,254,077_AlSiMg_200W_500mms_M0_G13_Test_StepoverAlt0255.tif,0.0,1.768,1.658,0.042,0.052,1682.5834409640986
0.005085,254,077_AlSiMg_200W_500mms_M0_G13_Test_StepoverAlt0255.tif,-0.002,1.775,1.717,0.044,0.053,1722.5926546803548
0.00509,254,077_AlSiMg_200W_500mms_M0_G13_Test_StepoverAlt0255.tif,0.0,1.779,1.761,0.044,0.053,1740.4415272909293
0.005095,254,077_AlSiMg_200W_500mms_M0_G13_Test_StepoverAlt0255.tif,0.0,1.786,1.763,0.044,0.053,1763.4711086061056
0.0051,255,077_AlSiMg_200W_500mms_M0_G13_Test_StepoverAlt0256.tif,-0.002,1.8,1.769,0.043,0.053,1740.4415272909293
0.005105,255,077_AlSiMg_200W_500mms_M0_G13_Test_StepoverAlt0256.tif,-0.002,1.802,1.705,0.044,0.053,1740.4415272909296
0.00511,255,077_AlSiMg_200W_500mms_M0_G13_Test_StepoverAlt0256.tif,0.0,1.805,1.7,0.042,0.052,1751.2909545508817
0.005115,255,077_AlSiMg_200W_500mms_M0_G13_Test_StepoverAlt0256.tif,-0.001,1.804,1.681,0.044,0.053,1767.270792720486
0.00512,256,077_AlSiMg_200W_500mms_M0_G13_Test_StepoverAlt0257.tif,-0.002,1.801,1.672,0.042,0.05,1785.1996084428545
0.005125,256,077_AlSiMg_200W_500mms_M0_G13_Test_StepoverAlt0257.tif,0.0,1.798,1.672,0.043,0.052,1846.3909526787925
0.00513,256,077_AlSiMg_200W_500mms_M0_G13_Test_StepoverAlt0257.tif,-0.002,1.788,1.653,0.044,0.052,1887.936389190621
0.005135,256,077_AlSiMg_200W_500mms_M0_G13_Test_StepoverAlt0257.tif,0.0,1.777,1.664,0.044,0.051,1877.086961930669
0.00514,257,077_AlSiMg_200W_500mms_M0_G13_Test_StepoverAlt0258.tif,-0.002,1.775,1.646,0.045,0.052,1864.5846180048197
0.005145,257,077_AlSiMg_200W_500mms_M0_G13_Test_StepoverAlt0258.tif,-0.002,1.775,1.671,0.044,0.053,1809.3296159235401
0.00515,257,077_AlSiMg_200W_500mms_M0_G13_Test_StepoverAlt0258.tif,-0.001,1.773,1.656,0.044,0.054,1771.167853002778
0.005155,257,077_AlSiMg_200W_500mms_M0_G13_Test_StepoverAlt0258.tif,-0.002,1.779,1.657,0.042,0.053,1722.548042265519
0.00516,258,077_AlSiMg_200W_500mms_M0_G13_Test_StepoverAlt0259.tif,0.001,1.786,1.642,0.044,0.053,1740.4768579878873
0.005165,258,077_AlSiMg_200W_500mms_M0_G13_Test_StepoverAlt0259.tif,0.002,1.798,1.642,0.042,0.051,1719.1504911335578
0.00517,258,077_AlSiMg_200W_500mms_M0_G13_Test_StepoverAlt0259.tif,0.0,1.808,1.643,0.044,0.052,1820.9653991083026
0.005175,258,077_AlSiMg_200W_500mms_M0_G13_Test_StepoverAlt0259.tif,0.0,1.808,1.64,0.042,0.053,1777.620078875576
0.00518,259,077_AlSiMg_200W_500mms_M0_G13_Test_StepoverAlt0260.tif,-0.001,1.809,1.637,0.045,0.051,1788.1151481837685
0.005185,259,077_AlSiMg_200W_500mms_M0_G13_Test_StepoverAlt0260.tif,0.0,1.808,1.639,0.044,0.056,1791.5315073682355
0.00519,259,077_AlSiMg_200W_500mms_M0_G13_Test_StepoverAlt0260.tif,-0.001,1.805,1.686,0.045,0.054,1835.6248279795204
0.005195,259,077_AlSiMg_200W_500mms_M0_G13_Test_StepoverAlt0260.tif,-0.001,1.794,1.692,0.045,0.053,1755.1362868591052
0.0052,260,077_AlSiMg_200W_500mms_M0_G13_Test_StepoverAlt0261.tif,0.001,1.783,1.7,0.046,0.055,1798.481607091832
0.005205,260,077_AlSiMg_200W_500mms_M0_G13_Test_StepoverAlt0261.tif,0.001,1.773,1.692,0.044,0.054,1779.0610925044882
0.00521,260,077_AlSiMg_200W_500mms_M0_G13_Test_StepoverAlt0261.tif,0.0,1.772,1.709,0.044,0.053,1727.347468296624
0.005215,260,077_AlSiMg_200W_500mms_M0_G13_Test_StepoverAlt0261.tif,-0.002,1.775,1.699,0.044,0.054,1745.263447225095
0.00522,261,077_AlSiMg_200W_500mms_M0_G13_Test_StepoverAlt0262.tif,0.0,1.776,1.692,0.044,0.055,1761.2632667296766
0.005225,261,077_AlSiMg_200W_500mms_M0_G13_Test_StepoverAlt0262.tif,0.0,1.78,1.709,0.046,0.054,1752.0034842827474
0.00523,261,077_AlSiMg_200W_500mms_M0_G13_Test_StepoverAlt0262.tif,0.001,1.791,1.779,0.044,0.053,1752.0034842827474
0.005235,261,077_AlSiMg_200W_500mms_M0_G13_Test_StepoverAlt0262.tif,-0.001,1.797,1.74,0.046,0.056,1745.0457472248647
0.00524,262,077_AlSiMg_200W_500mms_M0_G13_Test_StepoverAlt0263.tif,0.0,1.804,1.765,0.044,0.054,1758.5243969647822
0.005245,262,077_AlSiMg_200W_500mms_M0_G13_Test_StepoverAlt0263.tif,0.001,1.8,1.686,0.042,0.053,1724.7122519992936
0.00525,262,077_AlSiMg_200W_500mms_M0_G13_Test_StepoverAlt0263.tif,0.001,1.798,1.681,0.044,0.051,1751.9008501685908
0.005255,262,077_AlSiMg_200W_500mms_M0_G13_Test_StepoverAlt0263.tif,-0.002,1.797,1.681,0.043,0.054,1815.9691183598054
0.00526,263,077_AlSiMg_200W_500mms_M0_G13_Test_StepoverAlt0264.tif,0.001,1.793,1.758,0.044,0.052,1822.9268554176883
0.005265,263,077_AlSiMg_200W_500mms_M0_G13_Test_StepoverAlt0264.tif,0.001,1.783,1.761,0.047,0.054,1765.2877787485897
0.00527,263,077_AlSiMg_200W_500mms_M0_G13_Test_StepoverAlt0264.tif,0.001,1.776,1.759,0.044,0.055,1799.0999237140786
0.005275,263,077_AlSiMg_200W_500mms_M0_G13_Test_StepoverAlt0264.tif,0.002,1.773,1.716,0.043,0.053,1765.171288487128
0.00528,264,077_AlSiMg_200W_500mms_M0_G13_Test_StepoverAlt0265.tif,-0.002,1.772,1.726,0.044,0.053,1755.2646027212572
0.005285,264,077_AlSiMg_200W_500mms_M0_G13_Test_StepoverAlt0265.tif,0.0,1.777,1.726,0.044,0.054,1748.3068656633745
0.00529,264,077_AlSiMg_200W_500mms_M0_G13_Test_StepoverAlt0265.tif,-0.002,1.783,1.726,0.044,0.051,1771.2048744944736
0.005295,264,077_AlSiMg_200W_500mms_M0_G13_Test_StepoverAlt0265.tif,0.0,1.791,1.726,0.042,0.053,1771.2048744944736
0.0053,265,077_AlSiMg_200W_500mms_M0_G13_Test_StepoverAlt0266.tif,0.0,1.805,1.738,0.045,0.054,1787.2046939990548
0.005305,265,077_AlSiMg_200W_500mms_M0_G13_Test_StepoverAlt0266.tif,-0.002,1.807,1.741,0.044,0.053,1790.5883675901218
0.00531,265,077_AlSiMg_200W_500mms_M0_G13_Test_StepoverAlt0266.tif,0.001,1.807,1.703,0.044,0.053,1849.2597288558688
0.005315,265,077_AlSiMg_200W_500mms_M0_G13_Test_StepoverAlt0266.tif,0.0,1.807,1.699,0.045,0.052,1783.950351609095
0.00532,266,077_AlSiMg_200W_500mms_M0_G13_Test_StepoverAlt0267.tif,-0.002,1.801,1.779,0.045,0.053,1822.112114529857
0.005325,266,077_AlSiMg_200W_500mms_M0_G13_Test_StepoverAlt0267.tif,0.0,1.802,1.731,0.042,0.055,1760.2234323658454
0.00533,266,077_AlSiMg_200W_500mms_M0_G13_Test_StepoverAlt0267.tif,-0.001,1.794,1.763,0.044,0.051,1715.1805202752846
0.005335,266,077_AlSiMg_200W_500mms_M0_G13_Test_StepoverAlt0267.tif,0.0,1.781,1.72,0.042,0.055,1656.5091590095374
0.00534,267,077_AlSiMg_200W_500mms_M0_G13_Test_StepoverAlt0268.tif,0.0,1.777,1.684,0.043,0.052,1688.0293918725206
0.005345,267,077_AlSiMg_200W_500mms_M0_G13_Test_StepoverAlt0268.tif,0.001,1.779,1.686,0.042,0.053,1649.8676289517584
0.00535,267,077_AlSiMg_200W_500mms_M0_G13_Test_StepoverAlt0268.tif,0.001,1.784,1.699,0.044,0.055,1674.430124756859
0.005355,267,077_AlSiMg_200W_500mms_M0_G13_Test_StepoverAlt0268.tif,0.0,1.783,1.698,0.044,0.053,1677.927600335591
0.00536,268,077_AlSiMg_200W_500mms_M0_G13_Test_StepoverAlt0269.tif,-0.001,1.787,1.71,0.042,0.053,1695.7764729461658
0.005365,268,077_AlSiMg_200W_500mms_M0_G13_Test_StepoverAlt0269.tif,-0.002,1.8,1.737,0.044,0.053,1664.2562400831825
0.00537,268,077_AlSiMg_200W_500mms_M0_G13_Test_StepoverAlt0269.tif,0.001,1.808,1.699,0.043,0.053,1682.1850558055514
0.005375,268,077_AlSiMg_200W_500mms_M0_G13_Test_StepoverAlt0269.tif,0.001,1.805,1.699,0.042,0.055,1740.8564170712984
0.00538,269,077_AlSiMg_200W_500mms_M0_G13_Test_StepoverAlt0270.tif,0.001,1.804,1.664,0.044,0.052,1740.8564170712984
0.005385,269,077_AlSiMg_200W_500mms_M0_G13_Test_StepoverAlt0270.tif,-0.001,1.798,1.664,0.045,0.053,1798.495493740397
0.00539,269,077_AlSiMg_200W_500mms_M0_G13_Test_StepoverAlt0270.tif,0.001,1.794,1.667,0.044,0.053,1878.3129916267767
0.005395,269,077_AlSiMg_200W_500mms_M0_G13_Test_StepoverAlt0270.tif,-0.001,1.787,1.657,0.044,0.051,1860.3841759044085
0.0054,270,077_AlSiMg_200W_500mms_M0_G13_Test_StepoverAlt0271.tif,-0.002,1.777,1.72,0.044,0.052,1839.0390009975727
0.005405,270,077_AlSiMg_200W_500mms_M0_G13_Test_StepoverAlt0271.tif,-0.002,1.77,1.73,0.044,0.053,1839.0390009975727
0.00541,270,077_AlSiMg_200W_500mms_M0_G13_Test_StepoverAlt0271.tif,0.0,1.772,1.714,0.044,0.053,1797.3797624980784
0.005415,270,077_AlSiMg_200W_500mms_M0_G13_Test_StepoverAlt0271.tif,0.0,1.775,1.734,0.044,0.053,1756.4213654605337
0.00542,271,077_AlSiMg_200W_500mms_M0_G13_Test_StepoverAlt0272.tif,-0.001,1.775,1.847,0.043,0.052,1733.3917841453579
0.005425,271,077_AlSiMg_200W_500mms_M0_G13_Test_StepoverAlt0272.tif,-0.001,1.783,1.787,0.042,0.052,1726.3174099199273
0.00543,271,077_AlSiMg_200W_500mms_M0_G13_Test_StepoverAlt0272.tif,-0.001,1.794,1.744,0.042,0.052,1703.2878286047512
0.005435,271,077_AlSiMg_200W_500mms_M0_G13_Test_StepoverAlt0272.tif,0.0,1.807,1.71,0.042,0.051,1744.9470671042454
0.00544,272,077_AlSiMg_200W_500mms_M0_G13_Test_StepoverAlt0273.tif,0.0,1.808,1.71,0.042,0.052,1767.9766484194217
0.005445,272,077_AlSiMg_200W_500mms_M0_G13_Test_StepoverAlt0273.tif,-0.001,1.802,1.741,0.044,0.051,1794.4269248173598
0.00545,272,077_AlSiMg_200W_500mms_M0_G13_Test_StepoverAlt0273.tif,0.0,1.805,1.735,0.044,0.053,1846.3479673404695
0.005455,272,077_AlSiMg_200W_500mms_M0_G13_Test_StepoverAlt0273.tif,-0.001,1.8,1.713,0.045,0.054,1814.2524223237858
0.00546,273,077_AlSiMg_200W_500mms_M0_G13_Test_StepoverAlt0274.tif,0.0,1.795,1.741,0.046,0.053,1794.0194751253925
0.005465,273,077_AlSiMg_200W_500mms_M0_G13_Test_StepoverAlt0274.tif,0.0,1.784,1.719,0.044,0.057,1774.5421613770554
0.00547,273,077_AlSiMg_200W_500mms_M0_G13_Test_StepoverAlt0274.tif,0.0,1.779,1.74,0.044,0.052,1792.466641201129
0.005475,273,077_AlSiMg_200W_500mms_M0_G13_Test_StepoverAlt0274.tif,-0.002,1.772,1.77,0.043,0.053,1710.2937865445388
0.00548,274,077_AlSiMg_200W_500mms_M0_G13_Test_StepoverAlt0275.tif,-0.001,1.775,1.797,0.045,0.053,1776.2683401363506
0.005485,274,077_AlSiMg_200W_500mms_M0_G13_Test_StepoverAlt0275.tif,0.0,1.777,1.77,0.042,0.053,1751.2651501885516
0.00549,274,077_AlSiMg_200W_500mms_M0_G13_Test_StepoverAlt0275.tif,0.0,1.781,1.723,0.042,0.05,1770.7424639368885
0.005495,274,077_AlSiMg_200W_500mms_M0_G13_Test_StepoverAlt0275.tif,0.001,1.791,1.692,0.042,0.051,1729.919975281716
0.0055,275,077_AlSiMg_200W_500mms_M0_G13_Test_StepoverAlt0276.tif,0.0,1.805,1.775,0.044,0.053,1717.0339014340466
0.005505,275,077_AlSiMg_200W_500mms_M0_G13_Test_StepoverAlt0276.tif,0.001,1.812,1.73,0.043,0.053,1675.816024873066
0.00551,275,077_AlSiMg_200W_500mms_M0_G13_Test_StepoverAlt0276.tif,0.0,1.815,1.77,0.042,0.054,1629.1433874135214
0.005515,275,077_AlSiMg_200W_500mms_M0_G13_Test_StepoverAlt0276.tif,0.0,1.809,1.731,0.044,0.055,1567.2547052495097
0.00552,276,077_AlSiMg_200W_500mms_M0_G13_Test_StepoverAlt0277.tif,0.001,1.808,1.738,0.041,0.053,1601.1632373936304
0.005525,276,077_AlSiMg_200W_500mms_M0_G13_Test_StepoverAlt0277.tif,0.0,1.801,1.733,0.042,0.055,1614.0493112412998
0.00553,276,077_AlSiMg_200W_500mms_M0_G13_Test_StepoverAlt0277.tif,0.0,1.788,1.728,0.043,0.051,1682.57952346309
0.005535,276,077_AlSiMg_200W_500mms_M0_G13_Test_StepoverAlt0277.tif,-0.001,1.776,1.719,0.042,0.053,1716.849221399728
0.00554,277,077_AlSiMg_200W_500mms_M0_G13_Test_StepoverAlt0278.tif,-0.002,1.772,1.693,0.044,0.051,1823.584571861419
0.005545,277,077_AlSiMg_200W_500mms_M0_G13_Test_StepoverAlt0278.tif,-0.002,1.77,1.686,0.043,0.053,1771.827167106724
0.00555,277,077_AlSiMg_200W_500mms_M0_G13_Test_StepoverAlt0278.tif,-0.001,1.773,1.7,0.046,0.053,1830.498528372471
0.005555,277,077_AlSiMg_200W_500mms_M0_G13_Test_StepoverAlt0278.tif,-0.002,1.773,1.661,0.042,0.053,1755.0105790927978
0.00556,278,077_AlSiMg_200W_500mms_M0_G13_Test_StepoverAlt0279.tif,0.0,1.781,1.684,0.045,0.053,1767.413518615704
0.005565,278,077_AlSiMg_200W_500mms_M0_G13_Test_StepoverAlt0279.tif,0.0,1.793,1.661,0.042,0.053,1736.998068713809
0.00557,278,077_AlSiMg_200W_500mms_M0_G13_Test_StepoverAlt0279.tif,-0.002,1.798,1.64,0.042,0.051,1819.1709233703994
0.005575,278,077_AlSiMg_200W_500mms_M0_G13_Test_StepoverAlt0279.tif,0.0,1.798,1.677,0.043,0.051,1760.4995621046523
0.00558,279,077_AlSiMg_200W_500mms_M0_G13_Test_StepoverAlt0280.tif,0.001,1.8,1.664,0.046,0.053,1774.7961671483874
0.005585,279,077_AlSiMg_200W_500mms_M0_G13_Test_StepoverAlt0280.tif,-0.001,1.795,1.66,0.042,0.053,1796.3017597696016
0.00559,279,077_AlSiMg_200W_500mms_M0_G13_Test_StepoverAlt0280.tif,-0.001,1.794,1.663,0.042,0.052,1778.3730657950855
0.005595,279,077_AlSiMg_200W_500mms_M0_G13_Test_StepoverAlt0280.tif,0.0,1.788,1.661,0.043,0.051,1703.1579481963777
0.0056,280,077_AlSiMg_200W_500mms_M0_G13_Test_StepoverAlt0281.tif,-0.001,1.776,1.689,0.043,0.052,1710.1156852542608
0.005605,280,077_AlSiMg_200W_500mms_M0_G13_Test_StepoverAlt0281.tif,-0.002,1.773,1.67,0.044,0.055,1710.1156852542608
0.00561,280,077_AlSiMg_200W_500mms_M0_G13_Test_StepoverAlt0281.tif,-0.002,1.775,1.695,0.044,0.055,1669.0253698817858
0.005615,280,077_AlSiMg_200W_500mms_M0_G13_Test_StepoverAlt0281.tif,0.0,1.776,1.728,0.042,0.052,1665.4484712350877
0.00562,281,077_AlSiMg_200W_500mms_M0_G13_Test_StepoverAlt0282.tif,0.0,1.781,1.761,0.041,0.051,1638.4648847913875
0.005625,281,077_AlSiMg_200W_500mms_M0_G13_Test_StepoverAlt0282.tif,0.001,1.787,1.755,0.042,0.051,1642.1742371157245
0.00563,281,077_AlSiMg_200W_500mms_M0_G13_Test_StepoverAlt0282.tif,0.0,1.801,1.726,0.04,0.052,1679.6350368266844
0.005635,281,077_AlSiMg_200W_500mms_M0_G13_Test_StepoverAlt0282.tif,0.0,1.808,1.742,0.041,0.051,1683.2645524881996
0.00564,282,077_AlSiMg_200W_500mms_M0_G13_Test_StepoverAlt0283.tif,0.0,1.811,1.719,0.043,0.051,1683.2645524881998
0.005645,282,077_AlSiMg_200W_500mms_M0_G13_Test_StepoverAlt0283.tif,-0.002,1.808,1.706,0.042,0.052,1733.5422140074977
0.00565,282,077_AlSiMg_200W_500mms_M0_G13_Test_StepoverAlt0283.tif,0.0,1.807,1.707,0.042,0.051,1706.4542992992144
0.005655,282,077_AlSiMg_200W_500mms_M0_G13_Test_StepoverAlt0283.tif,0.0,1.802,1.712,0.042,0.051,1756.5118025192642
0.00566,283,077_AlSiMg_200W_500mms_M0_G13_Test_StepoverAlt0284.tif,-0.002,1.794,1.672,0.041,0.053,1760.0640700861034
0.005665,283,077_AlSiMg_200W_500mms_M0_G13_Test_StepoverAlt0284.tif,0.0,1.781,1.651,0.045,0.051,1705.249762147522
0.00567,283,077_AlSiMg_200W_500mms_M0_G13_Test_StepoverAlt0284.tif,-0.002,1.773,1.667,0.043,0.053,1685.6650393962614
0.005675,283,077_AlSiMg_200W_500mms_M0_G13_Test_StepoverAlt0284.tif,0.0,1.775,1.686,0.042,0.055,1757.340866803605
0.00568,284,077_AlSiMg_200W_500mms_M0_G13_Test_StepoverAlt0285.tif,0.001,1.776,1.677,0.041,0.051,1669.822563872595
0.005685,284,077_AlSiMg_200W_500mms_M0_G13_Test_StepoverAlt0285.tif,0.001,1.781,1.688,0.044,0.052,1689.299877620932
0.00569,284,077_AlSiMg_200W_500mms_M0_G13_Test_StepoverAlt0285.tif,0.0,1.786,1.661,0.042,0.052,1751.1885597849432
0.005695,284,077_AlSiMg_200W_500mms_M0_G13_Test_StepoverAlt0285.tif,-0.001,1.793,1.651,0.044,0.053,1758.370343013298
0.0057,285,077_AlSiMg_200W_500mms_M0_G13_Test_StepoverAlt0286.tif,-0.001,1.805,1.668,0.044,0.053,1872.6628500069723
0.005705,285,077_AlSiMg_200W_500mms_M0_G13_Test_StepoverAlt0286.tif,0.001,1.811,1.681,0.043,0.053,1960.1811529379818
0.00571,285,077_AlSiMg_200W_500mms_M0_G13_Test_StepoverAlt0286.tif,-0.002,1.804,1.685,0.049,0.053,1953.1067787125514
0.005715,285,077_AlSiMg_200W_500mms_M0_G13_Test_StepoverAlt0286.tif,-0.002,1.802,1.698,0.045,0.051,1967.5379971083353
0.00572,286,077_AlSiMg_200W_500mms_M0_G13_Test_StepoverAlt0287.tif,0.001,1.797,1.709,0.042,0.051,1949.6891244977608
0.005725,286,077_AlSiMg_200W_500mms_M0_G13_Test_StepoverAlt0287.tif,0.0,1.793,1.71,0.043,0.051,1810.3934275562874
0.00573,286,077_AlSiMg_200W_500mms_M0_G13_Test_StepoverAlt0287.tif,0.001,1.783,1.719,0.042,0.053,1687.4289601448095
0.005735,286,077_AlSiMg_200W_500mms_M0_G13_Test_StepoverAlt0287.tif,0.0,1.772,1.671,0.042,0.051,1657.1771480113282
0.00574,287,077_AlSiMg_200W_500mms_M0_G13_Test_StepoverAlt0288.tif,-0.002,1.768,1.661,0.043,0.056,1619.7163483003683
0.005745,287,077_AlSiMg_200W_500mms_M0_G13_Test_StepoverAlt0288.tif,-0.001,1.766,1.685,0.042,0.053,1718.2206911430844
0.00575,287,077_AlSiMg_200W_500mms_M0_G13_Test_StepoverAlt0288.tif,-0.001,1.772,1.692,0.042,0.052,1684.3822717229436
0.005755,287,077_AlSiMg_200W_500mms_M0_G13_Test_StepoverAlt0288.tif,-0.001,1.773,1.692,0.044,0.05,1760.7868332409569
0.00576,288,077_AlSiMg_200W_500mms_M0_G13_Test_StepoverAlt0289.tif,0.001,1.787,1.682,0.041,0.052,1740.7609838551393
0.005765,288,077_AlSiMg_200W_500mms_M0_G13_Test_StepoverAlt0289.tif,0.001,1.795,1.665,0.044,0.052,1781.7193808926845
0.00577,288,077_AlSiMg_200W_500mms_M0_G13_Test_StepoverAlt0289.tif,0.0,1.808,1.684,0.04,0.052,1731.3906516688317
0.005775,288,077_AlSiMg_200W_500mms_M0_G13_Test_StepoverAlt0289.tif,0.001,1.801,1.657,0.044,0.052,1772.3034453144032
0.00578,289,077_AlSiMg_200W_500mms_M0_G13_Test_StepoverAlt0290.tif,-0.002,1.804,1.665,0.042,0.05,1692.4859474280227
0.005785,289,077_AlSiMg_200W_500mms_M0_G13_Test_StepoverAlt0290.tif,0.0,1.801,1.651,0.044,0.053,1794.6846514704307
0.00579,289,077_AlSiMg_200W_500mms_M0_G13_Test_StepoverAlt0290.tif,-0.002,1.8,1.681,0.042,0.055,1739.4296493891507
0.005795,289,077_AlSiMg_200W_500mms_M0_G13_Test_StepoverAlt0290.tif,-0.002,1.79,1.692,0.046,0.053,1705.5506408140222
0.0058,290,077_AlSiMg_200W_500mms_M0_G13_Test_StepoverAlt0291.tif,-0.001,1.781,1.681,0.042,0.053,1723.4794565363911
0.005805,290,077_AlSiMg_200W_500mms_M0_G13_Test_StepoverAlt0291.tif,0.001,1.773,1.681,0.042,0.052,1762.3385573852265
0.00581,290,077_AlSiMg_200W_500mms_M0_G13_Test_StepoverAlt0291.tif,0.001,1.772,1.674,0.044,0.052,1694.462307772371
0.005815,290,077_AlSiMg_200W_500mms_M0_G13_Test_StepoverAlt0291.tif,0.001,1.775,1.671,0.042,0.052,1796.277215747116
0.00582,291,077_AlSiMg_200W_500mms_M0_G13_Test_StepoverAlt0292.tif,-0.002,1.775,1.663,0.042,0.052,1822.7274921450546
0.005825,291,077_AlSiMg_200W_500mms_M0_G13_Test_StepoverAlt0292.tif,0.0,1.787,1.685,0.045,0.051,1788.798856918104
0.00583,291,077_AlSiMg_200W_500mms_M0_G13_Test_StepoverAlt0292.tif,0.0,1.798,1.671,0.045,0.054,1795.828618728699
0.005835,291,077_AlSiMg_200W_500mms_M0_G13_Test_StepoverAlt0292.tif,-0.002,1.805,1.693,0.044,0.054,1857.019962964637
0.00584,292,077_AlSiMg_200W_500mms_M0_G13_Test_StepoverAlt0293.tif,-0.001,1.808,1.706,0.044,0.054,1773.0539276004663
0.005845,292,077_AlSiMg_200W_500mms_M0_G13_Test_StepoverAlt0293.tif,-0.001,1.809,1.674,0.044,0.051,1820.8468566652004
0.00585,292,077_AlSiMg_200W_500mms_M0_G13_Test_StepoverAlt0293.tif,-0.002,1.807,1.692,0.043,0.053,1824.2519450454959
0.005855,292,077_AlSiMg_200W_500mms_M0_G13_Test_StepoverAlt0293.tif,0.001,1.805,1.682,0.048,0.055,1833.1773903246471
0.00586,293,077_AlSiMg_200W_500mms_M0_G13_Test_StepoverAlt0294.tif,0.0,1.804,1.689,0.045,0.055,1787.9412531784546
0.005865,293,077_AlSiMg_200W_500mms_M0_G13_Test_StepoverAlt0294.tif,-0.001,1.787,1.658,0.042,0.051,1762.8442816855709
0.00587,293,077_AlSiMg_200W_500mms_M0_G13_Test_StepoverAlt0294.tif,-0.001,1.779,1.702,0.042,0.051,1692.1533437897383
0.005875,293,077_AlSiMg_200W_500mms_M0_G13_Test_StepoverAlt0294.tif,0.0,1.775,1.716,0.04,0.051,1704.7480749140245
0.00588,294,077_AlSiMg_200W_500mms_M0_G13_Test_StepoverAlt0295.tif,-0.001,1.775,1.677,0.043,0.053,1782.677680858551
0.005885,294,077_AlSiMg_200W_500mms_M0_G13_Test_StepoverAlt0295.tif,0.0,1.78,1.66,0.044,0.053,1759.3836057829526
0.00589,294,077_AlSiMg_200W_500mms_M0_G13_Test_StepoverAlt0295.tif,0.001,1.777,1.663,0.047,0.053,1848.8045593218521
0.005895,294,077_AlSiMg_200W_500mms_M0_G13_Test_StepoverAlt0295.tif,0.0,1.79,1.649,0.044,0.055,1848.8045593218521
0.0059,295,077_AlSiMg_200W_500mms_M0_G13_Test_StepoverAlt0296.tif,0.001,1.798,1.664,0.046,0.053,1786.915877157841
0.005905,295,077_AlSiMg_200W_500mms_M0_G13_Test_StepoverAlt0296.tif,-0.001,1.801,1.681,0.043,0.053,1716.0606454387446
0.00591,295,077_AlSiMg_200W_500mms_M0_G13_Test_StepoverAlt0296.tif,0.003,1.802,1.678,0.042,0.055,1726.9517809914364
0.005915,295,077_AlSiMg_200W_500mms_M0_G13_Test_StepoverAlt0296.tif,-0.001,1.794,1.667,0.044,0.053,1644.778926334846
0.00592,296,077_AlSiMg_200W_500mms_M0_G13_Test_StepoverAlt0297.tif,0.0,1.794,1.706,0.043,0.053,1633.8877907821543
0.005925,296,077_AlSiMg_200W_500mms_M0_G13_Test_StepoverAlt0297.tif,0.001,1.793,1.72,0.042,0.053,1672.092799712078
0.00593,296,077_AlSiMg_200W_500mms_M0_G13_Test_StepoverAlt0297.tif,0.001,1.779,1.667,0.044,0.055,1672.092799712078
0.005935,296,077_AlSiMg_200W_500mms_M0_G13_Test_StepoverAlt0297.tif,-0.001,1.772,1.654,0.046,0.057,1641.3578532538336
0.00594,297,077_AlSiMg_200W_500mms_M0_G13_Test_StepoverAlt0298.tif,0.001,1.768,1.755,0.044,0.053,1671.6096653873149
0.005945,297,077_AlSiMg_200W_500mms_M0_G13_Test_StepoverAlt0298.tif,-0.002,1.77,1.692,0.042,0.054,1701.9781146883429
0.00595,297,077_AlSiMg_200W_500mms_M0_G13_Test_StepoverAlt0298.tif,0.0,1.772,1.709,0.042,0.051,1790.1505095382647
0.005955,297,077_AlSiMg_200W_500mms_M0_G13_Test_StepoverAlt0298.tif,0.0,1.776,1.719,0.044,0.053,1759.7820602372362
0.00596,298,077_AlSiMg_200W_500mms_M0_G13_Test_StepoverAlt0299.tif,-0.002,1.786,1.685,0.045,0.051,1809.9943204438168
0.005965,298,077_AlSiMg_200W_500mms_M0_G13_Test_StepoverAlt0299.tif,0.001,1.801,1.684,0.044,0.055,1801.068875164666
0.00597,298,077_AlSiMg_200W_500mms_M0_G13_Test_StepoverAlt0299.tif,0.0,1.807,1.681,0.044,0.053,1801.068875164666
0.005975,298,077_AlSiMg_200W_500mms_M0_G13_Test_StepoverAlt0299.tif,0.001,1.808,1.667,0.044,0.054,1717.1028398004958
0.00598,299,077_AlSiMg_200W_500mms_M0_G13_Test_StepoverAlt0300.tif,0.0,1.805,1.706,0.044,0.053,1731.4714695969426
0.005985,299,077_AlSiMg_200W_500mms_M0_G13_Test_StepoverAlt0300.tif,-0.001,1.798,1.692,0.043,0.053,1701.1030202959141
0.00599,299,077_AlSiMg_200W_500mms_M0_G13_Test_StepoverAlt0300.tif,-0.002,1.8,1.663,0.044,0.054,1701.1030202959141
0.005995,299,077_AlSiMg_200W_500mms_M0_G13_Test_StepoverAlt0300.tif,-0.002,1.793,1.649,0.044,0.055,1701.1030202959141
0.006,300,077_AlSiMg_200W_500mms_M0_G13_Test_StepoverAlt0301.tif,-0.002,1.779,1.658,0.044,0.054,1713.5059598188204
0.006005,300,077_AlSiMg_200W_500mms_M0_G13_Test_StepoverAlt0301.tif,-0.002,1.772,1.667,0.044,0.053,1699.1373300223736
0.00601,300,077_AlSiMg_200W_500mms_M0_G13_Test_StepoverAlt0301.tif,0.0,1.772,1.665,0.042,0.051,1826.3826705520078
0.006015,300,077_AlSiMg_200W_500mms_M0_G13_Test_StepoverAlt0301.tif,0.0,1.776,1.63,0.044,0.055,1842.3824900565892
0.00602,301,077_AlSiMg_200W_500mms_M0_G13_Test_StepoverAlt0302.tif,-0.002,1.781,1.64,0.047,0.052,1842.3824900565892
0.006025,301,077_AlSiMg_200W_500mms_M0_G13_Test_StepoverAlt0302.tif,0.0,1.79,1.64,0.044,0.053,1842.3824900565892
0.00603,301,077_AlSiMg_200W_500mms_M0_G13_Test_StepoverAlt0302.tif,0.0,1.802,1.664,0.044,0.053,1860.1562082333317
0.006035,301,077_AlSiMg_200W_500mms_M0_G13_Test_StepoverAlt0302.tif,0.001,1.809,1.698,0.042,0.051,1763.2793170047255
0.00604,302,077_AlSiMg_200W_500mms_M0_G13_Test_StepoverAlt0303.tif,0.0,1.812,1.699,0.045,0.055,1763.2793170047257
0.006045,302,077_AlSiMg_200W_500mms_M0_G13_Test_StepoverAlt0303.tif,0.001,1.809,1.675,0.044,0.053,1725.9531306458146
0.00605,302,077_AlSiMg_200W_500mms_M0_G13_Test_StepoverAlt0303.tif,0.0,1.805,1.671,0.044,0.053,1702.6590555702162
0.006055,302,077_AlSiMg_200W_500mms_M0_G13_Test_StepoverAlt0303.tif,0.001,1.798,1.681,0.042,0.053,1715.2537866945027
0.00606,303,077_AlSiMg_200W_500mms_M0_G13_Test_StepoverAlt0304.tif,-0.002,1.79,1.646,0.044,0.055,1715.2537866945027
0.006065,303,077_AlSiMg_200W_500mms_M0_G13_Test_StepoverAlt0304.tif,0.0,1.776,1.63,0.044,0.053,1699.2539671899208
0.00607,303,077_AlSiMg_200W_500mms_M0_G13_Test_StepoverAlt0304.tif,-0.001,1.763,1.675,0.044,0.053,1699.2539671899212
0.006075,303,077_AlSiMg_200W_500mms_M0_G13_Test_StepoverAlt0304.tif,-0.002,1.763,1.661,0.044,0.054,1750.967591397785
0.00608,304,077_AlSiMg_200W_500mms_M0_G13_Test_StepoverAlt0305.tif,0.001,1.766,1.653,0.042,0.053,1713.641405038874
0.006085,304,077_AlSiMg_200W_500mms_M0_G13_Test_StepoverAlt0305.tif,-0.001,1.768,1.664,0.045,0.053,1734.9865799457098
0.00609,304,077_AlSiMg_200W_500mms_M0_G13_Test_StepoverAlt0305.tif,0.0,1.776,1.689,0.042,0.053,1778.9317169632327
0.006095,304,077_AlSiMg_200W_500mms_M0_G13_Test_StepoverAlt0305.tif,-0.001,1.787,1.665,0.045,0.053,2259.6682188512555
0.0061,305,077_AlSiMg_200W_500mms_M0_G13_Test_StepoverAlt0306.tif,-0.002,1.798,1.696,0.047,0.055,2211.6639469677284
0.006105,305,077_AlSiMg_200W_500mms_M0_G13_Test_StepoverAlt0306.tif,0.0,1.804,1.783,0.061,0.051,2241.915759101209
0.00611,305,077_AlSiMg_200W_500mms_M0_G13_Test_StepoverAlt0306.tif,-0.001,1.802,1.682,0.041,0.051,2217.073108615641
0.006115,305,077_AlSiMg_200W_500mms_M0_G13_Test_StepoverAlt0306.tif,0.0,1.802,1.661,0.042,0.051,2182.0534168772692
0.00612,306,077_AlSiMg_200W_500mms_M0_G13_Test_StepoverAlt0307.tif,0.001,1.801,1.637,0.043,0.052,1701.3169149892467
0.006125,306,077_AlSiMg_200W_500mms_M0_G13_Test_StepoverAlt0307.tif,-0.002,1.797,1.632,0.042,0.051,1690.6498256070267
0.00613,306,077_AlSiMg_200W_500mms_M0_G13_Test_StepoverAlt0307.tif,-0.002,1.783,1.612,0.042,0.053,1739.2696363442853
0.006135,306,077_AlSiMg_200W_500mms_M0_G13_Test_StepoverAlt0307.tif,0.001,1.776,1.623,0.042,0.053,1712.3986626219896
0.00614,307,077_AlSiMg_200W_500mms_M0_G13_Test_StepoverAlt0308.tif,-0.001,1.775,1.614,0.045,0.052,1757.6347997681817
0.006145,307,077_AlSiMg_200W_500mms_M0_G13_Test_StepoverAlt0308.tif,0.001,1.773,1.63,0.044,0.055,1778.9611666225114
0.00615,307,077_AlSiMg_200W_500mms_M0_G13_Test_StepoverAlt0308.tif,0.0,1.779,1.612,0.044,0.051,1800.2875334768414
0.006155,307,077_AlSiMg_200W_500mms_M0_G13_Test_StepoverAlt0308.tif,0.0,1.78,1.601,0.044,0.054,1758.7420969650127
0.00616,308,077_AlSiMg_200W_500mms_M0_G13_Test_StepoverAlt0309.tif,-0.001,1.786,1.602,0.044,0.054,1776.515815141755
0.006165,308,077_AlSiMg_200W_500mms_M0_G13_Test_StepoverAlt0309.tif,-0.002,1.802,1.594,0.044,0.053,1683.228925889133
0.00617,308,077_AlSiMg_200W_500mms_M0_G13_Test_StepoverAlt0309.tif,-0.001,1.808,1.615,0.045,0.055,1727.174062906656
0.006175,308,077_AlSiMg_200W_500mms_M0_G13_Test_StepoverAlt0309.tif,0.001,1.808,1.632,0.044,0.057,1712.805433110209
0.00618,309,077_AlSiMg_200W_500mms_M0_G13_Test_StepoverAlt0310.tif,0.0,1.805,1.632,0.047,0.055,1700.2107019859227
0.006185,309,077_AlSiMg_200W_500mms_M0_G13_Test_StepoverAlt0310.tif,-0.001,1.805,1.646,0.044,0.055,1669.4601128774823
0.00619,309,077_AlSiMg_200W_500mms_M0_G13_Test_StepoverAlt0310.tif,-0.002,1.805,1.642,0.045,0.055,1742.5140549317107
0.006195,309,077_AlSiMg_200W_500mms_M0_G13_Test_StepoverAlt0310.tif,0.0,1.795,1.675,0.044,0.056,1735.9139123256052
0.0062,310,077_AlSiMg_200W_500mms_M0_G13_Test_StepoverAlt0311.tif,0.0,1.783,1.632,0.044,0.052,1719.5366654157922
0.006205,310,077_AlSiMg_200W_500mms_M0_G13_Test_StepoverAlt0311.tif,0.0,1.78,1.629,0.045,0.053,1722.871614093149
0.00621,310,077_AlSiMg_200W_500mms_M0_G13_Test_StepoverAlt0311.tif,0.0,1.775,1.664,0.043,0.055,1750.2171148212947
0.006215,310,077_AlSiMg_200W_500mms_M0_G13_Test_StepoverAlt0311.tif,0.001,1.775,1.629,0.046,0.056,1750.2171148212947
0.00622,311,077_AlSiMg_200W_500mms_M0_G13_Test_StepoverAlt0312.tif,0.0,1.777,1.628,0.044,0.054,1728.8719399144588
0.006225,311,077_AlSiMg_200W_500mms_M0_G13_Test_StepoverAlt0312.tif,0.0,1.783,1.716,0.044,0.052,1775.6176361253001
0.00623,311,077_AlSiMg_200W_500mms_M0_G13_Test_StepoverAlt0312.tif,-0.001,1.793,1.658,0.044,0.053,1812.8227360851706
0.006235,311,077_AlSiMg_200W_500mms_M0_G13_Test_StepoverAlt0312.tif,-0.001,1.8,1.633,0.044,0.053,1805.792974274576
0.00624,312,077_AlSiMg_200W_500mms_M0_G13_Test_StepoverAlt0313.tif,0.0,1.802,1.619,0.047,0.055,1750.5379721932961
0.006245,312,077_AlSiMg_200W_500mms_M0_G13_Test_StepoverAlt0313.tif,-0.001,1.798,1.667,0.042,0.052,1703.7922759824546
0.00625,312,077_AlSiMg_200W_500mms_M0_G13_Test_StepoverAlt0313.tif,0.0,1.795,1.644,0.042,0.053,1669.980131016966
0.006255,312,077_AlSiMg_200W_500mms_M0_G13_Test_StepoverAlt0313.tif,-0.002,1.793,1.633,0.043,0.055,1611.6663642029964
0.00626,313,077_AlSiMg_200W_500mms_M0_G13_Test_StepoverAlt0314.tif,-0.001,1.791,1.629,0.043,0.054,1594.6867318019165
0.006265,313,077_AlSiMg_200W_500mms_M0_G13_Test_StepoverAlt0314.tif,0.0,1.776,1.644,0.044,0.055,1632.0129181608277
0.00627,313,077_AlSiMg_200W_500mms_M0_G13_Test_StepoverAlt0314.tif,-0.002,1.768,1.651,0.045,0.057,1682.1793094544314
0.006275,313,077_AlSiMg_200W_500mms_M0_G13_Test_StepoverAlt0314.tif,-0.001,1.77,1.653,0.044,0.053,1737.3366293267559
0.00628,314,077_AlSiMg_200W_500mms_M0_G13_Test_StepoverAlt0315.tif,0.0,1.773,1.65,0.045,0.054,1774.4722128801575
0.006285,314,077_AlSiMg_200W_500mms_M0_G13_Test_StepoverAlt0315.tif,0.0,1.777,1.663,0.045,0.053,1814.4814265964137
0.00629,314,077_AlSiMg_200W_500mms_M0_G13_Test_StepoverAlt0315.tif,0.0,1.78,1.639,0.046,0.055,1814.4814265964137
0.006295,314,077_AlSiMg_200W_500mms_M0_G13_Test_StepoverAlt0315.tif,0.0,1.794,1.661,0.044,0.053,1773.73454515474
0.0063,315,077_AlSiMg_200W_500mms_M0_G13_Test_StepoverAlt0316.tif,0.0,1.804,1.681,0.044,0.053,1752.3893702479043
0.006305,315,077_AlSiMg_200W_500mms_M0_G13_Test_StepoverAlt0316.tif,-0.002,1.809,1.672,0.042,0.053,1715.2537866945027
0.00631,315,077_AlSiMg_200W_500mms_M0_G13_Test_StepoverAlt0316.tif,0.0,1.811,1.692,0.044,0.053,1699.2539671899208
0.006315,315,077_AlSiMg_200W_500mms_M0_G13_Test_StepoverAlt0316.tif,-0.002,1.811,1.66,0.044,0.055,1727.1992847028625
0.00632,316,077_AlSiMg_200W_500mms_M0_G13_Test_StepoverAlt0317.tif,-0.001,1.809,1.66,0.044,0.054,1802.6872339825356
0.006325,316,077_AlSiMg_200W_500mms_M0_G13_Test_StepoverAlt0317.tif,0.001,1.805,1.65,0.047,0.055,1817.118452378319
0.00633,316,077_AlSiMg_200W_500mms_M0_G13_Test_StepoverAlt0317.tif,-0.001,1.79,1.699,0.044,0.051,1810.1607153204363
0.006335,316,077_AlSiMg_200W_500mms_M0_G13_Test_StepoverAlt0317.tif,-0.002,1.779,1.654,0.043,0.051,1844.0893505473862
0.00634,317,077_AlSiMg_200W_500mms_M0_G13_Test_StepoverAlt0318.tif,0.0,1.78,1.636,0.042,0.053,1816.1440330344449
0.006345,317,077_AlSiMg_200W_500mms_M0_G13_Test_StepoverAlt0318.tif,-0.002,1.776,1.63,0.044,0.052,1719.5065243180386
0.00635,317,077_AlSiMg_200W_500mms_M0_G13_Test_StepoverAlt0318.tif,-0.001,1.781,1.616,0.044,0.053,1671.263160956766
0.006355,317,077_AlSiMg_200W_500mms_M0_G13_Test_StepoverAlt0318.tif,-0.001,1.781,1.619,0.043,0.056,1678.220898014649
0.00636,318,077_AlSiMg_200W_500mms_M0_G13_Test_StepoverAlt0319.tif,-0.002,1.79,1.636,0.043,0.054,1660.2920822922802
0.006365,318,077_AlSiMg_200W_500mms_M0_G13_Test_StepoverAlt0319.tif,0.0,1.8,1.644,0.044,0.055,1598.4034001282691
0.00637,318,077_AlSiMg_200W_500mms_M0_G13_Test_StepoverAlt0319.tif,0.0,1.808,1.649,0.044,0.053,1619.5529595650023
0.006375,318,077_AlSiMg_200W_500mms_M0_G13_Test_StepoverAlt0319.tif,0.0,1.808,1.639,0.042,0.055,1599.618092845516
0.00638,319,077_AlSiMg_200W_500mms_M0_G13_Test_StepoverAlt0320.tif,0.001,1.8,1.665,0.042,0.053,1626.489066567812
0.006385,319,077_AlSiMg_200W_500mms_M0_G13_Test_StepoverAlt0320.tif,0.001,1.8,1.747,0.041,0.053,1589.1628802089006
0.00639,319,077_AlSiMg_200W_500mms_M0_G13_Test_StepoverAlt0320.tif,0.001,1.797,1.719,0.043,0.052,1589.1628802089006
0.006395,319,077_AlSiMg_200W_500mms_M0_G13_Test_StepoverAlt0320.tif,0.0,1.787,1.672,0.042,0.053,1564.6003844038005
0.0064,320,077_AlSiMg_200W_500mms_M0_G13_Test_StepoverAlt0321.tif,0.0,1.773,1.647,0.042,0.055,1575.0020758560488
0.006405,320,077_AlSiMg_200W_500mms_M0_G13_Test_StepoverAlt0321.tif,-0.002,1.768,1.635,0.042,0.055,1578.499551434781
0.00641,320,077_AlSiMg_200W_500mms_M0_G13_Test_StepoverAlt0321.tif,0.0,1.766,1.642,0.044,0.056,1615.8257377936923
0.006415,320,077_AlSiMg_200W_500mms_M0_G13_Test_StepoverAlt0321.tif,-0.002,1.77,1.629,0.044,0.053,1670.6400457322736
0.00642,321,077_AlSiMg_200W_500mms_M0_G13_Test_StepoverAlt0322.tif,-0.002,1.775,1.646,0.044,0.053,1746.9599462920692
0.006425,321,077_AlSiMg_200W_500mms_M0_G13_Test_StepoverAlt0322.tif,0.0,1.781,1.661,0.042,0.051,1774.305447020214
0.00643,321,077_AlSiMg_200W_500mms_M0_G13_Test_StepoverAlt0322.tif,0.001,1.797,1.685,0.043,0.051,1774.3054470202144
0.006435,321,077_AlSiMg_200W_500mms_M0_G13_Test_StepoverAlt0322.tif,0.001,1.804,1.646,0.044,0.054,1736.9792606613028
0.00644,322,077_AlSiMg_200W_500mms_M0_G13_Test_StepoverAlt0323.tif,-0.002,1.807,1.667,0.044,0.053,1713.6851855857046
0.006445,322,077_AlSiMg_200W_500mms_M0_G13_Test_StepoverAlt0323.tif,-0.001,1.808,1.668,0.042,0.053,1668.8855178888928
0.00645,322,077_AlSiMg_200W_500mms_M0_G13_Test_StepoverAlt0323.tif,-0.001,1.805,1.713,0.044,0.055,1712.8306549064157
0.006455,322,077_AlSiMg_200W_500mms_M0_G13_Test_StepoverAlt0323.tif,-0.001,1.804,1.699,0.044,0.055,1675.504468547504
0.00646,323,077_AlSiMg_200W_500mms_M0_G13_Test_StepoverAlt0324.tif,0.001,1.8,1.671,0.047,0.055,1705.7562806809851
0.006465,323,077_AlSiMg_200W_500mms_M0_G13_Test_StepoverAlt0324.tif,0.001,1.786,1.658,0.042,0.053,1774.2864929027753
0.00647,323,077_AlSiMg_200W_500mms_M0_G13_Test_StepoverAlt0324.tif,0.001,1.777,1.692,0.042,0.051,1797.5805679783734
0.006475,323,077_AlSiMg_200W_500mms_M0_G13_Test_StepoverAlt0324.tif,-0.002,1.776,1.654,0.044,0.051,1732.309064106521
0.00648,324,077_AlSiMg_200W_500mms_M0_G13_Test_StepoverAlt0325.tif,-0.001,1.777,1.682,0.042,0.051,1762.5608762400018
0.006485,324,077_AlSiMg_200W_500mms_M0_G13_Test_StepoverAlt0325.tif,0.001,1.78,1.64,0.042,0.053,1732.309064106521
0.00649,324,077_AlSiMg_200W_500mms_M0_G13_Test_StepoverAlt0325.tif,-0.002,1.779,1.623,0.042,0.051,1694.147301185759
0.006495,324,077_AlSiMg_200W_500mms_M0_G13_Test_StepoverAlt0325.tif,0.0,1.794,1.605,0.042,0.053,1739.383438331951
0.0065,325,077_AlSiMg_200W_500mms_M0_G13_Test_StepoverAlt0326.tif,-0.001,1.801,1.614,0.044,0.053,1739.383438331951
0.006505,325,077_AlSiMg_200W_500mms_M0_G13_Test_StepoverAlt0326.tif,-0.002,1.802,1.604,0.044,0.051,1684.5691303933697
0.00651,325,077_AlSiMg_200W_500mms_M0_G13_Test_StepoverAlt0326.tif,-0.002,1.801,1.58,0.042,0.053,1702.4180030039442
0.006515,325,077_AlSiMg_200W_500mms_M0_G13_Test_StepoverAlt0326.tif,0.0,1.801,1.605,0.042,0.055,1702.4180030039447
0.00652,326,077_AlSiMg_200W_500mms_M0_G13_Test_StepoverAlt0327.tif,-0.001,1.795,1.614,0.043,0.053,1626.9300537242711
0.006525,326,077_AlSiMg_200W_500mms_M0_G13_Test_StepoverAlt0327.tif,0.0,1.793,1.637,0.044,0.053,1664.2562400831825
0.00653,326,077_AlSiMg_200W_500mms_M0_G13_Test_StepoverAlt0327.tif,0.0,1.779,1.615,0.042,0.053,1744.0737379695627
0.006535,326,077_AlSiMg_200W_500mms_M0_G13_Test_StepoverAlt0327.tif,0.0,1.773,1.628,0.044,0.053,1770.3181859702727
0.00654,327,077_AlSiMg_200W_500mms_M0_G13_Test_StepoverAlt0328.tif,0.001,1.769,1.649,0.044,0.052,1815.1648542679518
0.006545,327,077_AlSiMg_200W_500mms_M0_G13_Test_StepoverAlt0328.tif,0.001,1.766,1.636,0.046,0.055,1828.8073673927752
0.00655,327,077_AlSiMg_200W_500mms_M0_G13_Test_StepoverAlt0328.tif,0.001,1.773,1.677,0.046,0.053,1798.4389180917467
0.006555,327,077_AlSiMg_200W_500mms_M0_G13_Test_StepoverAlt0328.tif,-0.001,1.775,1.64,0.046,0.057,1790.5518331773674
0.00656,328,077_AlSiMg_200W_500mms_M0_G13_Test_StepoverAlt0329.tif,-0.002,1.784,1.705,0.044,0.055,1787.2053940077562
0.006565,328,077_AlSiMg_200W_500mms_M0_G13_Test_StepoverAlt0329.tif,0.0,1.8,1.667,0.047,0.056,1763.703900616913
0.00657,328,077_AlSiMg_200W_500mms_M0_G13_Test_StepoverAlt0329.tif,0.0,1.804,1.665,0.045,0.054,1778.1277914040716
0.006575,328,077_AlSiMg_200W_500mms_M0_G13_Test_StepoverAlt0329.tif,0.001,1.804,1.682,0.045,0.053,1836.4415582180416
0.00658,329,077_AlSiMg_200W_500mms_M0_G13_Test_StepoverAlt0330.tif,0.001,1.801,1.657,0.046,0.056,1796.031378109024
0.006585,329,077_AlSiMg_200W_500mms_M0_G13_Test_StepoverAlt0330.tif,-0.002,1.797,1.639,0.047,0.055,1796.031378109024
0.00659,329,077_AlSiMg_200W_500mms_M0_G13_Test_StepoverAlt0330.tif,0.0,1.795,1.658,0.044,0.055,1819.5328714998675
0.006595,329,077_AlSiMg_200W_500mms_M0_G13_Test_StepoverAlt0330.tif,0.001,1.788,1.654,0.045,0.054,1798.4242046457682
0.0066,330,077_AlSiMg_200W_500mms_M0_G13_Test_StepoverAlt0331.tif,0.0,1.776,1.668,0.046,0.053,1718.6438003431363
0.006605,330,077_AlSiMg_200W_500mms_M0_G13_Test_StepoverAlt0331.tif,-0.002,1.77,1.67,0.044,0.055,1749.0122496441643
0.00661,330,077_AlSiMg_200W_500mms_M0_G13_Test_StepoverAlt0331.tif,0.0,1.772,1.651,0.045,0.058,1738.5171803359717
0.006615,330,077_AlSiMg_200W_500mms_M0_G13_Test_StepoverAlt0331.tif,0.001,1.775,1.698,0.044,0.053,1656.3443256793812
0.00662,331,077_AlSiMg_200W_500mms_M0_G13_Test_StepoverAlt0332.tif,0.0,1.779,1.712,0.042,0.051,1686.7127749804094
0.006625,331,077_AlSiMg_200W_500mms_M0_G13_Test_StepoverAlt0332.tif,-0.002,1.78,1.702,0.042,0.053,1722.548042265519
0.00663,331,077_AlSiMg_200W_500mms_M0_G13_Test_StepoverAlt0332.tif,0.001,1.797,1.712,0.044,0.053,1722.5480422655194
0.006635,331,077_AlSiMg_200W_500mms_M0_G13_Test_StepoverAlt0332.tif,0.0,1.808,1.672,0.044,0.054,1767.7841794117114
0.00664,332,077_AlSiMg_200W_500mms_M0_G13_Test_StepoverAlt0333.tif,-0.002,1.812,1.661,0.044,0.053,1805.1103657706226
0.006645,332,077_AlSiMg_200W_500mms_M0_G13_Test_StepoverAlt0333.tif,-0.002,1.808,1.663,0.044,0.051,1805.1103657706226
0.00665,332,077_AlSiMg_200W_500mms_M0_G13_Test_StepoverAlt0333.tif,0.001,1.802,1.67,0.044,0.053,1821.1101852752042
0.006655,332,077_AlSiMg_200W_500mms_M0_G13_Test_StepoverAlt0333.tif,-0.002,1.801,1.656,0.044,0.053,1798.080603960028
0.00666,333,077_AlSiMg_200W_500mms_M0_G13_Test_StepoverAlt0334.tif,0.0,1.791,1.633,0.044,0.053,1743.9190215346848
0.006665,333,077_AlSiMg_200W_500mms_M0_G13_Test_StepoverAlt0334.tif,0.001,1.779,1.616,0.042,0.052,1782.0807844554467
0.00667,333,077_AlSiMg_200W_500mms_M0_G13_Test_StepoverAlt0334.tif,-0.003,1.773,1.607,0.044,0.054,1782.0807844554467
0.006675,333,077_AlSiMg_200W_500mms_M0_G13_Test_StepoverAlt0334.tif,0.0,1.773,1.64,0.044,0.051,1766.0809649508647
0.00668,334,077_AlSiMg_200W_500mms_M0_G13_Test_StepoverAlt0335.tif,-0.002,1.772,1.656,0.044,0.053,1827.2723091868029
0.006685,334,077_AlSiMg_200W_500mms_M0_G13_Test_StepoverAlt0335.tif,-0.002,1.775,1.661,0.044,0.054,1805.945942332473
0.00669,334,077_AlSiMg_200W_500mms_M0_G13_Test_StepoverAlt0335.tif,-0.001,1.776,1.674,0.044,0.051,1751.7843599071298
0.006695,334,077_AlSiMg_200W_500mms_M0_G13_Test_StepoverAlt0335.tif,0.0,1.793,1.684,0.042,0.053,1739.1896287828436
0.0067,335,077_AlSiMg_200W_500mms_M0_G13_Test_StepoverAlt0336.tif,-0.002,1.802,1.651,0.044,0.054,1717.8632619285138
0.006705,335,077_AlSiMg_200W_500mms_M0_G13_Test_StepoverAlt0336.tif,-0.001,1.801,1.664,0.045,0.055,1656.6719176925756
0.00671,335,077_AlSiMg_200W_500mms_M0_G13_Test_StepoverAlt0336.tif,-0.002,1.8,1.656,0.042,0.053,1693.9981040514872
0.006715,335,077_AlSiMg_200W_500mms_M0_G13_Test_StepoverAlt0336.tif,0.0,1.8,1.647,0.042,0.052,1659.7856633494878
0.00672,336,077_AlSiMg_200W_500mms_M0_G13_Test_StepoverAlt0337.tif,0.0,1.798,1.653,0.044,0.053,1665.3060202483437
0.006725,336,077_AlSiMg_200W_500mms_M0_G13_Test_StepoverAlt0337.tif,-0.001,1.791,1.681,0.042,0.054,1668.8200616417664
0.00673,336,077_AlSiMg_200W_500mms_M0_G13_Test_StepoverAlt0337.tif,0.0,1.781,1.703,0.042,0.051,1709.778458679311
0.006735,336,077_AlSiMg_200W_500mms_M0_G13_Test_StepoverAlt0337.tif,0.0,1.772,1.671,0.043,0.054,1727.7072744016798
0.00674,337,077_AlSiMg_200W_500mms_M0_G13_Test_StepoverAlt0338.tif,0.0,1.772,1.665,0.044,0.052,1777.9195346082604
0.006745,337,077_AlSiMg_200W_500mms_M0_G13_Test_StepoverAlt0338.tif,0.0,1.775,1.636,0.044,0.052,1772.3991777094045
0.00675,337,077_AlSiMg_200W_500mms_M0_G13_Test_StepoverAlt0338.tif,0.0,1.779,1.63,0.044,0.053,1790.2115031703117
0.006755,337,077_AlSiMg_200W_500mms_M0_G13_Test_StepoverAlt0338.tif,0.001,1.781,1.656,0.045,0.055,1756.2828679433617
0.00676,338,077_AlSiMg_200W_500mms_M0_G13_Test_StepoverAlt0339.tif,0.001,1.788,1.661,0.044,0.054,1725.7593210967068
0.006765,338,077_AlSiMg_200W_500mms_M0_G13_Test_StepoverAlt0339.tif,-0.001,1.802,1.654,0.044,0.054,1770.6059893943861
0.00677,338,077_AlSiMg_200W_500mms_M0_G13_Test_StepoverAlt0339.tif,0.001,1.804,1.649,0.045,0.055,1756.2077485535551
0.006775,338,077_AlSiMg_200W_500mms_M0_G13_Test_StepoverAlt0339.tif,0.0,1.808,1.646,0.046,0.053,1741.8391187571083
0.00678,339,077_AlSiMg_200W_500mms_M0_G13_Test_StepoverAlt0340.tif,0.0,1.807,1.644,0.045,0.056,1831.7565791293716
0.006785,339,077_AlSiMg_200W_500mms_M0_G13_Test_StepoverAlt0340.tif,0.001,1.801,1.675,0.044,0.055,1851.1184445060312
0.00679,339,077_AlSiMg_200W_500mms_M0_G13_Test_StepoverAlt0340.tif,0.001,1.797,1.66,0.048,0.054,1834.2170937212934
0.006795,339,077_AlSiMg_200W_500mms_M0_G13_Test_StepoverAlt0340.tif,-0.002,1.786,1.67,0.046,0.055,1909.278514373043
0.0068,340,077_AlSiMg_200W_500mms_M0_G13_Test_StepoverAlt0341.tif,-0.002,1.77,1.654,0.047,0.055,1957.5757793964397
0.006805,340,077_AlSiMg_200W_500mms_M0_G13_Test_StepoverAlt0341.tif,0.001,1.77,1.65,0.047,0.054,1864.1808247804213
0.00681,340,077_AlSiMg_200W_500mms_M0_G13_Test_StepoverAlt0341.tif,-0.001,1.766,1.706,0.044,0.052,1827.04524122702
0.006815,340,077_AlSiMg_200W_500mms_M0_G13_Test_StepoverAlt0341.tif,0.0,1.775,1.692,0.043,0.053,1752.354227503237
0.00682,341,077_AlSiMg_200W_500mms_M0_G13_Test_StepoverAlt0342.tif,-0.002,1.773,1.775,0.044,0.055,1638.4179685658987
0.006825,341,077_AlSiMg_200W_500mms_M0_G13_Test_StepoverAlt0342.tif,-0.001,1.781,1.712,0.043,0.055,1580.479939127274
0.00683,341,077_AlSiMg_200W_500mms_M0_G13_Test_StepoverAlt0342.tif,0.001,1.794,1.748,0.044,0.058,1553.2115566647694
0.006835,341,077_AlSiMg_200W_500mms_M0_G13_Test_StepoverAlt0342.tif,-0.002,1.804,1.703,0.045,0.057,1604.9251808726335
0.00684,342,077_AlSiMg_200W_500mms_M0_G13_Test_StepoverAlt0343.tif,-0.001,1.805,1.672,0.043,0.055,1635.6710575788934
0.006845,342,077_AlSiMg_200W_500mms_M0_G13_Test_StepoverAlt0343.tif,0.0,1.802,1.65,0.045,0.053,1722.884042736435
0.00685,342,077_AlSiMg_200W_500mms_M0_G13_Test_StepoverAlt0343.tif,0.001,1.801,1.639,0.044,0.054,1732.5248071516623
0.006855,342,077_AlSiMg_200W_500mms_M0_G13_Test_StepoverAlt0343.tif,0.001,1.797,1.637,0.045,0.053,1807.2158208754452
0.00686,343,077_AlSiMg_200W_500mms_M0_G13_Test_StepoverAlt0344.tif,-0.002,1.793,1.653,0.044,0.055,1837.084270116106
0.006865,343,077_AlSiMg_200W_500mms_M0_G13_Test_StepoverAlt0344.tif,-0.002,1.781,1.658,0.047,0.055,1840.489358496401
0.00687,343,077_AlSiMg_200W_500mms_M0_G13_Test_StepoverAlt0344.tif,0.001,1.772,1.665,0.048,0.055,1809.884401142636
0.006875,343,077_AlSiMg_200W_500mms_M0_G13_Test_StepoverAlt0344.tif,-0.002,1.772,1.675,0.045,0.055,1796.9075302109377
0.00688,344,077_AlSiMg_200W_500mms_M0_G13_Test_StepoverAlt0345.tif,-0.002,1.776,1.663,0.046,0.056,1796.9075302109377
0.006885,344,077_AlSiMg_200W_500mms_M0_G13_Test_StepoverAlt0345.tif,0.0,1.779,1.677,0.044,0.056,1729.69408655886
0.00689,344,077_AlSiMg_200W_500mms_M0_G13_Test_StepoverAlt0345.tif,-0.002,1.781,1.661,0.047,0.055,1698.9434974504195
0.006895,344,077_AlSiMg_200W_500mms_M0_G13_Test_StepoverAlt0345.tif,0.0,1.793,1.663,0.044,0.054,1729.5484548041845
0.0069,345,077_AlSiMg_200W_500mms_M0_G13_Test_StepoverAlt0346.tif,0.0,1.807,1.653,0.044,0.056,1742.5253257358825
0.006905,345,077_AlSiMg_200W_500mms_M0_G13_Test_StepoverAlt0346.tif,-0.001,1.805,1.65,0.045,0.053,1714.5800082229412
0.00691,345,077_AlSiMg_200W_500mms_M0_G13_Test_StepoverAlt0346.tif,0.0,1.807,1.672,0.044,0.055,1734.000522810285
0.006915,345,077_AlSiMg_200W_500mms_M0_G13_Test_StepoverAlt0346.tif,-0.002,1.804,1.681,0.044,0.053,1711.4780327923065
0.00692,346,077_AlSiMg_200W_500mms_M0_G13_Test_StepoverAlt0347.tif,0.0,1.798,1.682,0.045,0.054,1674.1330383808895
0.006925,346,077_AlSiMg_200W_500mms_M0_G13_Test_StepoverAlt0347.tif,0.0,1.797,1.699,0.044,0.058,1707.9221827646797
0.00693,346,077_AlSiMg_200W_500mms_M0_G13_Test_StepoverAlt0347.tif,-0.002,1.784,1.692,0.044,0.054,1677.5537334636513
0.006935,346,077_AlSiMg_200W_500mms_M0_G13_Test_StepoverAlt0347.tif,-0.002,1.776,1.71,0.045,0.054,1661.538307256603
0.00694,347,077_AlSiMg_200W_500mms_M0_G13_Test_StepoverAlt0348.tif,0.0,1.77,1.726,0.044,0.055,1748.7512924141442
0.006945,347,077_AlSiMg_200W_500mms_M0_G13_Test_StepoverAlt0348.tif,0.001,1.772,1.709,0.045,0.055,1721.4057916859988
0.00695,347,077_AlSiMg_200W_500mms_M0_G13_Test_StepoverAlt0348.tif,-0.001,1.776,1.681,0.045,0.053,1680.6589102443254
0.006955,347,077_AlSiMg_200W_500mms_M0_G13_Test_StepoverAlt0348.tif,0.001,1.78,1.756,0.044,0.056,1680.6589102443254
0.00696,348,077_AlSiMg_200W_500mms_M0_G13_Test_StepoverAlt0349.tif,0.001,1.788,1.723,0.042,0.053,1693.2536413686116
0.006965,348,077_AlSiMg_200W_500mms_M0_G13_Test_StepoverAlt0349.tif,-0.002,1.8,1.672,0.044,0.055,1652.431152713439
0.00697,348,077_AlSiMg_200W_500mms_M0_G13_Test_StepoverAlt0349.tif,-0.001,1.804,1.653,0.044,0.053,1695.7764729461658
0.006975,348,077_AlSiMg_200W_500mms_M0_G13_Test_StepoverAlt0349.tif,-0.001,1.804,1.646,0.043,0.053,1713.6253455567403
0.00698,349,077_AlSiMg_200W_500mms_M0_G13_Test_StepoverAlt0350.tif,0.0,1.804,1.643,0.044,0.053,1761.9226105801376
0.006985,349,077_AlSiMg_200W_500mms_M0_G13_Test_StepoverAlt0350.tif,0.0,1.8,1.625,0.043,0.053,1761.9226105801376
0.00699,349,077_AlSiMg_200W_500mms_M0_G13_Test_StepoverAlt0350.tif,-0.002,1.797,1.623,0.044,0.052,1774.325550103044
0.006995,349,077_AlSiMg_200W_500mms_M0_G13_Test_StepoverAlt0350.tif,0.001,1.788,1.658,0.044,0.053,1774.325550103044
0.007,350,077_AlSiMg_200W_500mms_M0_G13_Test_StepoverAlt0351.tif,0.001,1.779,1.672,0.042,0.051,1793.8028638513806
0.007005,350,077_AlSiMg_200W_500mms_M0_G13_Test_StepoverAlt0351.tif,0.0,1.773,1.682,0.044,0.053,1797.2192230358476
0.00701,350,077_AlSiMg_200W_500mms_M0_G13_Test_StepoverAlt0351.tif,0.0,1.775,1.657,0.044,0.053,1742.0940967039878
0.007015,350,077_AlSiMg_200W_500mms_M0_G13_Test_StepoverAlt0351.tif,0.0,1.777,1.681,0.045,0.053,1736.5737398051322
0.00702,351,077_AlSiMg_200W_500mms_M0_G13_Test_StepoverAlt0352.tif,0.0,1.776,1.695,0.044,0.057,1736.5737398051322
0.007025,351,077_AlSiMg_200W_500mms_M0_G13_Test_StepoverAlt0352.tif,0.0,1.784,1.699,0.045,0.055,1743.3408740575055
0.00703,351,077_AlSiMg_200W_500mms_M0_G13_Test_StepoverAlt0352.tif,0.0,1.8,1.698,0.044,0.053,1721.9956991506692
0.007035,351,077_AlSiMg_200W_500mms_M0_G13_Test_StepoverAlt0352.tif,0.001,1.807,1.685,0.046,0.055,1770.046451257099
0.00704,352,077_AlSiMg_200W_500mms_M0_G13_Test_StepoverAlt0353.tif,0.001,1.807,1.684,0.044,0.053,1735.8954861705436
0.007045,352,077_AlSiMg_200W_500mms_M0_G13_Test_StepoverAlt0353.tif,-0.002,1.808,1.667,0.042,0.051,2049.2213569298865
0.00705,352,077_AlSiMg_200W_500mms_M0_G13_Test_StepoverAlt0353.tif,0.0,1.804,1.685,0.043,0.055,2093.6678468250097
0.007055,352,077_AlSiMg_200W_500mms_M0_G13_Test_StepoverAlt0353.tif,0.0,1.802,1.674,0.053,0.053,2135.2132833368387
0.00706,353,077_AlSiMg_200W_500mms_M0_G13_Test_StepoverAlt0354.tif,-0.002,1.794,1.686,0.048,0.055,2111.91920826124
0.007065,353,077_AlSiMg_200W_500mms_M0_G13_Test_StepoverAlt0354.tif,0.0,1.781,1.72,0.045,0.052,2121.3387181131707
0.00707,353,077_AlSiMg_200W_500mms_M0_G13_Test_StepoverAlt0354.tif,-0.002,1.773,1.721,0.044,0.055,1829.3580222606633
0.007075,353,077_AlSiMg_200W_500mms_M0_G13_Test_StepoverAlt0354.tif,-0.002,1.772,1.714,0.042,0.053,1727.9321379065864
0.00708,354,077_AlSiMg_200W_500mms_M0_G13_Test_StepoverAlt0355.tif,0.001,1.775,1.705,0.045,0.053,1670.386881890176
0.007085,354,077_AlSiMg_200W_500mms_M0_G13_Test_StepoverAlt0355.tif,-0.001,1.775,1.674,0.042,0.054,1677.7257498760282
0.00709,354,077_AlSiMg_200W_500mms_M0_G13_Test_StepoverAlt0355.tif,-0.001,1.779,1.67,0.044,0.054,1684.6834869339114
0.007095,354,077_AlSiMg_200W_500mms_M0_G13_Test_StepoverAlt0355.tif,0.001,1.791,1.675,0.042,0.052,1666.7590071098377
0.0071,355,077_AlSiMg_200W_500mms_M0_G13_Test_StepoverAlt0356.tif,-0.001,1.798,1.661,0.044,0.055,1822.3914648283474
0.007105,355,077_AlSiMg_200W_500mms_M0_G13_Test_StepoverAlt0356.tif,-0.002,1.808,1.642,0.045,0.054,1832.3984813065842
0.00711,355,077_AlSiMg_200W_500mms_M0_G13_Test_StepoverAlt0356.tif,-0.002,1.804,1.644,0.05,0.055,1876.773237528596
0.007115,355,077_AlSiMg_200W_500mms_M0_G13_Test_StepoverAlt0356.tif,-0.002,1.804,1.647,0.047,0.057,1951.9883551273037
0.00712,356,077_AlSiMg_200W_500mms_M0_G13_Test_StepoverAlt0357.tif,-0.001,1.798,1.703,0.045,0.053,1986.729422965303
0.007125,356,077_AlSiMg_200W_500mms_M0_G13_Test_StepoverAlt0357.tif,0.001,1.797,1.707,0.046,0.053,1831.0969652467934
0.00713,356,077_AlSiMg_200W_500mms_M0_G13_Test_StepoverAlt0357.tif,0.001,1.781,1.709,0.044,0.051,1885.158216959771
0.007135,356,077_AlSiMg_200W_500mms_M0_G13_Test_StepoverAlt0357.tif,-0.001,1.775,1.681,0.042,0.054,1860.315566474203
0.00714,357,077_AlSiMg_200W_500mms_M0_G13_Test_StepoverAlt0358.tif,0.0,1.773,1.758,0.047,0.054,1799.469078671942
0.007145,357,077_AlSiMg_200W_500mms_M0_G13_Test_StepoverAlt0358.tif,0.0,1.776,1.818,0.043,0.052,1730.9388664501519
0.00715,357,077_AlSiMg_200W_500mms_M0_G13_Test_StepoverAlt0358.tif,0.001,1.779,1.755,0.044,0.054,1781.151126656733
0.007155,357,077_AlSiMg_200W_500mms_M0_G13_Test_StepoverAlt0358.tif,0.001,1.777,1.716,0.044,0.055,1771.2444408908618
0.00716,358,077_AlSiMg_200W_500mms_M0_G13_Test_StepoverAlt0359.tif,-0.001,1.795,1.707,0.044,0.053,1744.3734671685659
0.007165,358,077_AlSiMg_200W_500mms_M0_G13_Test_StepoverAlt0359.tif,0.0,1.808,1.684,0.044,0.051,2138.5448106110243
0.00717,358,077_AlSiMg_200W_500mms_M0_G13_Test_StepoverAlt0359.tif,-0.002,1.811,1.663,0.044,0.055,2152.9134404074707
0.007175,358,077_AlSiMg_200W_500mms_M0_G13_Test_StepoverAlt0359.tif,0.0,1.814,1.658,0.054,0.053,2180.8587579204122
0.00718,359,077_AlSiMg_200W_500mms_M0_G13_Test_StepoverAlt0360.tif,0.0,1.809,1.663,0.044,0.054,2142.6969949996505
0.007185,359,077_AlSiMg_200W_500mms_M0_G13_Test_StepoverAlt0360.tif,-0.002,1.802,1.677,0.047,0.055,2157.065624796097
0.00719,359,077_AlSiMg_200W_500mms_M0_G13_Test_StepoverAlt0360.tif,0.0,1.8,1.665,0.044,0.053,1778.8941008582206
0.007195,359,077_AlSiMg_200W_500mms_M0_G13_Test_StepoverAlt0360.tif,0.0,1.786,1.661,0.044,0.054,1778.8941008582206
0.0072,360,077_AlSiMg_200W_500mms_M0_G13_Test_StepoverAlt0361.tif,0.0,1.773,1.691,0.044,0.053,1802.1624074927756
0.007205,360,077_AlSiMg_200W_500mms_M0_G13_Test_StepoverAlt0361.tif,-0.002,1.766,1.681,0.044,0.054,1786.162587988194
0.00721,360,077_AlSiMg_200W_500mms_M0_G13_Test_StepoverAlt0361.tif,-0.001,1.768,1.663,0.048,0.055,1740.273725328764
0.007215,360,077_AlSiMg_200W_500mms_M0_G13_Test_StepoverAlt0361.tif,0.0,1.77,1.671,0.044,0.054,1716.5900520946761
0.00722,361,077_AlSiMg_200W_500mms_M0_G13_Test_StepoverAlt0362.tif,-0.001,1.772,1.644,0.042,0.055,1698.777726633769
0.007225,361,077_AlSiMg_200W_500mms_M0_G13_Test_StepoverAlt0362.tif,-0.002,1.777,1.668,0.046,0.057,1604.2187822535457
0.00723,361,077_AlSiMg_200W_500mms_M0_G13_Test_StepoverAlt0362.tif,0.001,1.791,1.692,0.043,0.054,1576.8732815254007
0.007235,361,077_AlSiMg_200W_500mms_M0_G13_Test_StepoverAlt0362.tif,0.002,1.797,1.709,0.044,0.056,1709.6171954085082
0.00724,362,077_AlSiMg_200W_500mms_M0_G13_Test_StepoverAlt0363.tif,-0.002,1.797,1.671,0.044,0.056,1702.9324193415675
0.007245,362,077_AlSiMg_200W_500mms_M0_G13_Test_StepoverAlt0363.tif,-0.002,1.8,1.696,0.047,0.053,1724.1498331827702
0.00725,362,077_AlSiMg_200W_500mms_M0_G13_Test_StepoverAlt0363.tif,-0.001,1.8,1.684,0.044,0.055,1795.4404709284383
0.007255,362,077_AlSiMg_200W_500mms_M0_G13_Test_StepoverAlt0363.tif,0.0,1.798,1.693,0.045,0.055,1838.785791161165
0.00726,363,077_AlSiMg_200W_500mms_M0_G13_Test_StepoverAlt0364.tif,-0.001,1.793,1.695,0.047,0.055,1792.613672622913
0.007265,363,077_AlSiMg_200W_500mms_M0_G13_Test_StepoverAlt0364.tif,0.001,1.781,1.689,0.044,0.053,1850.9274394368829
0.00727,363,077_AlSiMg_200W_500mms_M0_G13_Test_StepoverAlt0364.tif,-0.001,1.773,1.686,0.046,0.054,1833.1537212601404
0.007275,363,077_AlSiMg_200W_500mms_M0_G13_Test_StepoverAlt0364.tif,-0.002,1.773,1.695,0.047,0.055,1789.208584242618
0.00728,364,077_AlSiMg_200W_500mms_M0_G13_Test_StepoverAlt0365.tif,0.001,1.779,1.72,0.044,0.055,1776.6138531183315
0.007285,364,077_AlSiMg_200W_500mms_M0_G13_Test_StepoverAlt0365.tif,-0.002,1.779,1.672,0.044,0.054,1708.5854197047606
0.00729,364,077_AlSiMg_200W_500mms_M0_G13_Test_StepoverAlt0365.tif,0.001,1.783,1.7,0.045,0.055,1701.9852770986552
0.007295,364,077_AlSiMg_200W_500mms_M0_G13_Test_StepoverAlt0365.tif,0.001,1.797,1.65,0.044,0.056,1719.7589952753974
0.0073,365,077_AlSiMg_200W_500mms_M0_G13_Test_StepoverAlt0366.tif,-0.002,1.808,1.657,0.045,0.053,1832.6357060085843
0.007305,365,077_AlSiMg_200W_500mms_M0_G13_Test_StepoverAlt0366.tif,-0.002,1.811,1.651,0.045,0.055,1890.07710543055
0.00731,365,077_AlSiMg_200W_500mms_M0_G13_Test_StepoverAlt0366.tif,-0.001,1.809,1.664,0.047,0.052,1883.210165456696
0.007315,365,077_AlSiMg_200W_500mms_M0_G13_Test_StepoverAlt0366.tif,-0.002,1.807,1.642,0.046,0.053,1849.2702594255738
0.00732,366,077_AlSiMg_200W_500mms_M0_G13_Test_StepoverAlt0367.tif,0.001,1.802,1.658,0.042,0.054,1841.4263942134571
0.007325,366,077_AlSiMg_200W_500mms_M0_G13_Test_StepoverAlt0367.tif,-0.002,1.797,1.626,0.045,0.055,1744.5495029848512
0.00733,366,077_AlSiMg_200W_500mms_M0_G13_Test_StepoverAlt0367.tif,0.001,1.784,1.674,0.047,0.058,1683.7030151825907
0.007335,366,077_AlSiMg_200W_500mms_M0_G13_Test_StepoverAlt0367.tif,0.0,1.779,1.707,0.044,0.053,1697.1797407501974
0.00734,367,077_AlSiMg_200W_500mms_M0_G13_Test_StepoverAlt0368.tif,-0.002,1.773,1.665,0.044,0.054,1716.541606126857
0.007345,367,077_AlSiMg_200W_500mms_M0_G13_Test_StepoverAlt0368.tif,0.001,1.776,1.654,0.046,0.058,1734.1884895277167
0.00735,367,077_AlSiMg_200W_500mms_M0_G13_Test_StepoverAlt0368.tif,0.001,1.781,1.651,0.046,0.055,1718.1886700231348
0.007355,367,077_AlSiMg_200W_500mms_M0_G13_Test_StepoverAlt0368.tif,-0.002,1.783,1.665,0.048,0.058,1697.4529548887422
0.00736,368,077_AlSiMg_200W_500mms_M0_G13_Test_StepoverAlt0369.tif,0.002,1.795,1.64,0.044,0.054,1740.9556237800898
0.007365,368,077_AlSiMg_200W_500mms_M0_G13_Test_StepoverAlt0369.tif,-0.001,1.808,1.671,0.046,0.058,1703.820040226688
0.00737,368,077_AlSiMg_200W_500mms_M0_G13_Test_StepoverAlt0369.tif,-0.001,1.811,1.691,0.046,0.055,1676.243303861203
0.007375,368,077_AlSiMg_200W_500mms_M0_G13_Test_StepoverAlt0369.tif,-0.001,1.809,1.681,0.044,0.055,1720.188440878726
0.00738,369,077_AlSiMg_200W_500mms_M0_G13_Test_StepoverAlt0370.tif,0.001,1.807,1.665,0.044,0.055,1773.3085053343143
0.007385,369,077_AlSiMg_200W_500mms_M0_G13_Test_StepoverAlt0370.tif,-0.002,1.802,1.665,0.047,0.055,1747.0640573336045
0.00739,369,077_AlSiMg_200W_500mms_M0_G13_Test_StepoverAlt0370.tif,0.001,1.795,1.685,0.049,0.058,1757.9551928862961
0.007395,369,077_AlSiMg_200W_500mms_M0_G13_Test_StepoverAlt0370.tif,0.0,1.786,1.689,0.043,0.053,1750.9974558284132
0.0074,370,077_AlSiMg_200W_500mms_M0_G13_Test_StepoverAlt0371.tif,0.0,1.773,1.768,0.043,0.053,2166.4624538445833
0.007405,370,077_AlSiMg_200W_500mms_M0_G13_Test_StepoverAlt0371.tif,-0.002,1.766,1.703,0.042,0.053,2168.006739750338
0.00741,370,077_AlSiMg_200W_500mms_M0_G13_Test_StepoverAlt0371.tif,-0.002,1.766,1.713,0.058,0.054,2187.4840534986743
0.007415,370,077_AlSiMg_200W_500mms_M0_G13_Test_StepoverAlt0371.tif,0.0,1.766,1.696,0.044,0.052,2194.3666361227247
0.00742,371,077_AlSiMg_200W_500mms_M0_G13_Test_StepoverAlt0372.tif,-0.002,1.773,1.716,0.044,0.053,2208.0091492475485
0.007425,371,077_AlSiMg_200W_500mms_M0_G13_Test_StepoverAlt0372.tif,-0.001,1.781,1.692,0.045,0.055,1806.1442702302652
0.00743,371,077_AlSiMg_200W_500mms_M0_G13_Test_StepoverAlt0372.tif,0.001,1.793,1.67,0.046,0.057,1768.7381407595599
0.007435,371,077_AlSiMg_200W_500mms_M0_G13_Test_StepoverAlt0372.tif,0.0,1.804,1.664,0.045,0.052,1779.587568019512
0.00744,372,077_AlSiMg_200W_500mms_M0_G13_Test_StepoverAlt0373.tif,0.0,1.807,1.677,0.043,0.053,1830.3440620645604
0.007445,372,077_AlSiMg_200W_500mms_M0_G13_Test_StepoverAlt0373.tif,0.0,1.809,1.644,0.042,0.05,1846.9533610732178
0.00745,372,077_AlSiMg_200W_500mms_M0_G13_Test_StepoverAlt0373.tif,0.001,1.802,1.654,0.044,0.051,1826.753099468225
0.007455,372,077_AlSiMg_200W_500mms_M0_G13_Test_StepoverAlt0373.tif,0.0,1.805,1.623,0.042,0.051,1826.753099468225
0.00746,373,077_AlSiMg_200W_500mms_M0_G13_Test_StepoverAlt0374.tif,0.0,1.8,1.611,0.045,0.053,1769.1579759974313
0.007465,373,077_AlSiMg_200W_500mms_M0_G13_Test_StepoverAlt0374.tif,-0.002,1.787,1.621,0.043,0.053,1730.9962130766696
0.00747,373,077_AlSiMg_200W_500mms_M0_G13_Test_StepoverAlt0374.tif,-0.002,1.776,1.63,0.043,0.055,1738.0705873020997
0.007475,373,077_AlSiMg_200W_500mms_M0_G13_Test_StepoverAlt0374.tif,0.001,1.775,1.654,0.044,0.053,1686.3569630942354
0.00748,374,077_AlSiMg_200W_500mms_M0_G13_Test_StepoverAlt0375.tif,-0.001,1.775,1.654,0.044,0.053,1705.8342768425725
0.007485,374,077_AlSiMg_200W_500mms_M0_G13_Test_StepoverAlt0375.tif,0.001,1.773,1.651,0.044,0.055,1722.2115237523856
0.00749,374,077_AlSiMg_200W_500mms_M0_G13_Test_StepoverAlt0375.tif,-0.002,1.773,1.646,0.044,0.053,1699.1819424372093
0.007495,374,077_AlSiMg_200W_500mms_M0_G13_Test_StepoverAlt0375.tif,-0.002,1.788,1.664,0.044,0.055,1713.6131608329931
0.0075,375,077_AlSiMg_200W_500mms_M0_G13_Test_StepoverAlt0376.tif,0.001,1.8,1.646,0.042,0.052,1706.6554237751104
0.007505,375,077_AlSiMg_200W_500mms_M0_G13_Test_StepoverAlt0376.tif,-0.002,1.801,1.653,0.043,0.051,1706.6554237751102
0.00751,375,077_AlSiMg_200W_500mms_M0_G13_Test_StepoverAlt0376.tif,-0.001,1.8,1.633,0.042,0.053,1758.3690479829743
0.007515,375,077_AlSiMg_200W_500mms_M0_G13_Test_StepoverAlt0376.tif,0.0,1.801,1.658,0.044,0.053,1765.398809793569
0.00752,376,077_AlSiMg_200W_500mms_M0_G13_Test_StepoverAlt0377.tif,0.001,1.794,1.643,0.045,0.053,1738.372860273499
0.007525,376,077_AlSiMg_200W_500mms_M0_G13_Test_StepoverAlt0377.tif,0.0,1.795,1.674,0.044,0.054,1790.1302650281941
0.00753,376,077_AlSiMg_200W_500mms_M0_G13_Test_StepoverAlt0377.tif,0.0,1.786,1.65,0.045,0.055,1818.0755825411354
0.007535,376,077_AlSiMg_200W_500mms_M0_G13_Test_StepoverAlt0377.tif,-0.001,1.776,1.674,0.043,0.051,1796.7304076342996
0.00754,377,077_AlSiMg_200W_500mms_M0_G13_Test_StepoverAlt0378.tif,-0.002,1.776,1.642,0.047,0.055,1850.891990059643
0.007545,377,077_AlSiMg_200W_500mms_M0_G13_Test_StepoverAlt0378.tif,-0.002,1.777,1.695,0.044,0.053,1856.4123469584988
0.00755,377,077_AlSiMg_200W_500mms_M0_G13_Test_StepoverAlt0378.tif,-0.002,1.78,1.698,0.044,0.051,1818.9515472475389
0.007555,377,077_AlSiMg_200W_500mms_M0_G13_Test_StepoverAlt0378.tif,0.0,1.783,1.734,0.042,0.051,1771.528915986261
0.00756,378,077_AlSiMg_200W_500mms_M0_G13_Test_StepoverAlt0379.tif,0.001,1.794,1.756,0.042,0.052,1764.4545417608304
0.007565,378,077_AlSiMg_200W_500mms_M0_G13_Test_StepoverAlt0379.tif,0.0,1.801,1.713,0.043,0.053,1710.292959335487
0.00757,378,077_AlSiMg_200W_500mms_M0_G13_Test_StepoverAlt0379.tif,0.001,1.809,1.702,0.042,0.051,1680.0411472020064
0.007575,378,077_AlSiMg_200W_500mms_M0_G13_Test_StepoverAlt0379.tif,-0.002,1.805,1.667,0.044,0.054,1665.744542158271
0.00758,379,077_AlSiMg_200W_500mms_M0_G13_Test_StepoverAlt0380.tif,0.0,1.801,1.644,0.042,0.053,1703.1506716289762
0.007585,379,077_AlSiMg_200W_500mms_M0_G13_Test_StepoverAlt0380.tif,-0.002,1.797,1.632,0.042,0.053,1672.8988594954953
0.00759,379,077_AlSiMg_200W_500mms_M0_G13_Test_StepoverAlt0380.tif,0.0,1.795,1.623,0.044,0.052,1727.0604419208387
0.007595,379,077_AlSiMg_200W_500mms_M0_G13_Test_StepoverAlt0380.tif,0.002,1.784,1.602,0.042,0.053,1764.3866282797499
0.0076,380,077_AlSiMg_200W_500mms_M0_G13_Test_StepoverAlt0381.tif,0.0,1.775,1.615,0.044,0.051,1764.3866282797499
0.007605,380,077_AlSiMg_200W_500mms_M0_G13_Test_StepoverAlt0381.tif,-0.002,1.769,1.619,0.044,0.053,1739.383438331951
0.00761,380,077_AlSiMg_200W_500mms_M0_G13_Test_StepoverAlt0381.tif,0.0,1.77,1.636,0.042,0.053,1776.7096246908623
0.007615,380,077_AlSiMg_200W_500mms_M0_G13_Test_StepoverAlt0381.tif,-0.002,1.772,1.621,0.042,0.051,1715.5182804549245
0.00762,381,077_AlSiMg_200W_500mms_M0_G13_Test_StepoverAlt0382.tif,0.0,1.776,1.654,0.044,0.053,1699.518460950343
0.007625,381,077_AlSiMg_200W_500mms_M0_G13_Test_StepoverAlt0382.tif,0.0,1.784,1.658,0.042,0.052,1754.7734630316227
0.00763,381,077_AlSiMg_200W_500mms_M0_G13_Test_StepoverAlt0382.tif,-0.002,1.798,1.644,0.044,0.054,1761.8478372570535
0.007635,381,077_AlSiMg_200W_500mms_M0_G13_Test_StepoverAlt0382.tif,0.0,1.805,1.642,0.044,0.052,1711.6355770504724
0.00764,382,077_AlSiMg_200W_500mms_M0_G13_Test_StepoverAlt0383.tif,-0.001,1.805,1.643,0.044,0.053,1734.6651583656487
0.007645,382,077_AlSiMg_200W_500mms_M0_G13_Test_StepoverAlt0383.tif,-0.002,1.807,1.661,0.042,0.054,1750.66497787023
0.00765,382,077_AlSiMg_200W_500mms_M0_G13_Test_StepoverAlt0383.tif,0.0,1.802,1.661,0.044,0.053,1732.7361621478617
0.007655,382,077_AlSiMg_200W_500mms_M0_G13_Test_StepoverAlt0383.tif,0.001,1.798,1.668,0.044,0.053,1695.4099757889503
0.00766,383,077_AlSiMg_200W_500mms_M0_G13_Test_StepoverAlt0384.tif,0.001,1.793,1.681,0.044,0.053,1733.0275048712447
0.007665,383,077_AlSiMg_200W_500mms_M0_G13_Test_StepoverAlt0384.tif,-0.002,1.779,1.654,0.042,0.053,1733.0275048712447
0.00767,383,077_AlSiMg_200W_500mms_M0_G13_Test_StepoverAlt0384.tif,-0.002,1.775,1.644,0.045,0.055,1803.8827365903405
0.007675,383,077_AlSiMg_200W_500mms_M0_G13_Test_StepoverAlt0384.tif,-0.002,1.77,1.66,0.044,0.053,1787.882917085759
0.00768,384,077_AlSiMg_200W_500mms_M0_G13_Test_StepoverAlt0385.tif,-0.002,1.773,1.647,0.047,0.053,1846.5542783515066
0.007685,384,077_AlSiMg_200W_500mms_M0_G13_Test_StepoverAlt0385.tif,-0.001,1.776,1.649,0.044,0.054,1862.5697045585548
0.00769,384,077_AlSiMg_200W_500mms_M0_G13_Test_StepoverAlt0385.tif,-0.002,1.786,1.675,0.045,0.053,1846.5698850539732
0.007695,384,077_AlSiMg_200W_500mms_M0_G13_Test_StepoverAlt0385.tif,0.0,1.797,1.661,0.045,0.054,1797.0598282417134
0.0077,385,077_AlSiMg_200W_500mms_M0_G13_Test_StepoverAlt0386.tif,-0.002,1.807,1.647,0.044,0.054,1823.1013785542832
0.007705,385,077_AlSiMg_200W_500mms_M0_G13_Test_StepoverAlt0386.tif,-0.002,1.811,1.643,0.045,0.053,1808.5233378998207
0.00771,385,077_AlSiMg_200W_500mms_M0_G13_Test_StepoverAlt0386.tif,0.0,1.807,1.643,0.047,0.056,1774.73419351603
0.007715,385,077_AlSiMg_200W_500mms_M0_G13_Test_StepoverAlt0386.tif,-0.001,1.802,1.644,0.046,0.055,1845.0189188841427
0.00772,386,077_AlSiMg_200W_500mms_M0_G13_Test_StepoverAlt0387.tif,0.0,1.805,1.639,0.044,0.055,1851.6190614902484
0.007725,386,077_AlSiMg_200W_500mms_M0_G13_Test_StepoverAlt0387.tif,0.001,1.794,1.649,0.049,0.056,1848.3444649346325
0.00773,386,077_AlSiMg_200W_500mms_M0_G13_Test_StepoverAlt0387.tif,0.0,1.781,1.668,0.047,0.055,1854.824123679573
0.007735,386,077_AlSiMg_200W_500mms_M0_G13_Test_StepoverAlt0387.tif,-0.001,1.772,1.653,0.046,0.055,1913.1378904935427
0.00774,387,077_AlSiMg_200W_500mms_M0_G13_Test_StepoverAlt0388.tif,-0.001,1.766,1.647,0.048,0.057,1868.8947154380003
0.007745,387,077_AlSiMg_200W_500mms_M0_G13_Test_StepoverAlt0388.tif,0.0,1.77,1.696,0.047,0.055,1895.23430378859
0.00775,387,077_AlSiMg_200W_500mms_M0_G13_Test_StepoverAlt0388.tif,0.001,1.775,1.672,0.047,0.056,1939.6807936837133
0.007755,387,077_AlSiMg_200W_500mms_M0_G13_Test_StepoverAlt0388.tif,0.0,1.777,1.692,0.049,0.056,1920.4411976600545
0.00776,388,077_AlSiMg_200W_500mms_M0_G13_Test_StepoverAlt0389.tif,0.0,1.788,1.727,0.048,0.055,1872.057283810711
0.007765,388,077_AlSiMg_200W_500mms_M0_G13_Test_StepoverAlt0389.tif,0.001,1.801,1.689,0.047,0.057,1889.9608705156631
0.00777,388,077_AlSiMg_200W_500mms_M0_G13_Test_StepoverAlt0389.tif,-0.001,1.804,1.667,0.047,0.058,1863.6212821650734
0.007775,388,077_AlSiMg_200W_500mms_M0_G13_Test_StepoverAlt0389.tif,-0.002,1.807,1.681,0.047,0.055,1828.7921878341917
0.00778,389,077_AlSiMg_200W_500mms_M0_G13_Test_StepoverAlt0390.tif,0.0,1.802,1.67,0.047,0.055,1848.0317838578499
0.007785,389,077_AlSiMg_200W_500mms_M0_G13_Test_StepoverAlt0390.tif,0.001,1.8,1.643,0.049,0.058,1848.0317838578499
0.00779,389,077_AlSiMg_200W_500mms_M0_G13_Test_StepoverAlt0390.tif,-0.001,1.797,1.671,0.048,0.057,1896.9899905965726
0.007795,389,077_AlSiMg_200W_500mms_M0_G13_Test_StepoverAlt0390.tif,-0.002,1.786,1.658,0.047,0.058,1920.2582972311277
0.0078,390,077_AlSiMg_200W_500mms_M0_G13_Test_StepoverAlt0391.tif,-0.002,1.773,1.735,0.049,0.055,1883.4351710781098
0.007805,390,077_AlSiMg_200W_500mms_M0_G13_Test_StepoverAlt0391.tif,0.0,1.773,1.696,0.048,0.055,1898.133695593738
0.00781,390,077_AlSiMg_200W_500mms_M0_G13_Test_StepoverAlt0391.tif,0.0,1.775,1.667,0.047,0.058,1915.7805789945974
0.007815,390,077_AlSiMg_200W_500mms_M0_G13_Test_StepoverAlt0391.tif,-0.002,1.77,1.751,0.047,0.055,1818.4384584065306
0.00782,391,077_AlSiMg_200W_500mms_M0_G13_Test_StepoverAlt0392.tif,-0.001,1.775,1.749,0.048,0.058,1780.4716272563478
0.007825,391,077_AlSiMg_200W_500mms_M0_G13_Test_StepoverAlt0392.tif,0.0,1.783,1.692,0.047,0.058,1791.6504411458216
0.00783,391,077_AlSiMg_200W_500mms_M0_G13_Test_StepoverAlt0392.tif,0.0,1.797,1.672,0.048,0.057,1720.3598034001539
0.007835,391,077_AlSiMg_200W_500mms_M0_G13_Test_StepoverAlt0392.tif,0.001,1.802,1.64,0.046,0.056,1717.1587133093526
0.00784,392,077_AlSiMg_200W_500mms_M0_G13_Test_StepoverAlt0393.tif,0.0,1.807,1.622,0.044,0.056,1713.9136364116675
0.007845,392,077_AlSiMg_200W_500mms_M0_G13_Test_StepoverAlt0393.tif,0.001,1.804,1.622,0.047,0.057,1717.0513732309682
0.00785,392,077_AlSiMg_200W_500mms_M0_G13_Test_StepoverAlt0393.tif,0.0,1.801,1.622,0.046,0.057,1689.5756210389231
0.007855,392,077_AlSiMg_200W_500mms_M0_G13_Test_StepoverAlt0393.tif,0.0,1.798,1.635,0.049,0.058,1730.1292283361065
0.00786,393,077_AlSiMg_200W_500mms_M0_G13_Test_StepoverAlt0394.tif,-0.002,1.795,1.681,0.046,0.058,1790.4069372259823
0.007865,393,077_AlSiMg_200W_500mms_M0_G13_Test_StepoverAlt0394.tif,-0.001,1.784,1.67,0.048,0.058,1811.2988975245266
0.00787,393,077_AlSiMg_200W_500mms_M0_G13_Test_StepoverAlt0394.tif,-0.002,1.773,1.688,0.049,0.056,1788.9215646815676
0.007875,393,077_AlSiMg_200W_500mms_M0_G13_Test_StepoverAlt0394.tif,0.0,1.775,1.664,0.048,0.058,1826.0025813936452
0.00788,394,077_AlSiMg_200W_500mms_M0_G13_Test_StepoverAlt0395.tif,0.001,1.776,1.656,0.047,0.057,1889.010298281169
0.007885,394,077_AlSiMg_200W_500mms_M0_G13_Test_StepoverAlt0395.tif,-0.001,1.781,1.682,0.049,0.059,1857.1917915554047
0.00789,394,077_AlSiMg_200W_500mms_M0_G13_Test_StepoverAlt0395.tif,0.0,1.783,1.707,0.051,0.058,2303.3938200200596
0.007895,394,077_AlSiMg_200W_500mms_M0_G13_Test_StepoverAlt0395.tif,-0.002,1.794,1.692,0.051,0.06,2306.5949101108613
0.0079,395,077_AlSiMg_200W_500mms_M0_G13_Test_StepoverAlt0396.tif,-0.001,1.805,1.677,0.061,0.054,2340.5020939025776
0.007905,395,077_AlSiMg_200W_500mms_M0_G13_Test_StepoverAlt0396.tif,-0.002,1.807,1.699,0.048,0.058,2593.61196070994
0.00791,395,077_AlSiMg_200W_500mms_M0_G13_Test_StepoverAlt0396.tif,-0.001,1.808,1.667,0.049,0.057,2605.3982274369932
0.007915,395,077_AlSiMg_200W_500mms_M0_G13_Test_StepoverAlt0396.tif,-0.001,1.802,1.671,0.055,0.055,2155.995108881537
0.00792,396,077_AlSiMg_200W_500mms_M0_G13_Test_StepoverAlt0397.tif,-0.001,1.801,1.649,0.049,0.057,2221.8674574990114
0.007925,396,077_AlSiMg_200W_500mms_M0_G13_Test_StepoverAlt0397.tif,-0.002,1.794,1.637,0.047,0.057,2163.931118400104
0.00793,396,077_AlSiMg_200W_500mms_M0_G13_Test_StepoverAlt0397.tif,0.0,1.781,1.643,0.052,0.059,1878.5505651537019
0.007935,396,077_AlSiMg_200W_500mms_M0_G13_Test_StepoverAlt0397.tif,0.0,1.776,1.636,0.046,0.057,1854.3396300968707
0.00794,397,077_AlSiMg_200W_500mms_M0_G13_Test_StepoverAlt0398.tif,-0.001,1.772,1.67,0.047,0.055,1854.3396300968707
0.007945,397,077_AlSiMg_200W_500mms_M0_G13_Test_StepoverAlt0398.tif,-0.002,1.776,1.64,0.047,0.056,1868.1625186666035
0.00795,397,077_AlSiMg_200W_500mms_M0_G13_Test_StepoverAlt0398.tif,0.001,1.784,1.635,0.047,0.057,1879.2514607764053
0.007955,397,077_AlSiMg_200W_500mms_M0_G13_Test_StepoverAlt0398.tif,-0.001,1.783,1.622,0.049,0.055,1845.3133402371193
0.00796,398,077_AlSiMg_200W_500mms_M0_G13_Test_StepoverAlt0399.tif,-0.001,1.795,1.646,0.045,0.055,1863.216926942072
0.007965,398,077_AlSiMg_200W_500mms_M0_G13_Test_StepoverAlt0399.tif,-0.002,1.805,1.663,0.047,0.057,1897.155047481358
0.00797,398,077_AlSiMg_200W_500mms_M0_G13_Test_StepoverAlt0399.tif,-0.002,1.804,1.636,0.047,0.055,1814.2587202033494
0.007975,398,077_AlSiMg_200W_500mms_M0_G13_Test_StepoverAlt0399.tif,0.001,1.802,1.629,0.047,0.055,1827.1989334007387
0.00798,399,077_AlSiMg_200W_500mms_M0_G13_Test_StepoverAlt0400.tif,0.0,1.802,1.635,0.047,0.057,1846.438529424397
0.007985,399,077_AlSiMg_200W_500mms_M0_G13_Test_StepoverAlt0400.tif,0.001,1.797,1.65,0.049,0.059,1828.5349427194444
0.00799,399,077_AlSiMg_200W_500mms_M0_G13_Test_StepoverAlt0400.tif,0.0,1.793,1.67,0.048,0.057,1807.3567594588762
0.007995,399,077_AlSiMg_200W_500mms_M0_G13_Test_StepoverAlt0400.tif,0.0,1.781,1.649,0.047,0.056,1758.2244361533612
0.008,400,077_AlSiMg_200W_500mms_M0_G13_Test_StepoverAlt0401.tif,0.0,1.77,1.675,0.046,0.055,1805.9474027668907
0.008005,400,077_AlSiMg_200W_500mms_M0_G13_Test_StepoverAlt0401.tif,0.0,1.766,1.644,0.044,0.057,1740.8655229798865
0.00801,400,077_AlSiMg_200W_500mms_M0_G13_Test_StepoverAlt0401.tif,-0.002,1.768,1.644,0.047,0.054,1740.865522979886
0.008015,400,077_AlSiMg_200W_500mms_M0_G13_Test_StepoverAlt0401.tif,0.0,1.768,1.619,0.045,0.058,1721.5036576032267
0.00802,401,077_AlSiMg_200W_500mms_M0_G13_Test_StepoverAlt0402.tif,0.0,1.775,1.639,0.047,0.056,1783.3959181874598
0.008025,401,077_AlSiMg_200W_500mms_M0_G13_Test_StepoverAlt0402.tif,0.0,1.779,1.622,0.045,0.055,1726.067687053898
0.00803,401,077_AlSiMg_200W_500mms_M0_G13_Test_StepoverAlt0402.tif,0.0,1.791,1.625,0.046,0.055,1805.8480913565304
0.008035,401,077_AlSiMg_200W_500mms_M0_G13_Test_StepoverAlt0402.tif,0.0,1.798,1.628,0.046,0.056,1768.8133885834245
0.00804,402,077_AlSiMg_200W_500mms_M0_G13_Test_StepoverAlt0403.tif,0.0,1.801,1.647,0.047,0.055,1760.9695233713078
0.008045,402,077_AlSiMg_200W_500mms_M0_G13_Test_StepoverAlt0403.tif,0.0,1.8,1.636,0.045,0.056,1730.5187158848469
0.00805,402,077_AlSiMg_200W_500mms_M0_G13_Test_StepoverAlt0403.tif,-0.002,1.798,1.628,0.047,0.058,1767.723815844717
0.008055,402,077_AlSiMg_200W_500mms_M0_G13_Test_StepoverAlt0403.tif,0.0,1.798,1.65,0.046,0.057,1712.7855263666588
0.00806,403,077_AlSiMg_200W_500mms_M0_G13_Test_StepoverAlt0404.tif,-0.002,1.791,1.65,0.047,0.055,1723.778678827194
0.008065,403,077_AlSiMg_200W_500mms_M0_G13_Test_StepoverAlt0404.tif,-0.002,1.781,1.657,0.045,0.056,1798.5021810271282
0.00807,403,077_AlSiMg_200W_500mms_M0_G13_Test_StepoverAlt0404.tif,0.0,1.775,1.649,0.044,0.054,1832.2275850692051
0.008075,403,077_AlSiMg_200W_500mms_M0_G13_Test_StepoverAlt0404.tif,0.0,1.773,1.672,0.049,0.056,1773.9138182552354
0.00808,404,077_AlSiMg_200W_500mms_M0_G13_Test_StepoverAlt0405.tif,0.002,1.777,1.656,0.047,0.056,1871.762021939448
0.008085,404,077_AlSiMg_200W_500mms_M0_G13_Test_StepoverAlt0405.tif,-0.001,1.781,1.695,0.044,0.055,1875.1671103197434
0.00809,404,077_AlSiMg_200W_500mms_M0_G13_Test_StepoverAlt0405.tif,-0.002,1.786,1.646,0.047,0.053,1790.513755155184
0.008095,404,077_AlSiMg_200W_500mms_M0_G13_Test_StepoverAlt0405.tif,0.0,1.798,1.636,0.045,0.055,1808.4173418601367
0.0081,405,077_AlSiMg_200W_500mms_M0_G13_Test_StepoverAlt0406.tif,0.0,1.809,1.653,0.044,0.055,1811.792819196048
0.008105,405,077_AlSiMg_200W_500mms_M0_G13_Test_StepoverAlt0406.tif,-0.002,1.811,1.702,0.047,0.055,1697.5922672442252
0.00811,405,077_AlSiMg_200W_500mms_M0_G13_Test_StepoverAlt0406.tif,-0.002,1.812,1.692,0.045,0.056,1697.5922672442255
0.008115,405,077_AlSiMg_200W_500mms_M0_G13_Test_StepoverAlt0406.tif,0.001,1.808,1.677,0.044,0.056,1718.7009340983245
0.00812,406,077_AlSiMg_200W_500mms_M0_G13_Test_StepoverAlt0407.tif,-0.003,1.809,1.692,0.045,0.055,1718.7009340983248
0.008125,406,077_AlSiMg_200W_500mms_M0_G13_Test_StepoverAlt0407.tif,-0.002,1.802,1.688,0.046,0.056,1725.2553097270386
0.00813,406,077_AlSiMg_200W_500mms_M0_G13_Test_StepoverAlt0407.tif,-0.001,1.79,1.695,0.047,0.055,1775.3677642121388
0.008135,406,077_AlSiMg_200W_500mms_M0_G13_Test_StepoverAlt0407.tif,-0.001,1.781,1.703,0.047,0.058,1798.0042261444135
0.00814,407,077_AlSiMg_200W_500mms_M0_G13_Test_StepoverAlt0408.tif,0.0,1.777,1.74,0.046,0.055,1786.82541225494
0.008145,407,077_AlSiMg_200W_500mms_M0_G13_Test_StepoverAlt0408.tif,-0.002,1.775,1.714,0.047,0.056,1759.2255768151015
0.00815,407,077_AlSiMg_200W_500mms_M0_G13_Test_StepoverAlt0408.tif,0.0,1.779,1.719,0.047,0.058,1773.67137012516
0.008155,407,077_AlSiMg_200W_500mms_M0_G13_Test_StepoverAlt0408.tif,0.0,1.777,1.713,0.049,0.059,1760.911432846442
0.00816,408,077_AlSiMg_200W_500mms_M0_G13_Test_StepoverAlt0409.tif,0.001,1.786,1.695,0.047,0.057,1778.8150195513947
0.008165,408,077_AlSiMg_200W_500mms_M0_G13_Test_StepoverAlt0409.tif,0.0,1.797,1.749,0.047,0.057,1778.8150195513947
0.00817,408,077_AlSiMg_200W_500mms_M0_G13_Test_StepoverAlt0409.tif,0.001,1.8,1.717,0.047,0.055,1788.51126828628
0.008175,408,077_AlSiMg_200W_500mms_M0_G13_Test_StepoverAlt0409.tif,0.001,1.801,1.706,0.047,0.058,1807.7508643099384
0.00818,409,077_AlSiMg_200W_500mms_M0_G13_Test_StepoverAlt0410.tif,0.001,1.797,1.681,0.047,0.056,1861.812116022916
0.008185,409,077_AlSiMg_200W_500mms_M0_G13_Test_StepoverAlt0410.tif,0.0,1.795,1.678,0.048,0.057,1833.8667985099746
0.00819,409,077_AlSiMg_200W_500mms_M0_G13_Test_StepoverAlt0410.tif,-0.002,1.788,1.674,0.047,0.054,1864.3471256543664
0.008195,409,077_AlSiMg_200W_500mms_M0_G13_Test_StepoverAlt0410.tif,-0.001,1.779,1.658,0.044,0.053,1867.5521878436914
0.0082,410,077_AlSiMg_200W_500mms_M0_G13_Test_StepoverAlt0411.tif,-0.001,1.77,1.657,0.047,0.056,1830.6217216122895
0.008205,410,077_AlSiMg_200W_500mms_M0_G13_Test_StepoverAlt0411.tif,0.0,1.766,1.656,0.048,0.057,1752.1848236246283
0.00821,410,077_AlSiMg_200W_500mms_M0_G13_Test_StepoverAlt0411.tif,0.001,1.769,1.665,0.046,0.057,1803.3984477721247
0.008215,410,077_AlSiMg_200W_500mms_M0_G13_Test_StepoverAlt0411.tif,0.0,1.773,1.675,0.044,0.055,1766.3637449990188
0.00822,411,077_AlSiMg_200W_500mms_M0_G13_Test_StepoverAlt0412.tif,0.0,1.777,1.696,0.048,0.055,1781.0622695146467
0.008225,411,077_AlSiMg_200W_500mms_M0_G13_Test_StepoverAlt0412.tif,0.0,1.791,1.665,0.045,0.056,1814.7876735567231
0.00823,411,077_AlSiMg_200W_500mms_M0_G13_Test_StepoverAlt0412.tif,-0.001,1.8,1.698,0.047,0.055,1824.7175265213489
0.008235,411,077_AlSiMg_200W_500mms_M0_G13_Test_StepoverAlt0412.tif,-0.001,1.805,1.696,0.047,0.056,1786.750695371166
0.00824,412,077_AlSiMg_200W_500mms_M0_G13_Test_StepoverAlt0413.tif,0.001,1.809,1.675,0.047,0.058,1801.1489362119967
0.008245,412,077_AlSiMg_200W_500mms_M0_G13_Test_StepoverAlt0413.tif,0.001,1.808,1.674,0.048,0.057,1763.9438362521264
0.00825,412,077_AlSiMg_200W_500mms_M0_G13_Test_StepoverAlt0413.tif,0.001,1.805,1.677,0.045,0.055,1708.4719725208993
0.008255,412,077_AlSiMg_200W_500mms_M0_G13_Test_StepoverAlt0413.tif,0.001,1.802,1.681,0.046,0.056,1712.9107493527204
0.00826,413,077_AlSiMg_200W_500mms_M0_G13_Test_StepoverAlt0414.tif,0.0,1.791,1.71,0.047,0.06,1699.6639563554068
0.008265,413,077_AlSiMg_200W_500mms_M0_G13_Test_StepoverAlt0414.tif,0.001,1.783,1.713,0.044,0.054,1712.2586874796932
0.00827,413,077_AlSiMg_200W_500mms_M0_G13_Test_StepoverAlt0414.tif,-0.001,1.773,1.682,0.044,0.053,1742.8636448334582
0.008275,413,077_AlSiMg_200W_500mms_M0_G13_Test_StepoverAlt0414.tif,0.0,1.776,1.657,0.044,0.053,1757.9253284556683
0.00828,414,077_AlSiMg_200W_500mms_M0_G13_Test_StepoverAlt0415.tif,-0.001,1.775,1.643,0.045,0.053,1761.3304168359634
0.008285,414,077_AlSiMg_200W_500mms_M0_G13_Test_StepoverAlt0415.tif,-0.002,1.777,1.636,0.044,0.055,1752.0706343890342
0.00829,414,077_AlSiMg_200W_500mms_M0_G13_Test_StepoverAlt0415.tif,-0.001,1.783,1.709,0.045,0.055,1721.702185088006
0.008295,414,077_AlSiMg_200W_500mms_M0_G13_Test_StepoverAlt0415.tif,0.001,1.802,1.663,0.046,0.056,1687.7622790568844
0.0083,415,077_AlSiMg_200W_500mms_M0_G13_Test_StepoverAlt0416.tif,0.0,1.807,1.635,0.044,0.055,1687.762279056884
0.008305,415,077_AlSiMg_200W_500mms_M0_G13_Test_StepoverAlt0416.tif,-0.002,1.808,1.646,0.045,0.055,1687.762279056884
0.00831,415,077_AlSiMg_200W_500mms_M0_G13_Test_StepoverAlt0416.tif,-0.002,1.807,1.626,0.044,0.055,1666.6536122027846
0.008315,415,077_AlSiMg_200W_500mms_M0_G13_Test_StepoverAlt0416.tif,-0.001,1.805,1.642,0.045,0.055,1700.4427565865753
0.00832,416,077_AlSiMg_200W_500mms_M0_G13_Test_StepoverAlt0417.tif,-0.001,1.801,1.654,0.044,0.055,1700.4427565865758
0.008325,416,077_AlSiMg_200W_500mms_M0_G13_Test_StepoverAlt0417.tif,-0.002,1.794,1.668,0.045,0.054,1687.465885654877
0.00833,416,077_AlSiMg_200W_500mms_M0_G13_Test_StepoverAlt0417.tif,0.0,1.781,1.671,0.045,0.055,1721.405791685999
0.008335,416,077_AlSiMg_200W_500mms_M0_G13_Test_StepoverAlt0417.tif,0.0,1.773,1.625,0.044,0.056,1789.9360039077887
0.00834,417,077_AlSiMg_200W_500mms_M0_G13_Test_StepoverAlt0418.tif,-0.001,1.773,1.656,0.045,0.053,1786.515308825027
0.008345,417,077_AlSiMg_200W_500mms_M0_G13_Test_StepoverAlt0418.tif,0.0,1.772,1.686,0.044,0.051,1866.823347746534
0.00835,417,077_AlSiMg_200W_500mms_M0_G13_Test_StepoverAlt0418.tif,0.0,1.773,1.664,0.044,0.053,1897.5739368549744
0.008355,417,077_AlSiMg_200W_500mms_M0_G13_Test_StepoverAlt0418.tif,-0.001,1.775,1.653,0.046,0.052,1845.8603126471103
0.00836,418,077_AlSiMg_200W_500mms_M0_G13_Test_StepoverAlt0419.tif,-0.001,1.788,1.647,0.045,0.055,1829.0437246331844
0.008365,418,077_AlSiMg_200W_500mms_M0_G13_Test_StepoverAlt0419.tif,-0.002,1.798,1.639,0.044,0.055,1798.6752753321557
0.00837,418,077_AlSiMg_200W_500mms_M0_G13_Test_StepoverAlt0419.tif,0.0,1.804,1.685,0.045,0.053,1752.307142441771
0.008375,418,077_AlSiMg_200W_500mms_M0_G13_Test_StepoverAlt0419.tif,-0.002,1.804,1.703,0.044,0.055,1714.6896133594764
0.00838,419,077_AlSiMg_200W_500mms_M0_G13_Test_StepoverAlt0420.tif,0.0,1.804,1.643,0.045,0.053,1725.5807489121678
0.008385,419,077_AlSiMg_200W_500mms_M0_G13_Test_StepoverAlt0420.tif,0.0,1.802,1.614,0.042,0.054,1704.2355740053322
0.00839,419,077_AlSiMg_200W_500mms_M0_G13_Test_StepoverAlt0420.tif,0.001,1.795,1.602,0.043,0.053,1718.604203801779
0.008395,419,077_AlSiMg_200W_500mms_M0_G13_Test_StepoverAlt0420.tif,0.001,1.786,1.605,0.044,0.053,1768.114260614039
0.0084,420,077_AlSiMg_200W_500mms_M0_G13_Test_StepoverAlt0421.tif,-0.001,1.773,1.616,0.044,0.054,1787.9580715195916
0.008405,420,077_AlSiMg_200W_500mms_M0_G13_Test_StepoverAlt0421.tif,-0.002,1.77,1.625,0.047,0.053,1807.4353852679283
0.00841,420,077_AlSiMg_200W_500mms_M0_G13_Test_StepoverAlt0421.tif,-0.002,1.768,1.661,0.044,0.055,1835.3807027808696
0.008415,420,077_AlSiMg_200W_500mms_M0_G13_Test_StepoverAlt0421.tif,-0.001,1.775,1.646,0.044,0.053,1821.0120729844227
0.00842,421,077_AlSiMg_200W_500mms_M0_G13_Test_StepoverAlt0422.tif,-0.002,1.779,1.632,0.047,0.055,1730.6795275169902
0.008425,421,077_AlSiMg_200W_500mms_M0_G13_Test_StepoverAlt0422.tif,-0.001,1.786,1.684,0.044,0.055,1761.0479768180187
0.00843,421,077_AlSiMg_200W_500mms_M0_G13_Test_StepoverAlt0422.tif,0.001,1.8,1.658,0.043,0.053,1788.99329433096
0.008435,421,077_AlSiMg_200W_500mms_M0_G13_Test_StepoverAlt0422.tif,-0.002,1.804,1.686,0.044,0.053,1745.0481573134366
0.00844,422,077_AlSiMg_200W_500mms_M0_G13_Test_StepoverAlt0423.tif,-0.002,1.807,1.706,0.047,0.055,1775.416606614465
0.008445,422,077_AlSiMg_200W_500mms_M0_G13_Test_StepoverAlt0423.tif,-0.002,1.808,1.661,0.044,0.054,1778.8941008582206
0.00845,422,077_AlSiMg_200W_500mms_M0_G13_Test_StepoverAlt0423.tif,0.001,1.801,1.64,0.044,0.053,1800.2392757650564
0.008455,422,077_AlSiMg_200W_500mms_M0_G13_Test_StepoverAlt0423.tif,-0.001,1.802,1.621,0.044,0.054,1734.967771893204
0.00846,423,077_AlSiMg_200W_500mms_M0_G13_Test_StepoverAlt0424.tif,0.0,1.795,1.609,0.045,0.053,1707.6222711650582
0.008465,423,077_AlSiMg_200W_500mms_M0_G13_Test_StepoverAlt0424.tif,-0.001,1.786,1.597,0.042,0.053,1707.6222711650582
0.00847,423,077_AlSiMg_200W_500mms_M0_G13_Test_StepoverAlt0424.tif,0.0,1.779,1.594,0.044,0.056,1741.5509063920085
0.008475,423,077_AlSiMg_200W_500mms_M0_G13_Test_StepoverAlt0424.tif,-0.001,1.776,1.622,0.044,0.053,1720.205731485173
0.00848,424,077_AlSiMg_200W_500mms_M0_G13_Test_StepoverAlt0425.tif,0.001,1.777,1.591,0.044,0.052,1723.7197728785954
0.008485,424,077_AlSiMg_200W_500mms_M0_G13_Test_StepoverAlt0425.tif,0.001,1.78,1.609,0.044,0.053,1740.0721211462053
0.00849,424,077_AlSiMg_200W_500mms_M0_G13_Test_StepoverAlt0425.tif,-0.002,1.781,1.6,0.043,0.054,1709.7036718451768
0.008495,424,077_AlSiMg_200W_500mms_M0_G13_Test_StepoverAlt0425.tif,0.0,1.795,1.622,0.045,0.056,1691.7748561228086
0.0085,425,077_AlSiMg_200W_500mms_M0_G13_Test_StepoverAlt0426.tif,-0.002,1.8,1.619,0.044,0.055,1701.8165869307973
0.008505,425,077_AlSiMg_200W_500mms_M0_G13_Test_StepoverAlt0426.tif,-0.002,1.801,1.619,0.044,0.053,1763.5740494092272
0.00851,425,077_AlSiMg_200W_500mms_M0_G13_Test_StepoverAlt0426.tif,-0.002,1.801,1.598,0.047,0.056,1763.5740494092272
0.008515,425,077_AlSiMg_200W_500mms_M0_G13_Test_StepoverAlt0426.tif,-0.001,1.791,1.646,0.047,0.055,1763.5740494092272
0.00852,426,077_AlSiMg_200W_500mms_M0_G13_Test_StepoverAlt0427.tif,0.001,1.79,1.621,0.045,0.056,1743.135453072824
0.008525,426,077_AlSiMg_200W_500mms_M0_G13_Test_StepoverAlt0427.tif,-0.002,1.788,1.619,0.044,0.055,1699.5712088135056
0.00853,426,077_AlSiMg_200W_500mms_M0_G13_Test_StepoverAlt0427.tif,0.0,1.775,1.636,0.047,0.058,1668.8341783650208
0.008535,426,077_AlSiMg_200W_500mms_M0_G13_Test_StepoverAlt0427.tif,0.001,1.763,1.642,0.047,0.059,1709.0739433274514
0.00854,427,077_AlSiMg_200W_500mms_M0_G13_Test_StepoverAlt0428.tif,0.0,1.761,1.649,0.048,0.058,1736.6506796929364
0.008545,427,077_AlSiMg_200W_500mms_M0_G13_Test_StepoverAlt0428.tif,-0.001,1.769,1.66,0.048,0.057,1773.4738058459538
0.00855,427,077_AlSiMg_200W_500mms_M0_G13_Test_StepoverAlt0428.tif,0.001,1.766,1.644,0.048,0.058,1838.1306714881023
0.008555,427,077_AlSiMg_200W_500mms_M0_G13_Test_StepoverAlt0428.tif,-0.002,1.776,1.647,0.049,0.058,1826.7887147818444
0.00856,428,077_AlSiMg_200W_500mms_M0_G13_Test_StepoverAlt0429.tif,0.0,1.784,1.656,0.048,0.056,1829.9264516011451
0.008565,428,077_AlSiMg_200W_500mms_M0_G13_Test_StepoverAlt0429.tif,0.001,1.798,1.677,0.049,0.06,1866.9708304015087
0.00857,428,077_AlSiMg_200W_500mms_M0_G13_Test_StepoverAlt0429.tif,0.001,1.807,1.663,0.049,0.058,1884.838966449714
0.008575,428,077_AlSiMg_200W_500mms_M0_G13_Test_StepoverAlt0429.tif,-0.002,1.808,1.657,0.049,0.057,1866.9514072562088
0.00858,429,077_AlSiMg_200W_500mms_M0_G13_Test_StepoverAlt0430.tif,-0.002,1.807,1.657,0.049,0.057,1863.82921384091
0.008585,429,077_AlSiMg_200W_500mms_M0_G13_Test_StepoverAlt0430.tif,0.001,1.801,1.667,0.048,0.057,1847.7901660973985
0.00859,429,077_AlSiMg_200W_500mms_M0_G13_Test_StepoverAlt0430.tif,0.0,1.802,1.681,0.048,0.059,1844.6718524233977
0.008595,429,077_AlSiMg_200W_500mms_M0_G13_Test_StepoverAlt0430.tif,0.0,1.791,1.672,0.049,0.059,1841.553538749397
0.0086,430,077_AlSiMg_200W_500mms_M0_G13_Test_StepoverAlt0431.tif,0.001,1.779,1.685,0.048,0.056,1865.6093438507974
0.008605,430,077_AlSiMg_200W_500mms_M0_G13_Test_StepoverAlt0431.tif,-0.002,1.776,1.675,0.048,0.056,1849.3426934565673
0.00861,430,077_AlSiMg_200W_500mms_M0_G13_Test_StepoverAlt0431.tif,0.0,1.78,1.693,0.05,0.058,1843.0044083571197
0.008615,430,077_AlSiMg_200W_500mms_M0_G13_Test_StepoverAlt0431.tif,-0.002,1.779,1.728,0.047,0.059,1805.877253139956
0.00862,431,077_AlSiMg_200W_500mms_M0_G13_Test_StepoverAlt0432.tif,-0.002,1.783,1.776,0.047,0.057,1802.6882184620786
0.008625,431,077_AlSiMg_200W_500mms_M0_G13_Test_StepoverAlt0432.tif,-0.001,1.786,1.726,0.047,0.057,1793.3309378763056
0.00863,431,077_AlSiMg_200W_500mms_M0_G13_Test_StepoverAlt0432.tif,0.0,1.804,1.714,0.047,0.055,1854.7987688405767
0.008635,431,077_AlSiMg_200W_500mms_M0_G13_Test_StepoverAlt0432.tif,-0.001,1.808,1.668,0.047,0.055,1820.7823581506655
0.00864,432,077_AlSiMg_200W_500mms_M0_G13_Test_StepoverAlt0433.tif,0.001,1.807,1.642,0.047,0.055,1833.5422954293833
0.008645,432,077_AlSiMg_200W_500mms_M0_G13_Test_StepoverAlt0433.tif,0.001,1.808,1.633,0.045,0.057,1799.6041748900975
0.00865,432,077_AlSiMg_200W_500mms_M0_G13_Test_StepoverAlt0433.tif,-0.002,1.807,1.614,0.046,0.055,1747.9751841430684
0.008655,432,077_AlSiMg_200W_500mms_M0_G13_Test_StepoverAlt0433.tif,-0.001,1.805,1.614,0.047,0.057,1736.414396446741
0.00866,433,077_AlSiMg_200W_500mms_M0_G13_Test_StepoverAlt0434.tif,-0.001,1.797,1.611,0.046,0.057,1804.3689276759385
0.008665,433,077_AlSiMg_200W_500mms_M0_G13_Test_StepoverAlt0434.tif,0.001,1.784,1.626,0.049,0.058,1813.9863232401797
0.00867,433,077_AlSiMg_200W_500mms_M0_G13_Test_StepoverAlt0434.tif,-0.002,1.772,1.629,0.047,0.055,1783.2435916275504
0.008675,433,077_AlSiMg_200W_500mms_M0_G13_Test_StepoverAlt0434.tif,0.001,1.77,1.619,0.049,0.058,1786.4886685252357
0.00868,434,077_AlSiMg_200W_500mms_M0_G13_Test_StepoverAlt0435.tif,0.001,1.776,1.616,0.046,0.058,1786.4886685252354
0.008685,434,077_AlSiMg_200W_500mms_M0_G13_Test_StepoverAlt0435.tif,-0.001,1.779,1.619,0.047,0.058,1843.9730868067563
0.00869,434,077_AlSiMg_200W_500mms_M0_G13_Test_StepoverAlt0435.tif,0.0,1.783,1.611,0.049,0.058,1852.2716701709858
0.008695,434,077_AlSiMg_200W_500mms_M0_G13_Test_StepoverAlt0435.tif,-0.002,1.793,1.621,0.052,0.058,1871.7513417528603
0.0087,435,077_AlSiMg_200W_500mms_M0_G13_Test_StepoverAlt0436.tif,0.001,1.798,1.608,0.046,0.054,1881.1196551151436
0.008705,435,077_AlSiMg_200W_500mms_M0_G13_Test_StepoverAlt0436.tif,0.0,1.801,1.611,0.048,0.059,1844.296528962126
0.00871,435,077_AlSiMg_200W_500mms_M0_G13_Test_StepoverAlt0436.tif,0.0,1.801,1.607,0.05,0.061,1810.0804173151603
0.008715,435,077_AlSiMg_200W_500mms_M0_G13_Test_StepoverAlt0436.tif,-0.001,1.798,1.731,0.047,0.058,1772.8025730100296
0.00872,436,077_AlSiMg_200W_500mms_M0_G13_Test_StepoverAlt0437.tif,-0.001,1.794,1.741,0.048,0.055,1746.713115834403
0.008725,436,077_AlSiMg_200W_500mms_M0_G13_Test_StepoverAlt0437.tif,-0.003,1.791,1.702,0.045,0.055,1751.790595782178
0.00873,436,077_AlSiMg_200W_500mms_M0_G13_Test_StepoverAlt0437.tif,0.0,1.779,1.692,0.044,0.056,1800.1745096315221
0.008735,436,077_AlSiMg_200W_500mms_M0_G13_Test_StepoverAlt0437.tif,0.0,1.773,1.689,0.047,0.057,1770.3060603908616
0.00874,437,077_AlSiMg_200W_500mms_M0_G13_Test_StepoverAlt0438.tif,0.0,1.773,1.643,0.047,0.055,1807.5839046959918
0.008745,437,077_AlSiMg_200W_500mms_M0_G13_Test_StepoverAlt0438.tif,-0.001,1.773,1.626,0.045,0.053,1814.1936902897446
0.00875,437,077_AlSiMg_200W_500mms_M0_G13_Test_StepoverAlt0438.tif,0.001,1.777,1.625,0.046,0.054,1848.1318108290307
0.008755,437,077_AlSiMg_200W_500mms_M0_G13_Test_StepoverAlt0438.tif,0.001,1.781,1.629,0.046,0.058,1783.4509586771153
0.00876,438,077_AlSiMg_200W_500mms_M0_G13_Test_StepoverAlt0439.tif,-0.002,1.793,1.644,0.047,0.055,1725.3702491313052
0.008765,438,077_AlSiMg_200W_500mms_M0_G13_Test_StepoverAlt0439.tif,-0.002,1.804,1.632,0.046,0.058,1680.2485396140582
0.00877,438,077_AlSiMg_200W_500mms_M0_G13_Test_StepoverAlt0439.tif,-0.002,1.808,1.636,0.046,0.058,1733.368604069647
0.008775,438,077_AlSiMg_200W_500mms_M0_G13_Test_StepoverAlt0439.tif,-0.002,1.808,1.661,0.047,0.058,1705.7687686298086
0.00878,439,077_AlSiMg_200W_500mms_M0_G13_Test_StepoverAlt0440.tif,0.001,1.802,1.642,0.049,0.058,1736.5115002424384
0.008785,439,077_AlSiMg_200W_500mms_M0_G13_Test_StepoverAlt0440.tif,0.0,1.8,1.639,0.049,0.059,1801.1923523943537
0.00879,439,077_AlSiMg_200W_500mms_M0_G13_Test_StepoverAlt0440.tif,-0.001,1.795,1.665,0.047,0.057,1815.6381457044117
0.008795,439,077_AlSiMg_200W_500mms_M0_G13_Test_StepoverAlt0440.tif,0.001,1.786,1.633,0.047,0.055,1796.461902952254
0.0088,440,077_AlSiMg_200W_500mms_M0_G13_Test_StepoverAlt0441.tif,-0.001,1.775,1.632,0.047,0.057,1859.197056561082
0.008805,440,077_AlSiMg_200W_500mms_M0_G13_Test_StepoverAlt0441.tif,-0.002,1.77,1.647,0.048,0.058,1887.6562587251933
0.00881,440,077_AlSiMg_200W_500mms_M0_G13_Test_StepoverAlt0441.tif,-0.002,1.772,1.661,0.052,0.059,1897.0135393109663
0.008815,440,077_AlSiMg_200W_500mms_M0_G13_Test_StepoverAlt0441.tif,-0.002,1.775,1.671,0.051,0.06,1982.8220646529462
0.00882,441,077_AlSiMg_200W_500mms_M0_G13_Test_StepoverAlt0442.tif,0.0,1.784,1.707,0.05,0.058,2045.82978154047
0.008825,441,077_AlSiMg_200W_500mms_M0_G13_Test_StepoverAlt0442.tif,-0.002,1.79,1.735,0.05,0.056,1968.6154762167378
0.00883,441,077_AlSiMg_200W_500mms_M0_G13_Test_StepoverAlt0442.tif,0.0,1.804,1.693,0.051,0.058,1932.0154074371699
0.008835,441,077_AlSiMg_200W_500mms_M0_G13_Test_StepoverAlt0442.tif,0.001,1.809,1.726,0.049,0.06,1898.1335044212178
0.00884,442,077_AlSiMg_200W_500mms_M0_G13_Test_StepoverAlt0443.tif,-0.002,1.812,1.761,0.049,0.06,1834.702311922197
0.008845,442,077_AlSiMg_200W_500mms_M0_G13_Test_StepoverAlt0443.tif,-0.001,1.805,1.696,0.05,0.06,1831.771185729211
0.00885,442,077_AlSiMg_200W_500mms_M0_G13_Test_StepoverAlt0443.tif,-0.001,1.804,1.702,0.049,0.058,1886.1912408400713
0.008855,442,077_AlSiMg_200W_500mms_M0_G13_Test_StepoverAlt0443.tif,0.0,1.8,1.688,0.05,0.057,1919.7819668971395
0.00886,443,077_AlSiMg_200W_500mms_M0_G13_Test_StepoverAlt0444.tif,0.0,1.791,1.672,0.051,0.059,1895.9226754779743
0.008865,443,077_AlSiMg_200W_500mms_M0_G13_Test_StepoverAlt0444.tif,0.0,1.781,1.66,0.05,0.059,1849.1696963603317
0.00887,443,077_AlSiMg_200W_500mms_M0_G13_Test_StepoverAlt0444.tif,-0.002,1.772,1.63,0.047,0.058,1785.8920155749925
0.008875,443,077_AlSiMg_200W_500mms_M0_G13_Test_StepoverAlt0444.tif,-0.002,1.772,1.646,0.048,0.06,1805.8216340579143
0.00888,444,077_AlSiMg_200W_500mms_M0_G13_Test_StepoverAlt0445.tif,0.0,1.77,1.64,0.047,0.057,1814.3098951555883
0.008885,444,077_AlSiMg_200W_500mms_M0_G13_Test_StepoverAlt0445.tif,0.0,1.773,1.651,0.051,0.058,1851.1330213086057
0.00889,444,077_AlSiMg_200W_500mms_M0_G13_Test_StepoverAlt0445.tif,0.001,1.783,1.66,0.047,0.055,1921.7878560786928
0.008895,444,077_AlSiMg_200W_500mms_M0_G13_Test_StepoverAlt0445.tif,-0.002,1.793,1.651,0.049,0.058,1937.8223899130267
0.0089,445,077_AlSiMg_200W_500mms_M0_G13_Test_StepoverAlt0446.tif,-0.002,1.801,1.651,0.051,0.059,1893.9909157776606
0.008905,445,077_AlSiMg_200W_500mms_M0_G13_Test_StepoverAlt0446.tif,-0.001,1.804,1.654,0.047,0.056,1885.5026546799859
0.00891,445,077_AlSiMg_200W_500mms_M0_G13_Test_StepoverAlt0446.tif,0.0,1.802,1.637,0.049,0.058,1866.3264119278283
0.008915,445,077_AlSiMg_200W_500mms_M0_G13_Test_StepoverAlt0446.tif,0.0,1.801,1.625,0.05,0.059,1842.4245562753836
0.00892,446,077_AlSiMg_200W_500mms_M0_G13_Test_StepoverAlt0447.tif,0.0,1.798,1.656,0.048,0.058,1829.5911125318512
0.008925,446,077_AlSiMg_200W_500mms_M0_G13_Test_StepoverAlt0447.tif,-0.002,1.795,1.646,0.049,0.058,1823.2483135232258
0.00893,446,077_AlSiMg_200W_500mms_M0_G13_Test_StepoverAlt0447.tif,0.0,1.779,1.664,0.048,0.058,1783.3526607715557
0.008935,446,077_AlSiMg_200W_500mms_M0_G13_Test_StepoverAlt0447.tif,-0.001,1.776,1.646,0.047,0.056,1796.186104515088
0.00894,447,077_AlSiMg_200W_500mms_M0_G13_Test_StepoverAlt0448.tif,-0.002,1.773,1.644,0.047,0.058,1789.8433055064627
0.008945,447,077_AlSiMg_200W_500mms_M0_G13_Test_StepoverAlt0448.tif,0.0,1.776,1.637,0.047,0.056,1843.848642589502
0.00895,447,077_AlSiMg_200W_500mms_M0_G13_Test_StepoverAlt0448.tif,0.001,1.776,1.633,0.047,0.056,1861.7522292944545
0.008955,447,077_AlSiMg_200W_500mms_M0_G13_Test_StepoverAlt0448.tif,-0.002,1.781,1.608,0.048,0.055,1861.7522292944545
0.00896,448,077_AlSiMg_200W_500mms_M0_G13_Test_StepoverAlt0449.tif,-0.001,1.797,1.612,0.047,0.055,1902.9241226339618
0.008965,448,077_AlSiMg_200W_500mms_M0_G13_Test_StepoverAlt0449.tif,-0.002,1.807,1.615,0.047,0.058,1902.9241226339618
0.00897,448,077_AlSiMg_200W_500mms_M0_G13_Test_StepoverAlt0449.tif,-0.001,1.812,1.616,0.048,0.055,1831.2719021500627
0.008975,448,077_AlSiMg_200W_500mms_M0_G13_Test_StepoverAlt0449.tif,0.001,1.815,1.625,0.047,0.056,1782.8879883007182
0.00898,449,077_AlSiMg_200W_500mms_M0_G13_Test_StepoverAlt0450.tif,-0.002,1.809,1.639,0.047,0.058,1857.6114905006525
0.008985,449,077_AlSiMg_200W_500mms_M0_G13_Test_StepoverAlt0450.tif,0.0,1.807,1.663,0.047,0.058,1822.7823961697704
0.00899,449,077_AlSiMg_200W_500mms_M0_G13_Test_StepoverAlt0450.tif,-0.002,1.802,1.654,0.049,0.056,1809.9489524262383
0.008995,449,077_AlSiMg_200W_500mms_M0_G13_Test_StepoverAlt0450.tif,-0.002,1.79,1.678,0.049,0.058,1858.3328662755825
0.009,450,077_AlSiMg_200W_500mms_M0_G13_Test_StepoverAlt0451.tif,0.001,1.777,1.689,0.048,0.058,1941.8520982939167
0.009005,450,077_AlSiMg_200W_500mms_M0_G13_Test_StepoverAlt0451.tif,-0.002,1.775,1.712,0.047,0.055,1964.4707166820494
0.00901,450,077_AlSiMg_200W_500mms_M0_G13_Test_StepoverAlt0451.tif,0.0,1.773,1.667,0.052,0.059,1892.9610605335754
0.009015,450,077_AlSiMg_200W_500mms_M0_G13_Test_StepoverAlt0451.tif,-0.002,1.776,1.709,0.049,0.055,1950.0376793326498
0.00902,451,077_AlSiMg_200W_500mms_M0_G13_Test_StepoverAlt0452.tif,0.0,1.779,1.712,0.044,0.057,1916.0995587933637
0.009025,451,077_AlSiMg_200W_500mms_M0_G13_Test_StepoverAlt0452.tif,0.0,1.784,1.674,0.049,0.056,1997.3417922645513
0.00903,451,077_AlSiMg_200W_500mms_M0_G13_Test_StepoverAlt0452.tif,-0.001,1.794,1.672,0.047,0.057,1899.9996716764842
0.009035,451,077_AlSiMg_200W_500mms_M0_G13_Test_StepoverAlt0452.tif,0.0,1.798,1.654,0.054,0.058,1983.0701155212857
0.00904,452,077_AlSiMg_200W_500mms_M0_G13_Test_StepoverAlt0453.tif,-0.001,1.797,1.644,0.047,0.058,1942.0320026550683
0.009045,452,077_AlSiMg_200W_500mms_M0_G13_Test_StepoverAlt0453.tif,-0.001,1.797,1.667,0.047,0.055,1961.2715986787266
0.00905,452,077_AlSiMg_200W_500mms_M0_G13_Test_StepoverAlt0453.tif,-0.002,1.793,1.668,0.048,0.057,1854.2513276243221
0.009055,452,077_AlSiMg_200W_500mms_M0_G13_Test_StepoverAlt0453.tif,-0.002,1.793,1.681,0.048,0.057,1908.942589825545
0.00906,453,077_AlSiMg_200W_500mms_M0_G13_Test_StepoverAlt0454.tif,-0.001,1.787,1.688,0.05,0.058,1908.942589825545
0.009065,453,077_AlSiMg_200W_500mms_M0_G13_Test_StepoverAlt0454.tif,-0.002,1.772,1.699,0.049,0.057,1889.7029938018866
0.00907,453,077_AlSiMg_200W_500mms_M0_G13_Test_StepoverAlt0454.tif,0.0,1.77,1.692,0.047,0.055,1889.7029938018866
0.009075,453,077_AlSiMg_200W_500mms_M0_G13_Test_StepoverAlt0454.tif,-0.001,1.77,1.681,0.047,0.057,1880.3457132161136
0.00908,454,077_AlSiMg_200W_500mms_M0_G13_Test_StepoverAlt0455.tif,0.001,1.773,1.66,0.048,0.057,1802.7477271185667
0.009085,454,077_AlSiMg_200W_500mms_M0_G13_Test_StepoverAlt0455.tif,0.0,1.781,1.713,0.047,0.055,1788.0492026029394
0.00909,454,077_AlSiMg_200W_500mms_M0_G13_Test_StepoverAlt0455.tif,0.001,1.781,1.684,0.044,0.056,1767.049033664167
0.009095,454,077_AlSiMg_200W_500mms_M0_G13_Test_StepoverAlt0455.tif,-0.002,1.797,1.689,0.048,0.057,1784.9365928576724
0.0091,455,077_AlSiMg_200W_500mms_M0_G13_Test_StepoverAlt0456.tif,-0.002,1.808,1.682,0.045,0.056,2135.162799282608
0.009105,455,077_AlSiMg_200W_500mms_M0_G13_Test_StepoverAlt0456.tif,0.0,1.808,1.672,0.048,0.056,2206.453437028276
0.00911,455,077_AlSiMg_200W_500mms_M0_G13_Test_StepoverAlt0456.tif,0.0,1.804,1.705,0.054,0.053,2149.8613237982354
0.009115,455,077_AlSiMg_200W_500mms_M0_G13_Test_StepoverAlt0456.tif,-0.002,1.801,1.688,0.047,0.055,2128.2503381912747
0.00912,456,077_AlSiMg_200W_500mms_M0_G13_Test_StepoverAlt0457.tif,-0.002,1.801,1.692,0.044,0.056,2118.4611609072917
0.009125,456,077_AlSiMg_200W_500mms_M0_G13_Test_StepoverAlt0457.tif,0.001,1.797,1.678,0.046,0.059,1764.9727501502596
0.00913,456,077_AlSiMg_200W_500mms_M0_G13_Test_StepoverAlt0457.tif,-0.001,1.78,1.661,0.045,0.053,1758.372607544154
0.009135,456,077_AlSiMg_200W_500mms_M0_G13_Test_StepoverAlt0457.tif,0.0,1.779,1.707,0.046,0.054,1771.3494784758525
0.00914,457,077_AlSiMg_200W_500mms_M0_G13_Test_StepoverAlt0458.tif,0.0,1.775,1.672,0.045,0.053,1799.5148397115267
0.009145,457,077_AlSiMg_200W_500mms_M0_G13_Test_StepoverAlt0458.tif,0.001,1.777,1.644,0.044,0.055,1788.21139561268
0.00915,457,077_AlSiMg_200W_500mms_M0_G13_Test_StepoverAlt0458.tif,-0.001,1.781,1.637,0.047,0.058,1814.7419065793317
0.009155,457,077_AlSiMg_200W_500mms_M0_G13_Test_StepoverAlt0458.tif,0.0,1.786,1.657,0.047,0.056,1787.4039286461514
0.00916,458,077_AlSiMg_200W_500mms_M0_G13_Test_StepoverAlt0459.tif,-0.002,1.795,1.64,0.048,0.055,1831.019170944493
0.009165,458,077_AlSiMg_200W_500mms_M0_G13_Test_StepoverAlt0459.tif,-0.002,1.805,1.699,0.047,0.057,1861.4994980888848
0.00917,458,077_AlSiMg_200W_500mms_M0_G13_Test_StepoverAlt0459.tif,0.0,1.808,1.671,0.048,0.057,1902.6713914283926
0.009175,458,077_AlSiMg_200W_500mms_M0_G13_Test_StepoverAlt0459.tif,0.0,1.807,1.693,0.047,0.056,1848.6660543453531
0.00918,459,077_AlSiMg_200W_500mms_M0_G13_Test_StepoverAlt0460.tif,0.0,1.8,1.665,0.048,0.055,1940.08859316616
0.009185,459,077_AlSiMg_200W_500mms_M0_G13_Test_StepoverAlt0460.tif,-0.002,1.795,1.654,0.048,0.058,1906.4032038324433
0.00919,459,077_AlSiMg_200W_500mms_M0_G13_Test_StepoverAlt0460.tif,0.0,1.797,1.72,0.052,0.058,2009.6755115319102
0.009195,459,077_AlSiMg_200W_500mms_M0_G13_Test_StepoverAlt0460.tif,0.0,1.784,1.703,0.047,0.058,2009.6755115319102
0.0092,460,077_AlSiMg_200W_500mms_M0_G13_Test_StepoverAlt0461.tif,-0.001,1.77,1.695,0.053,0.058,2006.474421441109
0.009205,460,077_AlSiMg_200W_500mms_M0_G13_Test_StepoverAlt0461.tif,-0.001,1.765,1.754,0.048,0.055,1972.2583097941429
0.00921,460,077_AlSiMg_200W_500mms_M0_G13_Test_StepoverAlt0461.tif,0.0,1.768,1.712,0.047,0.057,2020.6422236434871
0.009215,460,077_AlSiMg_200W_500mms_M0_G13_Test_StepoverAlt0461.tif,0.0,1.772,1.72,0.048,0.055,1938.46253732685
0.00922,461,077_AlSiMg_200W_500mms_M0_G13_Test_StepoverAlt0462.tif,-0.001,1.775,1.671,0.047,0.055,1866.810316842951
0.009225,461,077_AlSiMg_200W_500mms_M0_G13_Test_StepoverAlt0462.tif,0.0,1.784,1.658,0.048,0.056,1852.3645235328927
0.00923,461,077_AlSiMg_200W_500mms_M0_G13_Test_StepoverAlt0462.tif,-0.001,1.797,1.67,0.047,0.058,1832.2852515762156
0.009235,461,077_AlSiMg_200W_500mms_M0_G13_Test_StepoverAlt0462.tif,-0.001,1.802,1.647,0.047,0.058,1790.2062644214725
0.00924,462,077_AlSiMg_200W_500mms_M0_G13_Test_StepoverAlt0463.tif,0.0,1.802,1.654,0.048,0.056,1753.0791092043091
0.009245,462,077_AlSiMg_200W_500mms_M0_G13_Test_StepoverAlt0463.tif,-0.001,1.804,1.658,0.049,0.06,1789.9022353573266
0.00925,462,077_AlSiMg_200W_500mms_M0_G13_Test_StepoverAlt0463.tif,-0.002,1.8,1.681,0.047,0.057,1797.746100569443
0.009255,462,077_AlSiMg_200W_500mms_M0_G13_Test_StepoverAlt0463.tif,-0.001,1.801,1.716,0.049,0.058,1782.9962781952388
0.00926,463,077_AlSiMg_200W_500mms_M0_G13_Test_StepoverAlt0464.tif,0.0,1.794,1.658,0.045,0.055,1825.0752653499815
0.009265,463,077_AlSiMg_200W_500mms_M0_G13_Test_StepoverAlt0464.tif,-0.001,1.777,1.681,0.049,0.058,1804.0750964112092
0.00927,463,077_AlSiMg_200W_500mms_M0_G13_Test_StepoverAlt0464.tif,-0.001,1.772,1.717,0.047,0.055,1893.110764106524
0.009275,463,077_AlSiMg_200W_500mms_M0_G13_Test_StepoverAlt0464.tif,0.001,1.775,1.681,0.045,0.056,1906.0509773039132
0.00928,464,077_AlSiMg_200W_500mms_M0_G13_Test_StepoverAlt0465.tif,0.0,1.779,1.671,0.05,0.055,1906.0509773039132
0.009285,464,077_AlSiMg_200W_500mms_M0_G13_Test_StepoverAlt0465.tif,0.001,1.781,1.678,0.049,0.059,1894.4901896075862
0.00929,464,077_AlSiMg_200W_500mms_M0_G13_Test_StepoverAlt0465.tif,0.0,1.787,1.689,0.049,0.058,1934.7299545700166
0.009295,464,077_AlSiMg_200W_500mms_M0_G13_Test_StepoverAlt0465.tif,0.001,1.801,1.664,0.049,0.058,1869.596142527147
0.0093,465,077_AlSiMg_200W_500mms_M0_G13_Test_StepoverAlt0466.tif,0.0,1.802,1.663,0.048,0.057,1817.415573664353
0.009305,465,077_AlSiMg_200W_500mms_M0_G13_Test_StepoverAlt0466.tif,0.001,1.805,1.667,0.051,0.059,1874.9486847154199
0.00931,465,077_AlSiMg_200W_500mms_M0_G13_Test_StepoverAlt0466.tif,0.0,1.804,1.745,0.045,0.058,1895.8667529975203
0.009315,465,077_AlSiMg_200W_500mms_M0_G13_Test_StepoverAlt0466.tif,0.001,1.801,1.705,0.048,0.054,1942.8359639521873
0.00932,466,077_AlSiMg_200W_500mms_M0_G13_Test_StepoverAlt0467.tif,0.0,1.797,1.678,0.05,0.058,1896.5567754567833
0.009325,466,077_AlSiMg_200W_500mms_M0_G13_Test_StepoverAlt0467.tif,0.001,1.787,1.663,0.051,0.058,1945.600149310931
0.00933,466,077_AlSiMg_200W_500mms_M0_G13_Test_StepoverAlt0467.tif,-0.001,1.773,1.644,0.047,0.057,1844.6895364781326
0.009335,466,077_AlSiMg_200W_500mms_M0_G13_Test_StepoverAlt0467.tif,0.0,1.768,1.623,0.048,0.058,1844.6895364781326
0.00934,467,077_AlSiMg_200W_500mms_M0_G13_Test_StepoverAlt0468.tif,-0.001,1.766,1.622,0.045,0.056,1764.034936189749
0.009345,467,077_AlSiMg_200W_500mms_M0_G13_Test_StepoverAlt0468.tif,0.0,1.766,1.618,0.05,0.058,1767.23602628055
0.00935,467,077_AlSiMg_200W_500mms_M0_G13_Test_StepoverAlt0468.tif,0.0,1.77,1.635,0.047,0.058,1736.5052257647635
0.009355,467,077_AlSiMg_200W_500mms_M0_G13_Test_StepoverAlt0468.tif,0.001,1.776,1.657,0.048,0.058,1752.4279147557609
0.00936,468,077_AlSiMg_200W_500mms_M0_G13_Test_StepoverAlt0469.tif,-0.002,1.787,1.647,0.047,0.059,1700.9916470152452
0.009365,468,077_AlSiMg_200W_500mms_M0_G13_Test_StepoverAlt0469.tif,-0.001,1.801,1.651,0.05,0.061,1737.8147731682625
0.00937,468,077_AlSiMg_200W_500mms_M0_G13_Test_StepoverAlt0469.tif,0.0,1.807,1.642,0.049,0.06,1734.6136830774612
0.009375,468,077_AlSiMg_200W_500mms_M0_G13_Test_StepoverAlt0469.tif,0.0,1.805,1.636,0.049,0.058,1802.388862393611
0.00938,469,077_AlSiMg_200W_500mms_M0_G13_Test_StepoverAlt0470.tif,0.001,1.804,1.633,0.047,0.057,1810.6674324321873
0.009385,469,077_AlSiMg_200W_500mms_M0_G13_Test_StepoverAlt0470.tif,-0.002,1.802,1.67,0.049,0.057,1838.0478950713018
0.00939,469,077_AlSiMg_200W_500mms_M0_G13_Test_StepoverAlt0470.tif,0.001,1.797,1.67,0.048,0.058,1822.0088473277908
0.009395,469,077_AlSiMg_200W_500mms_M0_G13_Test_StepoverAlt0470.tif,0.001,1.786,1.625,0.048,0.057,1800.729943838065
0.0094,470,077_AlSiMg_200W_500mms_M0_G13_Test_StepoverAlt0471.tif,0.0,1.776,1.636,0.049,0.059,1794.4225954861863
0.009405,470,077_AlSiMg_200W_500mms_M0_G13_Test_StepoverAlt0471.tif,-0.002,1.776,1.623,0.049,0.061,1813.5988382383443
0.00941,470,077_AlSiMg_200W_500mms_M0_G13_Test_StepoverAlt0471.tif,-0.002,1.777,1.678,0.047,0.055,1851.565669388527
0.009415,470,077_AlSiMg_200W_500mms_M0_G13_Test_StepoverAlt0471.tif,0.0,1.781,1.636,0.049,0.058,1830.7815909790206
0.00942,471,077_AlSiMg_200W_500mms_M0_G13_Test_StepoverAlt0472.tif,-0.002,1.781,1.668,0.048,0.055,1871.3000904924047
0.009425,471,077_AlSiMg_200W_500mms_M0_G13_Test_StepoverAlt0472.tif,0.0,1.791,1.698,0.047,0.058,1840.5630600439204
0.00943,471,077_AlSiMg_200W_500mms_M0_G13_Test_StepoverAlt0472.tif,-0.001,1.804,1.685,0.048,0.057,1840.5630600439204
0.009435,471,077_AlSiMg_200W_500mms_M0_G13_Test_StepoverAlt0472.tif,0.001,1.809,1.692,0.048,0.058,1765.665762662336
0.00944,472,077_AlSiMg_200W_500mms_M0_G13_Test_StepoverAlt0473.tif,0.001,1.811,1.734,0.049,0.058,1817.238711189558
0.009445,472,077_AlSiMg_200W_500mms_M0_G13_Test_StepoverAlt0473.tif,-0.003,1.805,1.742,0.046,0.057,1858.276824055775
0.00945,472,077_AlSiMg_200W_500mms_M0_G13_Test_StepoverAlt0473.tif,0.0,1.805,1.752,0.048,0.056,1855.075733964974
0.009455,472,077_AlSiMg_200W_500mms_M0_G13_Test_StepoverAlt0473.tif,-0.001,1.797,1.696,0.049,0.056,1829.4314217014303
0.00946,473,077_AlSiMg_200W_500mms_M0_G13_Test_StepoverAlt0474.tif,-0.001,1.788,1.668,0.047,0.057,1881.0604124484598
0.009465,473,077_AlSiMg_200W_500mms_M0_G13_Test_StepoverAlt0474.tif,0.0,1.777,1.667,0.046,0.056,1863.1728532549544
0.00947,473,077_AlSiMg_200W_500mms_M0_G13_Test_StepoverAlt0474.tif,-0.002,1.773,1.651,0.047,0.055,1815.6550816437964
0.009475,473,077_AlSiMg_200W_500mms_M0_G13_Test_StepoverAlt0474.tif,0.001,1.776,1.657,0.048,0.057,1852.7822368609602
0.00948,474,077_AlSiMg_200W_500mms_M0_G13_Test_StepoverAlt0475.tif,-0.002,1.777,1.675,0.046,0.055,1938.945543559553
0.009485,474,077_AlSiMg_200W_500mms_M0_G13_Test_StepoverAlt0475.tif,0.001,1.783,1.649,0.048,0.056,1938.945543559553
0.00949,474,077_AlSiMg_200W_500mms_M0_G13_Test_StepoverAlt0475.tif,0.001,1.787,1.65,0.049,0.055,1898.7057785971224
0.009495,474,077_AlSiMg_200W_500mms_M0_G13_Test_StepoverAlt0475.tif,-0.002,1.801,1.65,0.047,0.055,1919.8839618576906
0.0095,475,077_AlSiMg_200W_500mms_M0_G13_Test_StepoverAlt0476.tif,-0.002,1.808,1.625,0.045,0.056,1843.3194767436332
0.009505,475,077_AlSiMg_200W_500mms_M0_G13_Test_StepoverAlt0476.tif,-0.002,1.809,1.64,0.047,0.055,1800.6686183567895
0.00951,475,077_AlSiMg_200W_500mms_M0_G13_Test_StepoverAlt0476.tif,-0.001,1.805,1.651,0.047,0.06,1769.9315879083047
0.009515,475,077_AlSiMg_200W_500mms_M0_G13_Test_StepoverAlt0476.tif,0.001,1.8,1.653,0.049,0.057,1857.1405638254023
0.00952,476,077_AlSiMg_200W_500mms_M0_G13_Test_StepoverAlt0477.tif,0.0,1.795,1.681,0.048,0.058,1845.5797761290753
0.009525,476,077_AlSiMg_200W_500mms_M0_G13_Test_StepoverAlt0477.tif,-0.002,1.787,1.657,0.051,0.058,1873.7540459952138
0.00953,476,077_AlSiMg_200W_500mms_M0_G13_Test_StepoverAlt0477.tif,0.0,1.776,1.647,0.049,0.058,1896.7862578893885
0.009535,476,077_AlSiMg_200W_500mms_M0_G13_Test_StepoverAlt0477.tif,0.0,1.766,1.628,0.048,0.059,1882.3221077678318
0.00954,477,077_AlSiMg_200W_500mms_M0_G13_Test_StepoverAlt0478.tif,-0.002,1.766,1.665,0.05,0.057,1825.5267988986132
0.009545,477,077_AlSiMg_200W_500mms_M0_G13_Test_StepoverAlt0478.tif,-0.001,1.766,1.637,0.048,0.059,1791.886406024899
0.00955,477,077_AlSiMg_200W_500mms_M0_G13_Test_StepoverAlt0478.tif,0.001,1.77,1.636,0.05,0.06,1825.5267988986132
0.009555,477,077_AlSiMg_200W_500mms_M0_G13_Test_StepoverAlt0478.tif,-0.001,1.775,1.642,0.048,0.059,1716.4068343499282
0.00956,478,077_AlSiMg_200W_500mms_M0_G13_Test_StepoverAlt0479.tif,0.0,1.786,1.643,0.049,0.058,1730.8709844714845
0.009565,478,077_AlSiMg_200W_500mms_M0_G13_Test_StepoverAlt0479.tif,-0.002,1.804,1.63,0.045,0.058,1740.6970823860363
0.00957,478,077_AlSiMg_200W_500mms_M0_G13_Test_StepoverAlt0479.tif,-0.001,1.802,1.637,0.048,0.058,1771.1997384404494
0.009575,478,077_AlSiMg_200W_500mms_M0_G13_Test_StepoverAlt0479.tif,-0.001,1.8,1.65,0.048,0.057,1792.1178067225494
0.00958,479,077_AlSiMg_200W_500mms_M0_G13_Test_StepoverAlt0480.tif,-0.001,1.8,1.647,0.048,0.057,1807.2173588732664
0.009585,479,077_AlSiMg_200W_500mms_M0_G13_Test_StepoverAlt0480.tif,0.001,1.8,1.661,0.05,0.058,1823.2558648061233
0.00959,479,077_AlSiMg_200W_500mms_M0_G13_Test_StepoverAlt0480.tif,0.001,1.797,1.642,0.046,0.058,1844.2617376736296
0.009595,479,077_AlSiMg_200W_500mms_M0_G13_Test_StepoverAlt0480.tif,-0.002,1.786,1.637,0.048,0.057,1858.9602621892573
0.0096,480,077_AlSiMg_200W_500mms_M0_G13_Test_StepoverAlt0481.tif,-0.001,1.777,1.643,0.049,0.057,1838.0421939071573
0.009605,480,077_AlSiMg_200W_500mms_M0_G13_Test_StepoverAlt0481.tif,-0.002,1.772,1.651,0.047,0.055,1925.9913526936277
0.00961,480,077_AlSiMg_200W_500mms_M0_G13_Test_StepoverAlt0481.tif,0.001,1.776,1.707,0.049,0.058,1916.1652547790763
0.009615,480,077_AlSiMg_200W_500mms_M0_G13_Test_StepoverAlt0481.tif,0.0,1.78,1.689,0.048,0.055,1942.128592866237
0.00962,481,077_AlSiMg_200W_500mms_M0_G13_Test_StepoverAlt0482.tif,-0.001,1.779,1.657,0.05,0.06,1908.1904723269513
0.009625,481,077_AlSiMg_200W_500mms_M0_G13_Test_StepoverAlt0482.tif,-0.002,1.788,1.653,0.051,0.058,1952.0219464623176
0.00963,481,077_AlSiMg_200W_500mms_M0_G13_Test_StepoverAlt0482.tif,-0.002,1.802,1.636,0.047,0.057,1917.1928521314355
0.009635,481,077_AlSiMg_200W_500mms_M0_G13_Test_StepoverAlt0482.tif,-0.002,1.807,1.614,0.051,0.058,1939.1866572814718
0.00964,482,077_AlSiMg_200W_500mms_M0_G13_Test_StepoverAlt0483.tif,-0.001,1.808,1.642,0.049,0.058,1864.83698368769
0.009645,482,077_AlSiMg_200W_500mms_M0_G13_Test_StepoverAlt0483.tif,0.001,1.805,1.637,0.052,0.061,1871.1752687871376
0.00965,482,077_AlSiMg_200W_500mms_M0_G13_Test_StepoverAlt0483.tif,-0.001,1.805,1.709,0.049,0.06,1796.8255951933559
0.009655,482,077_AlSiMg_200W_500mms_M0_G13_Test_StepoverAlt0483.tif,-0.002,1.804,1.65,0.049,0.059,1769.370782402622
0.00966,483,077_AlSiMg_200W_500mms_M0_G13_Test_StepoverAlt0484.tif,0.001,1.793,1.686,0.049,0.06,1760.3408119864375
0.009665,483,077_AlSiMg_200W_500mms_M0_G13_Test_StepoverAlt0484.tif,-0.001,1.783,1.636,0.05,0.061,1760.3408119864375
0.00967,483,077_AlSiMg_200W_500mms_M0_G13_Test_StepoverAlt0484.tif,-0.001,1.776,1.622,0.049,0.058,1757.2036169777907
0.009675,483,077_AlSiMg_200W_500mms_M0_G13_Test_StepoverAlt0484.tif,0.001,1.772,1.608,0.049,0.06,1740.9688373185643
0.00968,484,077_AlSiMg_200W_500mms_M0_G13_Test_StepoverAlt0485.tif,-0.002,1.775,1.608,0.048,0.058,1749.2474073571404
0.009685,484,077_AlSiMg_200W_500mms_M0_G13_Test_StepoverAlt0485.tif,0.001,1.779,1.622,0.048,0.06,1733.208359613629
0.00969,484,077_AlSiMg_200W_500mms_M0_G13_Test_StepoverAlt0485.tif,0.0,1.781,1.632,0.048,0.058,1781.5946951202502
0.009695,484,077_AlSiMg_200W_500mms_M0_G13_Test_StepoverAlt0485.tif,0.001,1.794,1.633,0.049,0.059,1778.3936050294492
0.0097,485,077_AlSiMg_200W_500mms_M0_G13_Test_StepoverAlt0486.tif,0.0,1.801,1.651,0.049,0.057,1885.665578582141
0.009705,485,077_AlSiMg_200W_500mms_M0_G13_Test_StepoverAlt0486.tif,-0.001,1.8,1.672,0.047,0.057,1885.665578582141
0.00971,485,077_AlSiMg_200W_500mms_M0_G13_Test_StepoverAlt0486.tif,-0.001,1.8,1.623,0.049,0.055,1936.5337206565341
0.009715,485,077_AlSiMg_200W_500mms_M0_G13_Test_StepoverAlt0486.tif,0.001,1.797,1.608,0.048,0.058,1956.5659606552454
0.00972,486,077_AlSiMg_200W_500mms_M0_G13_Test_StepoverAlt0487.tif,-0.001,1.795,1.608,0.048,0.055,1954.4947266783995
0.009725,486,077_AlSiMg_200W_500mms_M0_G13_Test_StepoverAlt0487.tif,0.0,1.787,1.604,0.049,0.056,1937.8072063787163
0.00973,486,077_AlSiMg_200W_500mms_M0_G13_Test_StepoverAlt0487.tif,-0.002,1.777,1.616,0.051,0.062,1956.9834491308743
0.009735,486,077_AlSiMg_200W_500mms_M0_G13_Test_StepoverAlt0487.tif,0.0,1.769,1.67,0.051,0.058,1940.0224908481978
0.00974,487,077_AlSiMg_200W_500mms_M0_G13_Test_StepoverAlt0488.tif,0.001,1.766,1.65,0.049,0.058,1882.9458720491234
0.009745,487,077_AlSiMg_200W_500mms_M0_G13_Test_StepoverAlt0488.tif,0.0,1.77,1.674,0.049,0.057,1870.571312715911
0.00975,487,077_AlSiMg_200W_500mms_M0_G13_Test_StepoverAlt0488.tif,0.001,1.775,1.623,0.048,0.058,1847.6579068626445
0.009755,487,077_AlSiMg_200W_500mms_M0_G13_Test_StepoverAlt0488.tif,-0.002,1.781,1.65,0.047,0.058,1828.4816641104867
0.00976,488,077_AlSiMg_200W_500mms_M0_G13_Test_StepoverAlt0489.tif,0.0,1.794,1.65,0.05,0.058,1848.5139041091977
0.009765,488,077_AlSiMg_200W_500mms_M0_G13_Test_StepoverAlt0489.tif,0.0,1.805,1.639,0.048,0.058,1837.17194740294
0.00977,488,077_AlSiMg_200W_500mms_M0_G13_Test_StepoverAlt0489.tif,0.0,1.812,1.628,0.049,0.056,1805.775456949652
0.009775,488,077_AlSiMg_200W_500mms_M0_G13_Test_StepoverAlt0489.tif,0.001,1.805,1.625,0.049,0.06,1765.6811459153942
0.00978,489,077_AlSiMg_200W_500mms_M0_G13_Test_StepoverAlt0490.tif,0.0,1.805,1.632,0.045,0.058,1765.6811459153946
0.009785,489,077_AlSiMg_200W_500mms_M0_G13_Test_StepoverAlt0490.tif,-0.001,1.801,1.654,0.048,0.058,1771.6122440038441
0.00979,489,077_AlSiMg_200W_500mms_M0_G13_Test_StepoverAlt0490.tif,-0.001,1.801,1.672,0.048,0.058,1771.6122440038441
0.009795,489,077_AlSiMg_200W_500mms_M0_G13_Test_StepoverAlt0490.tif,0.0,1.786,1.646,0.051,0.058,1823.7928128666383
0.0098,490,077_AlSiMg_200W_500mms_M0_G13_Test_StepoverAlt0491.tif,-0.002,1.776,1.693,0.049,0.06,1857.7188779930007
0.009805,490,077_AlSiMg_200W_500mms_M0_G13_Test_StepoverAlt0491.tif,-0.002,1.773,1.682,0.049,0.059,1876.895120745158
0.00981,490,077_AlSiMg_200W_500mms_M0_G13_Test_StepoverAlt0491.tif,0.001,1.773,1.656,0.048,0.056,1783.1566033418471
0.009815,490,077_AlSiMg_200W_500mms_M0_G13_Test_StepoverAlt0491.tif,-0.001,1.772,1.661,0.049,0.058,1813.6748028002633
0.00982,491,077_AlSiMg_200W_500mms_M0_G13_Test_StepoverAlt0492.tif,0.001,1.777,1.632,0.047,0.059,1829.7138505437742
0.009825,491,077_AlSiMg_200W_500mms_M0_G13_Test_StepoverAlt0492.tif,-0.001,1.788,1.643,0.049,0.058,1785.9847672286692
0.00983,491,077_AlSiMg_200W_500mms_M0_G13_Test_StepoverAlt0492.tif,0.001,1.804,1.636,0.049,0.058,2030.4023928832078
0.009835,491,077_AlSiMg_200W_500mms_M0_G13_Test_StepoverAlt0492.tif,0.0,1.812,1.63,0.045,0.055,2080.309436151152
0.00984,492,077_AlSiMg_200W_500mms_M0_G13_Test_StepoverAlt0493.tif,-0.002,1.812,1.619,0.055,0.056,2057.9321033081933
0.009845,492,077_AlSiMg_200W_500mms_M0_G13_Test_StepoverAlt0493.tif,-0.002,1.809,1.622,0.049,0.058,2057.932103308193
0.00985,492,077_AlSiMg_200W_500mms_M0_G13_Test_StepoverAlt0493.tif,0.001,1.808,1.654,0.047,0.057,2050.0882380960766
0.009855,492,077_AlSiMg_200W_500mms_M0_G13_Test_StepoverAlt0493.tif,0.001,1.798,1.646,0.049,0.058,1765.0553713016332
0.00986,493,077_AlSiMg_200W_500mms_M0_G13_Test_StepoverAlt0494.tif,-0.001,1.791,1.642,0.047,0.058,1765.0553713016332
0.009865,493,077_AlSiMg_200W_500mms_M0_G13_Test_StepoverAlt0494.tif,0.001,1.779,1.657,0.05,0.062,1781.0899051359665
0.00987,493,077_AlSiMg_200W_500mms_M0_G13_Test_StepoverAlt0494.tif,0.001,1.77,1.664,0.049,0.058,1731.1828618680222
0.009875,493,077_AlSiMg_200W_500mms_M0_G13_Test_StepoverAlt0494.tif,0.001,1.772,1.649,0.047,0.056,1837.0511939988876
0.00988,494,077_AlSiMg_200W_500mms_M0_G13_Test_StepoverAlt0495.tif,0.0,1.775,1.647,0.047,0.059,1844.0260422650779
0.009885,494,077_AlSiMg_200W_500mms_M0_G13_Test_StepoverAlt0495.tif,-0.002,1.773,1.628,0.052,0.058,1878.8551365959597
0.00989,494,077_AlSiMg_200W_500mms_M0_G13_Test_StepoverAlt0495.tif,0.001,1.781,1.636,0.048,0.059,1906.1160038866851
0.009895,494,077_AlSiMg_200W_500mms_M0_G13_Test_StepoverAlt0495.tif,-0.002,1.795,1.64,0.048,0.055,1956.0230471546292
0.0099,495,077_AlSiMg_200W_500mms_M0_G13_Test_StepoverAlt0496.tif,-0.003,1.802,1.66,0.05,0.058,1850.1547150237645
0.009905,495,077_AlSiMg_200W_500mms_M0_G13_Test_StepoverAlt0496.tif,0.001,1.804,1.657,0.049,0.058,1846.9719817444613
0.00991,495,077_AlSiMg_200W_500mms_M0_G13_Test_StepoverAlt0496.tif,0.002,1.801,1.653,0.047,0.058,1775.3197612605622
0.009915,495,077_AlSiMg_200W_500mms_M0_G13_Test_StepoverAlt0496.tif,0.001,1.797,1.632,0.047,0.058,1748.0588939698366
0.00992,496,077_AlSiMg_200W_500mms_M0_G13_Test_StepoverAlt0497.tif,-0.002,1.795,1.632,0.047,0.058,1765.9270300180422
0.009925,496,077_AlSiMg_200W_500mms_M0_G13_Test_StepoverAlt0497.tif,0.001,1.787,1.672,0.047,0.056,1773.7708952301589
0.00993,496,077_AlSiMg_200W_500mms_M0_G13_Test_StepoverAlt0497.tif,-0.002,1.776,1.78,0.049,0.057,1800.976625818935
0.009935,496,077_AlSiMg_200W_500mms_M0_G13_Test_StepoverAlt0497.tif,0.0,1.775,1.723,0.045,0.055,1869.4836708419705
0.00994,497,077_AlSiMg_200W_500mms_M0_G13_Test_StepoverAlt0498.tif,-0.002,1.769,1.712,0.046,0.055,1887.3872575469231
0.009945,497,077_AlSiMg_200W_500mms_M0_G13_Test_StepoverAlt0498.tif,-0.001,1.772,1.723,0.047,0.054,1829.4509184480153
0.00995,497,077_AlSiMg_200W_500mms_M0_G13_Test_StepoverAlt0498.tif,0.0,1.777,1.678,0.047,0.055,1811.6772002712733
0.009955,497,077_AlSiMg_200W_500mms_M0_G13_Test_StepoverAlt0498.tif,-0.001,1.779,1.681,0.046,0.057,1792.3153348946137
0.00996,498,077_AlSiMg_200W_500mms_M0_G13_Test_StepoverAlt0499.tif,0.0,1.794,1.647,0.044,0.055,1751.0140204603545
0.009965,498,077_AlSiMg_200W_500mms_M0_G13_Test_StepoverAlt0499.tif,0.002,1.802,1.622,0.045,0.055,1667.943576615553
0.00997,498,077_AlSiMg_200W_500mms_M0_G13_Test_StepoverAlt0499.tif,-0.002,1.808,1.601,0.046,0.055,1701.66898065763
0.009975,498,077_AlSiMg_200W_500mms_M0_G13_Test_StepoverAlt0499.tif,0.001,1.805,1.602,0.044,0.057,1729.2457170231148
0.00998,499,077_AlSiMg_200W_500mms_M0_G13_Test_StepoverAlt0500.tif,-0.002,1.808,1.618,0.047,0.056,1718.156774913313
0.009985,499,077_AlSiMg_200W_500mms_M0_G13_Test_StepoverAlt0500.tif,0.0,1.807,1.637,0.048,0.058,1705.3968376345954
0.00999,499,077_AlSiMg_200W_500mms_M0_G13_Test_StepoverAlt0500.tif,-0.002,1.801,1.639,0.046,0.057,1708.686877176764
0.009995,499,077_AlSiMg_200W_500mms_M0_G13_Test_StepoverAlt0500.tif,0.0,1.788,1.675,0.047,0.057,1726.5904638817167
0.01,500,077_AlSiMg_200W_500mms_M0_G13_Test_StepoverAlt0501.tif,0.0,1.781,1.635,0.045,0.058,1716.7874456929735
0.010005,500,077_AlSiMg_200W_500mms_M0_G13_Test_StepoverAlt0501.tif,-0.002,1.777,1.632,0.047,0.055,1882.50489175841
0.01001,500,077_AlSiMg_200W_500mms_M0_G13_Test_StepoverAlt0501.tif,0.0,1.777,1.633,0.045,0.055,1939.711318932251
0.010015,500,077_AlSiMg_200W_500mms_M0_G13_Test_StepoverAlt0501.tif,-0.002,1.779,1.625,0.053,0.057,2001.5881365299306
0.01002,501,077_AlSiMg_200W_500mms_M0_G13_Test_StepoverAlt0502.tif,-0.001,1.779,1.665,0.048,0.055,1936.9072843780152
0.010025,501,077_AlSiMg_200W_500mms_M0_G13_Test_StepoverAlt0502.tif,0.0,1.786,1.664,0.047,0.056,2026.4055397539655
0.01003,501,077_AlSiMg_200W_500mms_M0_G13_Test_StepoverAlt0502.tif,0.001,1.8,1.622,0.046,0.058,1929.2184352202962
0.010035,501,077_AlSiMg_200W_500mms_M0_G13_Test_StepoverAlt0502.tif,-0.001,1.802,1.651,0.049,0.055,1905.9501285857411
0.01004,502,077_AlSiMg_200W_500mms_M0_G13_Test_StepoverAlt0503.tif,-0.002,1.805,1.661,0.046,0.053,1883.313666653466
0.010045,502,077_AlSiMg_200W_500mms_M0_G13_Test_StepoverAlt0503.tif,0.0,1.8,1.661,0.047,0.055,1926.8163355448137
0.01005,502,077_AlSiMg_200W_500mms_M0_G13_Test_StepoverAlt0503.tif,0.001,1.795,1.66,0.045,0.055,1837.3180801688636
0.010055,502,077_AlSiMg_200W_500mms_M0_G13_Test_StepoverAlt0503.tif,-0.001,1.788,1.632,0.046,0.055,1929.7356610973816
0.01006,503,077_AlSiMg_200W_500mms_M0_G13_Test_StepoverAlt0504.tif,-0.001,1.78,1.615,0.045,0.055,1911.8320743924294
0.010065,503,077_AlSiMg_200W_500mms_M0_G13_Test_StepoverAlt0504.tif,-0.002,1.773,1.611,0.051,0.055,1884.4175918004596
0.01007,503,077_AlSiMg_200W_500mms_M0_G13_Test_StepoverAlt0504.tif,-0.001,1.766,1.639,0.047,0.056,1887.6921883560753
0.010075,503,077_AlSiMg_200W_500mms_M0_G13_Test_StepoverAlt0504.tif,-0.001,1.77,1.63,0.045,0.057,1869.9184701793329
0.01008,504,077_AlSiMg_200W_500mms_M0_G13_Test_StepoverAlt0505.tif,-0.001,1.772,1.636,0.047,0.056,1716.654401448554
0.010085,504,077_AlSiMg_200W_500mms_M0_G13_Test_StepoverAlt0505.tif,0.0,1.777,1.628,0.044,0.055,1700.6198676142205
0.01009,504,077_AlSiMg_200W_500mms_M0_G13_Test_StepoverAlt0505.tif,0.001,1.783,1.615,0.044,0.054,2115.0432987988984
0.010095,504,077_AlSiMg_200W_500mms_M0_G13_Test_StepoverAlt0505.tif,0.001,1.795,1.625,0.047,0.057,2095.7417855439803
0.0101,505,077_AlSiMg_200W_500mms_M0_G13_Test_StepoverAlt0506.tif,-0.001,1.808,1.637,0.057,0.056,2116.8504523980796
0.010105,505,077_AlSiMg_200W_500mms_M0_G13_Test_StepoverAlt0506.tif,0.001,1.807,1.658,0.046,0.056,2120.2555407783752
0.01011,505,077_AlSiMg_200W_500mms_M0_G13_Test_StepoverAlt0506.tif,0.0,1.807,1.64,0.046,0.056,2105.8097474683163
0.010115,505,077_AlSiMg_200W_500mms_M0_G13_Test_StepoverAlt0506.tif,-0.002,1.802,1.651,0.045,0.055,1759.3408475128363
0.01012,506,077_AlSiMg_200W_500mms_M0_G13_Test_StepoverAlt0507.tif,0.001,1.8,1.637,0.047,0.058,1738.232180658737
0.010125,506,077_AlSiMg_200W_500mms_M0_G13_Test_StepoverAlt0507.tif,-0.002,1.794,1.629,0.047,0.055,1792.338631403345
0.01013,506,077_AlSiMg_200W_500mms_M0_G13_Test_StepoverAlt0507.tif,0.0,1.781,1.633,0.044,0.055,1832.8786800405728
0.010135,506,077_AlSiMg_200W_500mms_M0_G13_Test_StepoverAlt0507.tif,-0.001,1.775,1.651,0.046,0.053,1840.7225452526895
0.01014,507,077_AlSiMg_200W_500mms_M0_G13_Test_StepoverAlt0508.tif,0.001,1.772,1.625,0.047,0.055,1806.7844247134035
0.010145,507,077_AlSiMg_200W_500mms_M0_G13_Test_StepoverAlt0508.tif,-0.001,1.776,1.612,0.045,0.055,1865.0981915273733
0.01015,507,077_AlSiMg_200W_500mms_M0_G13_Test_StepoverAlt0508.tif,-0.002,1.777,1.6,0.047,0.057,1851.3858754205128
0.010155,507,077_AlSiMg_200W_500mms_M0_G13_Test_StepoverAlt0508.tif,0.0,1.783,1.593,0.047,0.055,1823.7860399806748
0.01016,508,077_AlSiMg_200W_500mms_M0_G13_Test_StepoverAlt0509.tif,0.001,1.8,1.602,0.048,0.056,1864.326088617902
0.010165,508,077_AlSiMg_200W_500mms_M0_G13_Test_StepoverAlt0509.tif,-0.001,1.809,1.622,0.049,0.059,1880.360622452236
0.01017,508,077_AlSiMg_200W_500mms_M0_G13_Test_StepoverAlt0509.tif,0.001,1.815,1.671,0.047,0.055,1797.2901786074344
0.010175,508,077_AlSiMg_200W_500mms_M0_G13_Test_StepoverAlt0509.tif,0.002,1.815,1.63,0.047,0.056,1794.1011439295569
0.01018,509,077_AlSiMg_200W_500mms_M0_G13_Test_StepoverAlt0510.tif,-0.002,1.807,1.667,0.044,0.057,1797.1763569392158
0.010185,509,077_AlSiMg_200W_500mms_M0_G13_Test_StepoverAlt0510.tif,0.0,1.804,1.656,0.047,0.055,1797.1763569392162
0.01019,509,077_AlSiMg_200W_500mms_M0_G13_Test_StepoverAlt0510.tif,0.001,1.795,1.649,0.045,0.054,1797.1763569392162
0.010195,509,077_AlSiMg_200W_500mms_M0_G13_Test_StepoverAlt0510.tif,0.001,1.781,1.623,0.047,0.055,1839.70675214679
0.0102,510,077_AlSiMg_200W_500mms_M0_G13_Test_StepoverAlt0511.tif,0.001,1.772,1.653,0.047,0.056,1781.3929853328202
0.010205,510,077_AlSiMg_200W_500mms_M0_G13_Test_StepoverAlt0511.tif,-0.002,1.768,1.636,0.045,0.055,1805.9176077629993
0.01021,510,077_AlSiMg_200W_500mms_M0_G13_Test_StepoverAlt0511.tif,-0.002,1.768,1.604,0.048,0.06,1809.1066424408768
0.010215,510,077_AlSiMg_200W_500mms_M0_G13_Test_StepoverAlt0511.tif,-0.001,1.77,1.6,0.047,0.055,1827.010229145829
0.01022,511,077_AlSiMg_200W_500mms_M0_G13_Test_StepoverAlt0512.tif,-0.001,1.775,1.605,0.048,0.056,1802.8694256311414
0.010225,511,077_AlSiMg_200W_500mms_M0_G13_Test_StepoverAlt0512.tif,-0.002,1.783,1.681,0.047,0.055,1802.869425631141
0.01023,511,077_AlSiMg_200W_500mms_M0_G13_Test_StepoverAlt0512.tif,0.001,1.797,1.633,0.046,0.058,1768.931305091855
0.010235,511,077_AlSiMg_200W_500mms_M0_G13_Test_StepoverAlt0512.tif,0.0,1.802,1.618,0.044,0.055,1785.865401587669
0.01024,512,077_AlSiMg_200W_500mms_M0_G13_Test_StepoverAlt0513.tif,0.0,1.805,1.604,0.047,0.057,1785.865401587669
0.010245,512,077_AlSiMg_200W_500mms_M0_G13_Test_StepoverAlt0513.tif,-0.002,1.801,1.612,0.047,0.054,1766.2862031437048
0.01025,512,077_AlSiMg_200W_500mms_M0_G13_Test_StepoverAlt0513.tif,-0.001,1.797,1.636,0.047,0.055,1744.8195656550427
0.010255,512,077_AlSiMg_200W_500mms_M0_G13_Test_StepoverAlt0513.tif,-0.001,1.797,1.626,0.047,0.061,1698.9772818916965
0.01026,513,077_AlSiMg_200W_500mms_M0_G13_Test_StepoverAlt0514.tif,-0.002,1.788,1.686,0.045,0.058,1595.7837068732038
0.010265,513,077_AlSiMg_200W_500mms_M0_G13_Test_StepoverAlt0514.tif,0.0,1.776,1.656,0.045,0.058,1540.8454173951454
0.01027,513,077_AlSiMg_200W_500mms_M0_G13_Test_StepoverAlt0514.tif,0.0,1.773,1.695,0.044,0.057,1591.1673474517388
0.010275,513,077_AlSiMg_200W_500mms_M0_G13_Test_StepoverAlt0514.tif,-0.001,1.776,1.714,0.045,0.056,1637.0096312150852
0.01028,514,077_AlSiMg_200W_500mms_M0_G13_Test_StepoverAlt0515.tif,-0.002,1.775,1.726,0.047,0.057,1740.0583421522726
0.010285,514,077_AlSiMg_200W_500mms_M0_G13_Test_StepoverAlt0515.tif,0.0,1.779,1.723,0.047,0.057,1832.4860665828467
0.01029,514,077_AlSiMg_200W_500mms_M0_G13_Test_StepoverAlt0515.tif,-0.002,1.786,1.689,0.048,0.055,1887.4243560609048
0.010295,514,077_AlSiMg_200W_500mms_M0_G13_Test_StepoverAlt0515.tif,-0.002,1.8,1.654,0.05,0.058,1921.3624766001908
0.0103,515,077_AlSiMg_200W_500mms_M0_G13_Test_StepoverAlt0516.tif,0.001,1.808,1.657,0.047,0.055,1918.0954971796061
0.010305,515,077_AlSiMg_200W_500mms_M0_G13_Test_StepoverAlt0516.tif,-0.001,1.807,1.661,0.047,0.055,1873.6490072844833
0.01031,515,077_AlSiMg_200W_500mms_M0_G13_Test_StepoverAlt0516.tif,-0.002,1.805,1.686,0.046,0.056,1815.907812849366
0.010315,515,077_AlSiMg_200W_500mms_M0_G13_Test_StepoverAlt0516.tif,-0.001,1.8,1.684,0.046,0.055,1794.729629588798
0.01032,516,077_AlSiMg_200W_500mms_M0_G13_Test_StepoverAlt0517.tif,-0.001,1.798,1.647,0.047,0.058,1754.1895809515706
0.010325,516,077_AlSiMg_200W_500mms_M0_G13_Test_StepoverAlt0517.tif,0.0,1.791,1.636,0.046,0.055,1791.394680911441
0.01033,516,077_AlSiMg_200W_500mms_M0_G13_Test_StepoverAlt0517.tif,-0.002,1.783,1.612,0.045,0.055,1805.9727215659034
0.010335,516,077_AlSiMg_200W_500mms_M0_G13_Test_StepoverAlt0517.tif,-0.002,1.772,1.623,0.047,0.055,1820.4185148759614
0.01034,517,077_AlSiMg_200W_500mms_M0_G13_Test_StepoverAlt0518.tif,-0.001,1.773,1.618,0.045,0.053,1820.4185148759614
0.010345,517,077_AlSiMg_200W_500mms_M0_G13_Test_StepoverAlt0518.tif,-0.001,1.773,1.607,0.047,0.057,1839.780380252621
0.01035,517,077_AlSiMg_200W_500mms_M0_G13_Test_StepoverAlt0518.tif,-0.001,1.776,1.608,0.046,0.055,1839.780380252621
0.010355,517,077_AlSiMg_200W_500mms_M0_G13_Test_StepoverAlt0518.tif,-0.002,1.779,1.594,0.046,0.055,1869.6488294932817
0.01036,518,077_AlSiMg_200W_500mms_M0_G13_Test_StepoverAlt0519.tif,0.001,1.79,1.6,0.047,0.055,1882.4087667719991
0.010365,518,077_AlSiMg_200W_500mms_M0_G13_Test_StepoverAlt0519.tif,-0.002,1.802,1.621,0.048,0.055,1869.6488294932817
0.01037,518,077_AlSiMg_200W_500mms_M0_G13_Test_StepoverAlt0519.tif,-0.001,1.802,1.63,0.046,0.055,1850.2869641166224
0.010375,518,077_AlSiMg_200W_500mms_M0_G13_Test_StepoverAlt0519.tif,-0.002,1.805,1.622,0.047,0.057,1832.3833774116697
0.01038,519,077_AlSiMg_200W_500mms_M0_G13_Test_StepoverAlt0520.tif,-0.002,1.801,1.618,0.045,0.055,1787.9368875165467
0.010385,519,077_AlSiMg_200W_500mms_M0_G13_Test_StepoverAlt0520.tif,0.001,1.798,1.605,0.047,0.056,1829.2382019508063
0.01039,519,077_AlSiMg_200W_500mms_M0_G13_Test_StepoverAlt0520.tif,-0.002,1.791,1.644,0.046,0.055,1863.1763224900922
0.010395,519,077_AlSiMg_200W_500mms_M0_G13_Test_StepoverAlt0520.tif,0.001,1.777,1.642,0.047,0.054,1885.8127844223673
0.0104,520,077_AlSiMg_200W_500mms_M0_G13_Test_StepoverAlt0521.tif,0.0,1.77,1.663,0.047,0.055,1845.4026043133501
0.010405,520,077_AlSiMg_200W_500mms_M0_G13_Test_StepoverAlt0521.tif,-0.001,1.772,1.633,0.047,0.056,1869.7698222517956
0.01041,520,077_AlSiMg_200W_500mms_M0_G13_Test_StepoverAlt0521.tif,0.0,1.776,1.642,0.044,0.055,1818.9096606296196
0.010415,520,077_AlSiMg_200W_500mms_M0_G13_Test_StepoverAlt0521.tif,-0.001,1.781,1.636,0.048,0.056,1763.9713711515615
0.01042,521,077_AlSiMg_200W_500mms_M0_G13_Test_StepoverAlt0522.tif,0.0,1.784,1.609,0.048,0.058,1781.8749578565137
0.010425,521,077_AlSiMg_200W_500mms_M0_G13_Test_StepoverAlt0522.tif,0.0,1.795,1.594,0.045,0.056,1846.4960730223618
0.01043,521,077_AlSiMg_200W_500mms_M0_G13_Test_StepoverAlt0522.tif,-0.002,1.802,1.587,0.047,0.055,1794.92312449514
0.010435,521,077_AlSiMg_200W_500mms_M0_G13_Test_StepoverAlt0522.tif,-0.001,1.809,1.587,0.049,0.057,1764.1923239793534
0.01044,522,077_AlSiMg_200W_500mms_M0_G13_Test_StepoverAlt0523.tif,-0.001,1.805,1.607,0.047,0.058,1785.192492918126
0.010445,522,077_AlSiMg_200W_500mms_M0_G13_Test_StepoverAlt0523.tif,0.0,1.801,1.591,0.047,0.059,1817.463179357165
0.01045,522,077_AlSiMg_200W_500mms_M0_G13_Test_StepoverAlt0523.tif,0.0,1.798,1.609,0.047,0.057,1762.7719171559424
0.010455,522,077_AlSiMg_200W_500mms_M0_G13_Test_StepoverAlt0523.tif,-0.002,1.793,1.611,0.051,0.058,1749.6880000410158
0.01046,523,077_AlSiMg_200W_500mms_M0_G13_Test_StepoverAlt0524.tif,-0.002,1.781,1.636,0.047,0.058,1780.4188005568024
0.010465,523,077_AlSiMg_200W_500mms_M0_G13_Test_StepoverAlt0524.tif,-0.002,1.773,1.598,0.047,0.059,1820.6642694479665
0.01047,523,077_AlSiMg_200W_500mms_M0_G13_Test_StepoverAlt0524.tif,-0.001,1.766,1.595,0.048,0.058,1837.3517897476497
0.010475,523,077_AlSiMg_200W_500mms_M0_G13_Test_StepoverAlt0524.tif,-0.001,1.768,1.598,0.049,0.057,1915.075263843047
0.01048,524,077_AlSiMg_200W_500mms_M0_G13_Test_StepoverAlt0525.tif,-0.001,1.769,1.567,0.049,0.055,1964.9823071109913
0.010485,524,077_AlSiMg_200W_500mms_M0_G13_Test_StepoverAlt0525.tif,-0.002,1.773,1.57,0.05,0.057,1968.1195021196377
0.01049,524,077_AlSiMg_200W_500mms_M0_G13_Test_StepoverAlt0525.tif,-0.001,1.783,1.609,0.049,0.058,1931.075123319275
0.010495,524,077_AlSiMg_200W_500mms_M0_G13_Test_StepoverAlt0525.tif,0.0,1.798,1.604,0.049,0.059,1857.5922941503734
0.0105,525,077_AlSiMg_200W_500mms_M0_G13_Test_StepoverAlt0526.tif,0.001,1.807,1.593,0.048,0.058,1797.5157034558354
0.010505,525,077_AlSiMg_200W_500mms_M0_G13_Test_StepoverAlt0526.tif,0.0,1.809,1.602,0.05,0.06,1735.7010407159828
0.01051,525,077_AlSiMg_200W_500mms_M0_G13_Test_StepoverAlt0526.tif,0.0,1.808,1.608,0.048,0.058,1751.7400884594936
0.010515,525,077_AlSiMg_200W_500mms_M0_G13_Test_StepoverAlt0526.tif,0.0,1.807,1.591,0.047,0.06,1734.0932050586343
0.01052,526,077_AlSiMg_200W_500mms_M0_G13_Test_StepoverAlt0527.tif,-0.001,1.804,1.607,0.049,0.058,1747.0570397924864
0.010525,526,077_AlSiMg_200W_500mms_M0_G13_Test_StepoverAlt0527.tif,-0.002,1.795,1.615,0.047,0.058,1750.194234801133
0.01053,526,077_AlSiMg_200W_500mms_M0_G13_Test_StepoverAlt0527.tif,-0.002,1.781,1.626,0.049,0.058,1821.0388679571697
0.010535,526,077_AlSiMg_200W_500mms_M0_G13_Test_StepoverAlt0527.tif,0.0,1.779,1.605,0.049,0.059,1838.9070040053753
0.01054,527,077_AlSiMg_200W_500mms_M0_G13_Test_StepoverAlt0528.tif,-0.002,1.779,1.611,0.052,0.061,1916.6304781007725
0.010545,527,077_AlSiMg_200W_500mms_M0_G13_Test_StepoverAlt0528.tif,-0.002,1.779,1.639,0.049,0.057,1960.461952236139
0.01055,527,077_AlSiMg_200W_500mms_M0_G13_Test_StepoverAlt0528.tif,0.001,1.78,1.64,0.05,0.057,2403.526785692147
0.010555,527,077_AlSiMg_200W_500mms_M0_G13_Test_StepoverAlt0528.tif,0.0,1.787,1.618,0.051,0.058,2394.496815275963
0.01056,528,077_AlSiMg_200W_500mms_M0_G13_Test_StepoverAlt0529.tif,0.001,1.798,1.586,0.064,0.06,2400.530534880202
0.010565,528,077_AlSiMg_200W_500mms_M0_G13_Test_StepoverAlt0529.tif,-0.002,1.805,1.607,0.049,0.058,2346.66635220397
0.01057,528,077_AlSiMg_200W_500mms_M0_G13_Test_StepoverAlt0529.tif,-0.002,1.805,1.581,0.051,0.059,2289.871043334752
0.010575,528,077_AlSiMg_200W_500mms_M0_G13_Test_StepoverAlt0529.tif,0.0,1.805,1.594,0.05,0.06,1838.3966908024497
0.01058,529,077_AlSiMg_200W_500mms_M0_G13_Test_StepoverAlt0530.tif,0.0,1.8,1.581,0.05,0.06,1841.4692174011027
0.010585,529,077_AlSiMg_200W_500mms_M0_G13_Test_StepoverAlt0530.tif,-0.001,1.795,1.604,0.051,0.062,1787.0491622902423
0.01059,529,077_AlSiMg_200W_500mms_M0_G13_Test_StepoverAlt0530.tif,-0.002,1.793,1.604,0.05,0.059,1769.4947975656785
0.010595,529,077_AlSiMg_200W_500mms_M0_G13_Test_StepoverAlt0530.tif,0.0,1.781,1.597,0.049,0.06,1718.8372809092064
0.0106,530,077_AlSiMg_200W_500mms_M0_G13_Test_StepoverAlt0531.tif,0.0,1.77,1.604,0.049,0.06,1730.3220129951592
0.010605,530,077_AlSiMg_200W_500mms_M0_G13_Test_StepoverAlt0531.tif,0.0,1.77,1.611,0.05,0.064,1733.3313557176584
0.01061,530,077_AlSiMg_200W_500mms_M0_G13_Test_StepoverAlt0531.tif,-0.001,1.769,1.619,0.05,0.06,1750.885720442222
0.010615,530,077_AlSiMg_200W_500mms_M0_G13_Test_StepoverAlt0531.tif,-0.002,1.776,1.587,0.051,0.06,1725.7711160928575
0.01062,531,077_AlSiMg_200W_500mms_M0_G13_Test_StepoverAlt0532.tif,0.0,1.78,1.576,0.05,0.06,1764.943900663377
0.010625,531,077_AlSiMg_200W_500mms_M0_G13_Test_StepoverAlt0532.tif,0.0,1.79,1.577,0.049,0.062,1734.2514990645443
0.01063,531,077_AlSiMg_200W_500mms_M0_G13_Test_StepoverAlt0532.tif,-0.001,1.802,1.595,0.051,0.062,1754.9912671771247
0.010635,531,077_AlSiMg_200W_500mms_M0_G13_Test_StepoverAlt0532.tif,-0.001,1.805,1.587,0.049,0.061,1737.436902452561
0.01064,532,077_AlSiMg_200W_500mms_M0_G13_Test_StepoverAlt0533.tif,-0.002,1.809,1.605,0.052,0.06,1799.1515755814933
0.010645,532,077_AlSiMg_200W_500mms_M0_G13_Test_StepoverAlt0533.tif,-0.001,1.807,1.579,0.049,0.06,1816.6080592300264
0.01065,532,077_AlSiMg_200W_500mms_M0_G13_Test_StepoverAlt0533.tif,-0.002,1.805,1.584,0.051,0.06,1835.8157287429062
0.010655,532,077_AlSiMg_200W_500mms_M0_G13_Test_StepoverAlt0533.tif,-0.002,1.804,1.588,0.052,0.062,1802.0020081379014
0.01066,533,077_AlSiMg_200W_500mms_M0_G13_Test_StepoverAlt0534.tif,0.0,1.787,1.597,0.051,0.062,1887.433193388569
0.010665,533,077_AlSiMg_200W_500mms_M0_G13_Test_StepoverAlt0534.tif,0.001,1.781,1.612,0.052,0.062,1887.433193388569
0.01067,533,077_AlSiMg_200W_500mms_M0_G13_Test_StepoverAlt0534.tif,-0.001,1.775,1.604,0.055,0.062,1900.5071458809932
0.010675,533,077_AlSiMg_200W_500mms_M0_G13_Test_StepoverAlt0534.tif,0.001,1.775,1.629,0.051,0.06,1936.8744051402289
0.01068,534,077_AlSiMg_200W_500mms_M0_G13_Test_StepoverAlt0535.tif,0.0,1.779,1.63,0.051,0.06,1949.9483576326534
0.010685,534,077_AlSiMg_200W_500mms_M0_G13_Test_StepoverAlt0535.tif,0.0,1.779,1.598,0.053,0.062,1906.9540642798318
0.01069,534,077_AlSiMg_200W_500mms_M0_G13_Test_StepoverAlt0535.tif,-0.001,1.787,1.614,0.051,0.06,1893.8801117874077
0.010695,534,077_AlSiMg_200W_500mms_M0_G13_Test_StepoverAlt0535.tif,-0.001,1.8,1.604,0.053,0.062,1914.619879899988
0.0107,535,077_AlSiMg_200W_500mms_M0_G13_Test_StepoverAlt0536.tif,0.0,1.805,1.6,0.052,0.062,1895.709104289285
0.010705,535,077_AlSiMg_200W_500mms_M0_G13_Test_StepoverAlt0536.tif,-0.002,1.807,1.622,0.052,0.06,1882.6351517968608
0.01071,535,077_AlSiMg_200W_500mms_M0_G13_Test_StepoverAlt0536.tif,0.0,1.807,1.626,0.052,0.062,1840.1982598990144
0.010715,535,077_AlSiMg_200W_500mms_M0_G13_Test_StepoverAlt0536.tif,0.001,1.802,1.619,0.052,0.062,1837.2415754830097
0.01072,536,077_AlSiMg_200W_500mms_M0_G13_Test_StepoverAlt0537.tif,-0.002,1.8,1.6,0.049,0.06,1800.471170462
0.010725,536,077_AlSiMg_200W_500mms_M0_G13_Test_StepoverAlt0537.tif,-0.002,1.794,1.602,0.051,0.061,1791.4242058897612
0.01073,536,077_AlSiMg_200W_500mms_M0_G13_Test_StepoverAlt0537.tif,-0.001,1.784,1.598,0.051,0.061,1773.9677222412288
0.010735,536,077_AlSiMg_200W_500mms_M0_G13_Test_StepoverAlt0537.tif,-0.002,1.776,1.594,0.049,0.059,1780.0373548798393
0.01074,537,077_AlSiMg_200W_500mms_M0_G13_Test_StepoverAlt0538.tif,-0.002,1.776,1.58,0.051,0.062,1749.370881327212
0.010745,537,077_AlSiMg_200W_500mms_M0_G13_Test_StepoverAlt0538.tif,0.0,1.78,1.579,0.051,0.062,1768.3496193306728
0.01075,537,077_AlSiMg_200W_500mms_M0_G13_Test_StepoverAlt0538.tif,-0.001,1.78,1.57,0.05,0.062,1774.4398994869068
0.010755,537,077_AlSiMg_200W_500mms_M0_G13_Test_StepoverAlt0538.tif,-0.002,1.784,1.565,0.052,0.061,1755.232229974027
0.01076,538,077_AlSiMg_200W_500mms_M0_G13_Test_StepoverAlt0539.tif,-0.001,1.794,1.663,0.051,0.061,1806.5024342275642
0.010765,538,077_AlSiMg_200W_500mms_M0_G13_Test_StepoverAlt0539.tif,-0.001,1.802,1.636,0.049,0.061,1834.1538406336167
0.01077,538,077_AlSiMg_200W_500mms_M0_G13_Test_StepoverAlt0539.tif,0.0,1.802,1.643,0.052,0.06,1831.205739538585
0.010775,538,077_AlSiMg_200W_500mms_M0_G13_Test_StepoverAlt0539.tif,0.001,1.802,1.695,0.05,0.06,1893.389271858798
0.01078,539,077_AlSiMg_200W_500mms_M0_G13_Test_StepoverAlt0540.tif,-0.002,1.798,1.702,0.051,0.06,1893.389271858798
0.010785,539,077_AlSiMg_200W_500mms_M0_G13_Test_StepoverAlt0540.tif,0.0,1.795,1.681,0.054,0.061,1890.4694900775103
0.01079,539,077_AlSiMg_200W_500mms_M0_G13_Test_StepoverAlt0540.tif,-0.002,1.79,1.682,0.049,0.061,1909.5151941325144
0.010795,539,077_AlSiMg_200W_500mms_M0_G13_Test_StepoverAlt0540.tif,-0.001,1.776,1.616,0.051,0.059,1924.3513930934623
0.0108,540,077_AlSiMg_200W_500mms_M0_G13_Test_StepoverAlt0541.tif,-0.002,1.77,1.602,0.051,0.06,2299.1424140730232
0.010805,540,077_AlSiMg_200W_500mms_M0_G13_Test_StepoverAlt0541.tif,-0.002,1.77,1.611,0.05,0.058,2299.1424140730232
0.01081,540,077_AlSiMg_200W_500mms_M0_G13_Test_StepoverAlt0541.tif,-0.001,1.77,1.628,0.07,0.061,2268.2484752493065
0.010815,540,077_AlSiMg_200W_500mms_M0_G13_Test_StepoverAlt0541.tif,0.0,1.77,1.6,0.049,0.061,2249.202771194302
0.01082,541,077_AlSiMg_200W_500mms_M0_G13_Test_StepoverAlt0542.tif,-0.002,1.776,1.583,0.052,0.062,2231.3572295108547
0.010825,541,077_AlSiMg_200W_500mms_M0_G13_Test_StepoverAlt0542.tif,-0.001,1.787,1.611,0.05,0.06,1804.3314437983577
0.01083,541,077_AlSiMg_200W_500mms_M0_G13_Test_StepoverAlt0542.tif,0.001,1.797,1.584,0.05,0.059,1817.4694806726268
0.010835,541,077_AlSiMg_200W_500mms_M0_G13_Test_StepoverAlt0542.tif,0.001,1.804,1.594,0.049,0.058,1824.461563843899
0.01084,542,077_AlSiMg_200W_500mms_M0_G13_Test_StepoverAlt0543.tif,0.0,1.805,1.594,0.049,0.06,1821.3863508342401
0.010845,542,077_AlSiMg_200W_500mms_M0_G13_Test_StepoverAlt0543.tif,0.0,1.804,1.584,0.049,0.058,1824.3956935567398
0.01085,542,077_AlSiMg_200W_500mms_M0_G13_Test_StepoverAlt0543.tif,0.0,1.802,1.598,0.049,0.059,1901.3727134604292
0.010855,542,077_AlSiMg_200W_500mms_M0_G13_Test_StepoverAlt0543.tif,0.001,1.801,1.577,0.051,0.06,1949.75904896705
0.01086,543,077_AlSiMg_200W_500mms_M0_G13_Test_StepoverAlt0544.tif,-0.002,1.788,1.586,0.055,0.061,1930.5828062148921
0.010865,543,077_AlSiMg_200W_500mms_M0_G13_Test_StepoverAlt0544.tif,-0.004,1.781,1.588,0.049,0.057,1946.621853958403
0.01087,543,077_AlSiMg_200W_500mms_M0_G13_Test_StepoverAlt0544.tif,-0.001,1.776,1.583,0.048,0.058,1896.8837483045663
0.010875,543,077_AlSiMg_200W_500mms_M0_G13_Test_StepoverAlt0544.tif,0.0,1.773,1.593,0.049,0.058,1840.8247966829767
0.01088,544,077_AlSiMg_200W_500mms_M0_G13_Test_StepoverAlt0545.tif,-0.001,1.781,1.581,0.049,0.061,1782.3414194948668
0.010885,544,077_AlSiMg_200W_500mms_M0_G13_Test_StepoverAlt0545.tif,-0.001,1.78,1.609,0.05,0.058,1807.5995315681764
0.01089,544,077_AlSiMg_200W_500mms_M0_G13_Test_StepoverAlt0545.tif,0.0,1.786,1.612,0.05,0.062,1788.4232888160186
0.010895,544,077_AlSiMg_200W_500mms_M0_G13_Test_StepoverAlt0545.tif,-0.001,1.804,1.649,0.051,0.06,1788.423288816019
0.0109,545,077_AlSiMg_200W_500mms_M0_G13_Test_StepoverAlt0546.tif,0.0,1.811,1.639,0.048,0.058,1736.9870210755034
0.010905,545,077_AlSiMg_200W_500mms_M0_G13_Test_StepoverAlt0546.tif,0.0,1.809,1.639,0.049,0.061,1761.563214471897
0.01091,545,077_AlSiMg_200W_500mms_M0_G13_Test_StepoverAlt0546.tif,-0.001,1.809,1.602,0.049,0.06,1714.86610401084
0.010915,545,077_AlSiMg_200W_500mms_M0_G13_Test_StepoverAlt0546.tif,0.001,1.807,1.573,0.049,0.059,1760.8639841967301
0.01092,546,077_AlSiMg_200W_500mms_M0_G13_Test_StepoverAlt0547.tif,0.0,1.804,1.563,0.05,0.062,1807.5927471280677
0.010925,546,077_AlSiMg_200W_500mms_M0_G13_Test_StepoverAlt0547.tif,0.001,1.794,1.565,0.052,0.06,1813.6623797666787
0.01093,546,077_AlSiMg_200W_500mms_M0_G13_Test_StepoverAlt0547.tif,0.0,1.779,1.594,0.05,0.059,1829.7014275101897
0.010935,546,077_AlSiMg_200W_500mms_M0_G13_Test_StepoverAlt0547.tif,0.0,1.775,1.597,0.051,0.062,1833.4935424970777
0.01094,547,077_AlSiMg_200W_500mms_M0_G13_Test_StepoverAlt0548.tif,-0.002,1.77,1.608,0.049,0.058,1776.1537056049292
0.010945,547,077_AlSiMg_200W_500mms_M0_G13_Test_StepoverAlt0548.tif,-0.001,1.773,1.595,0.047,0.058,1723.1741357383319
0.01095,547,077_AlSiMg_200W_500mms_M0_G13_Test_StepoverAlt0548.tif,0.0,1.775,1.586,0.049,0.06,1734.658867824285
0.010955,547,077_AlSiMg_200W_500mms_M0_G13_Test_StepoverAlt0548.tif,-0.002,1.779,1.615,0.047,0.059,1704.140668365869
0.01096,548,077_AlSiMg_200W_500mms_M0_G13_Test_StepoverAlt0549.tif,-0.002,1.793,1.594,0.05,0.06,1710.4455950604709
0.010965,548,077_AlSiMg_200W_500mms_M0_G13_Test_StepoverAlt0549.tif,0.0,1.798,1.619,0.049,0.06,1713.5089817281525
0.01097,548,077_AlSiMg_200W_500mms_M0_G13_Test_StepoverAlt0549.tif,0.0,1.8,1.6,0.049,0.06,1747.3769772525854
0.010975,548,077_AlSiMg_200W_500mms_M0_G13_Test_StepoverAlt0549.tif,0.0,1.801,1.602,0.05,0.061,1729.822612528022
0.01098,549,077_AlSiMg_200W_500mms_M0_G13_Test_StepoverAlt0550.tif,0.001,1.797,1.607,0.049,0.059,1744.3017642429265
0.010985,549,077_AlSiMg_200W_500mms_M0_G13_Test_StepoverAlt0550.tif,0.0,1.797,1.598,0.049,0.06,1737.9968375483252
0.01099,549,077_AlSiMg_200W_500mms_M0_G13_Test_StepoverAlt0550.tif,-0.002,1.788,1.58,0.049,0.059,1765.4516503390591
0.010995,549,077_AlSiMg_200W_500mms_M0_G13_Test_StepoverAlt0550.tif,0.0,1.779,1.608,0.047,0.058,1762.3144553304126
0.011,550,077_AlSiMg_200W_500mms_M0_G13_Test_StepoverAlt0551.tif,-0.001,1.772,1.587,0.049,0.058,1762.3144553304126
0.011005,550,077_AlSiMg_200W_500mms_M0_G13_Test_StepoverAlt0551.tif,0.001,1.766,1.605,0.048,0.058,1799.2715713560233
0.01101,550,077_AlSiMg_200W_500mms_M0_G13_Test_StepoverAlt0551.tif,0.0,1.77,1.636,0.049,0.06,1820.0556497655296
0.011015,550,077_AlSiMg_200W_500mms_M0_G13_Test_StepoverAlt0551.tif,-0.002,1.776,1.6,0.05,0.058,1804.0166020220186
0.01102,551,077_AlSiMg_200W_500mms_M0_G13_Test_StepoverAlt0552.tif,0.0,1.779,1.607,0.049,0.059,1792.6746453157607
0.011025,551,077_AlSiMg_200W_500mms_M0_G13_Test_StepoverAlt0552.tif,0.0,1.793,1.619,0.049,0.059,1804.016602022018
0.01103,551,077_AlSiMg_200W_500mms_M0_G13_Test_StepoverAlt0552.tif,0.0,1.805,1.595,0.049,0.06,2030.0086477896189
0.011035,551,077_AlSiMg_200W_500mms_M0_G13_Test_StepoverAlt0552.tif,-0.002,1.811,1.602,0.048,0.058,2046.0476955331299
0.01104,552,077_AlSiMg_200W_500mms_M0_G13_Test_StepoverAlt0553.tif,0.0,1.808,1.584,0.058,0.059,2042.9105005244833
0.011045,552,077_AlSiMg_200W_500mms_M0_G13_Test_StepoverAlt0553.tif,0.001,1.807,1.632,0.049,0.058,2054.252457230741
0.01105,552,077_AlSiMg_200W_500mms_M0_G13_Test_StepoverAlt0553.tif,-0.001,1.805,1.612,0.048,0.058,2117.2601741182652
0.011055,552,077_AlSiMg_200W_500mms_M0_G13_Test_StepoverAlt0553.tif,-0.002,1.804,1.597,0.048,0.058,1851.1738173164072
0.01106,553,077_AlSiMg_200W_500mms_M0_G13_Test_StepoverAlt0554.tif,-0.002,1.79,1.636,0.051,0.058,1823.7190045256734
0.011065,553,077_AlSiMg_200W_500mms_M0_G13_Test_StepoverAlt0554.tif,-0.002,1.777,1.616,0.048,0.058,1802.2800061379264
0.01107,553,077_AlSiMg_200W_500mms_M0_G13_Test_StepoverAlt0554.tif,-0.002,1.772,1.605,0.05,0.061,1799.078916047125
0.011075,553,077_AlSiMg_200W_500mms_M0_G13_Test_StepoverAlt0554.tif,0.001,1.773,1.609,0.05,0.062,1736.0711991596006
0.01108,554,077_AlSiMg_200W_500mms_M0_G13_Test_StepoverAlt0555.tif,-0.001,1.777,1.626,0.047,0.057,1776.1655101938584
0.011085,554,077_AlSiMg_200W_500mms_M0_G13_Test_StepoverAlt0555.tif,-0.001,1.781,1.639,0.048,0.058,1753.713279716648
0.01109,554,077_AlSiMg_200W_500mms_M0_G13_Test_StepoverAlt0555.tif,-0.002,1.788,1.609,0.05,0.058,1760.6881279828388
0.011095,554,077_AlSiMg_200W_500mms_M0_G13_Test_StepoverAlt0555.tif,0.0,1.807,1.614,0.047,0.059,1783.0654608257978
0.0111,555,077_AlSiMg_200W_500mms_M0_G13_Test_StepoverAlt0556.tif,0.001,1.807,1.614,0.048,0.059,1779.8643707349966
0.011105,555,077_AlSiMg_200W_500mms_M0_G13_Test_StepoverAlt0556.tif,-0.001,1.807,1.664,0.049,0.058,1728.4281029944807
0.01111,555,077_AlSiMg_200W_500mms_M0_G13_Test_StepoverAlt0556.tif,0.0,1.807,1.633,0.047,0.057,1744.694753388711
0.011115,555,077_AlSiMg_200W_500mms_M0_G13_Test_StepoverAlt0556.tif,0.0,1.801,1.623,0.049,0.06,1744.694753388711
0.01112,556,077_AlSiMg_200W_500mms_M0_G13_Test_StepoverAlt0557.tif,0.0,1.798,1.622,0.048,0.059,1728.6557056451995
0.011125,556,077_AlSiMg_200W_500mms_M0_G13_Test_StepoverAlt0557.tif,0.0,1.787,1.608,0.048,0.059,1777.8546759218912
0.01113,556,077_AlSiMg_200W_500mms_M0_G13_Test_StepoverAlt0557.tif,-0.002,1.776,1.609,0.049,0.059,1826.2410114285121
0.011135,556,077_AlSiMg_200W_500mms_M0_G13_Test_StepoverAlt0557.tif,0.0,1.77,1.602,0.052,0.06,1897.781780349143
0.01114,557,077_AlSiMg_200W_500mms_M0_G13_Test_StepoverAlt0558.tif,-0.002,1.766,1.653,0.049,0.057,1894.5990470698403
0.011145,557,077_AlSiMg_200W_500mms_M0_G13_Test_StepoverAlt0558.tif,0.0,1.772,1.625,0.049,0.056,1894.5990470698403
0.01115,557,077_AlSiMg_200W_500mms_M0_G13_Test_StepoverAlt0558.tif,0.001,1.775,1.597,0.047,0.058,1911.6088837714742
0.011155,557,077_AlSiMg_200W_500mms_M0_G13_Test_StepoverAlt0558.tif,-0.001,1.779,1.587,0.049,0.059,1940.4368535885853
0.01116,558,077_AlSiMg_200W_500mms_M0_G13_Test_StepoverAlt0559.tif,-0.002,1.794,1.591,0.051,0.058,1864.9079989432098
0.011165,558,077_AlSiMg_200W_500mms_M0_G13_Test_StepoverAlt0559.tif,-0.001,1.798,1.583,0.052,0.059,1877.2825582764222
0.01117,558,077_AlSiMg_200W_500mms_M0_G13_Test_StepoverAlt0559.tif,0.0,1.805,1.581,0.051,0.063,1925.798892313418
0.011175,558,077_AlSiMg_200W_500mms_M0_G13_Test_StepoverAlt0559.tif,0.0,1.802,1.591,0.051,0.062,1902.2135171489276
0.01118,559,077_AlSiMg_200W_500mms_M0_G13_Test_StepoverAlt0560.tif,0.0,1.802,1.626,0.054,0.062,1823.7055424542336
0.011185,559,077_AlSiMg_200W_500mms_M0_G13_Test_StepoverAlt0560.tif,-0.001,1.797,1.654,0.056,0.065,1845.5770712379194
0.01119,559,077_AlSiMg_200W_500mms_M0_G13_Test_StepoverAlt0560.tif,0.0,1.793,1.621,0.053,0.065,1859.805211952203
0.011195,559,077_AlSiMg_200W_500mms_M0_G13_Test_StepoverAlt0560.tif,-0.002,1.779,1.63,0.054,0.065,1817.1074995531974
0.0112,560,077_AlSiMg_200W_500mms_M0_G13_Test_StepoverAlt0561.tif,-0.002,1.775,1.622,0.056,0.067,1786.6409744767996
0.011205,560,077_AlSiMg_200W_500mms_M0_G13_Test_StepoverAlt0561.tif,-0.002,1.772,1.615,0.056,0.067,1808.2324172006556
0.01121,560,077_AlSiMg_200W_500mms_M0_G13_Test_StepoverAlt0561.tif,0.0,1.773,1.6,0.056,0.067,1805.8658592848121
0.011215,560,077_AlSiMg_200W_500mms_M0_G13_Test_StepoverAlt0561.tif,0.0,1.777,1.597,0.056,0.067,1795.317607164837
0.01122,561,077_AlSiMg_200W_500mms_M0_G13_Test_StepoverAlt0562.tif,0.0,1.779,1.586,0.058,0.07,1868.1445280705325
0.011225,561,077_AlSiMg_200W_500mms_M0_G13_Test_StepoverAlt0562.tif,-0.002,1.791,1.579,0.057,0.069,1837.2854348225533
0.01123,561,077_AlSiMg_200W_500mms_M0_G13_Test_StepoverAlt0562.tif,0.001,1.801,1.583,0.058,0.065,1842.628393318359
0.011235,561,077_AlSiMg_200W_500mms_M0_G13_Test_StepoverAlt0562.tif,0.001,1.807,1.574,0.054,0.067,1862.2961869547296
0.01124,562,077_AlSiMg_200W_500mms_M0_G13_Test_StepoverAlt0563.tif,-0.002,1.807,1.591,0.058,0.069,1890.0375089511658
0.011245,562,077_AlSiMg_200W_500mms_M0_G13_Test_StepoverAlt0563.tif,-0.002,1.805,1.588,0.055,0.065,1809.307506420375
0.01125,562,077_AlSiMg_200W_500mms_M0_G13_Test_StepoverAlt0563.tif,-0.002,1.805,1.569,0.057,0.067,1893.4920421953236
0.011255,562,077_AlSiMg_200W_500mms_M0_G13_Test_StepoverAlt0563.tif,0.001,1.8,1.574,0.058,0.07,1880.2460020744231
0.01126,563,077_AlSiMg_200W_500mms_M0_G13_Test_StepoverAlt0564.tif,0.0,1.79,1.597,0.058,0.066,1885.6743599396082
0.011265,563,077_AlSiMg_200W_500mms_M0_G13_Test_StepoverAlt0564.tif,0.001,1.78,1.586,0.058,0.07,1885.6743599396082
0.01127,563,077_AlSiMg_200W_500mms_M0_G13_Test_StepoverAlt0564.tif,-0.001,1.775,1.586,0.057,0.067,1929.3295931146681
0.011275,563,077_AlSiMg_200W_500mms_M0_G13_Test_StepoverAlt0564.tif,0.001,1.769,1.569,0.057,0.067,1860.0292172054772
0.01128,564,077_AlSiMg_200W_500mms_M0_G13_Test_StepoverAlt0565.tif,-0.002,1.777,1.604,0.058,0.067,1867.9322988305728
0.011285,564,077_AlSiMg_200W_500mms_M0_G13_Test_StepoverAlt0565.tif,-0.001,1.779,1.565,0.055,0.067,1881.2057540305093
0.01129,564,077_AlSiMg_200W_500mms_M0_G13_Test_StepoverAlt0565.tif,0.0,1.783,1.565,0.056,0.067,1899.764835704013
0.011295,564,077_AlSiMg_200W_500mms_M0_G13_Test_StepoverAlt0565.tif,0.001,1.795,1.576,0.056,0.065,1883.8455171596386
0.0113,565,077_AlSiMg_200W_500mms_M0_G13_Test_StepoverAlt0566.tif,0.001,1.801,1.56,0.058,0.067,1899.8204505418594
0.011305,565,077_AlSiMg_200W_500mms_M0_G13_Test_StepoverAlt0566.tif,-0.001,1.8,1.548,0.058,0.068,1902.5154797563857
0.01131,565,077_AlSiMg_200W_500mms_M0_G13_Test_StepoverAlt0566.tif,-0.001,1.798,1.56,0.056,0.067,1907.8011062299527
0.011315,565,077_AlSiMg_200W_500mms_M0_G13_Test_StepoverAlt0566.tif,-0.002,1.798,1.555,0.057,0.068,1889.2420245564492
0.01132,566,077_AlSiMg_200W_500mms_M0_G13_Test_StepoverAlt0567.tif,0.0,1.797,1.556,0.058,0.067,1869.4091915508586
0.011325,566,077_AlSiMg_200W_500mms_M0_G13_Test_StepoverAlt0567.tif,0.0,1.787,1.6,0.057,0.067,1869.4091915508586
0.01133,566,077_AlSiMg_200W_500mms_M0_G13_Test_StepoverAlt0567.tif,-0.002,1.777,1.555,0.056,0.067,1886.5469953419229
0.011335,566,077_AlSiMg_200W_500mms_M0_G13_Test_StepoverAlt0567.tif,0.0,1.773,1.548,0.056,0.067,1850.7948437919586
0.01134,567,077_AlSiMg_200W_500mms_M0_G13_Test_StepoverAlt0568.tif,-0.002,1.775,1.535,0.058,0.068,1833.6017739154977
0.011345,567,077_AlSiMg_200W_500mms_M0_G13_Test_StepoverAlt0568.tif,-0.001,1.775,1.573,0.056,0.067,1903.9192157320242
0.01135,567,077_AlSiMg_200W_500mms_M0_G13_Test_StepoverAlt0568.tif,-0.002,1.775,1.569,0.056,0.067,1934.3857408084216
0.011355,567,077_AlSiMg_200W_500mms_M0_G13_Test_StepoverAlt0568.tif,-0.002,1.784,1.556,0.057,0.064,1959.9903253354573
0.01136,568,077_AlSiMg_200W_500mms_M0_G13_Test_StepoverAlt0569.tif,-0.002,1.798,1.538,0.056,0.065,1971.7550373467325
0.011365,568,077_AlSiMg_200W_500mms_M0_G13_Test_StepoverAlt0569.tif,0.0,1.809,1.541,0.055,0.063,1971.7550373467325
0.01137,568,077_AlSiMg_200W_500mms_M0_G13_Test_StepoverAlt0569.tif,-0.001,1.807,1.549,0.055,0.065,1934.5724969310245
0.011375,568,077_AlSiMg_200W_500mms_M0_G13_Test_StepoverAlt0569.tif,-0.001,1.807,1.562,0.056,0.067,1915.8706838659025
0.01138,569,077_AlSiMg_200W_500mms_M0_G13_Test_StepoverAlt0570.tif,-0.002,1.802,1.562,0.057,0.066,1864.8967426240251
0.011385,569,077_AlSiMg_200W_500mms_M0_G13_Test_StepoverAlt0570.tif,0.001,1.802,1.532,0.055,0.065,1853.1320306127498
0.01139,569,077_AlSiMg_200W_500mms_M0_G13_Test_StepoverAlt0570.tif,-0.001,1.795,1.552,0.054,0.065,1920.8855677693384
0.011395,569,077_AlSiMg_200W_500mms_M0_G13_Test_StepoverAlt0570.tif,0.0,1.781,1.58,0.056,0.067,1952.884078266293
0.0114,570,077_AlSiMg_200W_500mms_M0_G13_Test_StepoverAlt0571.tif,0.001,1.777,1.602,0.056,0.063,1952.8840782662933
0.011405,570,077_AlSiMg_200W_500mms_M0_G13_Test_StepoverAlt0571.tif,0.0,1.772,1.572,0.055,0.062,1947.8723498555696
0.01141,570,077_AlSiMg_200W_500mms_M0_G13_Test_StepoverAlt0571.tif,0.001,1.775,1.611,0.055,0.065,2015.6258870121587
0.011415,570,077_AlSiMg_200W_500mms_M0_G13_Test_StepoverAlt0571.tif,0.0,1.775,1.574,0.057,0.069,1978.338874931967
0.01142,571,077_AlSiMg_200W_500mms_M0_G13_Test_StepoverAlt0572.tif,0.001,1.781,1.588,0.056,0.063,1891.614020310338
0.011425,571,077_AlSiMg_200W_500mms_M0_G13_Test_StepoverAlt0572.tif,0.001,1.795,1.609,0.056,0.065,1907.5948098963158
0.01143,571,077_AlSiMg_200W_500mms_M0_G13_Test_StepoverAlt0572.tif,0.0,1.804,1.567,0.053,0.065,1902.16812863407
0.011435,571,077_AlSiMg_200W_500mms_M0_G13_Test_StepoverAlt0572.tif,-0.002,1.804,1.563,0.055,0.064,1882.5353936299193
0.01144,572,077_AlSiMg_200W_500mms_M0_G13_Test_StepoverAlt0573.tif,-0.001,1.804,1.598,0.055,0.067,1863.8335805647978
0.011445,572,077_AlSiMg_200W_500mms_M0_G13_Test_StepoverAlt0573.tif,-0.002,1.801,1.573,0.056,0.064,1972.6224692978642
0.01145,572,077_AlSiMg_200W_500mms_M0_G13_Test_StepoverAlt0573.tif,-0.001,1.798,1.583,0.055,0.065,1920.4029040761131
0.011455,572,077_AlSiMg_200W_500mms_M0_G13_Test_StepoverAlt0573.tif,0.0,1.794,1.57,0.055,0.061,1948.14254946961
0.01146,573,077_AlSiMg_200W_500mms_M0_G13_Test_StepoverAlt0574.tif,-0.001,1.784,1.558,0.052,0.064,1900.0217473171717
0.011465,573,077_AlSiMg_200W_500mms_M0_G13_Test_StepoverAlt0574.tif,-0.001,1.776,1.537,0.055,0.065,1888.2570353058964
0.01147,573,077_AlSiMg_200W_500mms_M0_G13_Test_StepoverAlt0574.tif,0.0,1.77,1.552,0.056,0.067,1831.5261143730834
0.011475,573,077_AlSiMg_200W_500mms_M0_G13_Test_StepoverAlt0574.tif,0.001,1.77,1.572,0.056,0.067,1856.0001779975805
0.01148,574,077_AlSiMg_200W_500mms_M0_G13_Test_StepoverAlt0575.tif,0.0,1.772,1.597,0.056,0.065,1844.235465986305
0.011485,574,077_AlSiMg_200W_500mms_M0_G13_Test_StepoverAlt0575.tif,-0.001,1.775,1.563,0.056,0.067,1864.068298991895
0.01149,574,077_AlSiMg_200W_500mms_M0_G13_Test_StepoverAlt0575.tif,0.001,1.786,1.604,0.056,0.067,1883.9011319974852
0.011495,574,077_AlSiMg_200W_500mms_M0_G13_Test_StepoverAlt0575.tif,0.0,1.795,1.574,0.058,0.068,1853.4346069210878
0.0115,575,077_AlSiMg_200W_500mms_M0_G13_Test_StepoverAlt0576.tif,-0.002,1.805,1.576,0.058,0.068,1845.5315252959924
0.011505,575,077_AlSiMg_200W_500mms_M0_G13_Test_StepoverAlt0576.tif,-0.002,1.804,1.611,0.056,0.067,1875.9980503723898
0.01151,575,077_AlSiMg_200W_500mms_M0_G13_Test_StepoverAlt0576.tif,-0.001,1.804,1.576,0.058,0.07,1886.631742443197
0.011515,575,077_AlSiMg_200W_500mms_M0_G13_Test_StepoverAlt0576.tif,-0.002,1.804,1.594,0.056,0.065,1897.2654345140043
0.01152,576,077_AlSiMg_200W_500mms_M0_G13_Test_StepoverAlt0577.tif,0.001,1.802,1.595,0.056,0.065,1909.03014652528
0.011525,576,077_AlSiMg_200W_500mms_M0_G13_Test_StepoverAlt0577.tif,0.0,1.797,1.607,0.056,0.065,1944.6787297476287
0.01153,576,077_AlSiMg_200W_500mms_M0_G13_Test_StepoverAlt0577.tif,-0.002,1.784,1.619,0.055,0.065,1895.4533698358523
0.011535,576,077_AlSiMg_200W_500mms_M0_G13_Test_StepoverAlt0577.tif,-0.002,1.777,1.576,0.055,0.064,1892.7323463567077
0.01154,577,077_AlSiMg_200W_500mms_M0_G13_Test_StepoverAlt0578.tif,0.001,1.78,1.598,0.054,0.066,1874.0305332915857
0.011545,577,077_AlSiMg_200W_500mms_M0_G13_Test_StepoverAlt0578.tif,-0.001,1.779,1.588,0.055,0.064,1856.7292975710589
0.01155,577,077_AlSiMg_200W_500mms_M0_G13_Test_StepoverAlt0578.tif,-0.002,1.781,1.609,0.055,0.065,1843.487957231154
0.011555,577,077_AlSiMg_200W_500mms_M0_G13_Test_StepoverAlt0578.tif,0.001,1.784,1.584,0.054,0.065,1935.0737129722286
0.01156,578,077_AlSiMg_200W_500mms_M0_G13_Test_StepoverAlt0579.tif,0.0,1.798,1.593,0.056,0.066,1927.161044380565
0.011565,578,077_AlSiMg_200W_500mms_M0_G13_Test_StepoverAlt0579.tif,-0.001,1.802,1.576,0.058,0.065,1932.5894022457505
0.01157,578,077_AlSiMg_200W_500mms_M0_G13_Test_StepoverAlt0579.tif,-0.002,1.802,1.583,0.058,0.068,1938.1259259550025
0.011575,578,077_AlSiMg_200W_500mms_M0_G13_Test_StepoverAlt0579.tif,-0.002,1.802,1.572,0.057,0.067,1935.386476708929
0.01158,579,077_AlSiMg_200W_500mms_M0_G13_Test_StepoverAlt0580.tif,-0.001,1.798,1.584,0.056,0.067,1915.8849983302039
0.011585,579,077_AlSiMg_200W_500mms_M0_G13_Test_StepoverAlt0580.tif,0.001,1.795,1.583,0.055,0.065,1898.74719453914
0.01159,579,077_AlSiMg_200W_500mms_M0_G13_Test_StepoverAlt0580.tif,0.0,1.793,1.573,0.058,0.066,1912.0206497390766
0.011595,579,077_AlSiMg_200W_500mms_M0_G13_Test_StepoverAlt0580.tif,-0.001,1.777,1.573,0.057,0.068,1923.785361750352
0.0116,580,077_AlSiMg_200W_500mms_M0_G13_Test_StepoverAlt0581.tif,-0.001,1.772,1.579,0.056,0.065,1947.772801289041
0.011605,580,077_AlSiMg_200W_500mms_M0_G13_Test_StepoverAlt0581.tif,0.0,1.769,1.565,0.055,0.065,1906.2120707733466
0.01161,580,077_AlSiMg_200W_500mms_M0_G13_Test_StepoverAlt0581.tif,-0.001,1.77,1.602,0.058,0.067,1990.7144875680308
0.011615,580,077_AlSiMg_200W_500mms_M0_G13_Test_StepoverAlt0581.tif,-0.001,1.772,1.584,0.055,0.065,1982.3870810365856
0.01162,581,077_AlSiMg_200W_500mms_M0_G13_Test_StepoverAlt0582.tif,-0.002,1.779,1.584,0.055,0.061,1942.5297999414474
0.011625,581,077_AlSiMg_200W_500mms_M0_G13_Test_StepoverAlt0582.tif,0.0,1.791,1.586,0.053,0.062,1934.5231499887363
0.01163,581,077_AlSiMg_200W_500mms_M0_G13_Test_StepoverAlt0582.tif,-0.001,1.801,1.572,0.055,0.068,1937.2625992348094
0.011635,581,077_AlSiMg_200W_500mms_M0_G13_Test_StepoverAlt0582.tif,-0.001,1.804,1.569,0.055,0.064,1939.7850901510344
0.01164,582,077_AlSiMg_200W_500mms_M0_G13_Test_StepoverAlt0583.tif,-0.002,1.804,1.604,0.056,0.066,1963.0833891387083
0.011645,582,077_AlSiMg_200W_500mms_M0_G13_Test_StepoverAlt0583.tif,-0.002,1.804,1.574,0.056,0.062,2016.1462067022967
0.01165,582,077_AlSiMg_200W_500mms_M0_G13_Test_StepoverAlt0583.tif,-0.002,1.801,1.56,0.055,0.063,2056.154242261632
0.011655,582,077_AlSiMg_200W_500mms_M0_G13_Test_StepoverAlt0583.tif,-0.001,1.798,1.553,0.054,0.063,2044.8784239385327
0.01166,583,077_AlSiMg_200W_500mms_M0_G13_Test_StepoverAlt0584.tif,0.0,1.786,1.587,0.056,0.063,1958.3868299473463
0.011665,583,077_AlSiMg_200W_500mms_M0_G13_Test_StepoverAlt0584.tif,0.001,1.773,1.581,0.052,0.062,1898.7212717004368
0.01167,583,077_AlSiMg_200W_500mms_M0_G13_Test_StepoverAlt0584.tif,-0.002,1.772,1.576,0.052,0.062,1843.3562081863279
0.011675,583,077_AlSiMg_200W_500mms_M0_G13_Test_StepoverAlt0584.tif,0.001,1.772,1.579,0.051,0.062,1823.7234731821768
0.01168,584,077_AlSiMg_200W_500mms_M0_G13_Test_StepoverAlt0585.tif,0.001,1.77,1.577,0.05,0.062,1832.2598422592032
0.011685,584,077_AlSiMg_200W_500mms_M0_G13_Test_StepoverAlt0585.tif,-0.002,1.781,1.562,0.056,0.064,1859.4980244013518
0.01169,584,077_AlSiMg_200W_500mms_M0_G13_Test_StepoverAlt0585.tif,0.001,1.794,1.611,0.055,0.065,1849.2521014911376
0.011695,584,077_AlSiMg_200W_500mms_M0_G13_Test_StepoverAlt0585.tif,-0.001,1.804,1.591,0.056,0.065,1922.3446289245271
0.0117,585,077_AlSiMg_200W_500mms_M0_G13_Test_StepoverAlt0586.tif,-0.002,1.809,1.605,0.052,0.064,1961.4212727812999
0.011705,585,077_AlSiMg_200W_500mms_M0_G13_Test_StepoverAlt0586.tif,0.0,1.809,1.572,0.054,0.062,1925.1824971455267
0.01171,585,077_AlSiMg_200W_500mms_M0_G13_Test_StepoverAlt0586.tif,0.0,1.805,1.573,0.055,0.061,1940.153389601755
0.011715,585,077_AlSiMg_200W_500mms_M0_G13_Test_StepoverAlt0586.tif,0.0,1.801,1.552,0.052,0.064,2012.7482553786908
0.01172,586,077_AlSiMg_200W_500mms_M0_G13_Test_StepoverAlt0587.tif,0.001,1.798,1.552,0.055,0.063,2035.1839548774576
0.011725,586,077_AlSiMg_200W_500mms_M0_G13_Test_StepoverAlt0587.tif,-0.001,1.787,1.636,0.056,0.064,2013.11992076602
0.01173,586,077_AlSiMg_200W_500mms_M0_G13_Test_StepoverAlt0587.tif,0.0,1.776,1.58,0.055,0.062,2026.3165512788687
0.011735,586,077_AlSiMg_200W_500mms_M0_G13_Test_StepoverAlt0587.tif,0.001,1.769,1.597,0.055,0.062,2046.0125456440157
0.01174,587,077_AlSiMg_200W_500mms_M0_G13_Test_StepoverAlt0588.tif,0.0,1.768,1.597,0.052,0.063,2009.6564555028533
0.011745,587,077_AlSiMg_200W_500mms_M0_G13_Test_StepoverAlt0588.tif,0.001,1.768,1.615,0.055,0.062,1956.287755616356
0.01175,587,077_AlSiMg_200W_500mms_M0_G13_Test_StepoverAlt0588.tif,-0.001,1.773,1.608,0.055,0.065,1933.852056117589
0.011755,587,077_AlSiMg_200W_500mms_M0_G13_Test_StepoverAlt0588.tif,-0.001,1.777,1.591,0.055,0.065,1967.2686077741896
0.01176,588,077_AlSiMg_200W_500mms_M0_G13_Test_StepoverAlt0589.tif,-0.002,1.793,1.579,0.054,0.062,1896.5986721671645
0.011765,588,077_AlSiMg_200W_500mms_M0_G13_Test_StepoverAlt0589.tif,-0.001,1.801,1.601,0.053,0.062,1915.300485232287
0.01177,588,077_AlSiMg_200W_500mms_M0_G13_Test_StepoverAlt0589.tif,0.0,1.802,1.569,0.054,0.065,1968.6691851187843
0.011775,588,077_AlSiMg_200W_500mms_M0_G13_Test_StepoverAlt0589.tif,0.001,1.802,1.637,0.056,0.065,1920.4349490105262
0.01178,589,077_AlSiMg_200W_500mms_M0_G13_Test_StepoverAlt0590.tif,-0.001,1.801,1.658,0.055,0.062,1963.4292423633474
0.011785,589,077_AlSiMg_200W_500mms_M0_G13_Test_StepoverAlt0590.tif,-0.002,1.8,1.642,0.054,0.065,1977.9390390834171
0.01179,589,077_AlSiMg_200W_500mms_M0_G13_Test_StepoverAlt0590.tif,0.0,1.795,1.751,0.055,0.062,1931.497580624799
0.011795,589,077_AlSiMg_200W_500mms_M0_G13_Test_StepoverAlt0590.tif,0.0,1.777,1.675,0.054,0.064,1888.5032872719778
0.0118,590,077_AlSiMg_200W_500mms_M0_G13_Test_StepoverAlt0591.tif,-0.002,1.776,1.637,0.055,0.067,1897.2681539154787
0.011805,590,077_AlSiMg_200W_500mms_M0_G13_Test_StepoverAlt0591.tif,0.0,1.772,1.605,0.053,0.062,1854.2738605626575
0.01181,590,077_AlSiMg_200W_500mms_M0_G13_Test_StepoverAlt0591.tif,-0.001,1.775,1.583,0.052,0.062,1887.9982999508459
0.011815,590,077_AlSiMg_200W_500mms_M0_G13_Test_StepoverAlt0591.tif,0.0,1.779,1.565,0.053,0.062,1969.1066452308398
0.01182,591,077_AlSiMg_200W_500mms_M0_G13_Test_StepoverAlt0592.tif,-0.001,1.781,1.56,0.054,0.062,2009.4227175243454
0.011825,591,077_AlSiMg_200W_500mms_M0_G13_Test_StepoverAlt0592.tif,-0.002,1.788,1.6,0.055,0.062,2073.947911746685
0.01183,591,077_AlSiMg_200W_500mms_M0_G13_Test_StepoverAlt0592.tif,0.001,1.801,1.581,0.054,0.061,2052.0804517199767
0.011835,591,077_AlSiMg_200W_500mms_M0_G13_Test_StepoverAlt0592.tif,0.0,1.807,1.58,0.056,0.063,2071.837930159429
0.01184,592,077_AlSiMg_200W_500mms_M0_G13_Test_StepoverAlt0593.tif,-0.001,1.805,1.556,0.051,0.061,2034.4500198589092
0.011845,592,077_AlSiMg_200W_500mms_M0_G13_Test_StepoverAlt0593.tif,0.001,1.805,1.559,0.054,0.061,2014.6925414194575
0.01185,592,077_AlSiMg_200W_500mms_M0_G13_Test_StepoverAlt0593.tif,0.0,1.802,1.593,0.055,0.064,1971.9092527425942
0.011855,592,077_AlSiMg_200W_500mms_M0_G13_Test_StepoverAlt0593.tif,0.0,1.798,1.573,0.054,0.062,1996.6078427040757
0.01186,593,077_AlSiMg_200W_500mms_M0_G13_Test_StepoverAlt0594.tif,0.0,1.786,1.588,0.054,0.063,1979.590069398244
0.011865,593,077_AlSiMg_200W_500mms_M0_G13_Test_StepoverAlt0594.tif,-0.001,1.781,1.625,0.054,0.063,1955.0729107352395
0.01187,593,077_AlSiMg_200W_500mms_M0_G13_Test_StepoverAlt0594.tif,-0.002,1.779,1.633,0.055,0.063,1921.348471347052
0.011875,593,077_AlSiMg_200W_500mms_M0_G13_Test_StepoverAlt0594.tif,-0.001,1.779,1.598,0.052,0.062,1936.2781098757387
0.01188,594,077_AlSiMg_200W_500mms_M0_G13_Test_StepoverAlt0595.tif,0.001,1.777,1.614,0.054,0.064,1956.7452789286388
0.011885,594,077_AlSiMg_200W_500mms_M0_G13_Test_StepoverAlt0595.tif,-0.001,1.781,1.614,0.053,0.061,1948.349924935267
0.01189,594,077_AlSiMg_200W_500mms_M0_G13_Test_StepoverAlt0595.tif,0.0,1.787,1.591,0.055,0.063,1967.26070054597
0.011895,594,077_AlSiMg_200W_500mms_M0_G13_Test_StepoverAlt0595.tif,0.001,1.801,1.626,0.052,0.06,1944.0592868208682
0.0119,595,077_AlSiMg_200W_500mms_M0_G13_Test_StepoverAlt0596.tif,-0.002,1.805,1.594,0.053,0.062,1920.4616952391293
0.011905,595,077_AlSiMg_200W_500mms_M0_G13_Test_StepoverAlt0596.tif,0.0,1.805,1.572,0.051,0.062,1875.295936224748
0.01191,595,077_AlSiMg_200W_500mms_M0_G13_Test_StepoverAlt0596.tif,0.0,1.802,1.56,0.051,0.06,1875.295936224748
0.011915,595,077_AlSiMg_200W_500mms_M0_G13_Test_StepoverAlt0596.tif,-0.002,1.797,1.572,0.051,0.061,1856.3851606140447
0.01192,596,077_AlSiMg_200W_500mms_M0_G13_Test_StepoverAlt0597.tif,0.0,1.793,1.57,0.052,0.06,1849.0218586044725
0.011925,596,077_AlSiMg_200W_500mms_M0_G13_Test_StepoverAlt0597.tif,0.0,1.786,1.577,0.052,0.062,1832.9912216960433
0.01193,596,077_AlSiMg_200W_500mms_M0_G13_Test_StepoverAlt0597.tif,-0.001,1.772,1.569,0.053,0.065,1851.969959699504
0.011935,596,077_AlSiMg_200W_500mms_M0_G13_Test_StepoverAlt0597.tif,-0.002,1.768,1.598,0.051,0.061,1818.1562390944996
0.01194,597,077_AlSiMg_200W_500mms_M0_G13_Test_StepoverAlt0598.tif,-0.002,1.769,1.588,0.052,0.061,1851.9699596995044
0.011945,597,077_AlSiMg_200W_500mms_M0_G13_Test_StepoverAlt0598.tif,0.0,1.772,1.588,0.052,0.062,1889.8636978500338
0.01195,597,077_AlSiMg_200W_500mms_M0_G13_Test_StepoverAlt0598.tif,-0.002,1.776,1.636,0.052,0.06,1943.643939572677
0.011955,597,077_AlSiMg_200W_500mms_M0_G13_Test_StepoverAlt0598.tif,-0.002,1.78,1.591,0.051,0.06,1927.6218859852208
0.01196,598,077_AlSiMg_200W_500mms_M0_G13_Test_StepoverAlt0599.tif,0.001,1.795,1.588,0.051,0.058,1896.9854905580341
0.011965,598,077_AlSiMg_200W_500mms_M0_G13_Test_StepoverAlt0599.tif,-0.002,1.804,1.579,0.052,0.062,1845.7152863044964
0.01197,598,077_AlSiMg_200W_500mms_M0_G13_Test_StepoverAlt0599.tif,0.0,1.808,1.569,0.051,0.063,1851.5521094227752
0.011975,598,077_AlSiMg_200W_500mms_M0_G13_Test_StepoverAlt0599.tif,0.001,1.804,1.583,0.051,0.062,1813.802504608561
0.01198,599,077_AlSiMg_200W_500mms_M0_G13_Test_StepoverAlt0600.tif,-0.002,1.804,1.57,0.053,0.062,1853.2718740733176
0.011985,599,077_AlSiMg_200W_500mms_M0_G13_Test_StepoverAlt0600.tif,-0.001,1.801,1.621,0.051,0.06,1896.982221992929
0.01199,599,077_AlSiMg_200W_500mms_M0_G13_Test_StepoverAlt0600.tif,-0.002,1.795,1.643,0.054,0.062,2341.0831229743712
0.011995,599,077_AlSiMg_200W_500mms_M0_G13_Test_StepoverAlt0600.tif,-0.002,1.788,1.656,0.051,0.06,2316.200595801088
0.012,600,077_AlSiMg_200W_500mms_M0_G13_Test_StepoverAlt0601.tif,0.0,1.781,1.614,0.062,0.06,2327.6438019716684
0.012005,600,077_AlSiMg_200W_500mms_M0_G13_Test_StepoverAlt0601.tif,-0.001,1.777,1.605,0.05,0.06,2270.717948858379
0.01201,600,077_AlSiMg_200W_500mms_M0_G13_Test_StepoverAlt0601.tif,-0.001,1.779,1.584,0.055,0.064,2291.457716970959
0.012015,600,077_AlSiMg_200W_500mms_M0_G13_Test_StepoverAlt0601.tif,-0.002,1.783,1.637,0.051,0.062,1877.887252130474
0.01202,601,077_AlSiMg_200W_500mms_M0_G13_Test_StepoverAlt0602.tif,0.0,1.787,1.626,0.052,0.06,1940.3475748031192
0.012025,601,077_AlSiMg_200W_500mms_M0_G13_Test_StepoverAlt0602.tif,-0.001,1.8,1.595,0.051,0.06,1928.9043686325397
0.01203,601,077_AlSiMg_200W_500mms_M0_G13_Test_StepoverAlt0602.tif,-0.002,1.807,1.559,0.053,0.06,1980.174572886077
0.012035,601,077_AlSiMg_200W_500mms_M0_G13_Test_StepoverAlt0602.tif,-0.002,1.808,1.548,0.051,0.06,1962.3829058685285
0.01204,602,077_AlSiMg_200W_500mms_M0_G13_Test_StepoverAlt0603.tif,0.0,1.805,1.556,0.052,0.06,1946.3522689600995
0.012045,602,077_AlSiMg_200W_500mms_M0_G13_Test_StepoverAlt0603.tif,0.0,1.8,1.555,0.052,0.061,1875.3579218041364
0.01205,602,077_AlSiMg_200W_500mms_M0_G13_Test_StepoverAlt0603.tif,0.0,1.801,1.58,0.051,0.061,1896.0976899167163
0.012055,602,077_AlSiMg_200W_500mms_M0_G13_Test_StepoverAlt0603.tif,0.0,1.797,1.574,0.052,0.063,2001.6137215499352
0.01206,603,077_AlSiMg_200W_500mms_M0_G13_Test_StepoverAlt0604.tif,0.0,1.781,1.567,0.052,0.06,1936.9509473259707
0.012065,603,077_AlSiMg_200W_500mms_M0_G13_Test_StepoverAlt0604.tif,-0.001,1.772,1.548,0.056,0.06,1976.579175816139
0.01207,603,077_AlSiMg_200W_500mms_M0_G13_Test_StepoverAlt0604.tif,0.001,1.772,1.577,0.049,0.062,2004.1589043544614
0.012075,603,077_AlSiMg_200W_500mms_M0_G13_Test_StepoverAlt0604.tif,0.0,1.77,1.563,0.053,0.061,1913.7159155304041
0.01208,604,077_AlSiMg_200W_500mms_M0_G13_Test_StepoverAlt0605.tif,0.0,1.773,1.559,0.051,0.06,1816.5952378905574
0.012085,604,077_AlSiMg_200W_500mms_M0_G13_Test_StepoverAlt0605.tif,0.0,1.777,1.535,0.05,0.064,1862.2792741110607
0.01209,604,077_AlSiMg_200W_500mms_M0_G13_Test_StepoverAlt0605.tif,-0.001,1.787,1.6,0.055,0.063,1859.4214506419019
0.012095,604,077_AlSiMg_200W_500mms_M0_G13_Test_StepoverAlt0605.tif,0.0,1.805,1.583,0.051,0.061,1822.8213818623342
0.0121,605,077_AlSiMg_200W_500mms_M0_G13_Test_StepoverAlt0606.tif,0.0,1.807,1.562,0.052,0.06,2183.3840741953873
0.012105,605,077_AlSiMg_200W_500mms_M0_G13_Test_StepoverAlt0606.tif,-0.002,1.808,1.544,0.049,0.06,2177.8465436711745
0.01211,605,077_AlSiMg_200W_500mms_M0_G13_Test_StepoverAlt0606.tif,-0.002,1.807,1.553,0.063,0.063,2234.491417123768
0.012115,605,077_AlSiMg_200W_500mms_M0_G13_Test_StepoverAlt0606.tif,0.0,1.802,1.549,0.053,0.061,2194.705944956183
0.01212,606,077_AlSiMg_200W_500mms_M0_G13_Test_StepoverAlt0607.tif,0.0,1.804,1.52,0.052,0.059,2269.0556185499654
0.012125,606,077_AlSiMg_200W_500mms_M0_G13_Test_StepoverAlt0607.tif,0.0,1.793,1.51,0.05,0.06,1962.1655100199594
0.01213,606,077_AlSiMg_200W_500mms_M0_G13_Test_StepoverAlt0607.tif,-0.001,1.781,1.504,0.051,0.058,1935.558575715721
0.012135,606,077_AlSiMg_200W_500mms_M0_G13_Test_StepoverAlt0607.tif,-0.001,1.779,1.495,0.051,0.061,1833.229666042624
0.01214,607,077_AlSiMg_200W_500mms_M0_G13_Test_StepoverAlt0608.tif,-0.001,1.775,1.488,0.05,0.059,1852.2753700976282
0.012145,607,077_AlSiMg_200W_500mms_M0_G13_Test_StepoverAlt0608.tif,-0.002,1.776,1.497,0.049,0.062,1814.525765283414
0.01215,607,077_AlSiMg_200W_500mms_M0_G13_Test_StepoverAlt0608.tif,-0.002,1.777,1.502,0.051,0.06,1868.3060070060571
0.012155,607,077_AlSiMg_200W_500mms_M0_G13_Test_StepoverAlt0608.tif,-0.002,1.786,1.503,0.051,0.06,1871.315349728557
0.01216,608,077_AlSiMg_200W_500mms_M0_G13_Test_StepoverAlt0609.tif,-0.002,1.8,1.521,0.051,0.058,1902.4995867165321
0.012165,608,077_AlSiMg_200W_500mms_M0_G13_Test_StepoverAlt0609.tif,-0.002,1.808,1.52,0.051,0.06,1858.7892387969212
0.01217,608,077_AlSiMg_200W_500mms_M0_G13_Test_StepoverAlt0609.tif,0.0,1.808,1.523,0.051,0.062,1825.252556685035
0.012175,608,077_AlSiMg_200W_500mms_M0_G13_Test_StepoverAlt0609.tif,-0.002,1.807,1.538,0.051,0.063,1753.9662697589345
0.01218,609,077_AlSiMg_200W_500mms_M0_G13_Test_StepoverAlt0610.tif,0.001,1.805,1.551,0.05,0.061,1723.4358336179776
0.012185,609,077_AlSiMg_200W_500mms_M0_G13_Test_StepoverAlt0610.tif,-0.002,1.798,1.544,0.05,0.061,1729.2832521933778
0.01219,609,077_AlSiMg_200W_500mms_M0_G13_Test_StepoverAlt0610.tif,-0.002,1.793,1.576,0.051,0.062,1781.6615531660414
0.012195,609,077_AlSiMg_200W_500mms_M0_G13_Test_StepoverAlt0610.tif,-0.002,1.777,1.583,0.053,0.064,1793.077318213264
0.0122,610,077_AlSiMg_200W_500mms_M0_G13_Test_StepoverAlt0611.tif,0.001,1.77,1.563,0.054,0.063,1790.0139315455824
0.012205,610,077_AlSiMg_200W_500mms_M0_G13_Test_StepoverAlt0611.tif,0.0,1.768,1.644,0.049,0.059,1801.4986636315352
0.01221,610,077_AlSiMg_200W_500mms_M0_G13_Test_StepoverAlt0611.tif,0.0,1.77,1.593,0.049,0.06,2247.125597588437
0.012215,610,077_AlSiMg_200W_500mms_M0_G13_Test_StepoverAlt0611.tif,0.0,1.772,1.656,0.05,0.06,2262.055236117124
0.01222,611,077_AlSiMg_200W_500mms_M0_G13_Test_StepoverAlt0612.tif,0.0,1.776,1.597,0.071,0.058,2268.1455162733578
0.012225,611,077_AlSiMg_200W_500mms_M0_G13_Test_StepoverAlt0612.tif,0.001,1.787,1.612,0.053,0.061,2310.5824081712044
0.01223,611,077_AlSiMg_200W_500mms_M0_G13_Test_StepoverAlt0612.tif,-0.001,1.797,1.621,0.051,0.061,2329.628112226209
0.012235,611,077_AlSiMg_200W_500mms_M0_G13_Test_StepoverAlt0612.tif,-0.001,1.804,1.591,0.053,0.062,1908.6841958348637
0.01224,612,077_AlSiMg_200W_500mms_M0_G13_Test_StepoverAlt0613.tif,0.001,1.802,1.587,0.051,0.06,1862.965687188461
0.012245,612,077_AlSiMg_200W_500mms_M0_G13_Test_StepoverAlt0613.tif,0.001,1.802,1.611,0.051,0.06,1862.965687188461
0.01225,612,077_AlSiMg_200W_500mms_M0_G13_Test_StepoverAlt0613.tif,0.0,1.795,1.583,0.049,0.059,1854.1195213476828
0.012255,612,077_AlSiMg_200W_500mms_M0_G13_Test_StepoverAlt0613.tif,-0.003,1.795,1.562,0.051,0.061,1835.073817292679
0.01226,613,077_AlSiMg_200W_500mms_M0_G13_Test_StepoverAlt0614.tif,-0.002,1.784,1.567,0.05,0.059,1798.473748513111
0.012265,613,077_AlSiMg_200W_500mms_M0_G13_Test_StepoverAlt0614.tif,0.0,1.776,1.591,0.05,0.06,1866.7475609895585
0.01227,613,077_AlSiMg_200W_500mms_M0_G13_Test_StepoverAlt0614.tif,-0.001,1.776,1.587,0.049,0.06,1849.241515786101
0.012275,613,077_AlSiMg_200W_500mms_M0_G13_Test_StepoverAlt0614.tif,-0.002,1.777,1.576,0.054,0.061,1815.6507897290332
0.01228,614,077_AlSiMg_200W_500mms_M0_G13_Test_StepoverAlt0615.tif,0.0,1.783,1.656,0.05,0.061,1812.5755767193739
0.012285,614,077_AlSiMg_200W_500mms_M0_G13_Test_StepoverAlt0615.tif,0.0,1.784,1.63,0.049,0.06,1830.1299414439375
0.01229,614,077_AlSiMg_200W_500mms_M0_G13_Test_StepoverAlt0615.tif,-0.002,1.787,1.598,0.049,0.059,1807.5746376138927
0.012295,614,077_AlSiMg_200W_500mms_M0_G13_Test_StepoverAlt0615.tif,-0.001,1.801,1.586,0.05,0.06,1841.111319725779
0.0123,615,077_AlSiMg_200W_500mms_M0_G13_Test_StepoverAlt0616.tif,0.001,1.808,1.608,0.053,0.061,1892.5475874662945
0.012305,615,077_AlSiMg_200W_500mms_M0_G13_Test_StepoverAlt0616.tif,-0.001,1.808,1.586,0.051,0.06,1892.5475874662945
0.01231,615,077_AlSiMg_200W_500mms_M0_G13_Test_StepoverAlt0616.tif,-0.001,1.804,1.629,0.05,0.058,1911.593291521299
0.012315,615,077_AlSiMg_200W_500mms_M0_G13_Test_StepoverAlt0616.tif,-0.001,1.798,1.622,0.049,0.059,1905.8156862708522
0.01232,616,077_AlSiMg_200W_500mms_M0_G13_Test_StepoverAlt0617.tif,-0.001,1.794,1.58,0.051,0.06,1920.6518852318
0.012325,616,077_AlSiMg_200W_500mms_M0_G13_Test_StepoverAlt0617.tif,0.0,1.786,1.6,0.051,0.059,1852.9808378320572
0.01233,616,077_AlSiMg_200W_500mms_M0_G13_Test_StepoverAlt0617.tif,-0.001,1.773,1.611,0.05,0.058,1825.3636492428832
0.012335,616,077_AlSiMg_200W_500mms_M0_G13_Test_StepoverAlt0617.tif,0.0,1.768,1.587,0.048,0.06,1785.641387048017
0.01234,617,077_AlSiMg_200W_500mms_M0_G13_Test_StepoverAlt0618.tif,-0.002,1.765,1.611,0.049,0.061,1706.1067275877917
0.012345,617,077_AlSiMg_200W_500mms_M0_G13_Test_StepoverAlt0618.tif,0.001,1.772,1.607,0.048,0.059,1641.5324229730072
0.01235,617,077_AlSiMg_200W_500mms_M0_G13_Test_StepoverAlt0618.tif,0.0,1.779,1.602,0.049,0.062,1657.7672026322339
0.012355,617,077_AlSiMg_200W_500mms_M0_G13_Test_StepoverAlt0618.tif,0.001,1.779,1.595,0.049,0.061,1707.505308286071
0.01236,618,077_AlSiMg_200W_500mms_M0_G13_Test_StepoverAlt0619.tif,0.0,1.797,1.579,0.049,0.06,1741.1457011597854
0.012365,618,077_AlSiMg_200W_500mms_M0_G13_Test_StepoverAlt0619.tif,0.0,1.804,1.574,0.051,0.06,1796.7785049675658
0.01237,618,077_AlSiMg_200W_500mms_M0_G13_Test_StepoverAlt0619.tif,-0.001,1.804,1.565,0.049,0.058,1843.5072678989031
0.012375,618,077_AlSiMg_200W_500mms_M0_G13_Test_StepoverAlt0619.tif,-0.002,1.805,1.57,0.049,0.058,1830.369231024634
0.01238,619,077_AlSiMg_200W_500mms_M0_G13_Test_StepoverAlt0620.tif,0.0,1.802,1.553,0.05,0.059,1827.3598883021346
0.012385,619,077_AlSiMg_200W_500mms_M0_G13_Test_StepoverAlt0620.tif,-0.001,1.8,1.623,0.049,0.061,1827.3598883021346
0.01239,619,077_AlSiMg_200W_500mms_M0_G13_Test_StepoverAlt0620.tif,0.0,1.797,1.586,0.05,0.059,1833.441757623287
0.012395,619,077_AlSiMg_200W_500mms_M0_G13_Test_StepoverAlt0620.tif,0.0,1.781,1.593,0.049,0.058,1802.9144182338998
0.0124,620,077_AlSiMg_200W_500mms_M0_G13_Test_StepoverAlt0621.tif,0.0,1.773,1.598,0.051,0.06,1836.6218869793079
0.012405,620,077_AlSiMg_200W_500mms_M0_G13_Test_StepoverAlt0621.tif,-0.001,1.772,1.602,0.05,0.061,1796.7262342276379
0.01241,620,077_AlSiMg_200W_500mms_M0_G13_Test_StepoverAlt0621.tif,0.0,1.777,1.591,0.051,0.061,1763.0858413539238
0.012415,620,077_AlSiMg_200W_500mms_M0_G13_Test_StepoverAlt0621.tif,-0.001,1.779,1.632,0.047,0.058,1740.9649242892606
0.01242,621,077_AlSiMg_200W_500mms_M0_G13_Test_StepoverAlt0622.tif,-0.002,1.78,1.6,0.048,0.059,1768.4197370799945
0.012425,621,077_AlSiMg_200W_500mms_M0_G13_Test_StepoverAlt0622.tif,0.0,1.794,1.577,0.049,0.059,1778.3685046672713
0.01243,621,077_AlSiMg_200W_500mms_M0_G13_Test_StepoverAlt0622.tif,-0.001,1.805,1.555,0.049,0.058,1784.673431361873
0.012435,621,077_AlSiMg_200W_500mms_M0_G13_Test_StepoverAlt0622.tif,0.001,1.808,1.562,0.049,0.058,1818.3138242355876
0.01244,622,077_AlSiMg_200W_500mms_M0_G13_Test_StepoverAlt0623.tif,-0.001,1.811,1.567,0.049,0.06,1803.834672520683
0.012445,622,077_AlSiMg_200W_500mms_M0_G13_Test_StepoverAlt0623.tif,-0.002,1.809,1.569,0.049,0.058,1803.834672520683
0.01245,622,077_AlSiMg_200W_500mms_M0_G13_Test_StepoverAlt0623.tif,-0.002,1.807,1.555,0.049,0.06,1742.0200097808302
0.012455,622,077_AlSiMg_200W_500mms_M0_G13_Test_StepoverAlt0623.tif,0.0,1.801,1.572,0.049,0.058,1756.4991614957348
0.01246,623,077_AlSiMg_200W_500mms_M0_G13_Test_StepoverAlt0624.tif,0.0,1.786,1.566,0.047,0.06,1774.36729754394
0.012465,623,077_AlSiMg_200W_500mms_M0_G13_Test_StepoverAlt0624.tif,0.0,1.779,1.552,0.049,0.059,1768.062370849338
0.01247,623,077_AlSiMg_200W_500mms_M0_G13_Test_StepoverAlt0624.tif,0.0,1.772,1.579,0.049,0.057,1752.023323105827
0.012475,623,077_AlSiMg_200W_500mms_M0_G13_Test_StepoverAlt0624.tif,0.0,1.773,1.636,0.047,0.058,1800.8741511118278
0.01248,624,077_AlSiMg_200W_500mms_M0_G13_Test_StepoverAlt0625.tif,-0.001,1.776,1.579,0.049,0.059,1854.8135749022556
0.012485,624,077_AlSiMg_200W_500mms_M0_G13_Test_StepoverAlt0625.tif,0.0,1.781,1.574,0.05,0.06,1820.9063911105393
0.01249,624,077_AlSiMg_200W_500mms_M0_G13_Test_StepoverAlt0625.tif,0.0,1.787,1.556,0.049,0.056,1901.5609913989229
0.012495,624,077_AlSiMg_200W_500mms_M0_G13_Test_StepoverAlt0625.tif,0.001,1.801,1.566,0.049,0.059,1917.6000391424338
0.0125,625,077_AlSiMg_200W_500mms_M0_G13_Test_StepoverAlt0626.tif,0.0,1.804,1.56,0.051,0.058,1936.6457431974384
0.012505,625,077_AlSiMg_200W_500mms_M0_G13_Test_StepoverAlt0626.tif,-0.002,1.804,1.551,0.049,0.058,1868.227167692106
0.01251,625,077_AlSiMg_200W_500mms_M0_G13_Test_StepoverAlt0626.tif,-0.001,1.802,1.556,0.051,0.06,1884.2662154356171
0.012515,625,077_AlSiMg_200W_500mms_M0_G13_Test_StepoverAlt0626.tif,0.001,1.801,1.583,0.049,0.06,1784.8019374924704
0.01252,626,077_AlSiMg_200W_500mms_M0_G13_Test_StepoverAlt0627.tif,-0.002,1.797,1.593,0.049,0.058,1784.8019374924704
0.012525,626,077_AlSiMg_200W_500mms_M0_G13_Test_StepoverAlt0627.tif,0.0,1.791,1.558,0.049,0.062,1781.792594769971
0.01253,626,077_AlSiMg_200W_500mms_M0_G13_Test_StepoverAlt0627.tif,-0.002,1.777,1.577,0.049,0.058,1818.3926635495386
0.012535,626,077_AlSiMg_200W_500mms_M0_G13_Test_StepoverAlt0627.tif,0.001,1.772,1.587,0.05,0.059,1787.8744640911232
0.01254,627,077_AlSiMg_200W_500mms_M0_G13_Test_StepoverAlt0628.tif,0.0,1.775,1.558,0.051,0.06,1833.5585003116262
0.012545,627,077_AlSiMg_200W_500mms_M0_G13_Test_StepoverAlt0628.tif,-0.002,1.777,1.58,0.049,0.06,1839.6403696327786
0.01255,627,077_AlSiMg_200W_500mms_M0_G13_Test_StepoverAlt0628.tif,-0.002,1.777,1.579,0.051,0.061,1836.567843034126
0.012555,627,077_AlSiMg_200W_500mms_M0_G13_Test_StepoverAlt0628.tif,0.0,1.784,1.577,0.051,0.06,1871.3863216553539
0.01256,628,077_AlSiMg_200W_500mms_M0_G13_Test_StepoverAlt0629.tif,0.001,1.794,1.567,0.049,0.058,1888.9406863799172
0.012565,628,077_AlSiMg_200W_500mms_M0_G13_Test_StepoverAlt0629.tif,-0.002,1.807,1.565,0.05,0.057,1882.8504062236832
0.01257,628,077_AlSiMg_200W_500mms_M0_G13_Test_StepoverAlt0629.tif,0.0,1.811,1.549,0.05,0.06,1894.6366729507365
0.012575,628,077_AlSiMg_200W_500mms_M0_G13_Test_StepoverAlt0629.tif,-0.001,1.811,1.56,0.049,0.059,1875.4604301985787
0.01258,629,077_AlSiMg_200W_500mms_M0_G13_Test_StepoverAlt0630.tif,-0.002,1.807,1.581,0.049,0.057,1828.217283247573
0.012585,629,077_AlSiMg_200W_500mms_M0_G13_Test_StepoverAlt0630.tif,0.0,1.801,1.566,0.048,0.058,1810.6629185230097
0.01259,629,077_AlSiMg_200W_500mms_M0_G13_Test_StepoverAlt0630.tif,-0.001,1.795,1.584,0.047,0.056,1776.7949229985763
0.012595,629,077_AlSiMg_200W_500mms_M0_G13_Test_StepoverAlt0630.tif,0.001,1.783,1.581,0.049,0.06,1739.7505441982132
0.0126,630,077_AlSiMg_200W_500mms_M0_G13_Test_StepoverAlt0631.tif,0.001,1.777,1.58,0.047,0.059,1715.5492851686395
0.012605,630,077_AlSiMg_200W_500mms_M0_G13_Test_StepoverAlt0631.tif,0.001,1.779,1.555,0.048,0.058,2148.917869889762
0.01261,630,077_AlSiMg_200W_500mms_M0_G13_Test_StepoverAlt0631.tif,0.0,1.781,1.563,0.045,0.056,2606.461855060675
0.012615,630,077_AlSiMg_200W_500mms_M0_G13_Test_StepoverAlt0631.tif,-0.001,1.786,1.516,0.071,0.059,2619.545772175602
0.01262,631,077_AlSiMg_200W_500mms_M0_G13_Test_StepoverAlt0632.tif,0.0,1.788,1.513,0.061,0.057,2601.8988887747423
0.012625,631,077_AlSiMg_200W_500mms_M0_G13_Test_StepoverAlt0632.tif,0.001,1.801,1.52,0.047,0.058,2663.144526604679
0.01263,631,077_AlSiMg_200W_500mms_M0_G13_Test_StepoverAlt0632.tif,-0.002,1.807,1.504,0.047,0.058,2236.1187408921824
0.012635,631,077_AlSiMg_200W_500mms_M0_G13_Test_StepoverAlt0632.tif,0.0,1.811,1.503,0.049,0.057,1812.1654817783376
0.01264,632,077_AlSiMg_200W_500mms_M0_G13_Test_StepoverAlt0633.tif,-0.002,1.811,1.503,0.049,0.058,1829.812365179197
0.012645,632,077_AlSiMg_200W_500mms_M0_G13_Test_StepoverAlt0633.tif,0.0,1.805,1.492,0.05,0.059,1847.4592485800567
0.01265,632,077_AlSiMg_200W_500mms_M0_G13_Test_StepoverAlt0633.tif,0.0,1.801,1.497,0.048,0.058,1813.55206478834
0.012655,632,077_AlSiMg_200W_500mms_M0_G13_Test_StepoverAlt0633.tif,0.0,1.798,1.493,0.048,0.058,1783.0338653299248
0.01266,633,077_AlSiMg_200W_500mms_M0_G13_Test_StepoverAlt0634.tif,0.0,1.783,1.497,0.049,0.059,1746.3209458575577
0.012665,633,077_AlSiMg_200W_500mms_M0_G13_Test_StepoverAlt0634.tif,-0.001,1.773,1.483,0.049,0.06,1783.3653246579208
0.01267,633,077_AlSiMg_200W_500mms_M0_G13_Test_StepoverAlt0634.tif,0.001,1.766,1.479,0.048,0.059,1802.5415674100782
0.012675,633,077_AlSiMg_200W_500mms_M0_G13_Test_StepoverAlt0634.tif,-0.001,1.765,1.495,0.049,0.057,1768.6735718856457
0.01268,634,077_AlSiMg_200W_500mms_M0_G13_Test_StepoverAlt0635.tif,0.001,1.772,1.488,0.049,0.058,1752.4387922264184
0.012685,634,077_AlSiMg_200W_500mms_M0_G13_Test_StepoverAlt0635.tif,-0.002,1.772,1.495,0.047,0.059,1846.5981795351822
0.01269,634,077_AlSiMg_200W_500mms_M0_G13_Test_StepoverAlt0635.tif,-0.002,1.781,1.496,0.048,0.06,1846.5981795351822
0.012695,634,077_AlSiMg_200W_500mms_M0_G13_Test_StepoverAlt0635.tif,-0.001,1.794,1.51,0.049,0.055,2273.623965247679
0.0127,635,077_AlSiMg_200W_500mms_M0_G13_Test_StepoverAlt0636.tif,-0.002,1.8,1.532,0.049,0.057,2310.567173781771
0.012705,635,077_AlSiMg_200W_500mms_M0_G13_Test_StepoverAlt0636.tif,-0.002,1.802,1.53,0.063,0.059,2357.320152899414
0.01271,635,077_AlSiMg_200W_500mms_M0_G13_Test_StepoverAlt0636.tif,0.0,1.805,1.511,0.05,0.06,2274.4238256214057
0.012715,635,077_AlSiMg_200W_500mms_M0_G13_Test_StepoverAlt0636.tif,0.001,1.8,1.503,0.049,0.058,2206.6486463052556
0.01272,636,077_AlSiMg_200W_500mms_M0_G13_Test_StepoverAlt0637.tif,-0.001,1.797,1.495,0.047,0.057,1745.9824677190445
0.012725,636,077_AlSiMg_200W_500mms_M0_G13_Test_StepoverAlt0637.tif,0.001,1.791,1.49,0.047,0.059,1697.1316397130438
0.01273,636,077_AlSiMg_200W_500mms_M0_G13_Test_StepoverAlt0637.tif,-0.001,1.777,1.493,0.048,0.059,1697.1316397130436
0.012735,636,077_AlSiMg_200W_500mms_M0_G13_Test_StepoverAlt0637.tif,0.0,1.773,1.544,0.047,0.06,1700.332729803845
0.01274,637,077_AlSiMg_200W_500mms_M0_G13_Test_StepoverAlt0638.tif,0.001,1.773,1.562,0.049,0.058,1716.5993801980749
0.012745,637,077_AlSiMg_200W_500mms_M0_G13_Test_StepoverAlt0638.tif,-0.001,1.779,1.544,0.048,0.058,1768.1079091199947
0.01275,637,077_AlSiMg_200W_500mms_M0_G13_Test_StepoverAlt0638.tif,0.001,1.781,1.542,0.048,0.059,1786.2663355271627
0.012755,637,077_AlSiMg_200W_500mms_M0_G13_Test_StepoverAlt0638.tif,0.0,1.787,1.56,0.049,0.057,1710.4373718127492
0.01276,638,077_AlSiMg_200W_500mms_M0_G13_Test_StepoverAlt0639.tif,-0.002,1.804,1.537,0.049,0.061,1707.236281721948
0.012765,638,077_AlSiMg_200W_500mms_M0_G13_Test_StepoverAlt0639.tif,0.0,1.807,1.563,0.046,0.06,1801.395669030712
0.01277,638,077_AlSiMg_200W_500mms_M0_G13_Test_StepoverAlt0639.tif,-0.002,1.808,1.563,0.047,0.057,1780.3897961632058
0.012775,638,077_AlSiMg_200W_500mms_M0_G13_Test_StepoverAlt0639.tif,0.0,1.809,1.559,0.049,0.055,1762.2313697560378
0.01278,639,077_AlSiMg_200W_500mms_M0_G13_Test_StepoverAlt0640.tif,-0.002,1.807,1.573,0.048,0.057,1807.5421340120351
0.012785,639,077_AlSiMg_200W_500mms_M0_G13_Test_StepoverAlt0640.tif,-0.002,1.801,1.538,0.047,0.06,1826.7817300356935
0.01279,639,077_AlSiMg_200W_500mms_M0_G13_Test_StepoverAlt0640.tif,0.003,1.798,1.53,0.049,0.06,1743.885402757685
0.012795,639,077_AlSiMg_200W_500mms_M0_G13_Test_StepoverAlt0640.tif,-0.001,1.784,1.52,0.048,0.057,1747.0231395769856
0.0128,640,077_AlSiMg_200W_500mms_M0_G13_Test_StepoverAlt0641.tif,-0.002,1.775,1.553,0.047,0.057,1829.7558705989384
0.012805,640,077_AlSiMg_200W_500mms_M0_G13_Test_StepoverAlt0641.tif,0.001,1.775,1.593,0.049,0.058,1823.4509439043366
0.01281,640,077_AlSiMg_200W_500mms_M0_G13_Test_StepoverAlt0641.tif,0.0,1.776,1.556,0.05,0.058,1810.5496329801267
0.012815,640,077_AlSiMg_200W_500mms_M0_G13_Test_StepoverAlt0641.tif,-0.001,1.773,1.548,0.047,0.058,1832.9269658230855
0.01282,641,077_AlSiMg_200W_500mms_M0_G13_Test_StepoverAlt0642.tif,0.001,1.775,1.542,0.049,0.059,1789.2707294904008
0.012825,641,077_AlSiMg_200W_500mms_M0_G13_Test_StepoverAlt0642.tif,0.0,1.79,1.541,0.049,0.058,1749.1764184561434
0.01283,641,077_AlSiMg_200W_500mms_M0_G13_Test_StepoverAlt0642.tif,0.0,1.798,1.546,0.049,0.061,1752.359151735446
0.012835,641,077_AlSiMg_200W_500mms_M0_G13_Test_StepoverAlt0642.tif,-0.002,1.801,1.532,0.048,0.058,1706.5835367391041
0.01284,642,077_AlSiMg_200W_500mms_M0_G13_Test_StepoverAlt0643.tif,-0.002,1.802,1.518,0.048,0.059,1656.6764934711603
0.012845,642,077_AlSiMg_200W_500mms_M0_G13_Test_StepoverAlt0643.tif,0.001,1.8,1.514,0.047,0.06,1681.1564870516872
0.01285,642,077_AlSiMg_200W_500mms_M0_G13_Test_StepoverAlt0643.tif,0.001,1.797,1.516,0.047,0.059,1700.332729803845
0.012855,642,077_AlSiMg_200W_500mms_M0_G13_Test_StepoverAlt0643.tif,-0.001,1.794,1.513,0.048,0.058,1733.973122677559
0.01286,643,077_AlSiMg_200W_500mms_M0_G13_Test_StepoverAlt0644.tif,0.001,1.784,1.503,0.049,0.058,1765.2695859589962
0.012865,643,077_AlSiMg_200W_500mms_M0_G13_Test_StepoverAlt0644.tif,0.0,1.777,1.517,0.049,0.058,1753.361966487088
0.01287,643,077_AlSiMg_200W_500mms_M0_G13_Test_StepoverAlt0644.tif,-0.002,1.77,1.524,0.049,0.06,1742.0200097808302
0.012875,643,077_AlSiMg_200W_500mms_M0_G13_Test_StepoverAlt0644.tif,-0.001,1.773,1.53,0.047,0.06,1725.9809620373192
0.01288,644,077_AlSiMg_200W_500mms_M0_G13_Test_StepoverAlt0645.tif,0.0,1.775,1.532,0.049,0.06,1725.9809620373192
0.012885,644,077_AlSiMg_200W_500mms_M0_G13_Test_StepoverAlt0645.tif,0.001,1.779,1.516,0.049,0.059,1756.4991614957344
0.01289,644,077_AlSiMg_200W_500mms_M0_G13_Test_StepoverAlt0645.tif,-0.001,1.791,1.485,0.049,0.058,1774.6575879029024
0.012895,644,077_AlSiMg_200W_500mms_M0_G13_Test_StepoverAlt0645.tif,-0.002,1.801,1.475,0.049,0.058,1755.268744093374
0.0129,645,077_AlSiMg_200W_500mms_M0_G13_Test_StepoverAlt0646.tif,0.0,1.809,1.469,0.049,0.061,1795.2096474893297
0.012905,645,077_AlSiMg_200W_500mms_M0_G13_Test_StepoverAlt0646.tif,-0.001,1.802,1.482,0.047,0.059,1795.2096474893297
0.01291,645,077_AlSiMg_200W_500mms_M0_G13_Test_StepoverAlt0646.tif,0.0,1.805,1.469,0.051,0.059,1761.5692546156156
0.012915,645,077_AlSiMg_200W_500mms_M0_G13_Test_StepoverAlt0646.tif,-0.001,1.8,1.563,0.049,0.058,1789.1864432047892
0.01292,646,077_AlSiMg_200W_500mms_M0_G13_Test_StepoverAlt0647.tif,0.001,1.793,1.549,0.048,0.059,1789.1864432047892
0.012925,646,077_AlSiMg_200W_500mms_M0_G13_Test_StepoverAlt0647.tif,-0.002,1.787,1.609,0.049,0.059,1740.8360207325397
0.01293,646,077_AlSiMg_200W_500mms_M0_G13_Test_StepoverAlt0647.tif,0.0,1.775,1.597,0.047,0.059,1710.317821274124
0.012935,646,077_AlSiMg_200W_500mms_M0_G13_Test_StepoverAlt0647.tif,0.0,1.77,1.798,0.051,0.062,1700.3019778151534
0.01294,647,077_AlSiMg_200W_500mms_M0_G13_Test_StepoverAlt0648.tif,-0.001,1.766,2.022,0.049,0.06,1691.8924587388597
0.012945,647,077_AlSiMg_200W_500mms_M0_G13_Test_StepoverAlt0648.tif,0.0,1.775,1.723,0.049,0.061,1747.881371327956
0.01295,647,077_AlSiMg_200W_500mms_M0_G13_Test_StepoverAlt0648.tif,0.0,1.777,1.649,0.051,0.062,1747.881371327956
0.012955,647,077_AlSiMg_200W_500mms_M0_G13_Test_StepoverAlt0648.tif,0.0,1.781,1.601,0.051,0.06,1810.876857079856
0.01296,648,077_AlSiMg_200W_500mms_M0_G13_Test_StepoverAlt0649.tif,0.001,1.797,1.566,0.051,0.062,1822.721224583164
0.012965,648,077_AlSiMg_200W_500mms_M0_G13_Test_StepoverAlt0649.tif,0.0,1.809,1.546,0.054,0.062,1887.6989572790117
0.01297,648,077_AlSiMg_200W_500mms_M0_G13_Test_StepoverAlt0649.tif,-0.002,1.811,1.523,0.053,0.065,1916.8340793849638
0.012975,648,077_AlSiMg_200W_500mms_M0_G13_Test_StepoverAlt0649.tif,0.0,1.811,1.514,0.057,0.065,1925.5256963899956
0.01298,649,077_AlSiMg_200W_500mms_M0_G13_Test_StepoverAlt0650.tif,0.001,1.808,1.497,0.055,0.063,1882.8279839909897
0.012985,649,077_AlSiMg_200W_500mms_M0_G13_Test_StepoverAlt0650.tif,-0.002,1.801,1.486,0.054,0.065,1901.6760180865153
0.01299,649,077_AlSiMg_200W_500mms_M0_G13_Test_StepoverAlt0650.tif,0.0,1.795,1.502,0.056,0.067,1850.9264261049507
0.012995,649,077_AlSiMg_200W_500mms_M0_G13_Test_StepoverAlt0650.tif,0.001,1.781,1.516,0.055,0.066,1805.489008572325
0.013,650,077_AlSiMg_200W_500mms_M0_G13_Test_StepoverAlt0651.tif,0.0,1.775,1.502,0.056,0.067,1830.8583652871669
0.013005,650,077_AlSiMg_200W_500mms_M0_G13_Test_StepoverAlt0651.tif,-0.001,1.77,1.56,0.056,0.067,1853.2831596178432
0.01301,650,077_AlSiMg_200W_500mms_M0_G13_Test_StepoverAlt0651.tif,-0.001,1.772,1.698,0.058,0.068,1873.219638122635
0.013015,650,077_AlSiMg_200W_500mms_M0_G13_Test_StepoverAlt0651.tif,0.0,1.776,1.843,0.059,0.069,1908.9717896725992
0.01302,651,077_AlSiMg_200W_500mms_M0_G13_Test_StepoverAlt0652.tif,-0.001,1.776,1.829,0.057,0.067,1914.3147481684045
0.013025,651,077_AlSiMg_200W_500mms_M0_G13_Test_StepoverAlt0652.tif,-0.002,1.788,1.991,0.058,0.067,1874.421853116346
0.01303,651,077_AlSiMg_200W_500mms_M0_G13_Test_StepoverAlt0652.tif,0.0,1.801,2.067,0.058,0.069,1983.5860834329292
0.013035,651,077_AlSiMg_200W_500mms_M0_G13_Test_StepoverAlt0652.tif,0.001,1.805,2.014,0.058,0.071,1988.8178078871454
0.01304,652,077_AlSiMg_200W_500mms_M0_G13_Test_StepoverAlt0653.tif,-0.002,1.804,1.955,0.064,0.069,1996.377150279333
0.013045,652,077_AlSiMg_200W_500mms_M0_G13_Test_StepoverAlt0653.tif,0.001,1.802,1.854,0.059,0.069,2051.7851254916145
0.01305,652,077_AlSiMg_200W_500mms_M0_G13_Test_StepoverAlt0653.tif,0.001,1.798,1.84,0.061,0.07,2132.5961212461707
0.013055,652,077_AlSiMg_200W_500mms_M0_G13_Test_StepoverAlt0653.tif,0.001,1.795,1.8,0.061,0.069,2028.477539878698
0.01306,653,077_AlSiMg_200W_500mms_M0_G13_Test_StepoverAlt0654.tif,0.0,1.787,1.783,0.061,0.069,2061.9026881957298
0.013065,653,077_AlSiMg_200W_500mms_M0_G13_Test_StepoverAlt0654.tif,-0.002,1.777,1.755,0.061,0.071,2056.91093225243
0.01307,653,077_AlSiMg_200W_500mms_M0_G13_Test_StepoverAlt0654.tif,-0.001,1.776,1.728,0.059,0.067,2036.9990660846445
0.013075,653,077_AlSiMg_200W_500mms_M0_G13_Test_StepoverAlt0654.tif,-0.001,1.776,1.672,0.059,0.068,2032.0980750242657
0.01308,654,077_AlSiMg_200W_500mms_M0_G13_Test_StepoverAlt0655.tif,0.0,1.777,1.637,0.06,0.069,2047.9391256866304
0.013085,654,077_AlSiMg_200W_500mms_M0_G13_Test_StepoverAlt0655.tif,0.0,1.783,1.637,0.059,0.067,2047.9391256866304
0.01309,654,077_AlSiMg_200W_500mms_M0_G13_Test_StepoverAlt0655.tif,-0.002,1.79,1.609,0.061,0.07,2017.5644096213732
0.013095,654,077_AlSiMg_200W_500mms_M0_G13_Test_StepoverAlt0655.tif,0.001,1.798,1.587,0.059,0.067,1999.1501364117473
0.0131,655,077_AlSiMg_200W_500mms_M0_G13_Test_StepoverAlt0656.tif,0.0,1.804,1.574,0.059,0.07,1948.6431522598446
0.013105,655,077_AlSiMg_200W_500mms_M0_G13_Test_StepoverAlt0656.tif,0.0,1.804,1.57,0.059,0.069,1897.4285766925968
0.01311,655,077_AlSiMg_200W_500mms_M0_G13_Test_StepoverAlt0656.tif,0.0,1.802,1.566,0.058,0.069,1833.6755524197931
0.013115,655,077_AlSiMg_200W_500mms_M0_G13_Test_StepoverAlt0656.tif,0.0,1.798,1.548,0.058,0.07,1831.073488982004
0.01312,656,077_AlSiMg_200W_500mms_M0_G13_Test_StepoverAlt0657.tif,0.0,1.795,1.549,0.058,0.07,1813.9916531471324
0.013125,656,077_AlSiMg_200W_500mms_M0_G13_Test_StepoverAlt0657.tif,0.0,1.787,1.555,0.058,0.069,1844.4008462012916
0.01313,656,077_AlSiMg_200W_500mms_M0_G13_Test_StepoverAlt0657.tif,0.001,1.775,1.552,0.058,0.069,1905.629370353357
0.013135,656,077_AlSiMg_200W_500mms_M0_G13_Test_StepoverAlt0657.tif,-0.001,1.772,1.556,0.058,0.067,1949.284603528417
0.01314,657,077_AlSiMg_200W_500mms_M0_G13_Test_StepoverAlt0658.tif,-0.002,1.768,1.551,0.058,0.066,1943.9416450326116
0.013145,657,077_AlSiMg_200W_500mms_M0_G13_Test_StepoverAlt0658.tif,-0.002,1.773,1.612,0.058,0.067,2033.1937272139967
0.01315,657,077_AlSiMg_200W_500mms_M0_G13_Test_StepoverAlt0658.tif,-0.002,1.775,1.591,0.056,0.067,1997.4415756640324
0.013155,657,077_AlSiMg_200W_500mms_M0_G13_Test_StepoverAlt0658.tif,0.001,1.781,1.6,0.058,0.064,1963.9489661426524
0.01316,658,077_AlSiMg_200W_500mms_M0_G13_Test_StepoverAlt0659.tif,-0.002,1.795,1.56,0.056,0.067,1955.9423161899413
0.013165,658,077_AlSiMg_200W_500mms_M0_G13_Test_StepoverAlt0659.tif,0.0,1.805,1.562,0.058,0.068,1986.4088412663386
0.01317,658,077_AlSiMg_200W_500mms_M0_G13_Test_StepoverAlt0659.tif,0.001,1.805,1.58,0.055,0.064,1942.5633925707127
0.013175,658,077_AlSiMg_200W_500mms_M0_G13_Test_StepoverAlt0659.tif,-0.001,1.807,1.6,0.056,0.065,1954.328104581988
0.01318,659,077_AlSiMg_200W_500mms_M0_G13_Test_StepoverAlt0660.tif,-0.001,1.802,1.579,0.057,0.065,2057.921040857764
0.013185,659,077_AlSiMg_200W_500mms_M0_G13_Test_StepoverAlt0660.tif,0.0,1.8,1.555,0.055,0.065,2044.6797005178591
0.01319,659,077_AlSiMg_200W_500mms_M0_G13_Test_StepoverAlt0660.tif,-0.002,1.788,1.552,0.06,0.065,2017.4415183757112
0.013195,659,077_AlSiMg_200W_500mms_M0_G13_Test_StepoverAlt0660.tif,0.0,1.78,1.538,0.056,0.066,2009.3896387931527
0.0132,660,077_AlSiMg_200W_500mms_M0_G13_Test_StepoverAlt0661.tif,0.0,1.777,1.53,0.052,0.062,2062.7583386796505
0.013205,660,077_AlSiMg_200W_500mms_M0_G13_Test_StepoverAlt0661.tif,0.001,1.773,1.521,0.054,0.062,2004.4659812960574
0.01321,660,077_AlSiMg_200W_500mms_M0_G13_Test_StepoverAlt0661.tif,0.0,1.772,1.516,0.055,0.062,2017.7073216359618
0.013215,660,077_AlSiMg_200W_500mms_M0_G13_Test_StepoverAlt0661.tif,-0.002,1.776,1.524,0.055,0.062,1990.0049150772156
0.01322,661,077_AlSiMg_200W_500mms_M0_G13_Test_StepoverAlt0662.tif,0.0,1.784,1.524,0.055,0.064,1925.7157599543539
0.013225,661,077_AlSiMg_200W_500mms_M0_G13_Test_StepoverAlt0662.tif,-0.002,1.798,1.577,0.052,0.064,1888.327849653834
0.01323,661,077_AlSiMg_200W_500mms_M0_G13_Test_StepoverAlt0662.tif,-0.001,1.807,1.518,0.053,0.065,1868.6318552886867
0.013235,661,077_AlSiMg_200W_500mms_M0_G13_Test_StepoverAlt0662.tif,0.001,1.814,1.496,0.055,0.064,1819.2949109675774
0.01324,662,077_AlSiMg_200W_500mms_M0_G13_Test_StepoverAlt0663.tif,-0.001,1.811,1.496,0.055,0.063,1871.514476189328
0.013245,662,077_AlSiMg_200W_500mms_M0_G13_Test_StepoverAlt0663.tif,0.001,1.809,1.516,0.053,0.065,1923.5724439895814
0.01325,662,077_AlSiMg_200W_500mms_M0_G13_Test_StepoverAlt0663.tif,-0.002,1.802,1.504,0.055,0.064,1943.947744544766
0.013255,662,077_AlSiMg_200W_500mms_M0_G13_Test_StepoverAlt0663.tif,-0.002,1.798,1.52,0.056,0.065,1946.6311291645784
0.01326,663,077_AlSiMg_200W_500mms_M0_G13_Test_StepoverAlt0664.tif,0.0,1.787,1.518,0.056,0.064,2033.3559837862074
0.013265,663,077_AlSiMg_200W_500mms_M0_G13_Test_StepoverAlt0664.tif,0.0,1.775,1.552,0.056,0.064,2073.364019345543
0.01327,663,077_AlSiMg_200W_500mms_M0_G13_Test_StepoverAlt0664.tif,0.0,1.77,1.531,0.055,0.062,2073.364019345542
0.013275,663,077_AlSiMg_200W_500mms_M0_G13_Test_StepoverAlt0664.tif,0.001,1.772,1.544,0.056,0.063,2058.3781185939233
0.01328,664,077_AlSiMg_200W_500mms_M0_G13_Test_StepoverAlt0665.tif,0.0,1.772,1.563,0.056,0.065,2010.257316441485
0.013285,664,077_AlSiMg_200W_500mms_M0_G13_Test_StepoverAlt0665.tif,0.0,1.772,1.565,0.057,0.066,1972.8694061409653
0.01329,664,077_AlSiMg_200W_500mms_M0_G13_Test_StepoverAlt0665.tif,0.001,1.784,1.538,0.056,0.067,1916.8805809956525
0.013295,664,077_AlSiMg_200W_500mms_M0_G13_Test_StepoverAlt0665.tif,0.0,1.795,1.552,0.055,0.064,1937.163647900819
0.0133,665,077_AlSiMg_200W_500mms_M0_G13_Test_StepoverAlt0666.tif,0.001,1.804,1.562,0.055,0.065,1913.0020195108186
0.013305,665,077_AlSiMg_200W_500mms_M0_G13_Test_StepoverAlt0666.tif,-0.002,1.805,1.553,0.057,0.065,1913.0020195108184
0.01331,665,077_AlSiMg_200W_500mms_M0_G13_Test_StepoverAlt0666.tif,-0.002,1.801,1.558,0.054,0.064,1918.3914193143835
0.013315,665,077_AlSiMg_200W_500mms_M0_G13_Test_StepoverAlt0666.tif,-0.002,1.8,1.597,0.056,0.067,1906.6267073031079
0.01332,666,077_AlSiMg_200W_500mms_M0_G13_Test_StepoverAlt0667.tif,0.0,1.795,1.56,0.057,0.066,1886.3436403979413
0.013325,666,077_AlSiMg_200W_500mms_M0_G13_Test_StepoverAlt0667.tif,0.0,1.79,1.541,0.056,0.067,1925.491169539561
0.01333,666,077_AlSiMg_200W_500mms_M0_G13_Test_StepoverAlt0667.tif,-0.002,1.775,1.534,0.056,0.065,1925.491169539561
0.013335,666,077_AlSiMg_200W_500mms_M0_G13_Test_StepoverAlt0667.tif,-0.002,1.772,1.523,0.056,0.064,1906.8604293960914
0.01334,667,077_AlSiMg_200W_500mms_M0_G13_Test_StepoverAlt0668.tif,0.0,1.775,1.517,0.056,0.067,1939.99533079691
0.013345,667,077_AlSiMg_200W_500mms_M0_G13_Test_StepoverAlt0668.tif,0.0,1.773,1.57,0.056,0.066,1909.528805720512
0.01335,667,077_AlSiMg_200W_500mms_M0_G13_Test_StepoverAlt0668.tif,0.001,1.777,1.556,0.057,0.066,1917.2579462157828
0.013355,667,077_AlSiMg_200W_500mms_M0_G13_Test_StepoverAlt0668.tif,-0.002,1.784,1.549,0.056,0.067,1965.3787483682208
0.01336,668,077_AlSiMg_200W_500mms_M0_G13_Test_StepoverAlt0669.tif,0.0,1.801,1.56,0.059,0.067,1996.3120046434979
0.013365,668,077_AlSiMg_200W_500mms_M0_G13_Test_StepoverAlt0669.tif,0.0,1.809,1.565,0.056,0.064,2028.3105151404525
0.01337,668,077_AlSiMg_200W_500mms_M0_G13_Test_StepoverAlt0669.tif,0.001,1.808,1.532,0.055,0.063,2058.77704021685
0.013375,668,077_AlSiMg_200W_500mms_M0_G13_Test_StepoverAlt0669.tif,0.0,1.811,1.514,0.055,0.062,2033.393622645539
0.01338,669,077_AlSiMg_200W_500mms_M0_G13_Test_StepoverAlt0670.tif,-0.001,1.809,1.525,0.056,0.065,2027.970532892107
0.013385,669,077_AlSiMg_200W_500mms_M0_G13_Test_StepoverAlt0670.tif,-0.002,1.805,1.513,0.056,0.065,2012.9996404358785
0.01339,669,077_AlSiMg_200W_500mms_M0_G13_Test_StepoverAlt0670.tif,-0.001,1.798,1.516,0.054,0.062,1959.6309405493812
0.013395,669,077_AlSiMg_200W_500mms_M0_G13_Test_StepoverAlt0670.tif,0.001,1.784,1.513,0.056,0.065,1994.297827370757
0.0134,670,077_AlSiMg_200W_500mms_M0_G13_Test_StepoverAlt0671.tif,0.001,1.777,1.517,0.055,0.065,1999.583453844324
0.013405,670,077_AlSiMg_200W_500mms_M0_G13_Test_StepoverAlt0671.tif,-0.002,1.775,1.511,0.055,0.062,1984.631243042571
0.01341,670,077_AlSiMg_200W_500mms_M0_G13_Test_StepoverAlt0671.tif,-0.002,1.775,1.51,0.058,0.067,1981.9102195634273
0.013415,670,077_AlSiMg_200W_500mms_M0_G13_Test_StepoverAlt0671.tif,0.0,1.775,1.537,0.055,0.064,2042.9724284578472
0.01342,671,077_AlSiMg_200W_500mms_M0_G13_Test_StepoverAlt0672.tif,-0.001,1.777,1.525,0.055,0.064,2005.584518157327
0.013425,671,077_AlSiMg_200W_500mms_M0_G13_Test_StepoverAlt0672.tif,-0.001,1.787,1.527,0.058,0.065,2017.9531687598005
0.01343,671,077_AlSiMg_200W_500mms_M0_G13_Test_StepoverAlt0672.tif,-0.002,1.798,1.525,0.055,0.064,2001.972379173823
0.013435,671,077_AlSiMg_200W_500mms_M0_G13_Test_StepoverAlt0672.tif,0.0,1.802,1.517,0.056,0.064,1985.991589587845
0.01344,672,077_AlSiMg_200W_500mms_M0_G13_Test_StepoverAlt0673.tif,0.0,1.8,1.51,0.055,0.065,1940.9101702794032
0.013445,672,077_AlSiMg_200W_500mms_M0_G13_Test_StepoverAlt0673.tif,0.001,1.795,1.52,0.055,0.065,1924.9293806934256
0.01345,672,077_AlSiMg_200W_500mms_M0_G13_Test_StepoverAlt0673.tif,0.0,1.795,1.521,0.055,0.064,1924.9293806934252
0.013455,672,077_AlSiMg_200W_500mms_M0_G13_Test_StepoverAlt0673.tif,0.0,1.793,1.503,0.055,0.065,1938.1349171618756
0.01346,673,077_AlSiMg_200W_500mms_M0_G13_Test_StepoverAlt0674.tif,0.001,1.777,1.552,0.056,0.064,2027.880921095546
0.013465,673,077_AlSiMg_200W_500mms_M0_G13_Test_StepoverAlt0674.tif,0.001,1.769,1.567,0.054,0.063,2027.8809210955465
0.01347,673,077_AlSiMg_200W_500mms_M0_G13_Test_StepoverAlt0674.tif,0.0,1.77,1.525,0.061,0.067,2081.249620982044
0.013475,673,077_AlSiMg_200W_500mms_M0_G13_Test_StepoverAlt0674.tif,-0.001,1.77,1.6,0.055,0.064,2078.5662363622314
0.01348,674,077_AlSiMg_200W_500mms_M0_G13_Test_StepoverAlt0675.tif,-0.001,1.772,1.684,0.055,0.062,2121.3495250390943
0.013485,674,077_AlSiMg_200W_500mms_M0_G13_Test_StepoverAlt0675.tif,-0.001,1.775,1.723,0.055,0.063,2166.5728947380658
0.01349,674,077_AlSiMg_200W_500mms_M0_G13_Test_StepoverAlt0675.tif,0.001,1.784,1.64,0.056,0.063,2169.29391821721
0.013495,674,077_AlSiMg_200W_500mms_M0_G13_Test_StepoverAlt0675.tif,-0.002,1.798,1.581,0.058,0.062,2152.281308471875
0.0135,675,077_AlSiMg_200W_500mms_M0_G13_Test_StepoverAlt0676.tif,0.0,1.805,1.558,0.056,0.065,2171.9773028370223
0.013505,675,077_AlSiMg_200W_500mms_M0_G13_Test_StepoverAlt0676.tif,0.001,1.808,1.611,0.056,0.064,2149.6611832130593
0.01351,675,077_AlSiMg_200W_500mms_M0_G13_Test_StepoverAlt0676.tif,-0.002,1.804,1.552,0.055,0.062,2070.6806347257307
0.013515,675,077_AlSiMg_200W_500mms_M0_G13_Test_StepoverAlt0676.tif,0.001,1.802,1.531,0.055,0.063,2113.0410305550286
0.01352,676,077_AlSiMg_200W_500mms_M0_G13_Test_StepoverAlt0677.tif,-0.002,1.797,1.523,0.056,0.063,2215.6235618010833
0.013525,676,077_AlSiMg_200W_500mms_M0_G13_Test_StepoverAlt0677.tif,-0.001,1.787,1.527,0.058,0.065,2186.242301453275
0.01353,676,077_AlSiMg_200W_500mms_M0_G13_Test_StepoverAlt0677.tif,0.0,1.777,1.542,0.06,0.064,2176.5570354706133
0.013535,676,077_AlSiMg_200W_500mms_M0_G13_Test_StepoverAlt0677.tif,-0.001,1.77,1.516,0.058,0.067,2156.924300466463
0.01354,677,077_AlSiMg_200W_500mms_M0_G13_Test_StepoverAlt0678.tif,0.0,1.775,1.504,0.058,0.067,2166.4512870065937
0.013545,677,077_AlSiMg_200W_500mms_M0_G13_Test_StepoverAlt0678.tif,0.001,1.775,1.489,0.063,0.072,2033.6657753680852
0.01355,677,077_AlSiMg_200W_500mms_M0_G13_Test_StepoverAlt0678.tif,-0.002,1.779,1.518,0.062,0.069,2067.913590016072
0.013555,677,077_AlSiMg_200W_500mms_M0_G13_Test_StepoverAlt0678.tif,-0.001,1.783,1.51,0.063,0.074,2080.2822406185455
0.01356,678,077_AlSiMg_200W_500mms_M0_G13_Test_StepoverAlt0679.tif,-0.002,1.798,1.514,0.065,0.073,2138.037667234573
0.013565,678,077_AlSiMg_200W_500mms_M0_G13_Test_StepoverAlt0679.tif,-0.002,1.807,1.517,0.063,0.072,2068.7000326287025
0.01357,678,077_AlSiMg_200W_500mms_M0_G13_Test_StepoverAlt0679.tif,-0.001,1.809,1.532,0.063,0.069,2113.9125091444666
0.013575,678,077_AlSiMg_200W_500mms_M0_G13_Test_StepoverAlt0679.tif,-0.001,1.807,1.516,0.061,0.072,2066.337337277192
0.01358,679,077_AlSiMg_200W_500mms_M0_G13_Test_StepoverAlt0680.tif,-0.002,1.802,1.524,0.062,0.07,2045.6869784045412
0.013585,679,077_AlSiMg_200W_500mms_M0_G13_Test_StepoverAlt0680.tif,0.001,1.8,1.499,0.059,0.069,1995.6606922837836
0.01359,679,077_AlSiMg_200W_500mms_M0_G13_Test_StepoverAlt0680.tif,0.0,1.788,1.495,0.061,0.071,2035.9698619707974
0.013595,679,077_AlSiMg_200W_500mms_M0_G13_Test_StepoverAlt0680.tif,-0.002,1.776,1.496,0.059,0.067,2033.590497403137
0.0136,680,077_AlSiMg_200W_500mms_M0_G13_Test_StepoverAlt0681.tif,0.001,1.768,1.513,0.058,0.066,2071.9166367805474
0.013605,680,077_AlSiMg_200W_500mms_M0_G13_Test_StepoverAlt0681.tif,0.0,1.763,1.504,0.061,0.069,2100.2961361484686
0.01361,680,077_AlSiMg_200W_500mms_M0_G13_Test_StepoverAlt0681.tif,-0.002,1.766,1.527,0.061,0.069,2107.576491776508
0.013615,680,077_AlSiMg_200W_500mms_M0_G13_Test_StepoverAlt0681.tif,-0.002,1.77,1.518,0.059,0.067,2119.7151146671595
0.01362,681,077_AlSiMg_200W_500mms_M0_G13_Test_StepoverAlt0682.tif,0.001,1.776,1.513,0.062,0.07,2066.046870245292
0.013625,681,077_AlSiMg_200W_500mms_M0_G13_Test_StepoverAlt0682.tif,0.001,1.787,1.503,0.063,0.071,2098.5205678569964
0.01363,681,077_AlSiMg_200W_500mms_M0_G13_Test_StepoverAlt0682.tif,0.0,1.797,1.518,0.064,0.076,2088.408945660206
0.013635,681,077_AlSiMg_200W_500mms_M0_G13_Test_StepoverAlt0682.tif,-0.002,1.798,1.524,0.067,0.074,2166.1047995811064
0.01364,682,077_AlSiMg_200W_500mms_M0_G13_Test_StepoverAlt0683.tif,0.0,1.801,1.497,0.062,0.071,2172.845292420977
0.013645,682,077_AlSiMg_200W_500mms_M0_G13_Test_StepoverAlt0683.tif,-0.002,1.793,1.521,0.069,0.074,2252.594901410165
0.01365,682,077_AlSiMg_200W_500mms_M0_G13_Test_StepoverAlt0683.tif,-0.002,1.793,1.504,0.066,0.074,2209.830418289563
0.013655,682,077_AlSiMg_200W_500mms_M0_G13_Test_StepoverAlt0683.tif,0.0,1.795,1.552,0.064,0.071,2227.7449049186857
0.01366,683,077_AlSiMg_200W_500mms_M0_G13_Test_StepoverAlt0684.tif,0.0,1.779,1.549,0.064,0.073,2254.845576688957
0.013665,683,077_AlSiMg_200W_500mms_M0_G13_Test_StepoverAlt0684.tif,-0.002,1.772,1.538,0.07,0.079,2345.812707516264
0.01367,683,077_AlSiMg_200W_500mms_M0_G13_Test_StepoverAlt0684.tif,0.001,1.77,1.573,0.07,0.074,2307.101211393294
0.013675,683,077_AlSiMg_200W_500mms_M0_G13_Test_StepoverAlt0684.tif,0.001,1.77,1.591,0.067,0.071,2366.7011455620027
0.01368,684,077_AlSiMg_200W_500mms_M0_G13_Test_StepoverAlt0685.tif,-0.001,1.773,1.549,0.063,0.072,2467.8407668014465
0.013685,684,077_AlSiMg_200W_500mms_M0_G13_Test_StepoverAlt0685.tif,0.0,1.78,1.563,0.065,0.071,2367.667479991116
0.01369,684,077_AlSiMg_200W_500mms_M0_G13_Test_StepoverAlt0685.tif,0.0,1.788,1.576,0.068,0.072,2272.249328062907
0.013695,684,077_AlSiMg_200W_500mms_M0_G13_Test_StepoverAlt0685.tif,0.0,1.801,1.537,0.064,0.072,2308.7441878377554
0.0137,685,077_AlSiMg_200W_500mms_M0_G13_Test_StepoverAlt0686.tif,0.0,1.805,1.525,0.064,0.072,2306.674251327624
0.013705,685,077_AlSiMg_200W_500mms_M0_G13_Test_StepoverAlt0686.tif,0.0,1.804,1.509,0.063,0.07,2298.183785679882
0.01371,685,077_AlSiMg_200W_500mms_M0_G13_Test_StepoverAlt0686.tif,0.0,1.805,1.521,0.064,0.07,2300.4302147212447
0.013715,685,077_AlSiMg_200W_500mms_M0_G13_Test_StepoverAlt0686.tif,0.0,1.798,1.525,0.063,0.067,2344.7640760206787
0.01372,686,077_AlSiMg_200W_500mms_M0_G13_Test_StepoverAlt0687.tif,0.0,1.798,1.507,0.065,0.073,2330.1483802913426
0.013725,686,077_AlSiMg_200W_500mms_M0_G13_Test_StepoverAlt0687.tif,0.001,1.787,1.52,0.066,0.072,2311.1633902670997
0.01373,686,077_AlSiMg_200W_500mms_M0_G13_Test_StepoverAlt0687.tif,0.001,1.775,1.511,0.065,0.073,2286.450452242616
0.013735,686,077_AlSiMg_200W_500mms_M0_G13_Test_StepoverAlt0687.tif,0.0,1.776,1.517,0.065,0.072,2444.9686453706727
0.01374,687,077_AlSiMg_200W_500mms_M0_G13_Test_StepoverAlt0688.tif,0.001,1.775,1.524,0.064,0.069,2492.698132391901
0.013745,687,077_AlSiMg_200W_500mms_M0_G13_Test_StepoverAlt0688.tif,0.001,1.78,1.52,0.07,0.072,2505.0520736397757
0.01375,687,077_AlSiMg_200W_500mms_M0_G13_Test_StepoverAlt0688.tif,0.001,1.784,1.57,0.065,0.069,2519.763830133584
0.013755,687,077_AlSiMg_200W_500mms_M0_G13_Test_StepoverAlt0688.tif,0.001,1.793,1.538,0.062,0.069,2415.6452487661118
0.01376,688,077_AlSiMg_200W_500mms_M0_G13_Test_StepoverAlt0689.tif,0.0,1.804,1.562,0.062,0.068,2230.4385833822566
0.013765,688,077_AlSiMg_200W_500mms_M0_G13_Test_StepoverAlt0689.tif,0.0,1.808,1.549,0.061,0.071,2155.2373598322924
0.01377,688,077_AlSiMg_200W_500mms_M0_G13_Test_StepoverAlt0689.tif,-0.002,1.808,1.586,0.061,0.07,2157.499114313753
0.013775,688,077_AlSiMg_200W_500mms_M0_G13_Test_StepoverAlt0689.tif,0.0,1.802,1.579,0.063,0.07,2086.1220267856033
0.01378,689,077_AlSiMg_200W_500mms_M0_G13_Test_StepoverAlt0690.tif,0.001,1.8,1.553,0.063,0.07,2106.7723856582547
0.013785,689,077_AlSiMg_200W_500mms_M0_G13_Test_StepoverAlt0690.tif,-0.001,1.795,1.524,0.063,0.073,2152.466047549626
0.01379,689,077_AlSiMg_200W_500mms_M0_G13_Test_StepoverAlt0690.tif,0.001,1.784,1.53,0.063,0.072,2118.310533821529
0.013795,689,077_AlSiMg_200W_500mms_M0_G13_Test_StepoverAlt0690.tif,0.0,1.77,1.513,0.065,0.072,2086.4523958074337
0.0138,690,077_AlSiMg_200W_500mms_M0_G13_Test_StepoverAlt0691.tif,-0.001,1.765,1.558,0.064,0.073,2072.0303927682353
0.013805,690,077_AlSiMg_200W_500mms_M0_G13_Test_StepoverAlt0691.tif,-0.002,1.762,1.535,0.065,0.074,2117.1342219355884
0.01381,690,077_AlSiMg_200W_500mms_M0_G13_Test_StepoverAlt0691.tif,0.001,1.768,1.51,0.063,0.074,2085.359884392431
0.013815,690,077_AlSiMg_200W_500mms_M0_G13_Test_StepoverAlt0691.tif,-0.002,1.769,1.517,0.067,0.074,2087.6572601064327
0.01382,691,077_AlSiMg_200W_500mms_M0_G13_Test_StepoverAlt0692.tif,-0.002,1.772,1.534,0.067,0.076,2087.6572601064327
0.013825,691,077_AlSiMg_200W_500mms_M0_G13_Test_StepoverAlt0692.tif,0.0,1.788,1.559,0.065,0.074,2117.860240498886
0.01383,691,077_AlSiMg_200W_500mms_M0_G13_Test_StepoverAlt0692.tif,0.0,1.795,1.517,0.065,0.074,2037.6518820190508
0.013835,691,077_AlSiMg_200W_500mms_M0_G13_Test_StepoverAlt0692.tif,0.001,1.8,1.559,0.063,0.072,2088.411209586451
0.01384,692,077_AlSiMg_200W_500mms_M0_G13_Test_StepoverAlt0693.tif,-0.002,1.801,1.524,0.061,0.072,2141.529914441725
0.013845,692,077_AlSiMg_200W_500mms_M0_G13_Test_StepoverAlt0693.tif,0.001,1.798,1.516,0.064,0.07,2116.2428338083214
0.01385,692,077_AlSiMg_200W_500mms_M0_G13_Test_StepoverAlt0693.tif,0.0,1.8,1.503,0.063,0.069,2135.8755688124716
0.013855,692,077_AlSiMg_200W_500mms_M0_G13_Test_StepoverAlt0693.tif,0.0,1.795,1.496,0.061,0.071,2166.1707899146677
0.01386,693,077_AlSiMg_200W_500mms_M0_G13_Test_StepoverAlt0694.tif,0.0,1.784,1.489,0.064,0.072,2099.0197115972032
0.013865,693,077_AlSiMg_200W_500mms_M0_G13_Test_StepoverAlt0694.tif,0.0,1.773,1.511,0.061,0.07,2001.0885047623324
0.01387,693,077_AlSiMg_200W_500mms_M0_G13_Test_StepoverAlt0694.tif,-0.001,1.77,1.503,0.06,0.069,2034.3689951906326
0.013875,693,077_AlSiMg_200W_500mms_M0_G13_Test_StepoverAlt0694.tif,0.0,1.777,1.492,0.059,0.07,2046.6610981482088
0.01388,694,077_AlSiMg_200W_500mms_M0_G13_Test_StepoverAlt0695.tif,-0.001,1.779,1.485,0.061,0.069,2046.6610981482088
0.013885,694,077_AlSiMg_200W_500mms_M0_G13_Test_StepoverAlt0695.tif,0.001,1.779,1.503,0.061,0.068,2049.1335245500586
0.01389,694,077_AlSiMg_200W_500mms_M0_G13_Test_StepoverAlt0695.tif,0.0,1.794,1.488,0.061,0.07,2089.309304768902
0.013895,694,077_AlSiMg_200W_500mms_M0_G13_Test_StepoverAlt0695.tif,-0.002,1.802,1.49,0.061,0.07,2089.309304768902
0.0139,695,077_AlSiMg_200W_500mms_M0_G13_Test_StepoverAlt0696.tif,-0.002,1.809,1.486,0.063,0.072,2070.0145983628245
0.013905,695,077_AlSiMg_200W_500mms_M0_G13_Test_StepoverAlt0696.tif,0.001,1.808,1.513,0.061,0.069,2009.235122105525
0.01391,695,077_AlSiMg_200W_500mms_M0_G13_Test_StepoverAlt0696.tif,0.0,1.804,1.572,0.061,0.069,2014.0444303158106
0.013915,695,077_AlSiMg_200W_500mms_M0_G13_Test_StepoverAlt0696.tif,0.0,1.804,1.541,0.059,0.072,2026.6745618714601
0.01392,696,077_AlSiMg_200W_500mms_M0_G13_Test_StepoverAlt0697.tif,0.001,1.798,1.531,0.063,0.072,2006.7626957036744
0.013925,696,077_AlSiMg_200W_500mms_M0_G13_Test_StepoverAlt0697.tif,-0.001,1.788,1.563,0.061,0.069,1959.0280348355434
0.01393,696,077_AlSiMg_200W_500mms_M0_G13_Test_StepoverAlt0697.tif,-0.001,1.783,1.518,0.06,0.069,2003.9664604304785
0.013935,696,077_AlSiMg_200W_500mms_M0_G13_Test_StepoverAlt0697.tif,-0.002,1.775,1.548,0.061,0.072,1953.1022496497094
0.01394,697,077_AlSiMg_200W_500mms_M0_G13_Test_StepoverAlt0698.tif,-0.001,1.776,1.569,0.061,0.071,1892.1245643634059
0.013945,697,077_AlSiMg_200W_500mms_M0_G13_Test_StepoverAlt0698.tif,-0.001,1.776,1.555,0.06,0.072,1892.1245643634059
0.01395,697,077_AlSiMg_200W_500mms_M0_G13_Test_StepoverAlt0698.tif,0.0,1.779,1.525,0.061,0.073,1898.9411245290398
0.013955,697,077_AlSiMg_200W_500mms_M0_G13_Test_StepoverAlt0698.tif,-0.001,1.781,1.546,0.06,0.069,1860.9224291292776
0.01396,698,077_AlSiMg_200W_500mms_M0_G13_Test_StepoverAlt0699.tif,-0.002,1.795,1.541,0.058,0.068,1965.1765537025544
0.013965,698,077_AlSiMg_200W_500mms_M0_G13_Test_StepoverAlt0699.tif,-0.001,1.801,1.514,0.057,0.069,1985.2361382863608
0.01397,698,077_AlSiMg_200W_500mms_M0_G13_Test_StepoverAlt0699.tif,-0.002,1.802,1.52,0.061,0.067,1966.8218650767353
0.013975,698,077_AlSiMg_200W_500mms_M0_G13_Test_StepoverAlt0699.tif,0.001,1.795,1.541,0.058,0.068,2048.4997480160914
0.01398,699,077_AlSiMg_200W_500mms_M0_G13_Test_StepoverAlt0700.tif,-0.002,1.794,1.535,0.059,0.069,2059.0480001360665
0.013985,699,077_AlSiMg_200W_500mms_M0_G13_Test_StepoverAlt0700.tif,-0.001,1.793,1.524,0.061,0.067,1993.2894357410848
0.01399,699,077_AlSiMg_200W_500mms_M0_G13_Test_StepoverAlt0700.tif,-0.002,1.786,1.532,0.056,0.067,2072.7126965363304
0.013995,699,077_AlSiMg_200W_500mms_M0_G13_Test_StepoverAlt0700.tif,-0.001,1.773,1.581,0.058,0.067,2072.71269653633
0.014,700,077_AlSiMg_200W_500mms_M0_G13_Test_StepoverAlt0701.tif,0.0,1.77,1.532,0.06,0.066,2019.3227827438218
0.014005,700,077_AlSiMg_200W_500mms_M0_G13_Test_StepoverAlt0701.tif,0.0,1.77,1.527,0.059,0.069,2113.917823421012
0.01401,700,077_AlSiMg_200W_500mms_M0_G13_Test_StepoverAlt0701.tif,-0.001,1.773,1.518,0.056,0.064,2072.6291481617964
0.014015,700,077_AlSiMg_200W_500mms_M0_G13_Test_StepoverAlt0701.tif,-0.002,1.773,1.552,0.058,0.064,2038.5064662587333
