time,xrayimage_id,xrayimage_name,trg,power,TED,TEP_low,TEP_high,TEP
0.0,0,053_AlSiMg_200W_500mms_M0_G13_Test_Crossflow_Stepover0001.tif,4.883,1.807,1.623,0.051,0.061,1804.8239258519984
5e-06,0,053_AlSiMg_200W_500mms_M0_G13_Test_Crossflow_Stepover0001.tif,4.889,1.8,1.622,0.049,0.06,1762.15495677807
1e-05,0,053_AlSiMg_200W_500mms_M0_G13_Test_Crossflow_Stepover0001.tif,0.005,1.795,1.604,0.049,0.06,1725.2892663917737
1.5e-05,0,053_AlSiMg_200W_500mms_M0_G13_Test_Crossflow_Stepover0001.tif,-0.001,1.783,1.6,0.049,0.062,1679.6052301712703
2e-05,1,053_AlSiMg_200W_500mms_M0_G13_Test_Crossflow_Stepover0002.tif,0.0,1.779,1.619,0.05,0.06,1666.467193297001
2.5e-05,1,053_AlSiMg_200W_500mms_M0_G13_Test_Crossflow_Stepover0002.tif,0.001,1.777,1.622,0.049,0.062,1706.0153631716007
3e-05,1,053_AlSiMg_200W_500mms_M0_G13_Test_Crossflow_Stepover0002.tif,0.0,1.773,1.628,0.049,0.061,1731.1299675209655
3.5e-05,1,053_AlSiMg_200W_500mms_M0_G13_Test_Crossflow_Stepover0002.tif,-0.002,1.777,1.632,0.052,0.061,1767.9956579072618
4e-05,2,053_AlSiMg_200W_500mms_M0_G13_Test_Crossflow_Stepover0003.tif,0.0,1.781,1.686,0.049,0.06,1826.700988313695
4.5e-05,2,053_AlSiMg_200W_500mms_M0_G13_Test_Crossflow_Stepover0003.tif,0.0,1.791,1.692,0.051,0.059,1784.3920488176577
5e-05,2,053_AlSiMg_200W_500mms_M0_G13_Test_Crossflow_Stepover0003.tif,0.0,1.802,1.654,0.05,0.059,1756.7609301570687
5.5e-05,2,053_AlSiMg_200W_500mms_M0_G13_Test_Crossflow_Stepover0003.tif,0.0,1.807,1.664,0.049,0.065,1728.5825321622783
6e-05,3,053_AlSiMg_200W_500mms_M0_G13_Test_Crossflow_Stepover0004.tif,-0.002,1.801,1.65,0.053,0.064,1694.7319089225566
6.5e-05,3,053_AlSiMg_200W_500mms_M0_G13_Test_Crossflow_Stepover0004.tif,0.0,1.798,1.642,0.048,0.061,1661.1411828654884
7e-05,3,053_AlSiMg_200W_500mms_M0_G13_Test_Crossflow_Stepover0004.tif,-0.002,1.794,1.646,0.051,0.061,1719.651545903477
7.5e-05,3,053_AlSiMg_200W_500mms_M0_G13_Test_Crossflow_Stepover0004.tif,-0.002,1.793,1.628,0.049,0.06,1725.2888594140295
8e-05,4,053_AlSiMg_200W_500mms_M0_G13_Test_Crossflow_Stepover0005.tif,-0.001,1.781,1.614,0.05,0.061,1774.0366892799586
8.5e-05,4,053_AlSiMg_200W_500mms_M0_G13_Test_Crossflow_Stepover0005.tif,-0.002,1.772,1.619,0.05,0.06,1764.8092141150773
9e-05,4,053_AlSiMg_200W_500mms_M0_G13_Test_Crossflow_Stepover0005.tif,-0.001,1.775,1.633,0.051,0.061,1785.3786459862163
9.5e-05,4,053_AlSiMg_200W_500mms_M0_G13_Test_Crossflow_Stepover0005.tif,0.001,1.77,1.65,0.048,0.058,1751.0187960370974
0.0001,5,053_AlSiMg_200W_500mms_M0_G13_Test_Crossflow_Stepover0006.tif,0.0,1.776,1.656,0.051,0.061,1723.3673896310452
0.000105,5,053_AlSiMg_200W_500mms_M0_G13_Test_Crossflow_Stepover0006.tif,-0.002,1.776,1.667,0.047,0.06,2085.001843224922
0.00011,5,053_AlSiMg_200W_500mms_M0_G13_Test_Crossflow_Stepover0006.tif,0.001,1.788,1.667,0.05,0.062,2076.723273186346
0.000115,5,053_AlSiMg_200W_500mms_M0_G13_Test_Crossflow_Stepover0006.tif,-0.002,1.804,1.643,0.063,0.062,2076.723273186346
0.00012,6,053_AlSiMg_200W_500mms_M0_G13_Test_Crossflow_Stepover0007.tif,0.0,1.808,1.636,0.05,0.061,2144.619805247351
0.000125,6,053_AlSiMg_200W_500mms_M0_G13_Test_Crossflow_Stepover0007.tif,-0.002,1.812,1.637,0.051,0.061,2141.578810054571
0.00013,6,053_AlSiMg_200W_500mms_M0_G13_Test_Crossflow_Stepover0007.tif,0.0,1.804,1.693,0.051,0.06,1995.731462488759
0.000135,6,053_AlSiMg_200W_500mms_M0_G13_Test_Crossflow_Stepover0007.tif,0.001,1.804,1.681,0.049,0.061,2016.194192108221
0.00014,7,053_AlSiMg_200W_500mms_M0_G13_Test_Crossflow_Stepover0008.tif,-0.002,1.8,1.661,0.059,0.061,2055.822420598389
0.000145,7,053_AlSiMg_200W_500mms_M0_G13_Test_Crossflow_Stepover0008.tif,-0.002,1.793,1.649,0.052,0.062,2042.7484681059643
0.00015,7,053_AlSiMg_200W_500mms_M0_G13_Test_Crossflow_Stepover0008.tif,-0.002,1.779,1.707,0.053,0.061,2064.9068452214797
0.000155,7,053_AlSiMg_200W_500mms_M0_G13_Test_Crossflow_Stepover0008.tif,-0.002,1.77,1.671,0.052,0.062,1852.076423609419
0.00016,8,053_AlSiMg_200W_500mms_M0_G13_Test_Crossflow_Stepover0009.tif,0.0,1.775,1.675,0.052,0.063,1834.6199399608863
0.000165,8,053_AlSiMg_200W_500mms_M0_G13_Test_Crossflow_Stepover0009.tif,-0.001,1.775,1.686,0.052,0.062,1800.8483913937503
0.00017,8,053_AlSiMg_200W_500mms_M0_G13_Test_Crossflow_Stepover0009.tif,0.0,1.779,1.681,0.051,0.062,2234.86626027752
0.000175,8,053_AlSiMg_200W_500mms_M0_G13_Test_Crossflow_Stepover0009.tif,0.0,1.786,1.688,0.053,0.063,2249.372036323418
0.00018,9,053_AlSiMg_200W_500mms_M0_G13_Test_Crossflow_Stepover0010.tif,0.0,1.801,1.698,0.07,0.061,2246.415351907413
0.000185,9,053_AlSiMg_200W_500mms_M0_G13_Test_Crossflow_Stepover0010.tif,-0.002,1.811,1.677,0.052,0.062,2249.3660595100478
0.00019,9,053_AlSiMg_200W_500mms_M0_G13_Test_Crossflow_Stepover0010.tif,-0.002,1.804,1.649,0.051,0.061,2305.692911907229
0.000195,9,053_AlSiMg_200W_500mms_M0_G13_Test_Crossflow_Stepover0010.tif,-0.002,1.807,1.665,0.052,0.063,1826.045277482727
0.0002,10,053_AlSiMg_200W_500mms_M0_G13_Test_Crossflow_Stepover0011.tif,-0.002,1.805,1.643,0.054,0.061,1844.95605309343
0.000205,10,053_AlSiMg_200W_500mms_M0_G13_Test_Crossflow_Stepover0011.tif,0.001,1.802,1.625,0.05,0.063,1887.3821069741912
0.00021,10,053_AlSiMg_200W_500mms_M0_G13_Test_Crossflow_Stepover0011.tif,0.0,1.79,1.651,0.053,0.062,1862.1269870737185
0.000215,10,053_AlSiMg_200W_500mms_M0_G13_Test_Crossflow_Stepover0011.tif,-0.002,1.78,1.731,0.054,0.062,1845.1092137678868
0.00022,11,053_AlSiMg_200W_500mms_M0_G13_Test_Crossflow_Stepover0012.tif,0.001,1.77,1.675,0.052,0.065,1873.282495660086
0.000225,11,053_AlSiMg_200W_500mms_M0_G13_Test_Crossflow_Stepover0012.tif,0.0,1.769,1.698,0.055,0.063,1851.4150356333787
0.00023,11,053_AlSiMg_200W_500mms_M0_G13_Test_Crossflow_Stepover0012.tif,0.001,1.769,1.664,0.051,0.062,1827.9677197560782
0.000235,11,053_AlSiMg_200W_500mms_M0_G13_Test_Crossflow_Stepover0012.tif,-0.001,1.77,1.636,0.051,0.061,1811.0993474833965
0.00024,12,053_AlSiMg_200W_500mms_M0_G13_Test_Crossflow_Stepover0013.tif,-0.002,1.775,1.616,0.052,0.061,1726.2200050200431
0.000245,12,053_AlSiMg_200W_500mms_M0_G13_Test_Crossflow_Stepover0013.tif,0.0,1.793,1.616,0.05,0.064,1802.9033365727842
0.00025,12,053_AlSiMg_200W_500mms_M0_G13_Test_Crossflow_Stepover0013.tif,-0.002,1.798,1.644,0.051,0.064,1802.9033365727842
0.000255,12,053_AlSiMg_200W_500mms_M0_G13_Test_Crossflow_Stepover0013.tif,-0.002,1.802,1.643,0.054,0.061,1769.4247993367953
0.00026,13,053_AlSiMg_200W_500mms_M0_G13_Test_Crossflow_Stepover0014.tif,0.0,1.807,1.653,0.051,0.061,1847.7959731013245
0.000265,13,053_AlSiMg_200W_500mms_M0_G13_Test_Crossflow_Stepover0014.tif,0.001,1.8,1.636,0.051,0.062,1929.9356104310577
0.00027,13,053_AlSiMg_200W_500mms_M0_G13_Test_Crossflow_Stepover0014.tif,-0.003,1.801,1.616,0.054,0.063,1873.6087580338767
0.000275,13,053_AlSiMg_200W_500mms_M0_G13_Test_Crossflow_Stepover0014.tif,-0.002,1.794,1.674,0.054,0.062,1916.0348119146388
0.00028,14,053_AlSiMg_200W_500mms_M0_G13_Test_Crossflow_Stepover0015.tif,0.001,1.779,1.674,0.053,0.063,1905.7888890044246
0.000285,14,053_AlSiMg_200W_500mms_M0_G13_Test_Crossflow_Stepover0015.tif,0.0,1.773,1.688,0.054,0.062,1830.344321126712
0.00029,14,053_AlSiMg_200W_500mms_M0_G13_Test_Crossflow_Stepover0015.tif,-0.001,1.77,1.67,0.052,0.064,1776.3691756160574
0.000295,14,053_AlSiMg_200W_500mms_M0_G13_Test_Crossflow_Stepover0015.tif,-0.001,1.775,1.67,0.051,0.065,1745.766773550283
0.0003,15,053_AlSiMg_200W_500mms_M0_G13_Test_Crossflow_Stepover0016.tif,0.0,1.776,1.656,0.052,0.063,1725.2081796962295
0.000305,15,053_AlSiMg_200W_500mms_M0_G13_Test_Crossflow_Stepover0016.tif,-0.001,1.777,1.671,0.052,0.064,1768.932639842432
0.00031,15,053_AlSiMg_200W_500mms_M0_G13_Test_Crossflow_Stepover0016.tif,-0.002,1.793,1.639,0.053,0.062,1862.1046716394249
0.000315,15,053_AlSiMg_200W_500mms_M0_G13_Test_Crossflow_Stepover0016.tif,0.001,1.805,1.664,0.052,0.061,1848.9080411265763
0.00032,16,053_AlSiMg_200W_500mms_M0_G13_Test_Crossflow_Stepover0017.tif,0.0,1.807,1.664,0.054,0.062,1938.5155166488469
0.000325,16,053_AlSiMg_200W_500mms_M0_G13_Test_Crossflow_Stepover0017.tif,-0.002,1.807,1.661,0.052,0.064,1916.6480566221387
0.00033,16,053_AlSiMg_200W_500mms_M0_G13_Test_Crossflow_Stepover0017.tif,0.0,1.805,1.646,0.055,0.062,1922.367908580159
0.000335,16,053_AlSiMg_200W_500mms_M0_G13_Test_Crossflow_Stepover0017.tif,-0.002,1.8,1.748,0.051,0.061,1852.2621436882157
0.00034,17,053_AlSiMg_200W_500mms_M0_G13_Test_Crossflow_Stepover0018.tif,0.0,1.794,1.692,0.054,0.063,1941.869619210486
0.000345,17,053_AlSiMg_200W_500mms_M0_G13_Test_Crossflow_Stepover0018.tif,-0.002,1.788,1.723,0.051,0.063,1862.5080665984292
0.00035,17,053_AlSiMg_200W_500mms_M0_G13_Test_Crossflow_Stepover0018.tif,-0.002,1.776,1.667,0.055,0.062,1865.4647510144343
0.000355,17,053_AlSiMg_200W_500mms_M0_G13_Test_Crossflow_Stepover0018.tif,0.001,1.772,1.664,0.051,0.062,1849.4677755455264
0.00036,18,053_AlSiMg_200W_500mms_M0_G13_Test_Crossflow_Stepover0019.tif,-0.001,1.776,1.661,0.052,0.062,1904.621329635717
0.000365,18,053_AlSiMg_200W_500mms_M0_G13_Test_Crossflow_Stepover0019.tif,0.0,1.781,1.657,0.054,0.064,1812.0798652450067
0.00037,18,053_AlSiMg_200W_500mms_M0_G13_Test_Crossflow_Stepover0019.tif,-0.002,1.781,1.642,0.055,0.064,1871.7454234919157
0.000375,18,053_AlSiMg_200W_500mms_M0_G13_Test_Crossflow_Stepover0019.tif,0.0,1.79,1.642,0.051,0.063,1880.2817925689421
0.00038,19,053_AlSiMg_200W_500mms_M0_G13_Test_Crossflow_Stepover0020.tif,0.0,1.802,1.643,0.055,0.063,1914.0062319571305
0.000385,19,053_AlSiMg_200W_500mms_M0_G13_Test_Crossflow_Stepover0020.tif,-0.001,1.808,1.625,0.055,0.065,1908.3998489048292
0.00039,19,053_AlSiMg_200W_500mms_M0_G13_Test_Crossflow_Stepover0020.tif,-0.001,1.809,1.685,0.054,0.062,1939.036244332016
0.000395,19,053_AlSiMg_200W_500mms_M0_G13_Test_Crossflow_Stepover0020.tif,0.001,1.805,1.693,0.053,0.062,1885.218104660507
0.0004,20,053_AlSiMg_200W_500mms_M0_G13_Test_Crossflow_Stepover0021.tif,-0.002,1.8,1.698,0.052,0.062,1910.4954561884854
0.000405,20,053_AlSiMg_200W_500mms_M0_G13_Test_Crossflow_Stepover0021.tif,-0.001,1.797,1.681,0.053,0.064,1871.0260867237284
0.00041,20,053_AlSiMg_200W_500mms_M0_G13_Test_Crossflow_Stepover0021.tif,-0.002,1.786,1.647,0.052,0.06,1852.1153111130254
0.000415,20,053_AlSiMg_200W_500mms_M0_G13_Test_Crossflow_Stepover0021.tif,0.001,1.775,1.649,0.052,0.062,1868.1373647004816
0.00042,21,053_AlSiMg_200W_500mms_M0_G13_Test_Crossflow_Stepover0022.tif,-0.002,1.765,1.665,0.052,0.062,1879.7464297736144
0.000425,21,053_AlSiMg_200W_500mms_M0_G13_Test_Crossflow_Stepover0022.tif,0.0,1.765,1.654,0.052,0.061,1851.6776392451782
0.00043,21,053_AlSiMg_200W_500mms_M0_G13_Test_Crossflow_Stepover0022.tif,0.0,1.772,1.684,0.052,0.062,1842.9127726016773
0.000435,21,053_AlSiMg_200W_500mms_M0_G13_Test_Crossflow_Stepover0022.tif,0.0,1.776,1.738,0.054,0.064,1848.6577026782463
0.00044,22,053_AlSiMg_200W_500mms_M0_G13_Test_Crossflow_Stepover0023.tif,0.0,1.78,1.706,0.054,0.065,1857.152807753794
0.000445,22,053_AlSiMg_200W_500mms_M0_G13_Test_Crossflow_Stepover0023.tif,0.0,1.795,1.682,0.054,0.064,1857.152807753794
0.00045,22,053_AlSiMg_200W_500mms_M0_G13_Test_Crossflow_Stepover0023.tif,0.0,1.805,1.703,0.055,0.064,1823.7054711184787
0.000455,22,053_AlSiMg_200W_500mms_M0_G13_Test_Crossflow_Stepover0023.tif,0.001,1.808,1.72,0.052,0.062,1832.4703377619796
0.00046,23,053_AlSiMg_200W_500mms_M0_G13_Test_Crossflow_Stepover0024.tif,-0.002,1.808,1.668,0.052,0.064,1786.9645117390403
0.000465,23,053_AlSiMg_200W_500mms_M0_G13_Test_Crossflow_Stepover0024.tif,0.0,1.804,1.67,0.052,0.062,1824.35242203956
0.00047,23,053_AlSiMg_200W_500mms_M0_G13_Test_Crossflow_Stepover0024.tif,0.0,1.804,1.671,0.052,0.065,1781.6821541745835
0.000475,23,053_AlSiMg_200W_500mms_M0_G13_Test_Crossflow_Stepover0024.tif,-0.002,1.8,1.692,0.055,0.062,1791.9280770847975
0.00048,24,053_AlSiMg_200W_500mms_M0_G13_Test_Crossflow_Stepover0025.tif,0.001,1.787,1.692,0.051,0.064,1810.8388526955
0.000485,24,053_AlSiMg_200W_500mms_M0_G13_Test_Crossflow_Stepover0025.tif,0.001,1.776,1.703,0.051,0.062,1968.6362674146912
0.00049,24,053_AlSiMg_200W_500mms_M0_G13_Test_Crossflow_Stepover0025.tif,0.001,1.775,1.684,0.053,0.062,1993.2227924423544
0.000495,24,053_AlSiMg_200W_500mms_M0_G13_Test_Crossflow_Stepover0025.tif,0.001,1.777,1.717,0.059,0.064,2005.256664880144
0.0005,25,053_AlSiMg_200W_500mms_M0_G13_Test_Crossflow_Stepover0026.tif,-0.002,1.781,1.712,0.056,0.062,1989.0899905600443
0.000505,25,053_AlSiMg_200W_500mms_M0_G13_Test_Crossflow_Stepover0026.tif,0.0,1.783,1.686,0.051,0.063,2006.8507590235047
0.00051,25,053_AlSiMg_200W_500mms_M0_G13_Test_Crossflow_Stepover0026.tif,0.0,1.795,1.678,0.05,0.062,1871.357756602151
0.000515,25,053_AlSiMg_200W_500mms_M0_G13_Test_Crossflow_Stepover0026.tif,-0.001,1.805,1.699,0.053,0.061,1803.7769382216677
0.00052,26,053_AlSiMg_200W_500mms_M0_G13_Test_Crossflow_Stepover0027.tif,-0.001,1.809,1.65,0.051,0.062,1850.4353872363106
0.000525,26,053_AlSiMg_200W_500mms_M0_G13_Test_Crossflow_Stepover0027.tif,-0.002,1.811,1.647,0.053,0.062,1866.6020615564107
0.00053,26,053_AlSiMg_200W_500mms_M0_G13_Test_Crossflow_Stepover0027.tif,0.0,1.807,1.644,0.052,0.061,1866.6020615564107
0.000535,26,053_AlSiMg_200W_500mms_M0_G13_Test_Crossflow_Stepover0027.tif,-0.002,1.808,1.633,0.051,0.062,1914.9524840286601
0.00054,27,053_AlSiMg_200W_500mms_M0_G13_Test_Crossflow_Stepover0028.tif,0.001,1.802,1.651,0.053,0.061,1909.1156609103818
0.000545,27,053_AlSiMg_200W_500mms_M0_G13_Test_Crossflow_Stepover0028.tif,-0.001,1.793,1.651,0.051,0.059,1862.4572118957385
0.00055,27,053_AlSiMg_200W_500mms_M0_G13_Test_Crossflow_Stepover0028.tif,-0.002,1.776,1.667,0.051,0.06,1941.8187645077949
0.000555,27,053_AlSiMg_200W_500mms_M0_G13_Test_Crossflow_Stepover0028.tif,-0.001,1.77,1.661,0.051,0.063,1887.6907367850988
0.00056,28,053_AlSiMg_200W_500mms_M0_G13_Test_Crossflow_Stepover0029.tif,-0.002,1.772,1.7,0.055,0.062,1833.2706816742386
0.000565,28,053_AlSiMg_200W_500mms_M0_G13_Test_Crossflow_Stepover0029.tif,0.001,1.772,1.751,0.051,0.062,1820.1967291818141
0.00057,28,053_AlSiMg_200W_500mms_M0_G13_Test_Crossflow_Stepover0029.tif,-0.001,1.775,1.751,0.049,0.06,1833.3766409604682
0.000575,28,053_AlSiMg_200W_500mms_M0_G13_Test_Crossflow_Stepover0029.tif,-0.001,1.783,1.71,0.052,0.062,1790.3823476076475
0.00058,29,053_AlSiMg_200W_500mms_M0_G13_Test_Crossflow_Stepover0030.tif,-0.002,1.795,1.721,0.051,0.062,1807.8388312561801
0.000585,29,053_AlSiMg_200W_500mms_M0_G13_Test_Crossflow_Stepover0030.tif,0.001,1.801,1.72,0.053,0.062,1850.2757231540265
0.00059,29,053_AlSiMg_200W_500mms_M0_G13_Test_Crossflow_Stepover0030.tif,-0.001,1.801,1.695,0.052,0.062,1886.94726722819
0.000595,29,053_AlSiMg_200W_500mms_M0_G13_Test_Crossflow_Stepover0030.tif,0.0,1.802,1.681,0.053,0.062,1917.4777033691469
0.0006,30,053_AlSiMg_200W_500mms_M0_G13_Test_Crossflow_Stepover0031.tif,-0.001,1.795,1.67,0.053,0.061,1881.1104441099112
0.000605,30,053_AlSiMg_200W_500mms_M0_G13_Test_Crossflow_Stepover0031.tif,-0.002,1.794,1.649,0.051,0.06,1863.6539604613786
0.00061,30,053_AlSiMg_200W_500mms_M0_G13_Test_Crossflow_Stepover0031.tif,-0.002,1.788,1.651,0.051,0.062,1857.8171373431003
0.000615,30,053_AlSiMg_200W_500mms_M0_G13_Test_Crossflow_Stepover0031.tif,0.001,1.775,1.658,0.051,0.062,1834.2195457613611
0.00062,31,053_AlSiMg_200W_500mms_M0_G13_Test_Crossflow_Stepover0032.tif,-0.002,1.769,1.654,0.051,0.06,1815.1738417063566
0.000625,31,053_AlSiMg_200W_500mms_M0_G13_Test_Crossflow_Stepover0032.tif,0.001,1.769,1.731,0.051,0.06,1799.0071673862572
0.00063,31,053_AlSiMg_200W_500mms_M0_G13_Test_Crossflow_Stepover0032.tif,0.001,1.77,1.755,0.05,0.06,1799.0071673862567
0.000635,31,053_AlSiMg_200W_500mms_M0_G13_Test_Crossflow_Stepover0032.tif,0.0,1.775,1.716,0.05,0.062,1804.8439905045354
0.00064,32,053_AlSiMg_200W_500mms_M0_G13_Test_Crossflow_Stepover0033.tif,0.0,1.779,1.693,0.051,0.062,1755.1058848506982
0.000645,32,053_AlSiMg_200W_500mms_M0_G13_Test_Crossflow_Stepover0033.tif,-0.001,1.795,1.699,0.053,0.062,1743.6211527647454
0.00065,32,053_AlSiMg_200W_500mms_M0_G13_Test_Crossflow_Stepover0033.tif,-0.002,1.805,1.664,0.049,0.061,1746.6079153061914
0.000655,32,053_AlSiMg_200W_500mms_M0_G13_Test_Crossflow_Stepover0033.tif,-0.002,1.804,1.658,0.051,0.062,1777.1383514471484
0.00066,33,053_AlSiMg_200W_500mms_M0_G13_Test_Crossflow_Stepover0034.tif,-0.001,1.805,1.67,0.051,0.063,1771.3015283288696
0.000665,33,053_AlSiMg_200W_500mms_M0_G13_Test_Crossflow_Stepover0034.tif,0.0,1.805,1.696,0.051,0.06,1832.82590070976
0.00067,33,053_AlSiMg_200W_500mms_M0_G13_Test_Crossflow_Stepover0034.tif,0.0,1.802,1.682,0.051,0.06,1813.61823119688
0.000675,33,053_AlSiMg_200W_500mms_M0_G13_Test_Crossflow_Stepover0034.tif,-0.002,1.798,1.639,0.049,0.057,1841.297942208062
0.00068,34,053_AlSiMg_200W_500mms_M0_G13_Test_Crossflow_Stepover0035.tif,0.001,1.787,1.636,0.049,0.061,1791.559836554225
0.000685,34,053_AlSiMg_200W_500mms_M0_G13_Test_Crossflow_Stepover0035.tif,-0.002,1.78,1.678,0.051,0.061,1732.8561185210688
0.00069,34,053_AlSiMg_200W_500mms_M0_G13_Test_Crossflow_Stepover0035.tif,0.0,1.776,1.678,0.049,0.061,1690.5394156530583
0.000695,34,053_AlSiMg_200W_500mms_M0_G13_Test_Crossflow_Stepover0035.tif,0.001,1.777,1.65,0.05,0.063,1703.6774525273274
0.0007,35,053_AlSiMg_200W_500mms_M0_G13_Test_Crossflow_Stepover0036.tif,-0.002,1.784,1.653,0.051,0.062,1669.9699837819194
0.000705,35,053_AlSiMg_200W_500mms_M0_G13_Test_Crossflow_Stepover0036.tif,-0.001,1.787,1.639,0.049,0.06,1683.1080206561887
0.00071,35,053_AlSiMg_200W_500mms_M0_G13_Test_Crossflow_Stepover0036.tif,0.0,1.798,1.628,0.049,0.061,1711.2813025483879
0.000715,35,053_AlSiMg_200W_500mms_M0_G13_Test_Crossflow_Stepover0036.tif,-0.002,1.807,1.622,0.049,0.06,1815.2293801881074
0.00072,36,053_AlSiMg_200W_500mms_M0_G13_Test_Crossflow_Stepover0037.tif,0.001,1.812,1.625,0.051,0.062,1851.8294489676755
0.000725,36,053_AlSiMg_200W_500mms_M0_G13_Test_Crossflow_Stepover0037.tif,-0.001,1.812,1.681,0.056,0.062,1851.8294489676755
0.00073,36,053_AlSiMg_200W_500mms_M0_G13_Test_Crossflow_Stepover0037.tif,0.0,1.805,1.709,0.051,0.06,1838.6914120934064
0.000735,36,053_AlSiMg_200W_500mms_M0_G13_Test_Crossflow_Stepover0037.tif,-0.002,1.801,1.727,0.049,0.061,1906.9714530485774
0.00074,37,053_AlSiMg_200W_500mms_M0_G13_Test_Crossflow_Stepover0038.tif,-0.001,1.797,1.762,0.049,0.061,1833.5538115498152
0.000745,37,053_AlSiMg_200W_500mms_M0_G13_Test_Crossflow_Stepover0038.tif,0.0,1.784,1.755,0.051,0.058,1811.4328944851518
0.00075,37,053_AlSiMg_200W_500mms_M0_G13_Test_Crossflow_Stepover0038.tif,0.001,1.77,1.706,0.051,0.06,1827.6343180271026
0.000755,37,053_AlSiMg_200W_500mms_M0_G13_Test_Crossflow_Stepover0038.tif,0.001,1.768,1.738,0.049,0.059,1840.7723549013722
0.00076,38,053_AlSiMg_200W_500mms_M0_G13_Test_Crossflow_Stepover0039.tif,-0.001,1.765,1.716,0.05,0.061,1766.42268130759
0.000765,38,053_AlSiMg_200W_500mms_M0_G13_Test_Crossflow_Stepover0039.tif,0.002,1.766,1.723,0.049,0.06,1729.822612528022
0.00077,38,053_AlSiMg_200W_500mms_M0_G13_Test_Crossflow_Stepover0039.tif,0.0,1.77,1.72,0.049,0.06,1718.4068474807991
0.000775,38,053_AlSiMg_200W_500mms_M0_G13_Test_Crossflow_Stepover0039.tif,-0.001,1.781,1.7,0.049,0.06,1748.934186870186
0.00078,39,053_AlSiMg_200W_500mms_M0_G13_Test_Crossflow_Stepover0040.tif,-0.001,1.794,1.698,0.05,0.061,1785.5342556497537
0.000785,39,053_AlSiMg_200W_500mms_M0_G13_Test_Crossflow_Stepover0040.tif,0.001,1.801,1.681,0.05,0.059,1816.0524551081694
0.00079,39,053_AlSiMg_200W_500mms_M0_G13_Test_Crossflow_Stepover0040.tif,-0.001,1.802,1.667,0.051,0.06,1816.0524551081694
0.000795,39,053_AlSiMg_200W_500mms_M0_G13_Test_Crossflow_Stepover0040.tif,0.0,1.804,1.664,0.049,0.058,1796.7542887812608
0.0008,40,053_AlSiMg_200W_500mms_M0_G13_Test_Crossflow_Stepover0041.tif,-0.002,1.801,1.672,0.049,0.06,1763.1635627241926
0.000805,40,053_AlSiMg_200W_500mms_M0_G13_Test_Crossflow_Stepover0041.tif,0.0,1.801,1.663,0.048,0.06,1713.4254570703554
0.00081,40,053_AlSiMg_200W_500mms_M0_G13_Test_Crossflow_Stepover0041.tif,-0.001,1.79,1.658,0.049,0.06,1669.7692207376706
0.000815,40,053_AlSiMg_200W_500mms_M0_G13_Test_Crossflow_Stepover0041.tif,-0.002,1.781,1.672,0.049,0.061,1724.1892758485305
0.00082,41,053_AlSiMg_200W_500mms_M0_G13_Test_Crossflow_Stepover0042.tif,0.001,1.775,1.695,0.049,0.061,1737.301862092459
0.000825,41,053_AlSiMg_200W_500mms_M0_G13_Test_Crossflow_Stepover0042.tif,-0.002,1.775,1.678,0.051,0.059,1773.9019308720267
0.00083,41,053_AlSiMg_200W_500mms_M0_G13_Test_Crossflow_Stepover0042.tif,0.001,1.776,1.681,0.048,0.059,1817.5581672047115
0.000835,41,053_AlSiMg_200W_500mms_M0_G13_Test_Crossflow_Stepover0042.tif,-0.002,1.78,1.731,0.051,0.06,1824.3912773843797
0.00084,42,053_AlSiMg_200W_500mms_M0_G13_Test_Crossflow_Stepover0043.tif,0.001,1.786,1.7,0.049,0.058,1769.971222273519
0.000845,42,053_AlSiMg_200W_500mms_M0_G13_Test_Crossflow_Stepover0043.tif,0.0,1.798,1.692,0.047,0.058,1809.6934844683856
0.00085,42,053_AlSiMg_200W_500mms_M0_G13_Test_Crossflow_Stepover0043.tif,0.0,1.809,1.672,0.049,0.06,1756.8586360295908
0.000855,42,053_AlSiMg_200W_500mms_M0_G13_Test_Crossflow_Stepover0043.tif,0.001,1.809,1.64,0.051,0.06,1746.9098684423138
0.00086,43,053_AlSiMg_200W_500mms_M0_G13_Test_Crossflow_Stepover0044.tif,0.001,1.805,1.65,0.048,0.06,1753.2147951369157
0.000865,43,053_AlSiMg_200W_500mms_M0_G13_Test_Crossflow_Stepover0044.tif,-0.002,1.801,1.656,0.051,0.061,1804.651062877431
0.00087,43,053_AlSiMg_200W_500mms_M0_G13_Test_Crossflow_Stepover0044.tif,-0.001,1.797,1.719,0.049,0.06,1788.6204259690016
0.000875,43,053_AlSiMg_200W_500mms_M0_G13_Test_Crossflow_Stepover0044.tif,0.0,1.793,1.668,0.05,0.058,1841.4552744077969
0.00088,44,053_AlSiMg_200W_500mms_M0_G13_Test_Crossflow_Stepover0045.tif,0.0,1.78,1.695,0.051,0.061,1823.9492292043396
0.000885,44,053_AlSiMg_200W_500mms_M0_G13_Test_Crossflow_Stepover0045.tif,-0.002,1.773,1.693,0.051,0.06,1838.4283809192443
0.00089,44,053_AlSiMg_200W_500mms_M0_G13_Test_Crossflow_Stepover0045.tif,0.001,1.773,1.693,0.05,0.061,1823.5921819582968
0.000895,44,053_AlSiMg_200W_500mms_M0_G13_Test_Crossflow_Stepover0045.tif,0.0,1.773,1.67,0.049,0.059,1817.5019018020623
0.0009,45,053_AlSiMg_200W_500mms_M0_G13_Test_Crossflow_Stepover0046.tif,0.0,1.779,1.663,0.051,0.06,1880.4652384587578
0.000905,45,053_AlSiMg_200W_500mms_M0_G13_Test_Crossflow_Stepover0046.tif,0.001,1.781,1.671,0.049,0.059,1931.8219069019367
0.00091,45,053_AlSiMg_200W_500mms_M0_G13_Test_Crossflow_Stepover0046.tif,0.0,1.793,1.677,0.052,0.058,1965.7290906936535
0.000915,45,053_AlSiMg_200W_500mms_M0_G13_Test_Crossflow_Stepover0046.tif,-0.002,1.805,1.66,0.051,0.059,1929.1290219140853
0.00092,46,053_AlSiMg_200W_500mms_M0_G13_Test_Crossflow_Stepover0047.tif,0.0,1.807,1.664,0.049,0.057,1969.069925310041
0.000925,46,053_AlSiMg_200W_500mms_M0_G13_Test_Crossflow_Stepover0047.tif,-0.001,1.805,1.65,0.049,0.06,1880.8484765800356
0.00093,46,053_AlSiMg_200W_500mms_M0_G13_Test_Crossflow_Stepover0047.tif,-0.002,1.801,1.675,0.051,0.059,1856.946620927591
0.000935,46,053_AlSiMg_200W_500mms_M0_G13_Test_Crossflow_Stepover0047.tif,0.0,1.798,1.73,0.048,0.058,1839.0784848793853
0.00094,47,053_AlSiMg_200W_500mms_M0_G13_Test_Crossflow_Stepover0048.tif,0.0,1.797,1.721,0.049,0.058,1869.596684337801
0.000945,47,053_AlSiMg_200W_500mms_M0_G13_Test_Crossflow_Stepover0048.tif,0.0,1.784,1.74,0.049,0.058,1795.787785417412
0.00095,47,053_AlSiMg_200W_500mms_M0_G13_Test_Crossflow_Stepover0048.tif,-0.002,1.773,1.705,0.049,0.058,1739.1350644551571
0.000955,47,053_AlSiMg_200W_500mms_M0_G13_Test_Crossflow_Stepover0048.tif,0.0,1.773,1.668,0.047,0.059,1723.0960167116457
0.00096,48,053_AlSiMg_200W_500mms_M0_G13_Test_Crossflow_Stepover0049.tif,-0.001,1.773,1.67,0.046,0.06,1719.958279892345
0.000965,48,053_AlSiMg_200W_500mms_M0_G13_Test_Crossflow_Stepover0049.tif,-0.002,1.775,1.672,0.049,0.059,1719.958279892345
0.00097,48,053_AlSiMg_200W_500mms_M0_G13_Test_Crossflow_Stepover0049.tif,-0.002,1.777,1.672,0.048,0.057,1775.9471924814413
0.000975,48,053_AlSiMg_200W_500mms_M0_G13_Test_Crossflow_Stepover0049.tif,-0.002,1.783,1.657,0.049,0.058,1811.707953145152
0.00098,49,053_AlSiMg_200W_500mms_M0_G13_Test_Crossflow_Stepover0050.tif,0.001,1.805,1.668,0.051,0.06,1762.7585134999717
0.000985,49,053_AlSiMg_200W_500mms_M0_G13_Test_Crossflow_Stepover0050.tif,-0.001,1.811,1.66,0.046,0.057,1765.8962503192724
0.00099,49,053_AlSiMg_200W_500mms_M0_G13_Test_Crossflow_Stepover0050.tif,-0.001,1.809,1.672,0.046,0.059,1715.9892070513283
0.000995,49,053_AlSiMg_200W_500mms_M0_G13_Test_Crossflow_Stepover0050.tif,-0.001,1.811,1.665,0.049,0.058,1703.5645387215504
0.001,50,053_AlSiMg_200W_500mms_M0_G13_Test_Crossflow_Stepover0051.tif,-0.001,1.801,1.658,0.047,0.059,1709.9923488985382
0.001005,50,053_AlSiMg_200W_500mms_M0_G13_Test_Crossflow_Stepover0051.tif,0.001,1.8,1.639,0.047,0.056,1774.98083628723
0.00101,50,053_AlSiMg_200W_500mms_M0_G13_Test_Crossflow_Stepover0051.tif,0.001,1.793,1.654,0.048,0.059,1774.98083628723
0.001015,50,053_AlSiMg_200W_500mms_M0_G13_Test_Crossflow_Stepover0051.tif,-0.002,1.779,1.682,0.049,0.058,1791.2474866814598
0.00102,51,053_AlSiMg_200W_500mms_M0_G13_Test_Crossflow_Stepover0052.tif,-0.002,1.769,1.714,0.049,0.058,1797.5902856900855
0.001025,51,053_AlSiMg_200W_500mms_M0_G13_Test_Crossflow_Stepover0052.tif,-0.002,1.766,1.7,0.048,0.059,1875.062152699166
0.00103,51,053_AlSiMg_200W_500mms_M0_G13_Test_Crossflow_Stepover0052.tif,-0.001,1.768,1.675,0.049,0.058,1855.8859099470087
0.001035,51,053_AlSiMg_200W_500mms_M0_G13_Test_Crossflow_Stepover0052.tif,0.001,1.772,1.685,0.051,0.058,1867.4466976433355
0.00104,52,053_AlSiMg_200W_500mms_M0_G13_Test_Crossflow_Stepover0053.tif,0.001,1.779,1.672,0.048,0.058,1881.9108477648922
0.001045,52,053_AlSiMg_200W_500mms_M0_G13_Test_Crossflow_Stepover0053.tif,-0.002,1.791,1.649,0.047,0.055,1845.0877216118745
0.00105,52,053_AlSiMg_200W_500mms_M0_G13_Test_Crossflow_Stepover0053.tif,0.001,1.801,1.671,0.048,0.058,1822.1743157586084
0.001055,52,053_AlSiMg_200W_500mms_M0_G13_Test_Crossflow_Stepover0053.tif,0.0,1.802,1.66,0.047,0.058,1797.9730567290346
0.00106,53,053_AlSiMg_200W_500mms_M0_G13_Test_Crossflow_Stepover0054.tif,0.0,1.802,1.657,0.05,0.058,1736.5052257647635
0.001065,53,053_AlSiMg_200W_500mms_M0_G13_Test_Crossflow_Stepover0054.tif,0.0,1.801,1.672,0.045,0.056,1733.3041356739625
0.00107,53,053_AlSiMg_200W_500mms_M0_G13_Test_Crossflow_Stepover0054.tif,0.001,1.798,1.681,0.047,0.059,1750.9510190748217
0.001075,53,053_AlSiMg_200W_500mms_M0_G13_Test_Crossflow_Stepover0054.tif,0.0,1.794,1.677,0.047,0.057,1723.690151784096
0.00108,54,053_AlSiMg_200W_500mms_M0_G13_Test_Crossflow_Stepover0055.tif,0.0,1.783,1.658,0.048,0.058,1730.2445274128102
0.001085,54,053_AlSiMg_200W_500mms_M0_G13_Test_Crossflow_Stepover0055.tif,0.0,1.776,1.71,0.047,0.056,1773.8087716721288
0.00109,54,053_AlSiMg_200W_500mms_M0_G13_Test_Crossflow_Stepover0055.tif,0.0,1.773,1.681,0.047,0.058,1996.4549880950897
0.001095,54,053_AlSiMg_200W_500mms_M0_G13_Test_Crossflow_Stepover0055.tif,-0.002,1.776,1.703,0.047,0.056,1978.8081046942302
0.0011,55,053_AlSiMg_200W_500mms_M0_G13_Test_Crossflow_Stepover0056.tif,-0.002,1.775,1.693,0.055,0.057,1928.7571601699851
0.001105,55,053_AlSiMg_200W_500mms_M0_G13_Test_Crossflow_Stepover0056.tif,0.001,1.781,1.73,0.047,0.058,1918.8273072053594
0.00111,55,053_AlSiMg_200W_500mms_M0_G13_Test_Crossflow_Stepover0056.tif,0.0,1.794,1.745,0.045,0.057,1875.2630629460407
0.001115,55,053_AlSiMg_200W_500mms_M0_G13_Test_Crossflow_Stepover0056.tif,-0.002,1.804,1.731,0.044,0.055,1686.5549670623664
0.00112,56,053_AlSiMg_200W_500mms_M0_G13_Test_Crossflow_Stepover0057.tif,0.0,1.807,1.692,0.047,0.059,1717.035294206758
0.001125,56,053_AlSiMg_200W_500mms_M0_G13_Test_Crossflow_Stepover0057.tif,0.0,1.808,1.674,0.047,0.055,1736.6059115866112
0.00113,56,053_AlSiMg_200W_500mms_M0_G13_Test_Crossflow_Stepover0057.tif,0.0,1.802,1.664,0.047,0.056,1764.1826479520962
0.001135,56,053_AlSiMg_200W_500mms_M0_G13_Test_Crossflow_Stepover0057.tif,0.0,1.802,1.672,0.047,0.058,1774.021488169338
0.00114,57,053_AlSiMg_200W_500mms_M0_G13_Test_Crossflow_Stepover0058.tif,-0.002,1.797,1.671,0.048,0.058,1725.637574319994
0.001145,57,053_AlSiMg_200W_500mms_M0_G13_Test_Crossflow_Stepover0058.tif,0.0,1.786,1.707,0.046,0.057,1670.1657105887666
0.00115,57,053_AlSiMg_200W_500mms_M0_G13_Test_Crossflow_Stepover0058.tif,0.001,1.777,1.716,0.047,0.058,1687.812593989626
0.001155,57,053_AlSiMg_200W_500mms_M0_G13_Test_Crossflow_Stepover0058.tif,0.0,1.777,1.692,0.047,0.06,1703.8510999224832
0.00116,58,053_AlSiMg_200W_500mms_M0_G13_Test_Crossflow_Stepover0059.tif,-0.002,1.779,1.713,0.048,0.058,1694.012259705241
0.001165,58,053_AlSiMg_200W_500mms_M0_G13_Test_Crossflow_Stepover0059.tif,0.0,1.777,1.693,0.048,0.057,1714.7963381147474
0.00117,58,053_AlSiMg_200W_500mms_M0_G13_Test_Crossflow_Stepover0059.tif,0.0,1.783,1.695,0.047,0.059,1739.7878747015827
0.001175,58,053_AlSiMg_200W_500mms_M0_G13_Test_Crossflow_Stepover0059.tif,0.003,1.79,1.716,0.049,0.059,1758.9641174537405
0.00118,59,053_AlSiMg_200W_500mms_M0_G13_Test_Crossflow_Stepover0060.tif,0.0,1.8,1.733,0.047,0.058,1749.1380195391891
0.001185,59,053_AlSiMg_200W_500mms_M0_G13_Test_Crossflow_Stepover0060.tif,0.0,1.807,1.745,0.049,0.058,1816.9131988553393
0.00119,59,053_AlSiMg_200W_500mms_M0_G13_Test_Crossflow_Stepover0060.tif,0.0,1.808,1.716,0.05,0.06,1796.1291204458328
0.001195,59,053_AlSiMg_200W_500mms_M0_G13_Test_Crossflow_Stepover0060.tif,0.0,1.805,1.7,0.049,0.057,1789.5747448171192
0.0012,60,053_AlSiMg_200W_500mms_M0_G13_Test_Crossflow_Stepover0061.tif,0.0,1.8,1.74,0.047,0.058,1783.2319458084935
0.001205,60,053_AlSiMg_200W_500mms_M0_G13_Test_Crossflow_Stepover0061.tif,-0.002,1.793,1.719,0.045,0.056,1777.0195377901878
0.00121,60,053_AlSiMg_200W_500mms_M0_G13_Test_Crossflow_Stepover0061.tif,0.001,1.784,1.702,0.047,0.056,1694.1629143532907
0.001215,60,053_AlSiMg_200W_500mms_M0_G13_Test_Crossflow_Stepover0061.tif,0.001,1.773,1.706,0.048,0.058,1690.9178374556056
0.00122,61,053_AlSiMg_200W_500mms_M0_G13_Test_Crossflow_Stepover0062.tif,0.0,1.77,1.693,0.046,0.059,1765.979258107355
0.001225,61,053_AlSiMg_200W_500mms_M0_G13_Test_Crossflow_Stepover0062.tif,0.002,1.772,1.653,0.046,0.057,1783.8828448123077
0.00123,61,053_AlSiMg_200W_500mms_M0_G13_Test_Crossflow_Stepover0062.tif,0.0,1.773,1.643,0.047,0.054,1783.8828448123081
0.001235,61,053_AlSiMg_200W_500mms_M0_G13_Test_Crossflow_Stepover0062.tif,0.001,1.777,1.671,0.047,0.055,1829.6950894488414
0.00124,62,053_AlSiMg_200W_500mms_M0_G13_Test_Crossflow_Stepover0063.tif,-0.001,1.784,1.71,0.048,0.058,1910.6636404419237
0.001245,62,053_AlSiMg_200W_500mms_M0_G13_Test_Crossflow_Stepover0063.tif,0.0,1.798,1.734,0.048,0.058,1838.911518521203
0.00125,62,053_AlSiMg_200W_500mms_M0_G13_Test_Crossflow_Stepover0063.tif,0.001,1.802,1.707,0.05,0.057,1830.4232574235289
0.001255,62,053_AlSiMg_200W_500mms_M0_G13_Test_Crossflow_Stepover0063.tif,-0.002,1.808,1.714,0.046,0.057,1867.4676362238922
0.00126,63,053_AlSiMg_200W_500mms_M0_G13_Test_Crossflow_Stepover0064.tif,0.0,1.808,1.698,0.05,0.059,1833.5238145204614
0.001265,63,053_AlSiMg_200W_500mms_M0_G13_Test_Crossflow_Stepover0064.tif,0.0,1.807,1.689,0.049,0.057,1766.9791543145377
0.00127,63,053_AlSiMg_200W_500mms_M0_G13_Test_Crossflow_Stepover0064.tif,-0.002,1.804,1.709,0.046,0.058,1760.2943782475977
0.001275,63,053_AlSiMg_200W_500mms_M0_G13_Test_Crossflow_Stepover0064.tif,-0.001,1.797,1.685,0.046,0.056,1720.3987254959277
0.00128,64,053_AlSiMg_200W_500mms_M0_G13_Test_Crossflow_Stepover0065.tif,0.0,1.781,1.717,0.048,0.06,1680.153256604763
0.001285,64,053_AlSiMg_200W_500mms_M0_G13_Test_Crossflow_Stepover0065.tif,-0.001,1.772,1.738,0.047,0.058,1717.2342733168407
0.00129,64,053_AlSiMg_200W_500mms_M0_G13_Test_Crossflow_Stepover0065.tif,-0.001,1.77,1.707,0.047,0.057,1726.8395378368728
0.001295,64,053_AlSiMg_200W_500mms_M0_G13_Test_Crossflow_Stepover0065.tif,0.001,1.773,1.698,0.049,0.059,1743.0743174961
0.0013,65,053_AlSiMg_200W_500mms_M0_G13_Test_Crossflow_Stepover0066.tif,0.0,1.775,1.688,0.049,0.059,1769.9486760618402
0.001305,65,053_AlSiMg_200W_500mms_M0_G13_Test_Crossflow_Stepover0066.tif,0.0,1.776,1.726,0.049,0.06,1755.5028827517817
0.00131,65,053_AlSiMg_200W_500mms_M0_G13_Test_Crossflow_Stepover0066.tif,0.0,1.791,1.707,0.051,0.061,1771.5419304952932
0.001315,65,053_AlSiMg_200W_500mms_M0_G13_Test_Crossflow_Stepover0066.tif,0.0,1.801,1.726,0.047,0.058,1750.7578520857867
0.00132,66,053_AlSiMg_200W_500mms_M0_G13_Test_Crossflow_Stepover0067.tif,-0.001,1.807,1.735,0.049,0.058,1762.0998087920448
0.001325,66,053_AlSiMg_200W_500mms_M0_G13_Test_Crossflow_Stepover0067.tif,0.001,1.807,1.74,0.047,0.058,1752.872333627164
0.00133,66,053_AlSiMg_200W_500mms_M0_G13_Test_Crossflow_Stepover0067.tif,0.0,1.802,1.721,0.048,0.058,1786.5577229608803
0.001335,66,053_AlSiMg_200W_500mms_M0_G13_Test_Crossflow_Stepover0067.tif,-0.002,1.798,1.712,0.048,0.058,1804.425859009086
0.00134,67,053_AlSiMg_200W_500mms_M0_G13_Test_Crossflow_Stepover0068.tif,-0.002,1.794,1.754,0.048,0.057,1859.1171212103086
0.001345,67,053_AlSiMg_200W_500mms_M0_G13_Test_Crossflow_Stepover0068.tif,-0.001,1.784,1.73,0.049,0.057,2008.460391394461
0.00135,67,053_AlSiMg_200W_500mms_M0_G13_Test_Crossflow_Stepover0068.tif,-0.001,1.773,1.707,0.049,0.057,2065.5370101935355
0.001355,67,053_AlSiMg_200W_500mms_M0_G13_Test_Crossflow_Stepover0068.tif,-0.001,1.77,1.748,0.055,0.059,2055.710912278984
0.00136,68,053_AlSiMg_200W_500mms_M0_G13_Test_Crossflow_Stepover0069.tif,0.0,1.773,1.766,0.049,0.056,2018.6665334786207
0.001365,68,053_AlSiMg_200W_500mms_M0_G13_Test_Crossflow_Stepover0069.tif,-0.002,1.775,1.754,0.05,0.06,1981.6221546782576
0.00137,68,053_AlSiMg_200W_500mms_M0_G13_Test_Crossflow_Stepover0069.tif,0.001,1.777,1.758,0.048,0.058,1817.814734372549
0.001375,68,053_AlSiMg_200W_500mms_M0_G13_Test_Crossflow_Stepover0069.tif,0.001,1.786,1.765,0.048,0.058,1791.475146021959
0.00138,69,053_AlSiMg_200W_500mms_M0_G13_Test_Crossflow_Stepover0070.tif,0.0,1.802,1.714,0.048,0.059,1804.4389807558114
0.001385,69,053_AlSiMg_200W_500mms_M0_G13_Test_Crossflow_Stepover0070.tif,0.0,1.809,1.677,0.047,0.055,1793.097024049553
0.00139,69,053_AlSiMg_200W_500mms_M0_G13_Test_Crossflow_Stepover0070.tif,0.0,1.807,1.661,0.049,0.058,1768.6170304690263
0.001395,69,053_AlSiMg_200W_500mms_M0_G13_Test_Crossflow_Stepover0070.tif,0.0,1.808,1.786,0.049,0.06,1802.2574233427404
0.0014,70,053_AlSiMg_200W_500mms_M0_G13_Test_Crossflow_Stepover0071.tif,0.001,1.8,1.72,0.049,0.061,1790.6966356464134
0.001405,70,053_AlSiMg_200W_500mms_M0_G13_Test_Crossflow_Stepover0071.tif,-0.002,1.795,1.689,0.049,0.058,1760.1784361879977
0.00141,70,053_AlSiMg_200W_500mms_M0_G13_Test_Crossflow_Stepover0071.tif,-0.001,1.79,1.731,0.049,0.058,1774.6575879029024
0.001415,70,053_AlSiMg_200W_500mms_M0_G13_Test_Crossflow_Stepover0071.tif,0.0,1.781,1.703,0.049,0.06,1833.063646609792
0.00142,71,053_AlSiMg_200W_500mms_M0_G13_Test_Crossflow_Stepover0072.tif,0.001,1.776,1.684,0.049,0.059,1817.0245988662805
0.001425,71,053_AlSiMg_200W_500mms_M0_G13_Test_Crossflow_Stepover0072.tif,-0.001,1.773,1.689,0.048,0.056,1817.0245988662805
0.00143,71,053_AlSiMg_200W_500mms_M0_G13_Test_Crossflow_Stepover0072.tif,0.0,1.773,1.672,0.049,0.059,1831.5037505811852
0.001435,71,053_AlSiMg_200W_500mms_M0_G13_Test_Crossflow_Stepover0072.tif,-0.001,1.777,1.705,0.049,0.058,1825.165465481737
0.00144,72,053_AlSiMg_200W_500mms_M0_G13_Test_Crossflow_Stepover0073.tif,0.001,1.786,1.748,0.049,0.059,1779.8974436491171
0.001445,72,053_AlSiMg_200W_500mms_M0_G13_Test_Crossflow_Stepover0073.tif,-0.002,1.801,1.723,0.047,0.057,1773.559158549669
0.00145,72,053_AlSiMg_200W_500mms_M0_G13_Test_Crossflow_Stepover0073.tif,-0.001,1.809,1.723,0.049,0.06,1754.3829157975117
0.001455,72,053_AlSiMg_200W_500mms_M0_G13_Test_Crossflow_Stepover0073.tif,0.0,1.812,1.768,0.047,0.057,1788.290099589228
0.00146,73,053_AlSiMg_200W_500mms_M0_G13_Test_Crossflow_Stepover0074.tif,0.001,1.809,1.712,0.048,0.058,1773.8443062791696
0.001465,73,053_AlSiMg_200W_500mms_M0_G13_Test_Crossflow_Stepover0074.tif,-0.002,1.807,1.699,0.049,0.057,1785.1862629854277
0.00147,73,053_AlSiMg_200W_500mms_M0_G13_Test_Crossflow_Stepover0074.tif,-0.003,1.809,1.681,0.047,0.058,1770.7404696753692
0.001475,73,053_AlSiMg_200W_500mms_M0_G13_Test_Crossflow_Stepover0074.tif,0.0,1.8,1.685,0.048,0.058,1783.5739134189018
0.00148,74,053_AlSiMg_200W_500mms_M0_G13_Test_Crossflow_Stepover0075.tif,-0.001,1.783,1.668,0.047,0.058,1803.6061534176129
0.001485,74,053_AlSiMg_200W_500mms_M0_G13_Test_Crossflow_Stepover0075.tif,0.001,1.776,1.74,0.047,0.056,1821.253036818472
0.00149,74,053_AlSiMg_200W_500mms_M0_G13_Test_Crossflow_Stepover0075.tif,-0.001,1.768,1.717,0.049,0.056,1824.390231827119
0.001495,74,053_AlSiMg_200W_500mms_M0_G13_Test_Crossflow_Stepover0075.tif,-0.002,1.77,1.698,0.048,0.058,1842.037115227979
0.0015,75,053_AlSiMg_200W_500mms_M0_G13_Test_Crossflow_Stepover0076.tif,0.0,1.773,1.709,0.049,0.059,1832.3408664930932
0.001505,75,053_AlSiMg_200W_500mms_M0_G13_Test_Crossflow_Stepover0076.tif,0.001,1.776,1.731,0.048,0.058,1788.097691437551
0.00151,75,053_AlSiMg_200W_500mms_M0_G13_Test_Crossflow_Stepover0076.tif,-0.001,1.791,1.776,0.049,0.059,1760.520955072066
0.001515,75,053_AlSiMg_200W_500mms_M0_G13_Test_Crossflow_Stepover0076.tif,0.0,1.801,1.798,0.047,0.056,1776.5600028155773
0.00152,76,053_AlSiMg_200W_500mms_M0_G13_Test_Crossflow_Stepover0077.tif,0.001,1.798,1.744,0.048,0.06,1724.2265894192606
0.001525,76,053_AlSiMg_200W_500mms_M0_G13_Test_Crossflow_Stepover0077.tif,0.0,1.801,1.691,0.049,0.058,1751.8264248590986
0.00153,76,053_AlSiMg_200W_500mms_M0_G13_Test_Crossflow_Stepover0077.tif,0.001,1.798,1.665,0.044,0.057,1751.826424859099
0.001535,76,053_AlSiMg_200W_500mms_M0_G13_Test_Crossflow_Stepover0077.tif,0.001,1.794,1.657,0.047,0.055,1725.8801410771885
0.00154,77,053_AlSiMg_200W_500mms_M0_G13_Test_Crossflow_Stepover0078.tif,0.001,1.793,1.63,0.047,0.056,1685.8119380264864
0.001545,77,053_AlSiMg_200W_500mms_M0_G13_Test_Crossflow_Stepover0078.tif,-0.002,1.781,1.639,0.047,0.061,1720.498468021943
0.00155,77,053_AlSiMg_200W_500mms_M0_G13_Test_Crossflow_Stepover0078.tif,-0.001,1.772,1.64,0.046,0.057,1686.5603474826573
0.001555,77,053_AlSiMg_200W_500mms_M0_G13_Test_Crossflow_Stepover0078.tif,-0.001,1.77,1.629,0.047,0.058,1727.7322408221648
0.00156,78,053_AlSiMg_200W_500mms_M0_G13_Test_Crossflow_Stepover0079.tif,0.0,1.775,1.628,0.047,0.057,1763.6083775686998
0.001565,78,053_AlSiMg_200W_500mms_M0_G13_Test_Crossflow_Stepover0079.tif,0.0,1.777,1.671,0.048,0.055,1803.6765806194023
0.00157,78,053_AlSiMg_200W_500mms_M0_G13_Test_Crossflow_Stepover0079.tif,-0.002,1.78,1.665,0.047,0.058,1884.331180907786
0.001575,78,053_AlSiMg_200W_500mms_M0_G13_Test_Crossflow_Stepover0079.tif,-0.001,1.791,1.672,0.049,0.058,1856.8014704828006
0.00158,79,053_AlSiMg_200W_500mms_M0_G13_Test_Crossflow_Stepover0080.tif,0.001,1.805,1.688,0.051,0.058,1821.9723761519192
0.001585,79,053_AlSiMg_200W_500mms_M0_G13_Test_Crossflow_Stepover0080.tif,0.001,1.809,1.717,0.047,0.059,1828.2773028465206
0.00159,79,053_AlSiMg_200W_500mms_M0_G13_Test_Crossflow_Stepover0080.tif,0.0,1.809,1.703,0.049,0.058,1794.6369099728065
0.001595,79,053_AlSiMg_200W_500mms_M0_G13_Test_Crossflow_Stepover0080.tif,0.001,1.805,1.699,0.049,0.06,1734.766388093929
0.0016,80,053_AlSiMg_200W_500mms_M0_G13_Test_Crossflow_Stepover0081.tif,0.0,1.802,1.734,0.048,0.059,1819.5025256927552
0.001605,80,053_AlSiMg_200W_500mms_M0_G13_Test_Crossflow_Stepover0081.tif,0.001,1.801,1.714,0.049,0.059,1863.3339998281213
0.00161,80,053_AlSiMg_200W_500mms_M0_G13_Test_Crossflow_Stepover0081.tif,-0.002,1.791,1.703,0.048,0.055,1887.5094002779115
0.001615,80,053_AlSiMg_200W_500mms_M0_G13_Test_Crossflow_Stepover0081.tif,0.001,1.779,1.713,0.051,0.058,1898.7724603086667
0.00162,81,053_AlSiMg_200W_500mms_M0_G13_Test_Crossflow_Stepover0082.tif,-0.002,1.77,1.695,0.047,0.056,1842.112245152625
0.001625,81,053_AlSiMg_200W_500mms_M0_G13_Test_Crossflow_Stepover0082.tif,0.001,1.773,1.692,0.047,0.057,1757.3761075537986
0.00163,81,053_AlSiMg_200W_500mms_M0_G13_Test_Crossflow_Stepover0082.tif,0.0,1.779,1.688,0.047,0.061,1683.026433960017
0.001635,81,053_AlSiMg_200W_500mms_M0_G13_Test_Crossflow_Stepover0082.tif,-0.001,1.779,1.74,0.047,0.059,1642.6162538509998
0.00164,82,053_AlSiMg_200W_500mms_M0_G13_Test_Crossflow_Stepover0083.tif,0.0,1.79,1.712,0.049,0.06,1648.9545389504478
0.001645,82,053_AlSiMg_200W_500mms_M0_G13_Test_Crossflow_Stepover0083.tif,0.0,1.805,1.689,0.048,0.06,1818.5833105408415
0.00165,82,053_AlSiMg_200W_500mms_M0_G13_Test_Crossflow_Stepover0083.tif,0.002,1.815,1.707,0.049,0.059,1868.490353808786
0.001655,82,053_AlSiMg_200W_500mms_M0_G13_Test_Crossflow_Stepover0083.tif,-0.001,1.812,1.684,0.053,0.058,1868.490353808786
0.00166,83,053_AlSiMg_200W_500mms_M0_G13_Test_Crossflow_Stepover0084.tif,-0.001,1.808,1.675,0.049,0.058,1881.6029400527143
0.001665,83,053_AlSiMg_200W_500mms_M0_G13_Test_Crossflow_Stepover0084.tif,-0.002,1.807,1.698,0.049,0.06,1884.6781530623732
0.00167,83,053_AlSiMg_200W_500mms_M0_G13_Test_Crossflow_Stepover0084.tif,0.0,1.8,1.674,0.048,0.059,1768.5724016193744
0.001675,83,053_AlSiMg_200W_500mms_M0_G13_Test_Crossflow_Stepover0084.tif,-0.002,1.794,1.699,0.05,0.06,1718.66535835143
0.00168,84,053_AlSiMg_200W_500mms_M0_G13_Test_Crossflow_Stepover0085.tif,-0.001,1.777,1.698,0.048,0.058,1773.0854134622903
0.001685,84,053_AlSiMg_200W_500mms_M0_G13_Test_Crossflow_Stepover0085.tif,0.0,1.768,1.67,0.047,0.059,1769.9026801829873
0.00169,84,053_AlSiMg_200W_500mms_M0_G13_Test_Crossflow_Stepover0085.tif,-0.002,1.765,1.664,0.051,0.059,1752.348315458424
0.001695,84,053_AlSiMg_200W_500mms_M0_G13_Test_Crossflow_Stepover0085.tif,0.0,1.768,1.661,0.047,0.058,1903.8622272775326
0.0017,85,053_AlSiMg_200W_500mms_M0_G13_Test_Crossflow_Stepover0086.tif,-0.002,1.77,1.672,0.049,0.06,1953.769270545477
0.001705,85,053_AlSiMg_200W_500mms_M0_G13_Test_Crossflow_Stepover0086.tif,-0.002,1.777,1.731,0.056,0.06,1893.0442887400154
0.00171,85,053_AlSiMg_200W_500mms_M0_G13_Test_Crossflow_Stepover0086.tif,0.0,1.787,1.696,0.049,0.058,1907.4900820500734
0.001715,85,053_AlSiMg_200W_500mms_M0_G13_Test_Crossflow_Stepover0086.tif,0.0,1.797,1.717,0.047,0.058,1888.1012382405447
0.00172,86,053_AlSiMg_200W_500mms_M0_G13_Test_Crossflow_Stepover0087.tif,0.001,1.8,1.749,0.047,0.057,1705.8565259056493
0.001725,86,053_AlSiMg_200W_500mms_M0_G13_Test_Crossflow_Stepover0087.tif,0.0,1.801,1.709,0.047,0.059,1740.6856202365311
0.00173,86,053_AlSiMg_200W_500mms_M0_G13_Test_Crossflow_Stepover0087.tif,0.001,1.8,1.67,0.047,0.059,1712.5202590008569
0.001735,86,053_AlSiMg_200W_500mms_M0_G13_Test_Crossflow_Stepover0087.tif,-0.001,1.798,1.66,0.048,0.055,1731.7598550245152
0.00174,87,053_AlSiMg_200W_500mms_M0_G13_Test_Crossflow_Stepover0088.tif,-0.002,1.795,1.665,0.046,0.059,1728.5468338368707
0.001745,87,053_AlSiMg_200W_500mms_M0_G13_Test_Crossflow_Stepover0088.tif,-0.002,1.784,1.674,0.048,0.057,1768.5051095175381
0.00175,87,053_AlSiMg_200W_500mms_M0_G13_Test_Crossflow_Stepover0088.tif,0.001,1.773,1.751,0.046,0.058,1714.4997724344983
0.001755,87,053_AlSiMg_200W_500mms_M0_G13_Test_Crossflow_Stepover0088.tif,0.0,1.772,1.772,0.051,0.061,1779.4882598231902
0.00176,88,053_AlSiMg_200W_500mms_M0_G13_Test_Crossflow_Stepover0089.tif,0.0,1.773,1.761,0.048,0.058,1794.186784338818
0.001765,88,053_AlSiMg_200W_500mms_M0_G13_Test_Crossflow_Stepover0089.tif,-0.001,1.773,1.727,0.049,0.058,1840.9640497857806
0.00177,88,053_AlSiMg_200W_500mms_M0_G13_Test_Crossflow_Stepover0089.tif,-0.002,1.777,1.742,0.047,0.055,1844.5700183644324
0.001775,88,053_AlSiMg_200W_500mms_M0_G13_Test_Crossflow_Stepover0089.tif,-0.002,1.788,1.731,0.047,0.056,1841.3689282736311
0.00178,89,053_AlSiMg_200W_500mms_M0_G13_Test_Crossflow_Stepover0090.tif,0.001,1.802,1.8,0.047,0.056,1818.9915954306719
0.001785,89,053_AlSiMg_200W_500mms_M0_G13_Test_Crossflow_Stepover0090.tif,0.0,1.809,1.698,0.047,0.057,1807.4308077343449
0.00179,89,053_AlSiMg_200W_500mms_M0_G13_Test_Crossflow_Stepover0090.tif,0.0,1.812,1.678,0.047,0.057,1816.846133341623
0.001795,89,053_AlSiMg_200W_500mms_M0_G13_Test_Crossflow_Stepover0090.tif,0.0,1.808,1.714,0.049,0.058,1786.3658061972314
0.0018,90,053_AlSiMg_200W_500mms_M0_G13_Test_Crossflow_Stepover0091.tif,0.001,1.804,1.692,0.05,0.059,1802.4003400315646
0.001805,90,053_AlSiMg_200W_500mms_M0_G13_Test_Crossflow_Stepover0091.tif,0.0,1.8,1.742,0.047,0.058,1735.873287207065
0.00181,90,053_AlSiMg_200W_500mms_M0_G13_Test_Crossflow_Stepover0091.tif,0.0,1.791,1.748,0.047,0.056,1750.6231095812695
0.001815,90,053_AlSiMg_200W_500mms_M0_G13_Test_Crossflow_Stepover0091.tif,-0.002,1.78,1.742,0.045,0.06,1694.4305185270282
0.00182,91,053_AlSiMg_200W_500mms_M0_G13_Test_Crossflow_Stepover0092.tif,0.001,1.779,1.735,0.048,0.056,1708.8763118370866
0.001825,91,053_AlSiMg_200W_500mms_M0_G13_Test_Crossflow_Stepover0092.tif,0.0,1.775,1.761,0.046,0.058,1729.9689332199164
0.00183,91,053_AlSiMg_200W_500mms_M0_G13_Test_Crossflow_Stepover0092.tif,-0.002,1.777,1.759,0.047,0.057,1812.53051987875
0.001835,91,053_AlSiMg_200W_500mms_M0_G13_Test_Crossflow_Stepover0092.tif,0.0,1.784,1.723,0.048,0.056,1760.9575713515283
0.00184,92,053_AlSiMg_200W_500mms_M0_G13_Test_Crossflow_Stepover0093.tif,-0.001,1.791,1.692,0.047,0.056,1851.9780118540334
0.001845,92,053_AlSiMg_200W_500mms_M0_G13_Test_Crossflow_Stepover0093.tif,-0.001,1.802,1.675,0.047,0.058,1851.9780118540334
0.00185,92,053_AlSiMg_200W_500mms_M0_G13_Test_Crossflow_Stepover0093.tif,0.0,1.812,1.695,0.049,0.056,1814.8508566368698
0.001855,92,053_AlSiMg_200W_500mms_M0_G13_Test_Crossflow_Stepover0093.tif,-0.001,1.811,1.685,0.047,0.057,1768.073591189907
0.00186,93,053_AlSiMg_200W_500mms_M0_G13_Test_Crossflow_Stepover0094.tif,0.0,1.811,1.713,0.047,0.057,1807.969243941577
0.001865,93,053_AlSiMg_200W_500mms_M0_G13_Test_Crossflow_Stepover0094.tif,0.001,1.807,1.712,0.046,0.058,1766.9311310753596
0.00187,93,053_AlSiMg_200W_500mms_M0_G13_Test_Crossflow_Stepover0094.tif,0.0,1.804,1.707,0.05,0.059,1752.485337765301
0.001875,93,053_AlSiMg_200W_500mms_M0_G13_Test_Crossflow_Stepover0094.tif,0.0,1.793,1.749,0.048,0.057,1786.4234583045873
0.00188,94,053_AlSiMg_200W_500mms_M0_G13_Test_Crossflow_Stepover0095.tif,0.001,1.776,1.727,0.047,0.058,1965.1927657749097
0.001885,94,053_AlSiMg_200W_500mms_M0_G13_Test_Crossflow_Stepover0095.tif,-0.002,1.772,1.726,0.047,0.055,1939.742906333298
0.00189,94,053_AlSiMg_200W_500mms_M0_G13_Test_Crossflow_Stepover0095.tif,-0.002,1.77,1.721,0.053,0.057,1942.8806431525986
0.001895,94,053_AlSiMg_200W_500mms_M0_G13_Test_Crossflow_Stepover0095.tif,-0.001,1.772,1.72,0.047,0.057,1942.8806431525984
0.0019,95,053_AlSiMg_200W_500mms_M0_G13_Test_Crossflow_Stepover0096.tif,0.0,1.773,1.707,0.049,0.058,1908.9425226133128
0.001905,95,053_AlSiMg_200W_500mms_M0_G13_Test_Crossflow_Stepover0096.tif,-0.001,1.775,1.713,0.047,0.058,1818.1223739294608
0.00191,95,053_AlSiMg_200W_500mms_M0_G13_Test_Crossflow_Stepover0096.tif,-0.002,1.788,1.696,0.047,0.057,1790.5926635044755
0.001915,95,053_AlSiMg_200W_500mms_M0_G13_Test_Crossflow_Stepover0096.tif,-0.002,1.801,1.712,0.048,0.055,1787.4549266851748
0.00192,96,053_AlSiMg_200W_500mms_M0_G13_Test_Crossflow_Stepover0097.tif,0.0,1.807,1.695,0.047,0.059,1817.9352538295666
0.001925,96,053_AlSiMg_200W_500mms_M0_G13_Test_Crossflow_Stepover0097.tif,-0.001,1.804,1.688,0.048,0.057,1800.244383621823
0.00193,96,053_AlSiMg_200W_500mms_M0_G13_Test_Crossflow_Stepover0097.tif,0.001,1.802,1.721,0.047,0.056,1786.3333575730412
0.001935,96,053_AlSiMg_200W_500mms_M0_G13_Test_Crossflow_Stepover0097.tif,-0.002,1.8,1.719,0.046,0.057,1813.8630679980263
0.00194,97,053_AlSiMg_200W_500mms_M0_G13_Test_Crossflow_Stepover0098.tif,-0.001,1.795,1.7,0.05,0.058,1828.561592513654
0.001945,97,053_AlSiMg_200W_500mms_M0_G13_Test_Crossflow_Stepover0098.tif,0.0,1.786,1.686,0.047,0.057,1791.5268897405483
0.00195,97,053_AlSiMg_200W_500mms_M0_G13_Test_Crossflow_Stepover0098.tif,0.0,1.775,1.733,0.047,0.055,1805.9507805277074
0.001955,97,053_AlSiMg_200W_500mms_M0_G13_Test_Crossflow_Stepover0098.tif,0.0,1.775,1.759,0.045,0.056,1778.6899132369817
0.00196,98,053_AlSiMg_200W_500mms_M0_G13_Test_Crossflow_Stepover0099.tif,-0.001,1.775,1.742,0.046,0.056,1791.4498505156996
0.001965,98,053_AlSiMg_200W_500mms_M0_G13_Test_Crossflow_Stepover0099.tif,0.001,1.779,1.719,0.047,0.056,1811.5729816893913
0.00197,98,053_AlSiMg_200W_500mms_M0_G13_Test_Crossflow_Stepover0099.tif,-0.001,1.783,1.703,0.046,0.055,1811.5729816893913
0.001975,98,053_AlSiMg_200W_500mms_M0_G13_Test_Crossflow_Stepover0099.tif,0.001,1.791,1.691,0.047,0.054,1868.9012128229529
0.00198,99,053_AlSiMg_200W_500mms_M0_G13_Test_Crossflow_Stepover0100.tif,0.0,1.805,1.707,0.045,0.056,1856.0677690794212
0.001985,99,053_AlSiMg_200W_500mms_M0_G13_Test_Crossflow_Stepover0100.tif,0.001,1.808,1.721,0.047,0.054,1874.7151350598458
0.00199,99,053_AlSiMg_200W_500mms_M0_G13_Test_Crossflow_Stepover0100.tif,-0.002,1.808,1.705,0.048,0.058,1830.0673814559755
0.001995,99,053_AlSiMg_200W_500mms_M0_G13_Test_Crossflow_Stepover0100.tif,-0.001,1.807,1.716,0.052,0.061,1873.4448832377068
0.002,100,053_AlSiMg_200W_500mms_M0_G13_Test_Crossflow_Stepover0101.tif,-0.002,1.802,1.851,0.05,0.06,1828.797129633836
0.002005,100,053_AlSiMg_200W_500mms_M0_G13_Test_Crossflow_Stepover0101.tif,-0.001,1.798,2.025,0.049,0.058,1823.5248055661891
0.00201,100,053_AlSiMg_200W_500mms_M0_G13_Test_Crossflow_Stepover0101.tif,0.0,1.788,2.049,0.05,0.06,1783.9766356915898
0.002015,100,053_AlSiMg_200W_500mms_M0_G13_Test_Crossflow_Stepover0101.tif,0.0,1.776,2.071,0.051,0.062,1834.8408464723584
0.00202,101,053_AlSiMg_200W_500mms_M0_G13_Test_Crossflow_Stepover0102.tif,0.0,1.773,2.081,0.049,0.06,1773.0261837325052
0.002025,101,053_AlSiMg_200W_500mms_M0_G13_Test_Crossflow_Stepover0102.tif,-0.001,1.777,2.039,0.049,0.056,1785.9900184663572
0.00203,101,053_AlSiMg_200W_500mms_M0_G13_Test_Crossflow_Stepover0102.tif,0.001,1.779,2.119,0.047,0.06,1800.8211897219212
0.002035,101,053_AlSiMg_200W_500mms_M0_G13_Test_Crossflow_Stepover0102.tif,-0.002,1.78,2.092,0.049,0.058,1821.7219936160957
0.00204,102,053_AlSiMg_200W_500mms_M0_G13_Test_Crossflow_Stepover0103.tif,0.001,1.786,2.075,0.046,0.055,1727.4278740363086
0.002045,102,053_AlSiMg_200W_500mms_M0_G13_Test_Crossflow_Stepover0103.tif,0.0,1.795,2.134,0.046,0.055,1800.8033244724884
0.00205,102,053_AlSiMg_200W_500mms_M0_G13_Test_Crossflow_Stepover0103.tif,-0.002,1.805,2.193,0.045,0.057,1794.4605254638627
0.002055,102,053_AlSiMg_200W_500mms_M0_G13_Test_Crossflow_Stepover0103.tif,0.0,1.804,2.208,0.047,0.055,1735.8583044217987
0.00206,103,053_AlSiMg_200W_500mms_M0_G13_Test_Crossflow_Stepover0104.tif,0.001,1.802,2.136,0.047,0.056,1723.0983671430808
0.002065,103,053_AlSiMg_200W_500mms_M0_G13_Test_Crossflow_Stepover0104.tif,-0.002,1.8,2.075,0.045,0.058,1707.9824545274769
0.00207,103,053_AlSiMg_200W_500mms_M0_G13_Test_Crossflow_Stepover0104.tif,0.0,1.795,2.042,0.047,0.057,1659.5985406781328
0.002075,103,053_AlSiMg_200W_500mms_M0_G13_Test_Crossflow_Stepover0104.tif,-0.002,1.788,1.975,0.044,0.057,1619.1883605691155
0.00208,104,053_AlSiMg_200W_500mms_M0_G13_Test_Crossflow_Stepover0105.tif,0.001,1.775,1.952,0.047,0.058,1640.654998057778
0.002085,104,053_AlSiMg_200W_500mms_M0_G13_Test_Crossflow_Stepover0105.tif,0.0,1.772,1.924,0.044,0.055,1634.0530699598364
0.00209,104,053_AlSiMg_200W_500mms_M0_G13_Test_Crossflow_Stepover0105.tif,-0.002,1.77,1.892,0.044,0.055,1634.0530699598366
0.002095,104,053_AlSiMg_200W_500mms_M0_G13_Test_Crossflow_Stepover0105.tif,-0.002,1.77,1.893,0.045,0.055,1682.4369838091807
0.0021,105,053_AlSiMg_200W_500mms_M0_G13_Test_Crossflow_Stepover0106.tif,0.0,1.775,1.832,0.044,0.057,1740.7507506231505
0.002105,105,053_AlSiMg_200W_500mms_M0_G13_Test_Crossflow_Stepover0106.tif,-0.001,1.777,1.822,0.047,0.055,1744.1262279590621
0.00211,105,053_AlSiMg_200W_500mms_M0_G13_Test_Crossflow_Stepover0106.tif,-0.002,1.794,1.777,0.047,0.055,1704.8858722936573
0.002115,105,053_AlSiMg_200W_500mms_M0_G13_Test_Crossflow_Stepover0106.tif,0.0,1.801,1.798,0.045,0.056,1747.416267501231
0.00212,106,053_AlSiMg_200W_500mms_M0_G13_Test_Crossflow_Stepover0107.tif,0.001,1.804,1.745,0.045,0.058,1653.6031397375841
0.002125,106,053_AlSiMg_200W_500mms_M0_G13_Test_Crossflow_Stepover0107.tif,0.001,1.805,1.784,0.045,0.055,1632.424956477016
0.00213,106,053_AlSiMg_200W_500mms_M0_G13_Test_Crossflow_Stepover0107.tif,-0.001,1.801,1.74,0.044,0.058,1638.97933210573
0.002135,106,053_AlSiMg_200W_500mms_M0_G13_Test_Crossflow_Stepover0107.tif,-0.002,1.798,1.741,0.046,0.055,1678.2196877711347
0.00214,107,053_AlSiMg_200W_500mms_M0_G13_Test_Crossflow_Stepover0108.tif,0.0,1.798,1.717,0.047,0.058,1718.7597364083624
0.002145,107,053_AlSiMg_200W_500mms_M0_G13_Test_Crossflow_Stepover0108.tif,0.0,1.783,1.748,0.045,0.055,1775.3677642121384
0.00215,107,053_AlSiMg_200W_500mms_M0_G13_Test_Crossflow_Stepover0108.tif,0.001,1.775,1.73,0.047,0.055,1738.232180658737
0.002155,107,053_AlSiMg_200W_500mms_M0_G13_Test_Crossflow_Stepover0108.tif,-0.002,1.772,1.74,0.046,0.056,1762.0914720779024
0.00216,108,053_AlSiMg_200W_500mms_M0_G13_Test_Crossflow_Stepover0109.tif,-0.002,1.772,1.712,0.044,0.055,1819.5328714998675
0.002165,108,053_AlSiMg_200W_500mms_M0_G13_Test_Crossflow_Stepover0109.tif,-0.002,1.775,1.695,0.045,0.054,1819.5328714998675
0.00217,108,053_AlSiMg_200W_500mms_M0_G13_Test_Crossflow_Stepover0109.tif,-0.001,1.78,1.692,0.046,0.053,1792.0571193078224
0.002175,108,053_AlSiMg_200W_500mms_M0_G13_Test_Crossflow_Stepover0109.tif,0.0,1.79,1.706,0.047,0.055,1785.6900339698768
0.00218,109,053_AlSiMg_200W_500mms_M0_G13_Test_Crossflow_Stepover0110.tif,-0.002,1.802,1.72,0.046,0.058,1761.8307425507119
0.002185,109,053_AlSiMg_200W_500mms_M0_G13_Test_Crossflow_Stepover0110.tif,0.0,1.812,1.71,0.046,0.058,1680.2485396140582
0.00219,109,053_AlSiMg_200W_500mms_M0_G13_Test_Crossflow_Stepover0110.tif,-0.001,1.808,1.699,0.047,0.058,1649.511509165574
0.002195,109,053_AlSiMg_200W_500mms_M0_G13_Test_Crossflow_Stepover0110.tif,-0.001,1.808,1.756,0.046,0.058,1665.8084474681448
0.0022,110,053_AlSiMg_200W_500mms_M0_G13_Test_Crossflow_Stepover0111.tif,-0.001,1.805,1.755,0.048,0.058,1665.8084474681448
0.002205,110,053_AlSiMg_200W_500mms_M0_G13_Test_Crossflow_Stepover0111.tif,0.001,1.802,1.728,0.047,0.058,1662.56337057046
0.00221,110,053_AlSiMg_200W_500mms_M0_G13_Test_Crossflow_Stepover0111.tif,0.001,1.79,1.726,0.046,0.058,1675.615231975346
0.002215,110,053_AlSiMg_200W_500mms_M0_G13_Test_Crossflow_Stepover0111.tif,-0.002,1.781,1.754,0.046,0.057,1672.4141418845443
0.00222,111,053_AlSiMg_200W_500mms_M0_G13_Test_Crossflow_Stepover0112.tif,-0.002,1.776,1.728,0.046,0.057,1686.8599351946027
0.002225,111,053_AlSiMg_200W_500mms_M0_G13_Test_Crossflow_Stepover0112.tif,0.001,1.77,1.719,0.047,0.057,1703.156873497174
0.00223,111,053_AlSiMg_200W_500mms_M0_G13_Test_Crossflow_Stepover0112.tif,0.0,1.773,1.73,0.047,0.057,1683.495226498535
0.002235,111,053_AlSiMg_200W_500mms_M0_G13_Test_Crossflow_Stepover0112.tif,0.0,1.776,1.727,0.047,0.058,2084.0476636623757
0.00224,112,053_AlSiMg_200W_500mms_M0_G13_Test_Crossflow_Stepover0113.tif,-0.001,1.781,1.699,0.044,0.056,2096.8076009410934
0.002245,112,053_AlSiMg_200W_500mms_M0_G13_Test_Crossflow_Stepover0113.tif,0.0,1.793,1.684,0.055,0.054,2112.8421347754274
0.00225,112,053_AlSiMg_200W_500mms_M0_G13_Test_Crossflow_Stepover0113.tif,0.0,1.8,1.684,0.046,0.055,2102.9122818108017
0.002255,112,053_AlSiMg_200W_500mms_M0_G13_Test_Crossflow_Stepover0113.tif,-0.002,1.802,1.654,0.047,0.056,2130.2577825389467
0.00226,113,053_AlSiMg_200W_500mms_M0_G13_Test_Crossflow_Stepover0114.tif,0.0,1.801,1.656,0.044,0.055,1740.7942874849082
0.002265,113,053_AlSiMg_200W_500mms_M0_G13_Test_Crossflow_Stepover0114.tif,-0.002,1.8,1.668,0.044,0.054,1755.372328139371
0.00227,113,053_AlSiMg_200W_500mms_M0_G13_Test_Crossflow_Stepover0114.tif,-0.002,1.794,1.664,0.045,0.055,1755.372328139371
0.002275,113,053_AlSiMg_200W_500mms_M0_G13_Test_Crossflow_Stepover0114.tif,0.001,1.791,1.709,0.045,0.053,1769.7409579358177
0.00228,114,053_AlSiMg_200W_500mms_M0_G13_Test_Crossflow_Stepover0115.tif,0.001,1.773,1.698,0.047,0.056,1755.372328139371
0.002285,114,053_AlSiMg_200W_500mms_M0_G13_Test_Crossflow_Stepover0115.tif,-0.002,1.769,1.795,0.044,0.054,1755.372328139371
0.00229,114,053_AlSiMg_200W_500mms_M0_G13_Test_Crossflow_Stepover0115.tif,-0.002,1.77,1.734,0.044,0.055,1761.9724707454764
0.002295,114,053_AlSiMg_200W_500mms_M0_G13_Test_Crossflow_Stepover0115.tif,0.0,1.775,1.748,0.045,0.055,1796.7774082351666
0.0023,115,053_AlSiMg_200W_500mms_M0_G13_Test_Crossflow_Stepover0116.tif,0.0,1.776,1.763,0.047,0.055,1769.4319075070212
0.002305,115,053_AlSiMg_200W_500mms_M0_G13_Test_Crossflow_Stepover0116.tif,0.0,1.781,1.733,0.046,0.053,1806.567491060423
0.00231,115,053_AlSiMg_200W_500mms_M0_G13_Test_Crossflow_Stepover0116.tif,0.001,1.794,1.707,0.044,0.056,1847.1075396976507
0.002315,115,053_AlSiMg_200W_500mms_M0_G13_Test_Crossflow_Stepover0116.tif,-0.002,1.805,1.705,0.046,0.055,1803.1624026801273
0.00232,116,053_AlSiMg_200W_500mms_M0_G13_Test_Crossflow_Stepover0117.tif,-0.001,1.808,1.706,0.047,0.055,1768.3574651904376
0.002325,116,053_AlSiMg_200W_500mms_M0_G13_Test_Crossflow_Stepover0117.tif,0.0,1.808,1.709,0.044,0.054,1833.0479603299998
0.00233,116,053_AlSiMg_200W_500mms_M0_G13_Test_Crossflow_Stepover0117.tif,-0.001,1.807,1.726,0.047,0.056,1813.6860949533402
0.002335,116,053_AlSiMg_200W_500mms_M0_G13_Test_Crossflow_Stepover0117.tif,0.001,1.804,1.756,0.045,0.053,1755.372328139371
0.00234,117,053_AlSiMg_200W_500mms_M0_G13_Test_Crossflow_Stepover0118.tif,-0.002,1.801,1.717,0.045,0.055,1734.636613004978
0.002345,117,053_AlSiMg_200W_500mms_M0_G13_Test_Crossflow_Stepover0118.tif,-0.001,1.788,1.733,0.044,0.055,1708.5950626924077
0.00235,117,053_AlSiMg_200W_500mms_M0_G13_Test_Crossflow_Stepover0118.tif,0.0,1.779,1.733,0.046,0.058,1708.5950626924082
0.002355,117,053_AlSiMg_200W_500mms_M0_G13_Test_Crossflow_Stepover0118.tif,-0.001,1.779,1.692,0.044,0.054,1683.8636074577826
0.00236,118,053_AlSiMg_200W_500mms_M0_G13_Test_Crossflow_Stepover0119.tif,-0.001,1.78,1.781,0.045,0.053,1701.6373256345246
0.002365,118,053_AlSiMg_200W_500mms_M0_G13_Test_Crossflow_Stepover0119.tif,0.0,1.786,1.801,0.042,0.053,1708.0044109724706
0.00237,118,053_AlSiMg_200W_500mms_M0_G13_Test_Crossflow_Stepover0119.tif,0.0,1.786,1.758,0.045,0.055,1708.0044109724706
0.002375,118,053_AlSiMg_200W_500mms_M0_G13_Test_Crossflow_Stepover0119.tif,0.0,1.797,1.737,0.044,0.055,1734.7276847522676
0.00238,119,053_AlSiMg_200W_500mms_M0_G13_Test_Crossflow_Stepover0120.tif,-0.002,1.804,1.688,0.044,0.054,1778.821005363552
0.002385,119,053_AlSiMg_200W_500mms_M0_G13_Test_Crossflow_Stepover0120.tif,0.0,1.807,1.692,0.047,0.054,1775.415916983257
0.00239,119,053_AlSiMg_200W_500mms_M0_G13_Test_Crossflow_Stepover0120.tif,0.0,1.809,1.681,0.046,0.055,1793.189635159999
0.002395,119,053_AlSiMg_200W_500mms_M0_G13_Test_Crossflow_Stepover0120.tif,0.0,1.801,1.706,0.044,0.054,1782.1964826994633
0.0024,120,053_AlSiMg_200W_500mms_M0_G13_Test_Crossflow_Stepover0121.tif,0.0,1.8,1.684,0.045,0.055,1744.1697648208196
0.002405,120,053_AlSiMg_200W_500mms_M0_G13_Test_Crossflow_Stepover0121.tif,-0.001,1.797,1.719,0.045,0.056,1694.0573103357196
0.00241,120,053_AlSiMg_200W_500mms_M0_G13_Test_Crossflow_Stepover0121.tif,0.0,1.784,1.696,0.047,0.056,1673.321595201327
0.002415,120,053_AlSiMg_200W_500mms_M0_G13_Test_Crossflow_Stepover0121.tif,0.001,1.77,1.726,0.044,0.056,1695.9580571336023
0.00242,121,053_AlSiMg_200W_500mms_M0_G13_Test_Crossflow_Stepover0122.tif,0.0,1.768,1.696,0.046,0.058,1754.085381289538
0.002425,121,053_AlSiMg_200W_500mms_M0_G13_Test_Crossflow_Stepover0122.tif,-0.001,1.766,1.717,0.047,0.056,1750.810784733922
0.00243,121,053_AlSiMg_200W_500mms_M0_G13_Test_Crossflow_Stepover0122.tif,0.001,1.769,1.728,0.048,0.056,1757.4205703276748
0.002435,121,053_AlSiMg_200W_500mms_M0_G13_Test_Crossflow_Stepover0122.tif,0.0,1.775,1.768,0.046,0.055,1822.1014224795902
0.00244,122,053_AlSiMg_200W_500mms_M0_G13_Test_Crossflow_Stepover0123.tif,0.0,1.781,1.748,0.046,0.058,1785.0667197064845
0.002445,122,053_AlSiMg_200W_500mms_M0_G13_Test_Crossflow_Stepover0123.tif,-0.002,1.795,1.717,0.047,0.055,1753.9323675156659
0.00245,122,053_AlSiMg_200W_500mms_M0_G13_Test_Crossflow_Stepover0123.tif,-0.002,1.805,1.73,0.045,0.056,1775.1105507762338
0.002455,122,053_AlSiMg_200W_500mms_M0_G13_Test_Crossflow_Stepover0123.tif,0.001,1.805,1.748,0.044,0.053,1815.26678049797
0.00246,123,053_AlSiMg_200W_500mms_M0_G13_Test_Crossflow_Stepover0124.tif,-0.002,1.804,1.698,0.047,0.055,1794.0885972374022
0.002465,123,053_AlSiMg_200W_500mms_M0_G13_Test_Crossflow_Stepover0124.tif,-0.002,1.802,1.707,0.045,0.054,1815.0887661761742
0.00247,123,053_AlSiMg_200W_500mms_M0_G13_Test_Crossflow_Stepover0124.tif,0.0,1.801,1.688,0.046,0.055,1805.8289837292455
0.002475,123,053_AlSiMg_200W_500mms_M0_G13_Test_Crossflow_Stepover0124.tif,0.0,1.79,1.686,0.047,0.057,1787.9253970242928
0.00248,124,053_AlSiMg_200W_500mms_M0_G13_Test_Crossflow_Stepover0125.tif,0.0,1.777,1.686,0.046,0.056,1781.712989005987
0.002485,124,053_AlSiMg_200W_500mms_M0_G13_Test_Crossflow_Stepover0125.tif,0.0,1.775,1.72,0.047,0.056,1765.686072306685
0.00249,124,053_AlSiMg_200W_500mms_M0_G13_Test_Crossflow_Stepover0125.tif,0.001,1.773,1.734,0.048,0.058,1731.6696616167737
0.002495,124,053_AlSiMg_200W_500mms_M0_G13_Test_Crossflow_Stepover0125.tif,-0.001,1.776,1.804,0.046,0.056,1792.143068211199
0.0025,125,053_AlSiMg_200W_500mms_M0_G13_Test_Crossflow_Stepover0126.tif,-0.002,1.776,1.762,0.045,0.057,1826.948005700889
0.002505,125,053_AlSiMg_200W_500mms_M0_G13_Test_Crossflow_Stepover0126.tif,-0.002,1.784,1.726,0.048,0.055,1799.3712693354041
0.00251,125,053_AlSiMg_200W_500mms_M0_G13_Test_Crossflow_Stepover0126.tif,-0.002,1.794,1.7,0.046,0.053,1778.2626024813048
0.002515,125,053_AlSiMg_200W_500mms_M0_G13_Test_Crossflow_Stepover0126.tif,-0.001,1.807,1.672,0.044,0.055,1846.2171337105024
0.00252,126,053_AlSiMg_200W_500mms_M0_G13_Test_Crossflow_Stepover0127.tif,0.0,1.809,1.668,0.044,0.055,1785.7437271160768
0.002525,126,053_AlSiMg_200W_500mms_M0_G13_Test_Crossflow_Stepover0127.tif,0.0,1.808,1.663,0.047,0.055,1710.5286095173694
0.00253,126,053_AlSiMg_200W_500mms_M0_G13_Test_Crossflow_Stepover0127.tif,0.0,1.807,1.663,0.046,0.056,1700.8878451021417
0.002535,126,053_AlSiMg_200W_500mms_M0_G13_Test_Crossflow_Stepover0127.tif,-0.002,1.802,1.658,0.044,0.055,1700.8878451021417
0.00254,127,053_AlSiMg_200W_500mms_M0_G13_Test_Crossflow_Stepover0128.tif,-0.002,1.797,1.692,0.045,0.057,1700.8878451021417
0.002545,127,053_AlSiMg_200W_500mms_M0_G13_Test_Crossflow_Stepover0128.tif,-0.002,1.783,1.712,0.044,0.055,1644.2798172983653
0.00255,127,053_AlSiMg_200W_500mms_M0_G13_Test_Crossflow_Stepover0128.tif,-0.001,1.779,1.705,0.047,0.055,1662.0535354751075
0.002555,127,053_AlSiMg_200W_500mms_M0_G13_Test_Crossflow_Stepover0128.tif,-0.002,1.773,1.721,0.044,0.058,1708.8298834437367
0.00256,128,053_AlSiMg_200W_500mms_M0_G13_Test_Crossflow_Stepover0129.tif,-0.002,1.77,1.741,0.045,0.055,1708.8298834437367
0.002565,128,053_AlSiMg_200W_500mms_M0_G13_Test_Crossflow_Stepover0129.tif,0.001,1.773,1.705,0.046,0.055,1650.516116629767
0.00257,128,053_AlSiMg_200W_500mms_M0_G13_Test_Crossflow_Stepover0129.tif,-0.002,1.775,1.717,0.044,0.055,1692.7002536463847
0.002575,128,053_AlSiMg_200W_500mms_M0_G13_Test_Crossflow_Stepover0129.tif,0.001,1.784,1.695,0.044,0.055,1692.7002536463847
0.00258,129,053_AlSiMg_200W_500mms_M0_G13_Test_Crossflow_Stepover0130.tif,0.0,1.795,1.682,0.046,0.057,1634.0980326043205
0.002585,129,053_AlSiMg_200W_500mms_M0_G13_Test_Crossflow_Stepover0130.tif,0.001,1.801,1.684,0.045,0.055,1715.680106052845
0.00259,129,053_AlSiMg_200W_500mms_M0_G13_Test_Crossflow_Stepover0130.tif,0.001,1.805,1.661,0.045,0.058,1773.9938728668149
0.002595,129,053_AlSiMg_200W_500mms_M0_G13_Test_Crossflow_Stepover0130.tif,0.001,1.804,1.755,0.048,0.055,1807.7192769088913
0.0026,130,053_AlSiMg_200W_500mms_M0_G13_Test_Crossflow_Stepover0131.tif,0.001,1.802,1.735,0.047,0.055,1817.5222950976342
0.002605,130,053_AlSiMg_200W_500mms_M0_G13_Test_Crossflow_Stepover0131.tif,0.0,1.8,1.733,0.047,0.056,1900.4917340781442
0.00261,130,053_AlSiMg_200W_500mms_M0_G13_Test_Crossflow_Stepover0131.tif,0.001,1.788,1.714,0.048,0.058,1843.285306904303
0.002615,130,053_AlSiMg_200W_500mms_M0_G13_Test_Crossflow_Stepover0131.tif,-0.002,1.777,1.733,0.048,0.056,1791.656316157274
0.00262,131,053_AlSiMg_200W_500mms_M0_G13_Test_Crossflow_Stepover0132.tif,-0.002,1.775,1.713,0.047,0.057,1815.867251214105
0.002625,131,053_AlSiMg_200W_500mms_M0_G13_Test_Crossflow_Stepover0132.tif,0.001,1.773,1.723,0.046,0.057,1781.923429510674
0.00263,131,053_AlSiMg_200W_500mms_M0_G13_Test_Crossflow_Stepover0132.tif,0.0,1.777,1.71,0.049,0.057,1744.7962742935106
0.002635,131,053_AlSiMg_200W_500mms_M0_G13_Test_Crossflow_Stepover0132.tif,-0.002,1.781,1.733,0.046,0.058,1714.0535426808813
0.00264,132,053_AlSiMg_200W_500mms_M0_G13_Test_Crossflow_Stepover0133.tif,0.0,1.79,1.692,0.047,0.057,1814.640740166633
0.002645,132,053_AlSiMg_200W_500mms_M0_G13_Test_Crossflow_Stepover0133.tif,0.001,1.802,1.677,0.046,0.058,1793.6348672991269
0.00265,132,053_AlSiMg_200W_500mms_M0_G13_Test_Crossflow_Stepover0133.tif,-0.002,1.808,1.696,0.049,0.055,1809.9318056016978
0.002655,132,053_AlSiMg_200W_500mms_M0_G13_Test_Crossflow_Stepover0133.tif,-0.002,1.808,1.695,0.048,0.057,1809.9318056016978
0.00266,133,053_AlSiMg_200W_500mms_M0_G13_Test_Crossflow_Stepover0134.tif,-0.002,1.808,1.73,0.047,0.058,1806.658126524416
0.002665,133,053_AlSiMg_200W_500mms_M0_G13_Test_Crossflow_Stepover0134.tif,-0.001,1.802,1.712,0.047,0.057,1739.796333080741
0.00267,133,053_AlSiMg_200W_500mms_M0_G13_Test_Crossflow_Stepover0134.tif,-0.001,1.802,1.712,0.045,0.057,1720.5567370570825
0.002675,133,053_AlSiMg_200W_500mms_M0_G13_Test_Crossflow_Stepover0134.tif,0.0,1.791,1.712,0.047,0.056,1684.6806003105473
0.00268,134,053_AlSiMg_200W_500mms_M0_G13_Test_Crossflow_Stepover0135.tif,0.0,1.779,1.728,0.047,0.057,1684.6806003105473
0.002685,134,053_AlSiMg_200W_500mms_M0_G13_Test_Crossflow_Stepover0135.tif,0.001,1.773,1.702,0.047,0.061,1681.3444937940762
0.00269,134,053_AlSiMg_200W_500mms_M0_G13_Test_Crossflow_Stepover0135.tif,0.001,1.773,1.707,0.047,0.057,1634.5672283471135
0.002695,134,053_AlSiMg_200W_500mms_M0_G13_Test_Crossflow_Stepover0135.tif,-0.001,1.779,1.723,0.044,0.056,1668.5053488863996
0.0027,135,053_AlSiMg_200W_500mms_M0_G13_Test_Crossflow_Stepover0136.tif,0.001,1.78,1.713,0.046,0.058,1697.827110004221
0.002705,135,053_AlSiMg_200W_500mms_M0_G13_Test_Crossflow_Stepover0136.tif,0.0,1.786,1.723,0.047,0.055,1803.6216248531352
0.00271,135,053_AlSiMg_200W_500mms_M0_G13_Test_Crossflow_Stepover0136.tif,0.0,1.8,1.744,0.045,0.056,1857.008675893851
0.002715,135,053_AlSiMg_200W_500mms_M0_G13_Test_Crossflow_Stepover0136.tif,0.001,1.808,1.713,0.048,0.053,1881.1494794085388
0.00272,136,053_AlSiMg_200W_500mms_M0_G13_Test_Crossflow_Stepover0137.tif,-0.001,1.809,1.73,0.047,0.056,1863.2458927035864
0.002725,136,053_AlSiMg_200W_500mms_M0_G13_Test_Crossflow_Stepover0137.tif,-0.002,1.805,1.723,0.045,0.055,1900.2805954766918
0.00273,136,053_AlSiMg_200W_500mms_M0_G13_Test_Crossflow_Stepover0137.tif,0.0,1.8,1.731,0.047,0.056,1787.8841525298362
0.002735,136,053_AlSiMg_200W_500mms_M0_G13_Test_Crossflow_Stepover0137.tif,0.001,1.8,1.787,0.047,0.056,1805.7877392347887
0.00274,137,053_AlSiMg_200W_500mms_M0_G13_Test_Crossflow_Stepover0138.tif,-0.002,1.791,1.737,0.045,0.055,1828.4242011670638
0.002745,137,053_AlSiMg_200W_500mms_M0_G13_Test_Crossflow_Stepover0138.tif,0.001,1.776,1.716,0.047,0.055,1846.3277878720164
0.00275,137,053_AlSiMg_200W_500mms_M0_G13_Test_Crossflow_Stepover0138.tif,0.001,1.769,1.688,0.047,0.056,1812.6023838299395
0.002755,137,053_AlSiMg_200W_500mms_M0_G13_Test_Crossflow_Stepover0138.tif,-0.002,1.765,1.698,0.047,0.055,1812.6023838299393
0.00276,138,053_AlSiMg_200W_500mms_M0_G13_Test_Crossflow_Stepover0139.tif,0.001,1.77,1.674,0.046,0.057,1794.6987971249869
0.002765,138,053_AlSiMg_200W_500mms_M0_G13_Test_Crossflow_Stepover0139.tif,-0.001,1.77,1.696,0.045,0.055,1838.941972180529
0.00277,138,053_AlSiMg_200W_500mms_M0_G13_Test_Crossflow_Stepover0139.tif,0.001,1.775,1.703,0.047,0.056,1824.2434476649014
0.002775,138,053_AlSiMg_200W_500mms_M0_G13_Test_Crossflow_Stepover0139.tif,-0.001,1.788,1.699,0.049,0.056,1841.934317872645
0.00278,139,053_AlSiMg_200W_500mms_M0_G13_Test_Crossflow_Stepover0140.tif,0.001,1.795,1.737,0.048,0.057,1848.5362459705862
0.002785,139,053_AlSiMg_200W_500mms_M0_G13_Test_Crossflow_Stepover0140.tif,-0.002,1.801,1.721,0.047,0.057,1851.7413081599111
0.00279,139,053_AlSiMg_200W_500mms_M0_G13_Test_Crossflow_Stepover0140.tif,-0.001,1.802,1.7,0.047,0.057,1813.8409321129943
0.002795,139,053_AlSiMg_200W_500mms_M0_G13_Test_Crossflow_Stepover0140.tif,0.0,1.802,1.707,0.048,0.057,1797.8024261801372
0.0028,140,053_AlSiMg_200W_500mms_M0_G13_Test_Crossflow_Stepover0141.tif,-0.002,1.798,1.705,0.049,0.058,1820.1797590230967
0.002805,140,053_AlSiMg_200W_500mms_M0_G13_Test_Crossflow_Stepover0141.tif,-0.002,1.797,1.742,0.048,0.058,1842.5570918660555
0.00281,140,053_AlSiMg_200W_500mms_M0_G13_Test_Crossflow_Stepover0141.tif,0.0,1.79,1.714,0.049,0.058,1845.6948286853562
0.002815,140,053_AlSiMg_200W_500mms_M0_G13_Test_Crossflow_Stepover0141.tif,-0.001,1.777,1.717,0.049,0.058,1823.3174958423974
0.00282,141,053_AlSiMg_200W_500mms_M0_G13_Test_Crossflow_Stepover0142.tif,0.0,1.776,1.707,0.049,0.058,1816.8494263310117
0.002825,141,053_AlSiMg_200W_500mms_M0_G13_Test_Crossflow_Stepover0142.tif,0.001,1.777,1.703,0.047,0.057,1794.4720934880527
0.00283,141,053_AlSiMg_200W_500mms_M0_G13_Test_Crossflow_Stepover0142.tif,-0.001,1.776,1.696,0.046,0.056,1741.3520290324639
0.002835,141,053_AlSiMg_200W_500mms_M0_G13_Test_Crossflow_Stepover0142.tif,-0.001,1.783,1.688,0.047,0.057,1701.2838259817618
0.00284,142,053_AlSiMg_200W_500mms_M0_G13_Test_Crossflow_Stepover0143.tif,-0.001,1.787,1.674,0.046,0.058,1704.484916072563
0.002845,142,053_AlSiMg_200W_500mms_M0_G13_Test_Crossflow_Stepover0143.tif,-0.001,1.8,1.684,0.046,0.057,1714.0901805925955
0.00285,142,053_AlSiMg_200W_500mms_M0_G13_Test_Crossflow_Stepover0143.tif,0.001,1.808,1.7,0.048,0.058,1699.6443872825373
0.002855,142,053_AlSiMg_200W_500mms_M0_G13_Test_Crossflow_Stepover0143.tif,0.0,1.805,1.71,0.049,0.059,1712.6962486874231
0.00286,143,053_AlSiMg_200W_500mms_M0_G13_Test_Crossflow_Stepover0144.tif,-0.002,1.804,1.703,0.047,0.058,1764.3252394344527
0.002865,143,053_AlSiMg_200W_500mms_M0_G13_Test_Crossflow_Stepover0144.tif,0.001,1.8,1.758,0.046,0.057,1746.6783560335928
0.00287,143,053_AlSiMg_200W_500mms_M0_G13_Test_Crossflow_Stepover0144.tif,-0.002,1.797,1.801,0.047,0.055,1725.8942776240867
0.002875,143,053_AlSiMg_200W_500mms_M0_G13_Test_Crossflow_Stepover0144.tif,0.0,1.788,1.737,0.047,0.058,1694.4977871707986
0.00288,144,053_AlSiMg_200W_500mms_M0_G13_Test_Crossflow_Stepover0145.tif,0.0,1.781,1.773,0.047,0.058,1708.9216779579576
0.002885,144,053_AlSiMg_200W_500mms_M0_G13_Test_Crossflow_Stepover0145.tif,-0.001,1.77,1.726,0.045,0.058,1660.5377641086136
0.00289,144,053_AlSiMg_200W_500mms_M0_G13_Test_Crossflow_Stepover0145.tif,0.0,1.773,1.693,0.046,0.056,1671.7165779980871
0.002895,144,053_AlSiMg_200W_500mms_M0_G13_Test_Crossflow_Stepover0145.tif,-0.001,1.77,1.717,0.047,0.058,1655.4196396955163
0.0029,145,053_AlSiMg_200W_500mms_M0_G13_Test_Crossflow_Stepover0146.tif,-0.001,1.772,1.776,0.046,0.056,1686.8161301488042
0.002905,145,053_AlSiMg_200W_500mms_M0_G13_Test_Crossflow_Stepover0146.tif,-0.002,1.777,1.714,0.046,0.058,1656.0666988794771
0.00291,145,053_AlSiMg_200W_500mms_M0_G13_Test_Crossflow_Stepover0146.tif,0.0,1.794,1.72,0.047,0.058,1667.2455127689507
0.002915,145,053_AlSiMg_200W_500mms_M0_G13_Test_Crossflow_Stepover0146.tif,-0.002,1.801,1.693,0.045,0.057,1686.547026023869
0.00292,146,053_AlSiMg_200W_500mms_M0_G13_Test_Crossflow_Stepover0147.tif,0.001,1.807,1.658,0.046,0.056,1739.6670904794573
0.002925,146,053_AlSiMg_200W_500mms_M0_G13_Test_Crossflow_Stepover0147.tif,-0.001,1.8,1.64,0.047,0.056,1745.9720171740591
0.00293,146,053_AlSiMg_200W_500mms_M0_G13_Test_Crossflow_Stepover0147.tif,-0.002,1.8,1.637,0.049,0.058,1755.612781589287
0.002935,146,053_AlSiMg_200W_500mms_M0_G13_Test_Crossflow_Stepover0147.tif,0.001,1.798,1.661,0.049,0.06,1731.350050584886
0.00294,147,053_AlSiMg_200W_500mms_M0_G13_Test_Crossflow_Stepover0148.tif,-0.001,1.794,1.667,0.048,0.06,1715.3155167505524
0.002945,147,053_AlSiMg_200W_500mms_M0_G13_Test_Crossflow_Stepover0148.tif,-0.001,1.786,1.731,0.047,0.059,1708.972717741927
0.00295,147,053_AlSiMg_200W_500mms_M0_G13_Test_Crossflow_Stepover0148.tif,-0.002,1.772,1.696,0.047,0.057,1702.6677910473252
0.002955,147,053_AlSiMg_200W_500mms_M0_G13_Test_Crossflow_Stepover0148.tif,0.0,1.77,1.705,0.047,0.056,1715.7803772912534
0.00296,148,053_AlSiMg_200W_500mms_M0_G13_Test_Crossflow_Stepover0149.tif,0.0,1.775,1.72,0.047,0.058,1736.7081596182973
0.002965,148,053_AlSiMg_200W_500mms_M0_G13_Test_Crossflow_Stepover0149.tif,0.001,1.777,1.698,0.048,0.059,1733.4411801977126
0.00297,148,053_AlSiMg_200W_500mms_M0_G13_Test_Crossflow_Stepover0149.tif,-0.001,1.779,1.748,0.045,0.055,1714.1396669427947
0.002975,148,053_AlSiMg_200W_500mms_M0_G13_Test_Crossflow_Stepover0149.tif,0.0,1.793,1.749,0.046,0.056,1704.2098139781694
0.00298,149,053_AlSiMg_200W_500mms_M0_G13_Test_Crossflow_Stepover0150.tif,0.001,1.804,1.713,0.046,0.056,1701.0270806988665
0.002985,149,053_AlSiMg_200W_500mms_M0_G13_Test_Crossflow_Stepover0150.tif,0.0,1.809,1.703,0.044,0.055,1707.6290087968082
0.00299,149,053_AlSiMg_200W_500mms_M0_G13_Test_Crossflow_Stepover0150.tif,0.001,1.808,1.713,0.047,0.058,1744.8341087566782
0.002995,149,053_AlSiMg_200W_500mms_M0_G13_Test_Crossflow_Stepover0150.tif,-0.002,1.805,1.707,0.047,0.057,1767.3406842009213
0.003,150,053_AlSiMg_200W_500mms_M0_G13_Test_Crossflow_Stepover0151.tif,0.0,1.804,1.692,0.047,0.055,1742.5840071700895
0.003005,150,053_AlSiMg_200W_500mms_M0_G13_Test_Crossflow_Stepover0151.tif,-0.002,1.804,1.693,0.048,0.057,1760.2308905709492
0.00301,150,053_AlSiMg_200W_500mms_M0_G13_Test_Crossflow_Stepover0151.tif,-0.002,1.791,1.717,0.044,0.057,1760.2308905709492
0.003015,150,053_AlSiMg_200W_500mms_M0_G13_Test_Crossflow_Stepover0151.tif,-0.001,1.776,1.714,0.048,0.058,1748.6701028746222
0.00302,151,053_AlSiMg_200W_500mms_M0_G13_Test_Crossflow_Stepover0152.tif,-0.001,1.77,1.702,0.047,0.057,1732.631596941765
0.003025,151,053_AlSiMg_200W_500mms_M0_G13_Test_Crossflow_Stepover0152.tif,0.001,1.766,1.686,0.049,0.058,1804.1412530902398
0.00303,151,053_AlSiMg_200W_500mms_M0_G13_Test_Crossflow_Stepover0152.tif,-0.001,1.77,1.702,0.048,0.058,1786.4943696893802
0.003035,151,053_AlSiMg_200W_500mms_M0_G13_Test_Crossflow_Stepover0152.tif,0.0,1.772,1.726,0.049,0.058,1786.4943696893802
0.00304,152,053_AlSiMg_200W_500mms_M0_G13_Test_Crossflow_Stepover0153.tif,-0.002,1.779,1.762,0.047,0.058,1733.3743052337916
0.003045,152,053_AlSiMg_200W_500mms_M0_G13_Test_Crossflow_Stepover0153.tif,-0.001,1.794,1.775,0.047,0.057,1764.1113356822764
0.00305,152,053_AlSiMg_200W_500mms_M0_G13_Test_Crossflow_Stepover0153.tif,0.001,1.798,1.703,0.046,0.058,1757.7685366736507
0.003055,152,053_AlSiMg_200W_500mms_M0_G13_Test_Crossflow_Stepover0153.tif,-0.002,1.802,1.705,0.047,0.055,1806.152450522995
0.00306,153,053_AlSiMg_200W_500mms_M0_G13_Test_Crossflow_Stepover0154.tif,0.001,1.802,1.686,0.047,0.056,1809.3535406137962
0.003065,153,053_AlSiMg_200W_500mms_M0_G13_Test_Crossflow_Stepover0154.tif,-0.002,1.795,1.698,0.047,0.055,1812.5665618014405
0.00307,153,053_AlSiMg_200W_500mms_M0_G13_Test_Crossflow_Stepover0154.tif,0.0,1.797,1.71,0.048,0.058,1781.8295313529557
0.003075,153,053_AlSiMg_200W_500mms_M0_G13_Test_Crossflow_Stepover0154.tif,0.001,1.79,1.703,0.047,0.059,1781.8295313529557
0.00308,154,053_AlSiMg_200W_500mms_M0_G13_Test_Crossflow_Stepover0155.tif,0.001,1.779,1.696,0.048,0.058,1781.8295313529557
0.003085,154,053_AlSiMg_200W_500mms_M0_G13_Test_Crossflow_Stepover0155.tif,0.001,1.777,1.678,0.047,0.056,1764.1826479520962
0.00309,154,053_AlSiMg_200W_500mms_M0_G13_Test_Crossflow_Stepover0155.tif,-0.002,1.776,1.674,0.047,0.055,1794.9134484678827
0.003095,154,053_AlSiMg_200W_500mms_M0_G13_Test_Crossflow_Stepover0155.tif,0.001,1.775,1.681,0.047,0.058,1794.9134484678827
0.0031,155,053_AlSiMg_200W_500mms_M0_G13_Test_Crossflow_Stepover0156.tif,0.001,1.781,1.696,0.048,0.058,1764.433121323491
0.003105,155,053_AlSiMg_200W_500mms_M0_G13_Test_Crossflow_Stepover0156.tif,0.001,1.787,1.71,0.048,0.058,1723.8930726862636
0.00311,155,053_AlSiMg_200W_500mms_M0_G13_Test_Crossflow_Stepover0156.tif,-0.001,1.795,1.681,0.047,0.058,1778.5843348874864
0.003115,155,053_AlSiMg_200W_500mms_M0_G13_Test_Crossflow_Stepover0156.tif,-0.001,1.808,1.667,0.045,0.055,1812.5104000138483
0.00312,156,053_AlSiMg_200W_500mms_M0_G13_Test_Crossflow_Stepover0157.tif,0.001,1.808,1.67,0.049,0.057,1822.0692472017647
0.003125,156,053_AlSiMg_200W_500mms_M0_G13_Test_Crossflow_Stepover0157.tif,-0.002,1.805,1.685,0.048,0.056,1805.7723088991938
0.00313,156,053_AlSiMg_200W_500mms_M0_G13_Test_Crossflow_Stepover0157.tif,-0.002,1.805,1.688,0.046,0.055,1846.3123575364214
0.003135,156,053_AlSiMg_200W_500mms_M0_G13_Test_Crossflow_Stepover0157.tif,-0.001,1.804,1.672,0.046,0.058,1806.0668886452568
0.00314,157,053_AlSiMg_200W_500mms_M0_G13_Test_Crossflow_Stepover0158.tif,-0.001,1.802,1.67,0.047,0.055,1829.217442317969
0.003145,157,053_AlSiMg_200W_500mms_M0_G13_Test_Crossflow_Stepover0158.tif,-0.002,1.788,1.661,0.047,0.057,1816.4575050392511
0.00315,157,053_AlSiMg_200W_500mms_M0_G13_Test_Crossflow_Stepover0158.tif,0.0,1.781,1.684,0.049,0.056,1850.4013267426817
0.003155,157,053_AlSiMg_200W_500mms_M0_G13_Test_Crossflow_Stepover0158.tif,0.0,1.777,1.712,0.047,0.057,1819.6642962941974
0.00316,158,053_AlSiMg_200W_500mms_M0_G13_Test_Crossflow_Stepover0159.tif,0.0,1.772,1.805,0.048,0.058,1788.9215646815676
0.003165,158,053_AlSiMg_200W_500mms_M0_G13_Test_Crossflow_Stepover0159.tif,0.0,1.775,1.759,0.048,0.058,1714.1980624816338
0.00317,158,053_AlSiMg_200W_500mms_M0_G13_Test_Crossflow_Stepover0159.tif,0.0,1.779,1.769,0.046,0.058,1739.6479219232456
0.003175,158,053_AlSiMg_200W_500mms_M0_G13_Test_Crossflow_Stepover0159.tif,0.0,1.788,1.726,0.047,0.058,1697.0095019355508
0.00318,159,053_AlSiMg_200W_500mms_M0_G13_Test_Crossflow_Stepover0160.tif,0.0,1.798,1.712,0.05,0.059,1679.3626185346907
0.003185,159,053_AlSiMg_200W_500mms_M0_G13_Test_Crossflow_Stepover0160.tif,0.0,1.805,1.756,0.047,0.06,1685.7297038726367
0.00319,159,053_AlSiMg_200W_500mms_M0_G13_Test_Crossflow_Stepover0160.tif,0.0,1.805,1.713,0.047,0.058,1692.0346305672385
0.003195,159,053_AlSiMg_200W_500mms_M0_G13_Test_Crossflow_Stepover0160.tif,0.001,1.804,1.7,0.048,0.06,1706.830240016791
0.0032,160,053_AlSiMg_200W_500mms_M0_G13_Test_Crossflow_Stepover0161.tif,-0.002,1.8,1.698,0.049,0.06,2195.670688469141
0.003205,160,053_AlSiMg_200W_500mms_M0_G13_Test_Crossflow_Stepover0161.tif,0.001,1.794,1.742,0.049,0.057,2201.975615163743
0.00321,160,053_AlSiMg_200W_500mms_M0_G13_Test_Crossflow_Stepover0161.tif,0.001,1.787,1.756,0.068,0.061,2211.9054681283683
0.003215,160,053_AlSiMg_200W_500mms_M0_G13_Test_Crossflow_Stepover0161.tif,0.0,1.776,1.737,0.049,0.06,2205.600541433766
0.00322,161,053_AlSiMg_200W_500mms_M0_G13_Test_Crossflow_Stepover0162.tif,-0.001,1.77,1.721,0.047,0.058,2225.6327814324777
0.003225,161,053_AlSiMg_200W_500mms_M0_G13_Test_Crossflow_Stepover0162.tif,0.0,1.773,1.681,0.047,0.058,1768.0887962615648
0.00323,161,053_AlSiMg_200W_500mms_M0_G13_Test_Crossflow_Stepover0162.tif,0.0,1.773,1.685,0.049,0.056,1779.4307529678226
0.003235,161,053_AlSiMg_200W_500mms_M0_G13_Test_Crossflow_Stepover0162.tif,-0.002,1.78,1.691,0.049,0.06,1797.0776363686825
0.00324,162,053_AlSiMg_200W_500mms_M0_G13_Test_Crossflow_Stepover0163.tif,0.001,1.786,1.692,0.048,0.058,1803.3825630632841
0.003245,162,053_AlSiMg_200W_500mms_M0_G13_Test_Crossflow_Stepover0163.tif,0.0,1.8,1.707,0.048,0.058,1734.9639875579517
0.00325,162,053_AlSiMg_200W_500mms_M0_G13_Test_Crossflow_Stepover0163.tif,-0.002,1.805,1.698,0.049,0.06,1728.65906086335
0.003255,162,053_AlSiMg_200W_500mms_M0_G13_Test_Crossflow_Stepover0163.tif,0.0,1.809,1.678,0.049,0.06,1741.492504606882
0.00326,163,053_AlSiMg_200W_500mms_M0_G13_Test_Crossflow_Stepover0164.tif,-0.002,1.805,1.671,0.047,0.058,1730.1505479006246
0.003265,163,053_AlSiMg_200W_500mms_M0_G13_Test_Crossflow_Stepover0164.tif,0.0,1.804,1.688,0.047,0.056,1826.941153654186
0.00327,163,053_AlSiMg_200W_500mms_M0_G13_Test_Crossflow_Stepover0164.tif,0.0,1.802,1.67,0.049,0.06,1826.941153654186
0.003275,163,053_AlSiMg_200W_500mms_M0_G13_Test_Crossflow_Stepover0164.tif,0.0,1.793,1.674,0.051,0.057,1841.3869469642443
0.00328,164,053_AlSiMg_200W_500mms_M0_G13_Test_Crossflow_Stepover0165.tif,0.001,1.781,1.692,0.049,0.06,1828.5535032207124
0.003285,164,053_AlSiMg_200W_500mms_M0_G13_Test_Crossflow_Stepover0165.tif,-0.002,1.776,1.703,0.047,0.057,1822.2485765261106
0.00329,164,053_AlSiMg_200W_500mms_M0_G13_Test_Crossflow_Stepover0165.tif,0.0,1.776,1.692,0.048,0.058,1719.1530440779468
0.003295,164,053_AlSiMg_200W_500mms_M0_G13_Test_Crossflow_Stepover0165.tif,0.001,1.776,1.681,0.047,0.058,1719.1530440779472
0.0033,165,053_AlSiMg_200W_500mms_M0_G13_Test_Crossflow_Stepover0166.tif,0.0,1.776,1.671,0.047,0.058,1719.1530440779468
0.003305,165,053_AlSiMg_200W_500mms_M0_G13_Test_Crossflow_Stepover0166.tif,0.0,1.78,1.681,0.049,0.06,1738.3292868301046
0.00331,165,053_AlSiMg_200W_500mms_M0_G13_Test_Crossflow_Stepover0166.tif,-0.001,1.797,1.677,0.047,0.057,1759.113365239611
0.003315,165,053_AlSiMg_200W_500mms_M0_G13_Test_Crossflow_Stepover0166.tif,0.0,1.808,1.686,0.049,0.058,1779.8974436491171
0.00332,166,053_AlSiMg_200W_500mms_M0_G13_Test_Crossflow_Stepover0167.tif,0.001,1.811,1.717,0.049,0.059,1770.3474400568307
0.003325,166,053_AlSiMg_200W_500mms_M0_G13_Test_Crossflow_Stepover0167.tif,-0.001,1.808,1.703,0.049,0.059,1773.5485301476317
0.00333,166,053_AlSiMg_200W_500mms_M0_G13_Test_Crossflow_Stepover0167.tif,0.001,1.804,1.86,0.046,0.057,1767.205731139006
0.003335,166,053_AlSiMg_200W_500mms_M0_G13_Test_Crossflow_Stepover0167.tif,0.001,1.801,1.752,0.048,0.058,1733.3377356145731
0.00334,167,053_AlSiMg_200W_500mms_M0_G13_Test_Crossflow_Stepover0168.tif,0.001,1.794,1.783,0.047,0.056,1730.2005406059266
0.003345,167,053_AlSiMg_200W_500mms_M0_G13_Test_Crossflow_Stepover0168.tif,0.001,1.783,1.731,0.047,0.059,1900.4357710886234
0.00335,167,053_AlSiMg_200W_500mms_M0_G13_Test_Crossflow_Stepover0168.tif,0.001,1.772,1.693,0.048,0.058,1882.7888876877637
0.003355,167,053_AlSiMg_200W_500mms_M0_G13_Test_Crossflow_Stepover0168.tif,0.0,1.773,1.721,0.055,0.059,1852.308560543372
0.00336,168,053_AlSiMg_200W_500mms_M0_G13_Test_Crossflow_Stepover0169.tif,0.001,1.77,1.788,0.047,0.058,1865.3924776582994
0.003365,168,053_AlSiMg_200W_500mms_M0_G13_Test_Crossflow_Stepover0169.tif,0.001,1.773,1.74,0.047,0.058,1865.3924776582994
0.00337,168,053_AlSiMg_200W_500mms_M0_G13_Test_Crossflow_Stepover0169.tif,0.001,1.776,1.719,0.047,0.058,1716.0492074741464
0.003375,168,053_AlSiMg_200W_500mms_M0_G13_Test_Crossflow_Stepover0169.tif,-0.002,1.787,1.744,0.048,0.058,1746.5295346185383
0.00338,169,053_AlSiMg_200W_500mms_M0_G13_Test_Crossflow_Stepover0170.tif,-0.002,1.8,1.714,0.048,0.058,1764.1764180193982
0.003385,169,053_AlSiMg_200W_500mms_M0_G13_Test_Crossflow_Stepover0170.tif,0.0,1.804,1.717,0.047,0.056,1764.1764180193982
0.00339,169,053_AlSiMg_200W_500mms_M0_G13_Test_Crossflow_Stepover0170.tif,-0.002,1.802,1.702,0.048,0.058,1746.5295346185383
0.003395,169,053_AlSiMg_200W_500mms_M0_G13_Test_Crossflow_Stepover0170.tif,0.0,1.801,1.696,0.047,0.058,1743.3284445277372
0.0034,170,053_AlSiMg_200W_500mms_M0_G13_Test_Crossflow_Stepover0171.tif,-0.002,1.798,1.686,0.047,0.058,1712.8481173833454
0.003405,170,053_AlSiMg_200W_500mms_M0_G13_Test_Crossflow_Stepover0171.tif,0.0,1.797,1.682,0.047,0.057,1709.6470272925442
0.00341,170,053_AlSiMg_200W_500mms_M0_G13_Test_Crossflow_Stepover0171.tif,0.0,1.783,1.685,0.047,0.058,1709.6470272925442
0.003415,170,053_AlSiMg_200W_500mms_M0_G13_Test_Crossflow_Stepover0171.tif,0.0,1.775,1.675,0.047,0.057,1709.6470272925442
0.00342,171,053_AlSiMg_200W_500mms_M0_G13_Test_Crossflow_Stepover0172.tif,0.0,1.77,1.685,0.047,0.058,1695.2012339824857
0.003425,171,053_AlSiMg_200W_500mms_M0_G13_Test_Crossflow_Stepover0172.tif,0.0,1.772,1.672,0.047,0.058,1685.2713810178604
0.00343,171,053_AlSiMg_200W_500mms_M0_G13_Test_Crossflow_Stepover0172.tif,0.0,1.779,1.675,0.047,0.058,1722.3985362350238
0.003435,171,053_AlSiMg_200W_500mms_M0_G13_Test_Crossflow_Stepover0172.tif,-0.002,1.775,1.717,0.048,0.06,1759.2216623880413
0.00344,172,053_AlSiMg_200W_500mms_M0_G13_Test_Crossflow_Stepover0173.tif,-0.001,1.784,1.741,0.048,0.056,1765.5265890826427
0.003445,172,053_AlSiMg_200W_500mms_M0_G13_Test_Crossflow_Stepover0173.tif,0.001,1.797,1.72,0.049,0.058,1802.3497152356601
0.00345,172,053_AlSiMg_200W_500mms_M0_G13_Test_Crossflow_Stepover0173.tif,-0.001,1.802,1.726,0.049,0.06,1836.1388596194508
0.003455,172,053_AlSiMg_200W_500mms_M0_G13_Test_Crossflow_Stepover0173.tif,0.001,1.807,1.714,0.049,0.058,1784.5659110922293
0.00346,173,053_AlSiMg_200W_500mms_M0_G13_Test_Crossflow_Stepover0174.tif,-0.001,1.805,1.744,0.05,0.06,1747.742784939212
0.003465,173,053_AlSiMg_200W_500mms_M0_G13_Test_Crossflow_Stepover0174.tif,-0.002,1.801,1.706,0.047,0.058,1741.4378582446102
0.00347,173,053_AlSiMg_200W_500mms_M0_G13_Test_Crossflow_Stepover0174.tif,-0.001,1.795,1.762,0.047,0.058,1801.9568526796597
0.003475,173,053_AlSiMg_200W_500mms_M0_G13_Test_Crossflow_Stepover0174.tif,0.001,1.79,1.735,0.047,0.058,2019.427710353785
0.00348,174,053_AlSiMg_200W_500mms_M0_G13_Test_Crossflow_Stepover0175.tif,0.001,1.779,1.717,0.049,0.055,2147.986189249382
0.003485,174,053_AlSiMg_200W_500mms_M0_G13_Test_Crossflow_Stepover0175.tif,0.0,1.773,1.705,0.058,0.06,2199.5591377766036
0.00349,174,053_AlSiMg_200W_500mms_M0_G13_Test_Crossflow_Stepover0175.tif,-0.002,1.772,1.733,0.051,0.056,2183.262199474032
0.003495,174,053_AlSiMg_200W_500mms_M0_G13_Test_Crossflow_Stepover0175.tif,0.001,1.772,1.735,0.048,0.056,2082.6750019882807
0.0035,175,053_AlSiMg_200W_500mms_M0_G13_Test_Crossflow_Stepover0176.tif,0.0,1.776,1.823,0.046,0.058,1889.7287667443343
0.003505,175,053_AlSiMg_200W_500mms_M0_G13_Test_Crossflow_Stepover0176.tif,0.0,1.784,1.807,0.046,0.057,1778.8171712495969
0.00351,175,053_AlSiMg_200W_500mms_M0_G13_Test_Crossflow_Stepover0176.tif,0.0,1.794,1.735,0.047,0.055,1775.6281365717193
0.003515,175,053_AlSiMg_200W_500mms_M0_G13_Test_Crossflow_Stepover0176.tif,0.001,1.805,1.719,0.048,0.058,1795.1078081535936
0.00352,176,053_AlSiMg_200W_500mms_M0_G13_Test_Crossflow_Stepover0177.tif,0.0,1.805,1.719,0.047,0.055,1815.9997684521381
0.003525,176,053_AlSiMg_200W_500mms_M0_G13_Test_Crossflow_Stepover0177.tif,0.001,1.807,1.73,0.048,0.059,1775.4597198149106
0.00353,176,053_AlSiMg_200W_500mms_M0_G13_Test_Crossflow_Stepover0177.tif,0.001,1.801,1.72,0.048,0.058,1757.812836414051
0.003535,176,053_AlSiMg_200W_500mms_M0_G13_Test_Crossflow_Stepover0177.tif,0.001,1.797,1.761,0.045,0.055,1684.4373859778711
0.00354,177,053_AlSiMg_200W_500mms_M0_G13_Test_Crossflow_Stepover0178.tif,-0.001,1.801,1.721,0.047,0.058,1698.9015360994279
0.003545,177,053_AlSiMg_200W_500mms_M0_G13_Test_Crossflow_Stepover0178.tif,0.0,1.791,1.716,0.047,0.06,1718.0777788515857
0.00355,177,053_AlSiMg_200W_500mms_M0_G13_Test_Crossflow_Stepover0178.tif,-0.001,1.78,1.723,0.048,0.058,1710.2339136394687
0.003555,177,053_AlSiMg_200W_500mms_M0_G13_Test_Crossflow_Stepover0178.tif,0.0,1.781,1.783,0.049,0.058,1713.416646918772
0.00356,178,053_AlSiMg_200W_500mms_M0_G13_Test_Crossflow_Stepover0179.tif,0.001,1.777,1.822,0.047,0.058,1759.1922619151132
0.003565,178,053_AlSiMg_200W_500mms_M0_G13_Test_Crossflow_Stepover0179.tif,0.001,1.776,1.765,0.048,0.059,1759.1922619151137
0.00357,178,053_AlSiMg_200W_500mms_M0_G13_Test_Crossflow_Stepover0179.tif,-0.002,1.781,1.761,0.049,0.059,1740.016019162956
0.003575,178,053_AlSiMg_200W_500mms_M0_G13_Test_Crossflow_Stepover0179.tif,0.001,1.791,1.734,0.048,0.058,1776.8391453159734
0.00358,179,053_AlSiMg_200W_500mms_M0_G13_Test_Crossflow_Stepover0180.tif,0.0,1.801,1.747,0.048,0.058,1779.9613387312718
0.003585,179,053_AlSiMg_200W_500mms_M0_G13_Test_Crossflow_Stepover0180.tif,0.001,1.804,1.783,0.049,0.058,1746.0933432068384
0.00359,179,053_AlSiMg_200W_500mms_M0_G13_Test_Crossflow_Stepover0180.tif,-0.003,1.804,1.734,0.049,0.06,1734.751386500581
0.003595,179,053_AlSiMg_200W_500mms_M0_G13_Test_Crossflow_Stepover0180.tif,-0.002,1.8,1.717,0.047,0.059,1750.789892433438
0.0036,180,053_AlSiMg_200W_500mms_M0_G13_Test_Crossflow_Stepover0181.tif,0.0,1.797,1.707,0.049,0.06,1731.61364968128
0.003605,180,053_AlSiMg_200W_500mms_M0_G13_Test_Crossflow_Stepover0181.tif,0.001,1.791,1.741,0.048,0.057,1742.9556063875382
0.00361,180,053_AlSiMg_200W_500mms_M0_G13_Test_Crossflow_Stepover0181.tif,0.001,1.779,1.735,0.048,0.058,1731.0479869156293
0.003615,180,053_AlSiMg_200W_500mms_M0_G13_Test_Crossflow_Stepover0181.tif,-0.002,1.775,1.717,0.048,0.058,1699.7515236341922
0.00362,181,053_AlSiMg_200W_500mms_M0_G13_Test_Crossflow_Stepover0182.tif,0.0,1.77,1.737,0.047,0.06,1702.8892604534929
0.003625,181,053_AlSiMg_200W_500mms_M0_G13_Test_Crossflow_Stepover0182.tif,0.001,1.77,1.756,0.047,0.06,1685.2423770526336
0.00363,181,053_AlSiMg_200W_500mms_M0_G13_Test_Crossflow_Stepover0182.tif,0.0,1.775,1.741,0.049,0.058,1673.9004203463755
0.003635,181,053_AlSiMg_200W_500mms_M0_G13_Test_Crossflow_Stepover0182.tif,0.0,1.776,1.776,0.047,0.058,1677.0184856330222
0.00364,182,053_AlSiMg_200W_500mms_M0_G13_Test_Crossflow_Stepover0183.tif,0.001,1.79,1.812,0.049,0.06,1677.0184856330222
0.003645,182,053_AlSiMg_200W_500mms_M0_G13_Test_Crossflow_Stepover0183.tif,-0.002,1.801,1.794,0.048,0.061,1640.1953594800048
0.00365,182,053_AlSiMg_200W_500mms_M0_G13_Test_Crossflow_Stepover0183.tif,0.001,1.809,1.821,0.047,0.06,1615.2038228931694
0.003655,182,053_AlSiMg_200W_500mms_M0_G13_Test_Crossflow_Stepover0183.tif,-0.001,1.812,1.784,0.047,0.058,1612.0816294778708
0.00366,183,053_AlSiMg_200W_500mms_M0_G13_Test_Crossflow_Stepover0184.tif,-0.001,1.807,1.772,0.047,0.06,1667.640490111776
0.003665,183,053_AlSiMg_200W_500mms_M0_G13_Test_Crossflow_Stepover0184.tif,0.0,1.802,1.744,0.048,0.059,1679.5481095836847
0.00367,183,053_AlSiMg_200W_500mms_M0_G13_Test_Crossflow_Stepover0184.tif,0.0,1.804,1.723,0.048,0.057,1737.289304018802
0.003675,183,053_AlSiMg_200W_500mms_M0_G13_Test_Crossflow_Stepover0184.tif,0.0,1.794,1.733,0.047,0.059,1813.853789132859
0.00368,184,053_AlSiMg_200W_500mms_M0_G13_Test_Crossflow_Stepover0185.tif,-0.001,1.78,1.717,0.05,0.058,1834.5303472727214
0.003685,184,053_AlSiMg_200W_500mms_M0_G13_Test_Crossflow_Stepover0185.tif,0.001,1.77,1.756,0.048,0.056,1810.2132713012882
0.00369,184,053_AlSiMg_200W_500mms_M0_G13_Test_Crossflow_Stepover0185.tif,-0.001,1.77,1.726,0.05,0.06,1840.944071817075
0.003695,184,053_AlSiMg_200W_500mms_M0_G13_Test_Crossflow_Stepover0185.tif,-0.002,1.772,1.745,0.05,0.061,1840.9440718170747
0.0037,185,053_AlSiMg_200W_500mms_M0_G13_Test_Crossflow_Stepover0186.tif,-0.002,1.776,1.726,0.048,0.058,1810.1552016993592
0.003705,185,053_AlSiMg_200W_500mms_M0_G13_Test_Crossflow_Stepover0186.tif,0.001,1.777,1.702,0.05,0.058,1795.6642236424773
0.00371,185,053_AlSiMg_200W_500mms_M0_G13_Test_Crossflow_Stepover0186.tif,0.001,1.794,1.72,0.049,0.059,1810.1552016993592
0.003715,185,053_AlSiMg_200W_500mms_M0_G13_Test_Crossflow_Stepover0186.tif,-0.001,1.802,1.712,0.05,0.061,1832.4039710501693
0.00372,186,053_AlSiMg_200W_500mms_M0_G13_Test_Crossflow_Stepover0187.tif,-0.001,1.804,1.747,0.05,0.06,1817.5677720892218
0.003725,186,053_AlSiMg_200W_500mms_M0_G13_Test_Crossflow_Stepover0187.tif,0.001,1.801,1.731,0.05,0.059,1826.6147366614605
0.00373,186,053_AlSiMg_200W_500mms_M0_G13_Test_Crossflow_Stepover0187.tif,0.002,1.802,1.727,0.051,0.06,1860.151418773347
0.003735,186,053_AlSiMg_200W_500mms_M0_G13_Test_Crossflow_Stepover0187.tif,0.0,1.8,1.719,0.052,0.062,1832.5000123672944
0.00374,187,053_AlSiMg_200W_500mms_M0_G13_Test_Crossflow_Stepover0188.tif,0.001,1.795,1.714,0.051,0.06,1819.4787181813645
0.003745,187,053_AlSiMg_200W_500mms_M0_G13_Test_Crossflow_Stepover0188.tif,0.0,1.783,1.864,0.05,0.062,1840.2184862939453
0.00375,187,053_AlSiMg_200W_500mms_M0_G13_Test_Crossflow_Stepover0188.tif,0.0,1.772,1.79,0.051,0.061,1809.582090866758
0.003755,187,053_AlSiMg_200W_500mms_M0_G13_Test_Crossflow_Stepover0188.tif,0.0,1.775,1.843,0.052,0.06,1796.5081383743338
0.00376,188,053_AlSiMg_200W_500mms_M0_G13_Test_Crossflow_Stepover0189.tif,-0.002,1.772,1.801,0.051,0.063,1812.6748126944337
0.003765,188,053_AlSiMg_200W_500mms_M0_G13_Test_Crossflow_Stepover0189.tif,0.0,1.779,1.797,0.052,0.062,1828.7054496028627
0.00377,188,053_AlSiMg_200W_500mms_M0_G13_Test_Crossflow_Stepover0189.tif,0.001,1.779,1.759,0.051,0.062,1828.7054496028627
0.003775,188,053_AlSiMg_200W_500mms_M0_G13_Test_Crossflow_Stepover0189.tif,-0.002,1.793,1.768,0.051,0.06,1898.8112144948063
0.00378,189,053_AlSiMg_200W_500mms_M0_G13_Test_Crossflow_Stepover0190.tif,0.001,1.804,1.784,0.052,0.06,1881.3547308462737
0.003785,189,053_AlSiMg_200W_500mms_M0_G13_Test_Crossflow_Stepover0190.tif,0.001,1.807,1.811,0.054,0.062,1898.8112144948063
0.00379,189,053_AlSiMg_200W_500mms_M0_G13_Test_Crossflow_Stepover0190.tif,0.001,1.807,1.779,0.051,0.062,1910.2544206653863
0.003795,189,053_AlSiMg_200W_500mms_M0_G13_Test_Crossflow_Stepover0190.tif,-0.002,1.802,1.776,0.052,0.062,1816.8359932084586
0.0038,190,053_AlSiMg_200W_500mms_M0_G13_Test_Crossflow_Stepover0191.tif,-0.002,1.802,1.726,0.055,0.064,1793.388677331158
0.003805,190,053_AlSiMg_200W_500mms_M0_G13_Test_Crossflow_Stepover0191.tif,0.0,1.794,1.846,0.049,0.063,1892.2324799727285
0.00381,190,053_AlSiMg_200W_500mms_M0_G13_Test_Crossflow_Stepover0191.tif,0.001,1.788,1.83,0.052,0.061,1934.441554571105
0.003815,190,053_AlSiMg_200W_500mms_M0_G13_Test_Crossflow_Stepover0191.tif,-0.002,1.776,1.772,0.054,0.06,1925.9464494955569
0.00382,191,053_AlSiMg_200W_500mms_M0_G13_Test_Crossflow_Stepover0192.tif,0.0,1.773,1.759,0.055,0.063,2004.4619319581827
0.003825,191,053_AlSiMg_200W_500mms_M0_G13_Test_Crossflow_Stepover0192.tif,0.0,1.777,1.731,0.052,0.061,1991.3398738777546
0.00383,191,053_AlSiMg_200W_500mms_M0_G13_Test_Crossflow_Stepover0192.tif,0.0,1.781,1.735,0.053,0.062,1937.190737026865
0.003835,191,053_AlSiMg_200W_500mms_M0_G13_Test_Crossflow_Stepover0192.tif,0.0,1.784,1.74,0.053,0.063,1903.518031505515
0.00384,192,053_AlSiMg_200W_500mms_M0_G13_Test_Crossflow_Stepover0193.tif,-0.002,1.79,1.73,0.056,0.065,1929.7050525164352
0.003845,192,053_AlSiMg_200W_500mms_M0_G13_Test_Crossflow_Stepover0193.tif,0.0,1.801,1.713,0.055,0.065,1935.3114355687364
0.00385,192,053_AlSiMg_200W_500mms_M0_G13_Test_Crossflow_Stepover0193.tif,-0.001,1.807,1.692,0.055,0.063,1962.317998528278
0.003855,192,053_AlSiMg_200W_500mms_M0_G13_Test_Crossflow_Stepover0193.tif,0.001,1.802,1.712,0.055,0.064,1959.5969750491336
0.00386,193,053_AlSiMg_200W_500mms_M0_G13_Test_Crossflow_Stepover0194.tif,0.0,1.805,1.726,0.057,0.066,1959.5969750491338
0.003865,193,053_AlSiMg_200W_500mms_M0_G13_Test_Crossflow_Stepover0194.tif,-0.002,1.798,1.71,0.055,0.064,1916.8545867310343
0.00387,193,053_AlSiMg_200W_500mms_M0_G13_Test_Crossflow_Stepover0194.tif,-0.001,1.794,1.731,0.055,0.065,1939.8586771153452
0.003875,193,053_AlSiMg_200W_500mms_M0_G13_Test_Crossflow_Stepover0194.tif,-0.001,1.784,1.699,0.057,0.068,1934.46927731178
0.00388,194,053_AlSiMg_200W_500mms_M0_G13_Test_Crossflow_Stepover0195.tif,-0.001,1.772,1.706,0.057,0.065,1906.7237757145267
0.003885,194,053_AlSiMg_200W_500mms_M0_G13_Test_Crossflow_Stepover0195.tif,-0.002,1.765,1.719,0.055,0.064,1906.7237757145267
0.00389,194,053_AlSiMg_200W_500mms_M0_G13_Test_Crossflow_Stepover0195.tif,-0.002,1.768,1.696,0.056,0.067,1915.7934585112762
0.003895,194,053_AlSiMg_200W_500mms_M0_G13_Test_Crossflow_Stepover0195.tif,0.001,1.772,1.699,0.055,0.065,1876.8085785409871
0.0039,195,053_AlSiMg_200W_500mms_M0_G13_Test_Crossflow_Stepover0196.tif,-0.001,1.775,1.667,0.055,0.065,1874.03332542346
0.003905,195,053_AlSiMg_200W_500mms_M0_G13_Test_Crossflow_Stepover0196.tif,0.0,1.784,1.681,0.055,0.065,1871.289916795129
0.00391,195,053_AlSiMg_200W_500mms_M0_G13_Test_Crossflow_Stepover0196.tif,-0.002,1.798,1.681,0.054,0.063,1924.6586166816264
0.003915,195,053_AlSiMg_200W_500mms_M0_G13_Test_Crossflow_Stepover0196.tif,0.001,1.809,1.672,0.055,0.066,1958.331322202977
0.00392,196,053_AlSiMg_200W_500mms_M0_G13_Test_Crossflow_Stepover0197.tif,0.001,1.807,1.733,0.055,0.062,1932.3384694774177
0.003925,196,053_AlSiMg_200W_500mms_M0_G13_Test_Crossflow_Stepover0197.tif,0.001,1.807,1.745,0.055,0.063,1910.5965639319413
0.00393,196,053_AlSiMg_200W_500mms_M0_G13_Test_Crossflow_Stepover0197.tif,-0.002,1.8,1.728,0.051,0.062,1916.5683154945211
0.003935,196,053_AlSiMg_200W_500mms_M0_G13_Test_Crossflow_Stepover0197.tif,0.001,1.798,1.692,0.052,0.062,1826.9608399722506
0.00394,197,053_AlSiMg_200W_500mms_M0_G13_Test_Crossflow_Stepover0198.tif,-0.002,1.793,1.686,0.052,0.062,1757.0493588151276
0.003945,197,053_AlSiMg_200W_500mms_M0_G13_Test_Crossflow_Stepover0198.tif,0.0,1.777,1.681,0.052,0.064,1749.6860568055552
0.00395,197,053_AlSiMg_200W_500mms_M0_G13_Test_Crossflow_Stepover0198.tif,-0.003,1.77,1.706,0.052,0.064,1774.2032154685592
0.003955,197,053_AlSiMg_200W_500mms_M0_G13_Test_Crossflow_Stepover0198.tif,0.0,1.769,1.713,0.053,0.065,1836.1082844320833
0.00396,198,053_AlSiMg_200W_500mms_M0_G13_Test_Crossflow_Stepover0199.tif,-0.001,1.77,1.707,0.055,0.064,1866.7106864978573
0.003965,198,053_AlSiMg_200W_500mms_M0_G13_Test_Crossflow_Stepover0199.tif,-0.001,1.77,1.748,0.055,0.062,1902.9494621336303
0.00397,198,053_AlSiMg_200W_500mms_M0_G13_Test_Crossflow_Stepover0199.tif,0.001,1.776,1.756,0.053,0.063,1936.3056168687617
0.003975,198,053_AlSiMg_200W_500mms_M0_G13_Test_Crossflow_Stepover0199.tif,0.0,1.787,1.74,0.055,0.065,1956.6809174239465
0.00398,199,053_AlSiMg_200W_500mms_M0_G13_Test_Crossflow_Stepover0200.tif,-0.002,1.798,1.707,0.055,0.065,1903.312217537449
0.003985,199,053_AlSiMg_200W_500mms_M0_G13_Test_Crossflow_Stepover0200.tif,-0.002,1.807,1.744,0.056,0.064,1991.7789197733623
0.00399,199,053_AlSiMg_200W_500mms_M0_G13_Test_Crossflow_Stepover0200.tif,0.001,1.802,1.74,0.055,0.065,1964.0392743798661
0.003995,199,053_AlSiMg_200W_500mms_M0_G13_Test_Crossflow_Stepover0200.tif,0.0,1.801,1.717,0.058,0.064,2000.3953645210283
0.004,200,053_AlSiMg_200W_500mms_M0_G13_Test_Crossflow_Stepover0201.tif,0.0,1.801,1.693,0.055,0.067,1966.7787236259387
0.004005,200,053_AlSiMg_200W_500mms_M0_G13_Test_Crossflow_Stepover0201.tif,-0.001,1.8,1.686,0.056,0.064,2020.1474235124363
0.00401,200,053_AlSiMg_200W_500mms_M0_G13_Test_Crossflow_Stepover0201.tif,0.001,1.788,1.684,0.056,0.066,1950.522631314972
0.004015,200,053_AlSiMg_200W_500mms_M0_G13_Test_Crossflow_Stepover0201.tif,-0.002,1.781,1.727,0.055,0.062,1952.2694239829093
0.00402,201,053_AlSiMg_200W_500mms_M0_G13_Test_Crossflow_Stepover0202.tif,0.0,1.78,1.71,0.054,0.063,1910.2769602717483
0.004025,201,053_AlSiMg_200W_500mms_M0_G13_Test_Crossflow_Stepover0202.tif,-0.001,1.777,1.686,0.051,0.062,1887.3920768755165
0.00403,201,053_AlSiMg_200W_500mms_M0_G13_Test_Crossflow_Stepover0202.tif,0.001,1.779,1.689,0.053,0.063,1906.87432690503
0.004035,201,053_AlSiMg_200W_500mms_M0_G13_Test_Crossflow_Stepover0202.tif,0.0,1.78,1.681,0.053,0.064,1888.0324168665816
0.00404,202,053_AlSiMg_200W_500mms_M0_G13_Test_Crossflow_Stepover0203.tif,0.0,1.787,1.7,0.054,0.06,1908.3888960221418
0.004045,202,053_AlSiMg_200W_500mms_M0_G13_Test_Crossflow_Stepover0203.tif,-0.002,1.797,1.712,0.053,0.063,1902.5322160991095
0.00405,202,053_AlSiMg_200W_500mms_M0_G13_Test_Crossflow_Stepover0203.tif,0.001,1.804,1.741,0.053,0.063,1947.9550017772465
0.004055,202,053_AlSiMg_200W_500mms_M0_G13_Test_Crossflow_Stepover0203.tif,-0.002,1.802,1.72,0.051,0.061,1900.3814033892133
0.00406,203,053_AlSiMg_200W_500mms_M0_G13_Test_Crossflow_Stepover0204.tif,0.001,1.801,1.693,0.052,0.06,1913.503461469642
0.004065,203,053_AlSiMg_200W_500mms_M0_G13_Test_Crossflow_Stepover0204.tif,0.001,1.797,1.781,0.052,0.06,1896.0976899167167
0.00407,203,053_AlSiMg_200W_500mms_M0_G13_Test_Crossflow_Stepover0204.tif,0.0,1.795,1.809,0.052,0.061,1901.9543698397488
0.004075,203,053_AlSiMg_200W_500mms_M0_G13_Test_Crossflow_Stepover0204.tif,-0.001,1.787,1.808,0.052,0.063,1856.5315841616116
0.00408,204,053_AlSiMg_200W_500mms_M0_G13_Test_Crossflow_Stepover0205.tif,0.0,1.777,1.754,0.053,0.063,1825.617859063635
0.004085,204,053_AlSiMg_200W_500mms_M0_G13_Test_Crossflow_Stepover0205.tif,-0.002,1.773,1.741,0.053,0.064,1812.4958009832062
0.00409,204,053_AlSiMg_200W_500mms_M0_G13_Test_Crossflow_Stepover0205.tif,-0.001,1.775,1.712,0.053,0.063,1843.0236306165602
0.004095,204,053_AlSiMg_200W_500mms_M0_G13_Test_Crossflow_Stepover0205.tif,0.0,1.779,1.709,0.053,0.063,1856.1456886969888
0.0041,205,053_AlSiMg_200W_500mms_M0_G13_Test_Crossflow_Stepover0206.tif,-0.002,1.779,1.703,0.052,0.061,1850.2982701215885
0.004105,205,053_AlSiMg_200W_500mms_M0_G13_Test_Crossflow_Stepover0206.tif,-0.002,1.784,1.702,0.052,0.061,1863.4203282020171
0.00411,205,053_AlSiMg_200W_500mms_M0_G13_Test_Crossflow_Stepover0206.tif,-0.001,1.798,1.712,0.051,0.062,1832.8179261362427
0.004115,205,053_AlSiMg_200W_500mms_M0_G13_Test_Crossflow_Stepover0206.tif,-0.001,1.802,1.795,0.052,0.061,1856.2652420135432
0.00412,206,053_AlSiMg_200W_500mms_M0_G13_Test_Crossflow_Stepover0207.tif,-0.002,1.805,1.738,0.052,0.064,1845.9881185026559
0.004125,206,053_AlSiMg_200W_500mms_M0_G13_Test_Crossflow_Stepover0207.tif,-0.001,1.801,1.755,0.054,0.062,1866.3445976582163
0.00413,206,053_AlSiMg_200W_500mms_M0_G13_Test_Crossflow_Stepover0207.tif,0.001,1.798,1.747,0.054,0.064,1912.2276130342839
0.004135,206,053_AlSiMg_200W_500mms_M0_G13_Test_Crossflow_Stepover0207.tif,0.0,1.795,1.712,0.053,0.063,1964.4471782560347
0.00414,207,053_AlSiMg_200W_500mms_M0_G13_Test_Crossflow_Stepover0208.tif,-0.002,1.788,1.709,0.055,0.062,1943.8885844019806
0.004145,207,053_AlSiMg_200W_500mms_M0_G13_Test_Crossflow_Stepover0208.tif,0.0,1.781,1.691,0.055,0.064,1943.8885844019806
0.00415,207,053_AlSiMg_200W_500mms_M0_G13_Test_Crossflow_Stepover0208.tif,-0.001,1.769,1.686,0.053,0.062,1904.0882236436978
0.004155,207,053_AlSiMg_200W_500mms_M0_G13_Test_Crossflow_Stepover0208.tif,0.001,1.772,1.7,0.054,0.064,1822.9798783637038
0.00416,208,053_AlSiMg_200W_500mms_M0_G13_Test_Crossflow_Stepover0209.tif,0.0,1.773,1.712,0.053,0.066,1770.7603131419532
0.004165,208,053_AlSiMg_200W_500mms_M0_G13_Test_Crossflow_Stepover0209.tif,-0.001,1.772,1.726,0.055,0.067,1751.8495375312505
0.00417,208,053_AlSiMg_200W_500mms_M0_G13_Test_Crossflow_Stepover0209.tif,-0.001,1.777,1.751,0.052,0.064,1731.5988314087838
0.004175,208,053_AlSiMg_200W_500mms_M0_G13_Test_Crossflow_Stepover0209.tif,0.0,1.793,1.733,0.052,0.062,1737.8628012328522
0.00418,209,053_AlSiMg_200W_500mms_M0_G13_Test_Crossflow_Stepover0210.tif,0.001,1.804,1.713,0.052,0.063,1816.2929254535306
0.004185,209,053_AlSiMg_200W_500mms_M0_G13_Test_Crossflow_Stepover0210.tif,0.001,1.807,1.699,0.051,0.063,1905.900400975801
0.00419,209,053_AlSiMg_200W_500mms_M0_G13_Test_Crossflow_Stepover0210.tif,-0.001,1.807,1.702,0.054,0.061,1942.5719450499648
0.004195,209,053_AlSiMg_200W_500mms_M0_G13_Test_Crossflow_Stepover0210.tif,0.001,1.805,1.684,0.055,0.062,1939.6212374473296
0.0042,210,053_AlSiMg_200W_500mms_M0_G13_Test_Crossflow_Stepover0211.tif,-0.002,1.801,1.692,0.053,0.061,1970.2576328745167
0.004205,210,053_AlSiMg_200W_500mms_M0_G13_Test_Crossflow_Stepover0211.tif,0.0,1.801,1.698,0.051,0.062,1893.5743013217755
0.00421,210,053_AlSiMg_200W_500mms_M0_G13_Test_Crossflow_Stepover0211.tif,-0.002,1.788,1.692,0.052,0.062,1801.0328369310646
0.004215,210,053_AlSiMg_200W_500mms_M0_G13_Test_Crossflow_Stepover0211.tif,0.001,1.779,1.781,0.051,0.062,1788.8784515199054
0.00422,211,053_AlSiMg_200W_500mms_M0_G13_Test_Crossflow_Stepover0212.tif,0.0,1.776,1.781,0.051,0.063,1890.3040382433996
0.004225,211,053_AlSiMg_200W_500mms_M0_G13_Test_Crossflow_Stepover0212.tif,-0.001,1.775,1.772,0.055,0.064,1909.2148138541022
0.00423,211,053_AlSiMg_200W_500mms_M0_G13_Test_Crossflow_Stepover0212.tif,-0.001,1.776,1.734,0.055,0.061,2360.6891663864044
0.004235,211,053_AlSiMg_200W_500mms_M0_G13_Test_Crossflow_Stepover0212.tif,0.0,1.784,1.727,0.053,0.062,2373.8690781650585
0.00424,212,053_AlSiMg_200W_500mms_M0_G13_Test_Crossflow_Stepover0213.tif,0.0,1.787,1.734,0.065,0.062,2388.821288966811
0.004245,212,053_AlSiMg_200W_500mms_M0_G13_Test_Crossflow_Stepover0213.tif,-0.001,1.798,1.734,0.051,0.062,2317.926138384274
0.00425,212,053_AlSiMg_200W_500mms_M0_G13_Test_Crossflow_Stepover0213.tif,-0.002,1.805,1.726,0.054,0.062,2335.686906847735
0.004255,212,053_AlSiMg_200W_500mms_M0_G13_Test_Crossflow_Stepover0213.tif,-0.002,1.807,1.716,0.051,0.06,1901.6690379639651
0.00426,213,053_AlSiMg_200W_500mms_M0_G13_Test_Crossflow_Stepover0214.tif,0.0,1.807,1.699,0.053,0.061,1952.9392422175029
0.004265,213,053_AlSiMg_200W_500mms_M0_G13_Test_Crossflow_Stepover0214.tif,0.001,1.802,1.744,0.052,0.062,1896.0133891042133
0.00427,213,053_AlSiMg_200W_500mms_M0_G13_Test_Crossflow_Stepover0214.tif,-0.001,1.8,1.765,0.052,0.06,1919.6109806859524
0.004275,213,053_AlSiMg_200W_500mms_M0_G13_Test_Crossflow_Stepover0214.tif,0.0,1.79,1.738,0.051,0.062,1888.6843666883574
0.00428,214,053_AlSiMg_200W_500mms_M0_G13_Test_Crossflow_Stepover0215.tif,-0.002,1.786,1.755,0.053,0.061,1904.7064202758138
0.004285,214,053_AlSiMg_200W_500mms_M0_G13_Test_Crossflow_Stepover0215.tif,-0.002,1.777,1.741,0.054,0.064,1879.4290687478356
0.00429,214,053_AlSiMg_200W_500mms_M0_G13_Test_Crossflow_Stepover0215.tif,-0.002,1.777,1.752,0.052,0.061,1939.0946269947449
0.004295,214,053_AlSiMg_200W_500mms_M0_G13_Test_Crossflow_Stepover0215.tif,0.0,1.78,1.712,0.055,0.065,1988.914676911768
0.0043,215,053_AlSiMg_200W_500mms_M0_G13_Test_Crossflow_Stepover0216.tif,0.0,1.777,1.747,0.055,0.063,1991.7061159122254
0.004305,215,053_AlSiMg_200W_500mms_M0_G13_Test_Crossflow_Stepover0216.tif,0.0,1.783,1.716,0.056,0.062,2017.8931369231457
0.00431,215,053_AlSiMg_200W_500mms_M0_G13_Test_Crossflow_Stepover0216.tif,0.001,1.794,1.702,0.055,0.065,2000.5919012026184
0.004315,215,053_AlSiMg_200W_500mms_M0_G13_Test_Crossflow_Stepover0216.tif,0.001,1.801,1.7,0.055,0.063,1955.4261421882372
0.00432,216,053_AlSiMg_200W_500mms_M0_G13_Test_Crossflow_Stepover0217.tif,0.0,1.802,1.692,0.054,0.065,1832.2703950356379
0.004325,216,053_AlSiMg_200W_500mms_M0_G13_Test_Crossflow_Stepover0217.tif,-0.002,1.801,1.692,0.051,0.061,1836.807978451036
0.00433,216,053_AlSiMg_200W_500mms_M0_G13_Test_Crossflow_Stepover0217.tif,-0.002,1.794,1.707,0.049,0.061,1851.0874749627249
0.004335,216,053_AlSiMg_200W_500mms_M0_G13_Test_Crossflow_Stepover0217.tif,0.001,1.791,1.684,0.051,0.06,1856.8956571902206
0.00434,217,053_AlSiMg_200W_500mms_M0_G13_Test_Crossflow_Stepover0218.tif,-0.002,1.788,1.685,0.053,0.06,1856.8956571902206
0.004345,217,053_AlSiMg_200W_500mms_M0_G13_Test_Crossflow_Stepover0218.tif,0.0,1.776,1.71,0.051,0.061,1862.923414924447
0.00435,217,053_AlSiMg_200W_500mms_M0_G13_Test_Crossflow_Stepover0218.tif,0.0,1.768,1.707,0.051,0.061,1826.3233461448788
0.004355,217,053_AlSiMg_200W_500mms_M0_G13_Test_Crossflow_Stepover0218.tif,0.0,1.769,1.688,0.051,0.063,1782.9087275272377
0.00436,218,053_AlSiMg_200W_500mms_M0_G13_Test_Crossflow_Stepover0219.tif,0.001,1.772,1.674,0.049,0.06,1782.9087275272377
0.004365,218,053_AlSiMg_200W_500mms_M0_G13_Test_Crossflow_Stepover0219.tif,0.0,1.773,1.693,0.051,0.06,1755.2290165160557
0.00437,218,053_AlSiMg_200W_500mms_M0_G13_Test_Crossflow_Stepover0219.tif,-0.002,1.779,1.692,0.051,0.061,1752.24225397461
0.004375,218,053_AlSiMg_200W_500mms_M0_G13_Test_Crossflow_Stepover0219.tif,0.0,1.79,1.672,0.051,0.063,1739.1042171003405
0.00438,219,053_AlSiMg_200W_500mms_M0_G13_Test_Crossflow_Stepover0220.tif,0.0,1.804,1.664,0.05,0.062,1705.5675349884546
0.004385,219,053_AlSiMg_200W_500mms_M0_G13_Test_Crossflow_Stepover0220.tif,-0.002,1.809,1.658,0.049,0.061,1691.0677357559266
0.00439,219,053_AlSiMg_200W_500mms_M0_G13_Test_Crossflow_Stepover0220.tif,0.001,1.807,1.681,0.05,0.061,1718.7474467671086
0.004395,219,053_AlSiMg_200W_500mms_M0_G13_Test_Crossflow_Stepover0220.tif,0.001,1.805,1.74,0.051,0.062,1762.435214505666
0.0044,220,053_AlSiMg_200W_500mms_M0_G13_Test_Crossflow_Stepover0221.tif,-0.002,1.801,1.723,0.051,0.061,1796.1426832510745
0.004405,220,053_AlSiMg_200W_500mms_M0_G13_Test_Crossflow_Stepover0221.tif,-0.002,1.801,1.756,0.05,0.059,1816.6054128705357
0.00441,220,053_AlSiMg_200W_500mms_M0_G13_Test_Crossflow_Stepover0221.tif,0.0,1.781,1.716,0.051,0.061,1867.8756171240734
0.004415,220,053_AlSiMg_200W_500mms_M0_G13_Test_Crossflow_Stepover0221.tif,-0.001,1.776,1.688,0.052,0.062,1847.3061852529347
0.00442,221,053_AlSiMg_200W_500mms_M0_G13_Test_Crossflow_Stepover0222.tif,0.001,1.773,1.698,0.052,0.06,1819.785091834477
0.004425,221,053_AlSiMg_200W_500mms_M0_G13_Test_Crossflow_Stepover0222.tif,0.0,1.777,1.689,0.049,0.06,1822.7417762504817
0.00443,221,053_AlSiMg_200W_500mms_M0_G13_Test_Crossflow_Stepover0222.tif,0.0,1.773,1.681,0.051,0.062,1774.1010556139736
0.004435,221,053_AlSiMg_200W_500mms_M0_G13_Test_Crossflow_Stepover0222.tif,0.001,1.776,1.72,0.052,0.062,1722.8308513604363
0.00444,222,053_AlSiMg_200W_500mms_M0_G13_Test_Crossflow_Stepover0223.tif,0.001,1.788,1.695,0.049,0.062,1728.9004839990473
0.004445,222,053_AlSiMg_200W_500mms_M0_G13_Test_Crossflow_Stepover0223.tif,-0.001,1.8,1.751,0.051,0.062,1783.0285117217434
0.00445,222,053_AlSiMg_200W_500mms_M0_G13_Test_Crossflow_Stepover0223.tif,0.0,1.808,1.72,0.051,0.062,1765.5720280732105
0.004455,222,053_AlSiMg_200W_500mms_M0_G13_Test_Crossflow_Stepover0223.tif,-0.001,1.812,1.699,0.053,0.061,1811.256064293714
0.00446,223,053_AlSiMg_200W_500mms_M0_G13_Test_Crossflow_Stepover0224.tif,0.001,1.812,1.706,0.051,0.062,1835.7046311135189
0.004465,223,053_AlSiMg_200W_500mms_M0_G13_Test_Crossflow_Stepover0224.tif,0.0,1.808,1.696,0.051,0.061,1847.1893631994712
0.00447,223,053_AlSiMg_200W_500mms_M0_G13_Test_Crossflow_Stepover0224.tif,-0.002,1.804,1.688,0.049,0.058,1786.9917028381647
0.004475,223,053_AlSiMg_200W_500mms_M0_G13_Test_Crossflow_Stepover0224.tif,0.0,1.794,1.73,0.05,0.06,1835.342125310414
0.00448,224,053_AlSiMg_200W_500mms_M0_G13_Test_Crossflow_Stepover0225.tif,-0.001,1.779,1.693,0.049,0.06,1789.6580890899108
0.004485,224,053_AlSiMg_200W_500mms_M0_G13_Test_Crossflow_Stepover0225.tif,0.001,1.772,1.681,0.051,0.059,1792.7306156885636
0.00449,224,053_AlSiMg_200W_500mms_M0_G13_Test_Crossflow_Stepover0225.tif,-0.001,1.773,1.667,0.049,0.062,1811.7763197435681
0.004495,224,053_AlSiMg_200W_500mms_M0_G13_Test_Crossflow_Stepover0225.tif,0.001,1.773,1.67,0.05,0.059,1817.8459523821784
0.0045,225,053_AlSiMg_200W_500mms_M0_G13_Test_Crossflow_Stepover0226.tif,0.0,1.776,1.67,0.051,0.06,1769.4955299099292
0.004505,225,053_AlSiMg_200W_500mms_M0_G13_Test_Crossflow_Stepover0226.tif,0.0,1.783,1.752,0.051,0.062,1815.1795661304325
0.00451,225,053_AlSiMg_200W_500mms_M0_G13_Test_Crossflow_Stepover0226.tif,0.0,1.795,1.733,0.051,0.062,1787.6584727119748
0.004515,225,053_AlSiMg_200W_500mms_M0_G13_Test_Crossflow_Stepover0226.tif,-0.001,1.798,1.741,0.051,0.061,1760.0787441736527
0.00452,226,053_AlSiMg_200W_500mms_M0_G13_Test_Crossflow_Stepover0227.tif,-0.001,1.802,1.709,0.051,0.062,1760.0787441736527
0.004525,226,053_AlSiMg_200W_500mms_M0_G13_Test_Crossflow_Stepover0227.tif,0.0,1.802,1.699,0.052,0.063,1768.4882632499466
0.00453,226,053_AlSiMg_200W_500mms_M0_G13_Test_Crossflow_Stepover0227.tif,-0.002,1.8,1.727,0.051,0.062,1768.4882632499466
0.004535,226,053_AlSiMg_200W_500mms_M0_G13_Test_Crossflow_Stepover0227.tif,0.001,1.795,1.703,0.049,0.059,1768.4882632499462
0.00454,227,053_AlSiMg_200W_500mms_M0_G13_Test_Crossflow_Stepover0228.tif,-0.002,1.787,1.674,0.051,0.061,1796.0679917882687
0.004545,227,053_AlSiMg_200W_500mms_M0_G13_Test_Crossflow_Stepover0228.tif,-0.002,1.777,1.717,0.051,0.062,1900.016069427988
0.00455,227,053_AlSiMg_200W_500mms_M0_G13_Test_Crossflow_Stepover0228.tif,-0.002,1.773,1.714,0.051,0.06,1885.5369177130833
0.004555,227,053_AlSiMg_200W_500mms_M0_G13_Test_Crossflow_Stepover0228.tif,-0.002,1.77,1.72,0.056,0.062,1901.5675546215127
0.00456,228,053_AlSiMg_200W_500mms_M0_G13_Test_Crossflow_Stepover0229.tif,0.0,1.773,1.787,0.049,0.06,1935.0460918575013
0.004565,228,053_AlSiMg_200W_500mms_M0_G13_Test_Crossflow_Stepover0229.tif,-0.001,1.775,1.749,0.051,0.06,1912.925174792838
0.00457,228,053_AlSiMg_200W_500mms_M0_G13_Test_Crossflow_Stepover0229.tif,0.0,1.78,1.741,0.052,0.061,1823.4768963856466
0.004575,228,053_AlSiMg_200W_500mms_M0_G13_Test_Crossflow_Stepover0229.tif,0.0,1.794,1.713,0.049,0.059,1863.0250662602461
0.00458,229,053_AlSiMg_200W_500mms_M0_G13_Test_Crossflow_Stepover0230.tif,-0.001,1.805,1.681,0.051,0.061,1832.4946301192897
0.004585,229,053_AlSiMg_200W_500mms_M0_G13_Test_Crossflow_Stepover0230.tif,-0.002,1.807,1.74,0.052,0.061,1870.160765568422
0.00459,229,053_AlSiMg_200W_500mms_M0_G13_Test_Crossflow_Stepover0230.tif,0.0,1.807,1.756,0.051,0.062,1882.1077256476885
0.004595,229,053_AlSiMg_200W_500mms_M0_G13_Test_Crossflow_Stepover0230.tif,-0.001,1.807,1.731,0.052,0.059,1851.441252095061
0.0046,230,053_AlSiMg_200W_500mms_M0_G13_Test_Crossflow_Stepover0231.tif,-0.002,1.8,1.709,0.053,0.063,1817.962714859072
0.004605,230,053_AlSiMg_200W_500mms_M0_G13_Test_Crossflow_Stepover0231.tif,0.001,1.797,1.717,0.05,0.062,1851.441252095061
0.00461,230,053_AlSiMg_200W_500mms_M0_G13_Test_Crossflow_Stepover0231.tif,-0.002,1.784,1.709,0.051,0.062,1741.1237948394198
0.004615,230,053_AlSiMg_200W_500mms_M0_G13_Test_Crossflow_Stepover0231.tif,-0.002,1.775,1.716,0.052,0.061,1994.3926370326124
0.00462,231,053_AlSiMg_200W_500mms_M0_G13_Test_Crossflow_Stepover0232.tif,-0.002,1.776,1.7,0.05,0.064,2028.015795001245
0.004625,231,053_AlSiMg_200W_500mms_M0_G13_Test_Crossflow_Stepover0232.tif,0.0,1.78,1.769,0.061,0.062,2002.802010784801
0.00463,231,053_AlSiMg_200W_500mms_M0_G13_Test_Crossflow_Stepover0232.tif,0.0,1.781,1.798,0.052,0.062,2048.685026160869
0.004635,231,053_AlSiMg_200W_500mms_M0_G13_Test_Crossflow_Stepover0232.tif,-0.001,1.784,1.748,0.051,0.064,2087.8578107313883
0.00464,232,053_AlSiMg_200W_500mms_M0_G13_Test_Crossflow_Stepover0233.tif,0.001,1.795,1.702,0.055,0.062,1865.5026936361726
0.004645,232,053_AlSiMg_200W_500mms_M0_G13_Test_Crossflow_Stepover0233.tif,0.001,1.804,1.713,0.051,0.062,1850.9969175902747
0.00465,232,053_AlSiMg_200W_500mms_M0_G13_Test_Crossflow_Stepover0233.tif,0.001,1.807,1.692,0.052,0.06,1899.41211553182
0.004655,232,053_AlSiMg_200W_500mms_M0_G13_Test_Crossflow_Stepover0233.tif,-0.002,1.808,1.678,0.052,0.063,1834.5503621522917
0.00466,233,053_AlSiMg_200W_500mms_M0_G13_Test_Crossflow_Stepover0234.tif,-0.001,1.805,1.696,0.054,0.064,1852.0068458008245
0.004665,233,053_AlSiMg_200W_500mms_M0_G13_Test_Crossflow_Stepover0234.tif,-0.002,1.8,1.702,0.051,0.061,1821.0931207028473
0.00467,233,053_AlSiMg_200W_500mms_M0_G13_Test_Crossflow_Stepover0234.tif,0.0,1.795,1.686,0.052,0.062,1804.9625013215584
0.004675,233,053_AlSiMg_200W_500mms_M0_G13_Test_Crossflow_Stepover0234.tif,-0.001,1.781,1.681,0.053,0.063,1781.7610875964565
0.00468,234,053_AlSiMg_200W_500mms_M0_G13_Test_Crossflow_Stepover0235.tif,-0.002,1.773,1.698,0.051,0.063,1751.0946140438289
0.004685,234,053_AlSiMg_200W_500mms_M0_G13_Test_Crossflow_Stepover0235.tif,0.0,1.766,1.706,0.051,0.062,1751.0946140438289
0.00469,234,053_AlSiMg_200W_500mms_M0_G13_Test_Crossflow_Stepover0235.tif,-0.001,1.765,1.748,0.05,0.062,1730.7381348882686
0.004695,234,053_AlSiMg_200W_500mms_M0_G13_Test_Crossflow_Stepover0235.tif,-0.002,1.77,1.723,0.052,0.062,1761.374530315455
0.0047,235,053_AlSiMg_200W_500mms_M0_G13_Test_Crossflow_Stepover0236.tif,0.0,1.775,1.745,0.051,0.062,1778.8310139639877
0.004705,235,053_AlSiMg_200W_500mms_M0_G13_Test_Crossflow_Stepover0236.tif,0.001,1.776,1.759,0.052,0.062,1809.4974875166158
0.00471,235,053_AlSiMg_200W_500mms_M0_G13_Test_Crossflow_Stepover0236.tif,-0.002,1.794,1.755,0.052,0.062,1848.9668569813725
0.004715,235,053_AlSiMg_200W_500mms_M0_G13_Test_Crossflow_Stepover0236.tif,0.0,1.802,1.703,0.051,0.061,1911.315799848094
0.00472,236,053_AlSiMg_200W_500mms_M0_G13_Test_Crossflow_Stepover0237.tif,-0.003,1.804,1.719,0.054,0.062,1927.3378534355502
0.004725,236,053_AlSiMg_200W_500mms_M0_G13_Test_Crossflow_Stepover0237.tif,-0.002,1.805,1.693,0.056,0.064,1899.6354468768036
0.00473,236,053_AlSiMg_200W_500mms_M0_G13_Test_Crossflow_Stepover0237.tif,0.0,1.804,1.751,0.052,0.061,1877.7723456347037
0.004735,236,053_AlSiMg_200W_500mms_M0_G13_Test_Crossflow_Stepover0237.tif,0.0,1.804,1.726,0.052,0.064,1844.0479062465154
0.00474,237,053_AlSiMg_200W_500mms_M0_G13_Test_Crossflow_Stepover0238.tif,0.0,1.794,1.712,0.053,0.065,1784.649670982429
0.004745,237,053_AlSiMg_200W_500mms_M0_G13_Test_Crossflow_Stepover0238.tif,-0.002,1.78,1.72,0.054,0.064,1808.0969868597294
0.00475,237,053_AlSiMg_200W_500mms_M0_G13_Test_Crossflow_Stepover0238.tif,0.001,1.77,1.72,0.052,0.063,1821.2936173725782
0.004755,237,053_AlSiMg_200W_500mms_M0_G13_Test_Crossflow_Stepover0238.tif,0.001,1.775,1.734,0.054,0.062,1885.5827724954402
0.00476,238,053_AlSiMg_200W_500mms_M0_G13_Test_Crossflow_Stepover0239.tif,0.001,1.777,1.77,0.052,0.063,1879.837842418871
0.004765,238,053_AlSiMg_200W_500mms_M0_G13_Test_Crossflow_Stepover0239.tif,0.0,1.777,1.747,0.054,0.062,1863.7072230375823
0.00477,238,053_AlSiMg_200W_500mms_M0_G13_Test_Crossflow_Stepover0239.tif,0.001,1.781,1.756,0.052,0.062,1832.7742226498517
0.004775,238,053_AlSiMg_200W_500mms_M0_G13_Test_Crossflow_Stepover0239.tif,0.0,1.794,1.815,0.051,0.063,1847.2799986957496
0.00478,239,053_AlSiMg_200W_500mms_M0_G13_Test_Crossflow_Stepover0240.tif,0.0,1.804,1.763,0.055,0.065,1813.5555593075617
0.004785,239,053_AlSiMg_200W_500mms_M0_G13_Test_Crossflow_Stepover0240.tif,-0.001,1.811,1.844,0.052,0.062,1822.0919283845876
0.00479,239,053_AlSiMg_200W_500mms_M0_G13_Test_Crossflow_Stepover0240.tif,-0.002,1.805,1.781,0.054,0.064,1892.1976932765315
0.004795,239,053_AlSiMg_200W_500mms_M0_G13_Test_Crossflow_Stepover0240.tif,0.0,1.805,1.752,0.055,0.065,1908.178482862509
0.0048,240,053_AlSiMg_200W_500mms_M0_G13_Test_Crossflow_Stepover0241.tif,0.001,1.805,1.751,0.054,0.062,1883.3586972044043
0.004805,240,053_AlSiMg_200W_500mms_M0_G13_Test_Crossflow_Stepover0241.tif,-0.002,1.8,1.754,0.055,0.064,1991.1721862183817
0.00481,240,053_AlSiMg_200W_500mms_M0_G13_Test_Crossflow_Stepover0241.tif,-0.001,1.788,1.763,0.053,0.065,2069.127411132542
0.004815,240,053_AlSiMg_200W_500mms_M0_G13_Test_Crossflow_Stepover0241.tif,-0.001,1.773,1.756,0.057,0.062,2091.563110631309
0.00482,241,053_AlSiMg_200W_500mms_M0_G13_Test_Crossflow_Stepover0242.tif,-0.002,1.772,1.8,0.056,0.062,2052.540175922407
0.004825,241,053_AlSiMg_200W_500mms_M0_G13_Test_Crossflow_Stepover0242.tif,0.0,1.773,1.809,0.055,0.062,2163.851555571699
0.00483,241,053_AlSiMg_200W_500mms_M0_G13_Test_Crossflow_Stepover0242.tif,0.0,1.776,1.784,0.052,0.063,2069.2039120918557
0.004835,241,053_AlSiMg_200W_500mms_M0_G13_Test_Crossflow_Stepover0242.tif,-0.002,1.776,1.754,0.056,0.062,1957.892532442564
0.00484,242,053_AlSiMg_200W_500mms_M0_G13_Test_Crossflow_Stepover0243.tif,0.001,1.784,1.751,0.053,0.062,1895.98746347904
0.004845,242,053_AlSiMg_200W_500mms_M0_G13_Test_Crossflow_Stepover0243.tif,0.001,1.795,1.745,0.053,0.065,1969.7200874291461
0.00485,242,053_AlSiMg_200W_500mms_M0_G13_Test_Crossflow_Stepover0243.tif,0.001,1.802,1.801,0.052,0.062,1945.1335624014832
0.004855,242,053_AlSiMg_200W_500mms_M0_G13_Test_Crossflow_Stepover0243.tif,-0.002,1.802,1.755,0.054,0.061,1922.9944438565312
0.00486,243,053_AlSiMg_200W_500mms_M0_G13_Test_Crossflow_Stepover0244.tif,0.001,1.801,1.716,0.055,0.062,1956.350598591663
0.004865,243,053_AlSiMg_200W_500mms_M0_G13_Test_Crossflow_Stepover0244.tif,0.0,1.8,1.721,0.056,0.067,1947.585731948162
0.00487,243,053_AlSiMg_200W_500mms_M0_G13_Test_Crossflow_Stepover0244.tif,0.0,1.793,1.754,0.055,0.065,1876.749818970821
0.004875,243,053_AlSiMg_200W_500mms_M0_G13_Test_Crossflow_Stepover0244.tif,0.0,1.784,1.752,0.054,0.065,1803.2356849341645
0.00488,244,053_AlSiMg_200W_500mms_M0_G13_Test_Crossflow_Stepover0245.tif,0.001,1.773,1.731,0.053,0.064,1830.981186531418
0.004885,244,053_AlSiMg_200W_500mms_M0_G13_Test_Crossflow_Stepover0245.tif,0.0,1.77,1.703,0.053,0.064,1846.9619761173958
0.00489,244,053_AlSiMg_200W_500mms_M0_G13_Test_Crossflow_Stepover0245.tif,-0.001,1.77,1.709,0.055,0.064,1846.9619761173958
0.004895,244,053_AlSiMg_200W_500mms_M0_G13_Test_Crossflow_Stepover0245.tif,0.0,1.776,1.74,0.055,0.064,1903.463500408717
0.0049,245,053_AlSiMg_200W_500mms_M0_G13_Test_Crossflow_Stepover0246.tif,0.0,1.777,1.726,0.054,0.065,1923.6089345588757
0.004905,245,053_AlSiMg_200W_500mms_M0_G13_Test_Crossflow_Stepover0246.tif,0.0,1.781,1.731,0.056,0.064,1907.628144972898
0.00491,245,053_AlSiMg_200W_500mms_M0_G13_Test_Crossflow_Stepover0246.tif,0.0,1.797,1.721,0.055,0.065,1928.0034455280827
0.004915,245,053_AlSiMg_200W_500mms_M0_G13_Test_Crossflow_Stepover0246.tif,0.0,1.805,1.667,0.055,0.065,1945.30468124861
0.00492,246,053_AlSiMg_200W_500mms_M0_G13_Test_Crossflow_Stepover0247.tif,-0.002,1.805,1.649,0.056,0.064,1927.6504041725698
0.004925,246,053_AlSiMg_200W_500mms_M0_G13_Test_Crossflow_Stepover0247.tif,0.0,1.807,1.677,0.055,0.065,1927.6504041725698
0.00493,246,053_AlSiMg_200W_500mms_M0_G13_Test_Crossflow_Stepover0247.tif,0.0,1.802,1.671,0.056,0.065,1946.3522172376913
0.004935,246,053_AlSiMg_200W_500mms_M0_G13_Test_Crossflow_Stepover0247.tif,-0.001,1.8,1.67,0.055,0.065,1898.2314150852533
0.00494,247,053_AlSiMg_200W_500mms_M0_G13_Test_Crossflow_Stepover0248.tif,-0.002,1.794,1.667,0.056,0.065,1886.466703073978
0.004945,247,053_AlSiMg_200W_500mms_M0_G13_Test_Crossflow_Stepover0248.tif,-0.001,1.779,1.667,0.056,0.067,1921.1335898953535
0.00495,247,053_AlSiMg_200W_500mms_M0_G13_Test_Crossflow_Stepover0248.tif,-0.001,1.773,1.665,0.056,0.067,1939.8354029604754
0.004955,247,053_AlSiMg_200W_500mms_M0_G13_Test_Crossflow_Stepover0248.tif,-0.001,1.775,1.658,0.055,0.062,1982.195798789773
0.00496,248,053_AlSiMg_200W_500mms_M0_G13_Test_Crossflow_Stepover0249.tif,0.0,1.779,1.654,0.056,0.065,1966.2208654075523
0.004965,248,053_AlSiMg_200W_500mms_M0_G13_Test_Crossflow_Stepover0249.tif,0.0,1.786,1.665,0.058,0.065,1996.68739048395
0.00497,248,053_AlSiMg_200W_500mms_M0_G13_Test_Crossflow_Stepover0249.tif,-0.001,1.786,1.812,0.055,0.067,1948.7470484626374
0.004975,248,053_AlSiMg_200W_500mms_M0_G13_Test_Crossflow_Stepover0249.tif,0.001,1.798,1.769,0.056,0.065,1902.3055900040192
0.00498,249,053_AlSiMg_200W_500mms_M0_G13_Test_Crossflow_Stepover0250.tif,0.001,1.802,1.748,0.057,0.067,1816.2401911618003
0.004985,249,053_AlSiMg_200W_500mms_M0_G13_Test_Crossflow_Stepover0250.tif,0.001,1.811,1.751,0.055,0.067,1882.9647165255853
0.00499,249,053_AlSiMg_200W_500mms_M0_G13_Test_Crossflow_Stepover0250.tif,-0.002,1.807,1.741,0.056,0.068,1872.3310244547786
0.004995,249,053_AlSiMg_200W_500mms_M0_G13_Test_Crossflow_Stepover0250.tif,0.001,1.805,1.773,0.057,0.065,1890.890106128282
0.005,250,053_AlSiMg_200W_500mms_M0_G13_Test_Crossflow_Stepover0251.tif,-0.002,1.798,1.77,0.058,0.068,1945.1847775093552
0.005005,250,053_AlSiMg_200W_500mms_M0_G13_Test_Crossflow_Stepover0251.tif,-0.002,1.794,1.779,0.058,0.067,1978.2560884514685
0.00501,250,053_AlSiMg_200W_500mms_M0_G13_Test_Crossflow_Stepover0251.tif,-0.001,1.783,1.766,0.059,0.068,1988.2574301779919
0.005015,250,053_AlSiMg_200W_500mms_M0_G13_Test_Crossflow_Stepover0251.tif,0.001,1.772,1.772,0.058,0.068,1988.2574301779919
0.00502,251,053_AlSiMg_200W_500mms_M0_G13_Test_Crossflow_Stepover0252.tif,-0.001,1.769,1.759,0.061,0.069,2008.3552212757356
0.005025,251,053_AlSiMg_200W_500mms_M0_G13_Test_Crossflow_Stepover0252.tif,0.001,1.775,1.886,0.058,0.068,1972.7305124914096
0.00503,251,053_AlSiMg_200W_500mms_M0_G13_Test_Crossflow_Stepover0252.tif,0.0,1.773,1.917,0.059,0.067,1967.401840743168
0.005035,251,053_AlSiMg_200W_500mms_M0_G13_Test_Crossflow_Stepover0252.tif,-0.002,1.78,1.935,0.057,0.068,1918.415619046356
0.00504,252,053_AlSiMg_200W_500mms_M0_G13_Test_Crossflow_Stepover0253.tif,-0.001,1.793,2.01,0.056,0.066,1944.0202035733917
0.005045,252,053_AlSiMg_200W_500mms_M0_G13_Test_Crossflow_Stepover0253.tif,-0.002,1.804,1.93,0.055,0.065,1915.9157625229368
0.00505,252,053_AlSiMg_200W_500mms_M0_G13_Test_Crossflow_Stepover0253.tif,0.0,1.811,1.882,0.055,0.063,1943.6872583848083
0.005055,252,053_AlSiMg_200W_500mms_M0_G13_Test_Crossflow_Stepover0253.tif,-0.002,1.809,1.8,0.055,0.064,1940.9478091387348
0.00506,253,053_AlSiMg_200W_500mms_M0_G13_Test_Crossflow_Stepover0254.tif,0.0,1.804,1.745,0.056,0.065,1929.1830971274599
0.005065,253,053_AlSiMg_200W_500mms_M0_G13_Test_Crossflow_Stepover0254.tif,-0.002,1.801,1.775,0.055,0.065,1937.0711221218037
0.00507,253,053_AlSiMg_200W_500mms_M0_G13_Test_Crossflow_Stepover0254.tif,-0.002,1.797,1.768,0.056,0.067,1893.3506871423294
0.005075,253,053_AlSiMg_200W_500mms_M0_G13_Test_Crossflow_Stepover0254.tif,0.0,1.784,1.768,0.058,0.066,1862.884162065932
0.00508,254,053_AlSiMg_200W_500mms_M0_G13_Test_Crossflow_Stepover0255.tif,-0.001,1.772,1.773,0.055,0.067,1881.585975131054
0.005085,254,053_AlSiMg_200W_500mms_M0_G13_Test_Crossflow_Stepover0255.tif,0.001,1.768,1.744,0.056,0.067,1865.611041748833
0.00509,254,053_AlSiMg_200W_500mms_M0_G13_Test_Crossflow_Stepover0255.tif,-0.002,1.768,1.742,0.056,0.065,1840.0311008191165
0.005095,254,053_AlSiMg_200W_500mms_M0_G13_Test_Crossflow_Stepover0255.tif,0.001,1.768,1.728,0.055,0.067,1867.7707462126127
0.0051,255,053_AlSiMg_200W_500mms_M0_G13_Test_Crossflow_Stepover0256.tif,-0.001,1.772,1.741,0.055,0.064,1895.516247809866
0.005105,255,053_AlSiMg_200W_500mms_M0_G13_Test_Crossflow_Stepover0256.tif,0.001,1.78,1.78,0.055,0.065,1876.8144347447444
0.00511,255,053_AlSiMg_200W_500mms_M0_G13_Test_Crossflow_Stepover0256.tif,-0.002,1.794,1.755,0.055,0.064,1923.2558932033626
0.005115,255,053_AlSiMg_200W_500mms_M0_G13_Test_Crossflow_Stepover0256.tif,-0.002,1.798,1.745,0.055,0.065,1928.6452930069277
0.00512,256,053_AlSiMg_200W_500mms_M0_G13_Test_Crossflow_Stepover0257.tif,0.0,1.8,1.738,0.056,0.065,1877.4386560649248
0.005125,256,053_AlSiMg_200W_500mms_M0_G13_Test_Crossflow_Stepover0257.tif,-0.001,1.801,1.748,0.057,0.066,1858.6664274784894
0.00513,256,053_AlSiMg_200W_500mms_M0_G13_Test_Crossflow_Stepover0257.tif,-0.001,1.798,1.728,0.051,0.064,1912.0351273649867
0.005135,256,053_AlSiMg_200W_500mms_M0_G13_Test_Crossflow_Stepover0257.tif,-0.002,1.8,1.717,0.054,0.064,1968.7660482977997
0.00514,257,053_AlSiMg_200W_500mms_M0_G13_Test_Crossflow_Stepover0258.tif,-0.001,1.79,1.73,0.055,0.062,1944.6044199077994
0.005145,257,053_AlSiMg_200W_500mms_M0_G13_Test_Crossflow_Stepover0258.tif,0.001,1.777,1.754,0.055,0.061,1969.8182041242435
0.00515,257,053_AlSiMg_200W_500mms_M0_G13_Test_Crossflow_Stepover0258.tif,-0.001,1.772,1.779,0.054,0.064,2006.282348646051
0.005155,257,053_AlSiMg_200W_500mms_M0_G13_Test_Crossflow_Stepover0258.tif,0.0,1.772,1.745,0.051,0.062,1944.3772796825274
0.00516,258,053_AlSiMg_200W_500mms_M0_G13_Test_Crossflow_Stepover0259.tif,0.0,1.772,1.726,0.055,0.063,1884.9253352705703
0.005165,258,053_AlSiMg_200W_500mms_M0_G13_Test_Crossflow_Stepover0259.tif,0.0,1.779,1.712,0.052,0.062,1848.5440097668147
0.00517,258,053_AlSiMg_200W_500mms_M0_G13_Test_Crossflow_Stepover0259.tif,-0.002,1.784,1.721,0.055,0.064,1884.91126902605
0.005175,258,053_AlSiMg_200W_500mms_M0_G13_Test_Crossflow_Stepover0259.tif,0.001,1.795,1.703,0.051,0.063,1842.7021944276735
0.00518,259,053_AlSiMg_200W_500mms_M0_G13_Test_Crossflow_Stepover0260.tif,0.0,1.805,1.692,0.053,0.062,1855.7761469200977
0.005185,259,053_AlSiMg_200W_500mms_M0_G13_Test_Crossflow_Stepover0260.tif,-0.002,1.808,1.702,0.052,0.062,1915.228091332055
0.00519,259,053_AlSiMg_200W_500mms_M0_G13_Test_Crossflow_Stepover0260.tif,0.0,1.807,1.706,0.051,0.06,1961.8865403466982
0.005195,259,053_AlSiMg_200W_500mms_M0_G13_Test_Crossflow_Stepover0260.tif,-0.001,1.805,1.693,0.055,0.061,1958.9978183234514
0.0052,260,053_AlSiMg_200W_500mms_M0_G13_Test_Crossflow_Stepover0261.tif,0.0,1.8,1.688,0.052,0.061,2042.9669213984132
0.005205,260,053_AlSiMg_200W_500mms_M0_G13_Test_Crossflow_Stepover0261.tif,0.0,1.795,1.695,0.052,0.061,2045.915022493445
0.00521,260,053_AlSiMg_200W_500mms_M0_G13_Test_Crossflow_Stepover0261.tif,0.001,1.786,1.689,0.055,0.061,1928.3227614498508
0.005215,260,053_AlSiMg_200W_500mms_M0_G13_Test_Crossflow_Stepover0261.tif,0.001,1.779,1.706,0.052,0.061,1906.3289562998148
0.00522,261,053_AlSiMg_200W_500mms_M0_G13_Test_Crossflow_Stepover0262.tif,-0.001,1.779,1.688,0.05,0.062,1887.3502182963537
0.005225,261,053_AlSiMg_200W_500mms_M0_G13_Test_Crossflow_Stepover0262.tif,0.0,1.779,1.689,0.05,0.06,1749.678452889156
0.00523,261,053_AlSiMg_200W_500mms_M0_G13_Test_Crossflow_Stepover0262.tif,0.0,1.786,1.693,0.051,0.061,1713.1936696822381
0.005235,261,053_AlSiMg_200W_500mms_M0_G13_Test_Crossflow_Stepover0262.tif,0.0,1.788,1.686,0.051,0.065,1759.890780143295
0.00524,262,053_AlSiMg_200W_500mms_M0_G13_Test_Crossflow_Stepover0263.tif,0.0,1.794,1.696,0.05,0.061,1825.0893796100834
0.005245,262,053_AlSiMg_200W_500mms_M0_G13_Test_Crossflow_Stepover0263.tif,0.0,1.805,1.748,0.051,0.06,1912.0151671010494
0.00525,262,053_AlSiMg_200W_500mms_M0_G13_Test_Crossflow_Stepover0263.tif,-0.001,1.805,1.688,0.054,0.061,2326.3586079670704
0.005255,262,053_AlSiMg_200W_500mms_M0_G13_Test_Crossflow_Stepover0263.tif,0.001,1.807,1.734,0.055,0.061,2359.895290078957
0.00526,263,053_AlSiMg_200W_500mms_M0_G13_Test_Crossflow_Stepover0264.tif,-0.001,1.802,1.695,0.061,0.06,2343.8646531705276
0.005265,263,053_AlSiMg_200W_500mms_M0_G13_Test_Crossflow_Stepover0264.tif,0.001,1.8,1.681,0.051,0.06,2264.1750756468573
0.00527,263,053_AlSiMg_200W_500mms_M0_G13_Test_Crossflow_Stepover0264.tif,-0.001,1.797,1.672,0.051,0.061,2193.27992506432
0.005275,263,053_AlSiMg_200W_500mms_M0_G13_Test_Crossflow_Stepover0264.tif,-0.002,1.781,1.685,0.05,0.061,1974.0837340647172
0.00528,264,053_AlSiMg_200W_500mms_M0_G13_Test_Crossflow_Stepover0265.tif,-0.001,1.772,1.699,0.051,0.06,1943.55329792376
0.005285,264,053_AlSiMg_200W_500mms_M0_G13_Test_Crossflow_Stepover0265.tif,-0.002,1.769,1.664,0.057,0.061,1929.0534986912323
0.00529,264,053_AlSiMg_200W_500mms_M0_G13_Test_Crossflow_Stepover0265.tif,-0.001,1.768,1.703,0.051,0.062,1980.410167134411
0.005295,264,053_AlSiMg_200W_500mms_M0_G13_Test_Crossflow_Stepover0265.tif,0.001,1.772,1.74,0.051,0.062,1936.6998192147998
0.0053,265,053_AlSiMg_200W_500mms_M0_G13_Test_Crossflow_Stepover0266.tif,0.0,1.776,1.77,0.051,0.059,1792.298547264613
0.005305,265,053_AlSiMg_200W_500mms_M0_G13_Test_Crossflow_Stepover0266.tif,0.0,1.779,1.779,0.051,0.063,1822.8289834055704
0.00531,265,053_AlSiMg_200W_500mms_M0_G13_Test_Crossflow_Stepover0266.tif,0.001,1.793,1.788,0.051,0.061,1809.6490716269163
0.005315,265,053_AlSiMg_200W_500mms_M0_G13_Test_Crossflow_Stepover0266.tif,0.0,1.801,1.738,0.051,0.06,1778.7551328031993
0.00532,266,053_AlSiMg_200W_500mms_M0_G13_Test_Crossflow_Stepover0267.tif,-0.002,1.805,1.709,0.051,0.063,1806.4348438143813
0.005325,266,053_AlSiMg_200W_500mms_M0_G13_Test_Crossflow_Stepover0267.tif,-0.002,1.8,1.693,0.052,0.062,1760.7508075938779
0.00533,266,053_AlSiMg_200W_500mms_M0_G13_Test_Crossflow_Stepover0267.tif,-0.001,1.804,1.7,0.051,0.061,1787.1462245662103
0.005335,266,053_AlSiMg_200W_500mms_M0_G13_Test_Crossflow_Stepover0267.tif,-0.002,1.798,1.714,0.049,0.062,1791.1343102909552
0.00534,267,053_AlSiMg_200W_500mms_M0_G13_Test_Crossflow_Stepover0268.tif,0.001,1.79,1.702,0.054,0.062,1754.470157129542
0.005345,267,053_AlSiMg_200W_500mms_M0_G13_Test_Crossflow_Stepover0268.tif,-0.002,1.78,1.726,0.048,0.059,1720.7626883841342
0.00535,267,053_AlSiMg_200W_500mms_M0_G13_Test_Crossflow_Stepover0268.tif,-0.002,1.772,1.742,0.049,0.061,1782.477361513067
0.005355,267,053_AlSiMg_200W_500mms_M0_G13_Test_Crossflow_Stepover0268.tif,0.002,1.773,1.709,0.049,0.061,1737.03624048573
0.00536,268,053_AlSiMg_200W_500mms_M0_G13_Test_Crossflow_Stepover0269.tif,0.0,1.775,1.689,0.051,0.06,1779.706603775628
0.005365,268,053_AlSiMg_200W_500mms_M0_G13_Test_Crossflow_Stepover0269.tif,0.001,1.777,1.688,0.05,0.06,1823.3628401083138
0.00537,268,053_AlSiMg_200W_500mms_M0_G13_Test_Crossflow_Stepover0269.tif,0.0,1.783,1.651,0.052,0.061,1836.500876982583
0.005375,268,053_AlSiMg_200W_500mms_M0_G13_Test_Crossflow_Stepover0269.tif,-0.002,1.794,1.667,0.049,0.058,1836.500876982583
0.00538,269,053_AlSiMg_200W_500mms_M0_G13_Test_Crossflow_Stepover0270.tif,-0.002,1.804,1.64,0.049,0.06,1918.5099176942826
0.005385,269,053_AlSiMg_200W_500mms_M0_G13_Test_Crossflow_Stepover0270.tif,0.001,1.808,1.651,0.051,0.06,1939.15940818099
0.00539,269,053_AlSiMg_200W_500mms_M0_G13_Test_Crossflow_Stepover0270.tif,0.0,1.808,1.692,0.052,0.058,1883.52660437321
0.005395,269,053_AlSiMg_200W_500mms_M0_G13_Test_Crossflow_Stepover0270.tif,0.001,1.808,1.675,0.053,0.061,1873.4295626917205
0.0054,270,053_AlSiMg_200W_500mms_M0_G13_Test_Crossflow_Stepover0271.tif,0.001,1.807,1.684,0.049,0.062,1873.4295626917205
0.005405,270,053_AlSiMg_200W_500mms_M0_G13_Test_Crossflow_Stepover0271.tif,0.0,1.802,1.696,0.05,0.062,1810.4662260350246
0.00541,270,053_AlSiMg_200W_500mms_M0_G13_Test_Crossflow_Stepover0271.tif,0.0,1.787,1.742,0.051,0.06,1780.7867651321335
0.005415,270,053_AlSiMg_200W_500mms_M0_G13_Test_Crossflow_Stepover0271.tif,0.0,1.776,1.784,0.051,0.06,1805.901369481498
0.00542,271,053_AlSiMg_200W_500mms_M0_G13_Test_Crossflow_Stepover0272.tif,0.0,1.773,1.763,0.049,0.058,1846.516610621403
0.005425,271,053_AlSiMg_200W_500mms_M0_G13_Test_Crossflow_Stepover0272.tif,0.001,1.77,1.776,0.049,0.06,1821.2584985480928
0.00543,271,053_AlSiMg_200W_500mms_M0_G13_Test_Crossflow_Stepover0272.tif,0.0,1.776,1.7,0.049,0.058,1781.5362363532265
0.005435,271,053_AlSiMg_200W_500mms_M0_G13_Test_Crossflow_Stepover0272.tif,-0.001,1.775,1.684,0.048,0.058,1747.895843479512
0.00544,272,053_AlSiMg_200W_500mms_M0_G13_Test_Crossflow_Stepover0273.tif,-0.001,1.781,1.67,0.048,0.059,1747.895843479512
0.005445,272,053_AlSiMg_200W_500mms_M0_G13_Test_Crossflow_Stepover0273.tif,0.002,1.794,1.686,0.048,0.059,1692.2630396717316
0.00545,272,053_AlSiMg_200W_500mms_M0_G13_Test_Crossflow_Stepover0273.tif,0.001,1.8,1.675,0.049,0.06,1698.4754476900375
0.005455,272,053_AlSiMg_200W_500mms_M0_G13_Test_Crossflow_Stepover0273.tif,0.0,1.801,1.688,0.049,0.062,1775.9473146991181
0.00546,273,053_AlSiMg_200W_500mms_M0_G13_Test_Crossflow_Stepover0274.tif,-0.002,1.8,1.681,0.05,0.06,1759.6806643048883
0.005465,273,053_AlSiMg_200W_500mms_M0_G13_Test_Crossflow_Stepover0274.tif,0.0,1.798,1.706,0.051,0.058,1740.2918204953596
0.00547,273,053_AlSiMg_200W_500mms_M0_G13_Test_Crossflow_Stepover0274.tif,-0.001,1.793,1.713,0.047,0.059,1782.960789569288
0.005475,273,053_AlSiMg_200W_500mms_M0_G13_Test_Crossflow_Stepover0274.tif,0.0,1.783,1.682,0.047,0.059,1816.8426925852395
0.00548,274,053_AlSiMg_200W_500mms_M0_G13_Test_Crossflow_Stepover0275.tif,-0.002,1.775,1.661,0.05,0.06,1816.8426925852395
0.005485,274,053_AlSiMg_200W_500mms_M0_G13_Test_Crossflow_Stepover0275.tif,0.001,1.768,1.772,0.05,0.058,1866.7497358531841
0.00549,274,053_AlSiMg_200W_500mms_M0_G13_Test_Crossflow_Stepover0275.tif,-0.002,1.77,1.741,0.051,0.058,1906.7080115338515
0.005495,274,053_AlSiMg_200W_500mms_M0_G13_Test_Crossflow_Stepover0275.tif,-0.002,1.775,1.737,0.049,0.058,1919.6718462677036
0.0055,275,053_AlSiMg_200W_500mms_M0_G13_Test_Crossflow_Stepover0276.tif,-0.001,1.777,1.712,0.051,0.061,1868.235578527188
0.005505,275,053_AlSiMg_200W_500mms_M0_G13_Test_Crossflow_Stepover0276.tif,-0.002,1.786,1.692,0.049,0.058,1818.0613053831962
0.00551,275,053_AlSiMg_200W_500mms_M0_G13_Test_Crossflow_Stepover0276.tif,0.0,1.801,1.692,0.049,0.06,1774.4050690505112
0.005515,275,053_AlSiMg_200W_500mms_M0_G13_Test_Crossflow_Stepover0276.tif,0.001,1.808,1.686,0.047,0.056,1768.3147888942772
0.00552,276,053_AlSiMg_200W_500mms_M0_G13_Test_Crossflow_Stepover0277.tif,0.0,1.808,1.686,0.049,0.061,1731.4916627412597
0.005525,276,053_AlSiMg_200W_500mms_M0_G13_Test_Crossflow_Stepover0277.tif,-0.001,1.809,1.696,0.049,0.059,1725.1867360466579
0.00553,276,053_AlSiMg_200W_500mms_M0_G13_Test_Crossflow_Stepover0277.tif,-0.002,1.805,1.682,0.047,0.058,1691.461332004581
0.005535,276,053_AlSiMg_200W_500mms_M0_G13_Test_Crossflow_Stepover0277.tif,-0.002,1.8,1.684,0.047,0.058,1759.0194239897107
0.00554,277,053_AlSiMg_200W_500mms_M0_G13_Test_Crossflow_Stepover0278.tif,-0.001,1.791,1.703,0.046,0.057,1752.681138890263
0.005545,277,053_AlSiMg_200W_500mms_M0_G13_Test_Crossflow_Stepover0278.tif,-0.002,1.779,1.67,0.051,0.059,1807.3724010914855
0.00555,277,053_AlSiMg_200W_500mms_M0_G13_Test_Crossflow_Stepover0278.tif,0.001,1.775,1.709,0.047,0.057,2263.84786140614
0.005555,277,053_AlSiMg_200W_500mms_M0_G13_Test_Crossflow_Stepover0278.tif,0.0,1.772,1.686,0.049,0.057,2284.7398217046853
0.00556,278,053_AlSiMg_200W_500mms_M0_G13_Test_Crossflow_Stepover0279.tif,-0.002,1.777,1.692,0.062,0.06,2278.7061021004456
0.005565,278,053_AlSiMg_200W_500mms_M0_G13_Test_Crossflow_Stepover0279.tif,0.001,1.783,1.671,0.048,0.058,2301.083434943405
0.00557,278,053_AlSiMg_200W_500mms_M0_G13_Test_Crossflow_Stepover0279.tif,0.001,1.787,1.686,0.049,0.057,2264.0390561430418
0.005575,278,053_AlSiMg_200W_500mms_M0_G13_Test_Crossflow_Stepover0279.tif,-0.002,1.797,1.675,0.049,0.058,1844.3867219814042
0.00558,279,053_AlSiMg_200W_500mms_M0_G13_Test_Crossflow_Stepover0280.tif,0.0,1.804,1.672,0.048,0.058,1863.562964733562
0.005585,279,053_AlSiMg_200W_500mms_M0_G13_Test_Crossflow_Stepover0280.tif,0.0,1.805,1.651,0.049,0.058,1832.7309939515042
0.00559,279,053_AlSiMg_200W_500mms_M0_G13_Test_Crossflow_Stepover0280.tif,-0.001,1.804,1.654,0.049,0.058,1813.5547511993464
0.005595,279,053_AlSiMg_200W_500mms_M0_G13_Test_Crossflow_Stepover0280.tif,-0.002,1.8,1.706,0.05,0.06,1802.212794493089
0.0056,280,053_AlSiMg_200W_500mms_M0_G13_Test_Crossflow_Stepover0281.tif,-0.002,1.798,1.71,0.048,0.058,1816.962616867293
0.005605,280,053_AlSiMg_200W_500mms_M0_G13_Test_Crossflow_Stepover0281.tif,-0.002,1.793,1.705,0.049,0.06,1797.7863741151355
0.00561,280,053_AlSiMg_200W_500mms_M0_G13_Test_Crossflow_Stepover0281.tif,0.002,1.781,1.735,0.048,0.056,1810.7502088489873
0.005615,280,053_AlSiMg_200W_500mms_M0_G13_Test_Crossflow_Stepover0281.tif,-0.001,1.769,1.744,0.048,0.058,1793.1033254481276
0.00562,281,053_AlSiMg_200W_500mms_M0_G13_Test_Crossflow_Stepover0282.tif,0.001,1.765,1.693,0.049,0.058,1841.489660954749
0.005625,281,053_AlSiMg_200W_500mms_M0_G13_Test_Crossflow_Stepover0282.tif,-0.002,1.765,1.675,0.047,0.058,1796.2216391221289
0.00563,281,053_AlSiMg_200W_500mms_M0_G13_Test_Crossflow_Stepover0282.tif,0.0,1.772,1.661,0.049,0.057,1815.3978818742867
0.005635,281,053_AlSiMg_200W_500mms_M0_G13_Test_Crossflow_Stepover0282.tif,-0.001,1.773,1.654,0.049,0.06,1815.3978818742864
0.00564,282,053_AlSiMg_200W_500mms_M0_G13_Test_Crossflow_Stepover0283.tif,-0.002,1.783,1.651,0.049,0.058,1802.3139647593598
0.005645,282,053_AlSiMg_200W_500mms_M0_G13_Test_Crossflow_Stepover0283.tif,-0.002,1.798,1.656,0.049,0.058,1747.622702558137
0.00565,282,053_AlSiMg_200W_500mms_M0_G13_Test_Crossflow_Stepover0283.tif,0.001,1.804,1.647,0.047,0.059,1762.1018542730417
0.005655,282,053_AlSiMg_200W_500mms_M0_G13_Test_Crossflow_Stepover0283.tif,-0.002,1.807,1.661,0.047,0.058,1734.6470414823075
0.00566,283,053_AlSiMg_200W_500mms_M0_G13_Test_Crossflow_Stepover0284.tif,0.0,1.802,1.685,0.049,0.059,1704.1288420238918
0.005665,283,053_AlSiMg_200W_500mms_M0_G13_Test_Crossflow_Stepover0284.tif,-0.001,1.8,1.658,0.05,0.061,1754.0358852918362
0.00567,283,053_AlSiMg_200W_500mms_M0_G13_Test_Crossflow_Stepover0284.tif,0.001,1.798,1.706,0.049,0.06,1774.8199637013422
0.005675,283,053_AlSiMg_200W_500mms_M0_G13_Test_Crossflow_Stepover0284.tif,-0.002,1.793,1.689,0.049,0.058,1774.8199637013422
0.00568,284,053_AlSiMg_200W_500mms_M0_G13_Test_Crossflow_Stepover0285.tif,0.002,1.777,1.724,0.049,0.059,1786.2357287485654
0.005685,284,053_AlSiMg_200W_500mms_M0_G13_Test_Crossflow_Stepover0285.tif,0.001,1.776,1.74,0.049,0.059,1803.7900934731285
0.00569,284,053_AlSiMg_200W_500mms_M0_G13_Test_Crossflow_Stepover0285.tif,0.0,1.781,1.705,0.049,0.059,1803.7900934731285
0.005695,284,053_AlSiMg_200W_500mms_M0_G13_Test_Crossflow_Stepover0285.tif,-0.002,1.783,1.705,0.05,0.06,1800.6528984644822
0.0057,285,053_AlSiMg_200W_500mms_M0_G13_Test_Crossflow_Stepover0286.tif,-0.002,1.784,1.684,0.049,0.058,1816.6919462079932
0.005705,285,053_AlSiMg_200W_500mms_M0_G13_Test_Crossflow_Stepover0286.tif,0.0,1.793,1.684,0.048,0.058,1819.767159217652
0.00571,285,053_AlSiMg_200W_500mms_M0_G13_Test_Crossflow_Stepover0286.tif,-0.002,1.801,1.705,0.049,0.058,1782.8239506835598
0.005715,285,053_AlSiMg_200W_500mms_M0_G13_Test_Crossflow_Stepover0286.tif,-0.002,1.808,1.665,0.05,0.06,1803.74201896566
0.00572,286,053_AlSiMg_200W_500mms_M0_G13_Test_Crossflow_Stepover0287.tif,0.0,1.811,1.733,0.047,0.059,1800.5409288748585
0.005725,286,053_AlSiMg_200W_500mms_M0_G13_Test_Crossflow_Stepover0287.tif,-0.002,1.801,1.677,0.05,0.058,1763.717802721841
0.00573,286,053_AlSiMg_200W_500mms_M0_G13_Test_Crossflow_Stepover0287.tif,-0.002,1.801,1.672,0.047,0.057,1776.6816374556936
0.005735,286,053_AlSiMg_200W_500mms_M0_G13_Test_Crossflow_Stepover0287.tif,-0.001,1.798,1.667,0.047,0.058,1898.3407194034378
0.00574,287,053_AlSiMg_200W_500mms_M0_G13_Test_Crossflow_Stepover0288.tif,-0.002,1.786,1.66,0.049,0.058,1840.5995249683206
0.005745,287,053_AlSiMg_200W_500mms_M0_G13_Test_Crossflow_Stepover0288.tif,0.0,1.775,1.696,0.053,0.059,1843.800615059122
0.00575,287,053_AlSiMg_200W_500mms_M0_G13_Test_Crossflow_Stepover0288.tif,0.0,1.768,1.716,0.047,0.058,1843.800615059122
0.005755,287,053_AlSiMg_200W_500mms_M0_G13_Test_Crossflow_Stepover0288.tif,0.0,1.769,1.822,0.048,0.058,1840.6628782398213
0.00576,288,053_AlSiMg_200W_500mms_M0_G13_Test_Crossflow_Stepover0289.tif,0.001,1.765,1.868,0.047,0.058,1780.471627256348
0.005765,288,053_AlSiMg_200W_500mms_M0_G13_Test_Crossflow_Stepover0289.tif,0.001,1.766,1.844,0.048,0.057,1794.9174205664062
0.00577,288,053_AlSiMg_200W_500mms_M0_G13_Test_Crossflow_Stepover0289.tif,-0.002,1.773,1.816,0.047,0.055,1828.8434856927684
0.005775,288,053_AlSiMg_200W_500mms_M0_G13_Test_Crossflow_Stepover0289.tif,0.0,1.787,1.748,0.047,0.057,1843.2892790028266
0.00578,289,053_AlSiMg_200W_500mms_M0_G13_Test_Crossflow_Stepover0290.tif,0.001,1.795,1.727,0.048,0.056,2143.368356764856
0.005785,289,053_AlSiMg_200W_500mms_M0_G13_Test_Crossflow_Stepover0290.tif,-0.001,1.801,1.713,0.047,0.057,2122.190173504288
0.00579,289,053_AlSiMg_200W_500mms_M0_G13_Test_Crossflow_Stepover0290.tif,0.0,1.802,1.709,0.06,0.06,2128.528458603736
0.005795,289,053_AlSiMg_200W_500mms_M0_G13_Test_Crossflow_Stepover0290.tif,0.0,1.8,1.72,0.046,0.055,2125.3394239258587
0.0058,290,053_AlSiMg_200W_500mms_M0_G13_Test_Crossflow_Stepover0291.tif,0.001,1.797,1.67,0.049,0.059,2107.648553718115
0.005805,290,053_AlSiMg_200W_500mms_M0_G13_Test_Crossflow_Stepover0291.tif,0.001,1.8,1.649,0.047,0.055,1822.2680004717135
0.00581,290,053_AlSiMg_200W_500mms_M0_G13_Test_Crossflow_Stepover0291.tif,0.001,1.786,1.623,0.046,0.057,1802.9061350950537
0.005815,290,053_AlSiMg_200W_500mms_M0_G13_Test_Crossflow_Stepover0291.tif,-0.001,1.781,1.619,0.047,0.055,1759.215332789224
0.00582,291,053_AlSiMg_200W_500mms_M0_G13_Test_Crossflow_Stepover0292.tif,-0.002,1.776,1.619,0.045,0.055,1718.6752841519963
0.005825,291,053_AlSiMg_200W_500mms_M0_G13_Test_Crossflow_Stepover0292.tif,0.001,1.777,1.633,0.044,0.056,1770.3042748990258
0.00583,291,053_AlSiMg_200W_500mms_M0_G13_Test_Crossflow_Stepover0292.tif,-0.002,1.779,1.629,0.045,0.055,1819.262481637748
0.005835,291,053_AlSiMg_200W_500mms_M0_G13_Test_Crossflow_Stepover0292.tif,0.001,1.781,1.609,0.047,0.055,1841.8989435700234
0.00584,292,053_AlSiMg_200W_500mms_M0_G13_Test_Crossflow_Stepover0293.tif,0.0,1.794,1.608,0.049,0.055,1888.664958885512
0.005845,292,053_AlSiMg_200W_500mms_M0_G13_Test_Crossflow_Stepover0293.tif,0.001,1.802,1.612,0.047,0.056,1870.89124070877
0.00585,292,053_AlSiMg_200W_500mms_M0_G13_Test_Crossflow_Stepover0293.tif,-0.002,1.804,1.636,0.045,0.054,1870.8912407087705
0.005855,292,053_AlSiMg_200W_500mms_M0_G13_Test_Crossflow_Stepover0293.tif,0.0,1.807,1.615,0.044,0.055,1781.3929853328198
0.00586,293,053_AlSiMg_200W_500mms_M0_G13_Test_Crossflow_Stepover0294.tif,0.001,1.804,1.619,0.047,0.055,1747.6675812907433
0.005865,293,053_AlSiMg_200W_500mms_M0_G13_Test_Crossflow_Stepover0294.tif,-0.002,1.8,1.591,0.045,0.055,1731.6521550836947
0.00587,293,053_AlSiMg_200W_500mms_M0_G13_Test_Crossflow_Stepover0294.tif,-0.001,1.793,1.607,0.046,0.057,1768.7877386370965
0.005875,293,053_AlSiMg_200W_500mms_M0_G13_Test_Crossflow_Stepover0294.tif,-0.001,1.783,1.63,0.045,0.055,1814.760061991837
0.00588,294,053_AlSiMg_200W_500mms_M0_G13_Test_Crossflow_Stepover0295.tif,-0.002,1.776,1.639,0.046,0.055,1837.396523924112
0.005885,294,053_AlSiMg_200W_500mms_M0_G13_Test_Crossflow_Stepover0295.tif,0.0,1.773,1.63,0.048,0.054,1867.847331410573
0.00589,294,053_AlSiMg_200W_500mms_M0_G13_Test_Crossflow_Stepover0295.tif,0.0,1.772,1.684,0.047,0.056,1914.6947283996792
0.005895,294,053_AlSiMg_200W_500mms_M0_G13_Test_Crossflow_Stepover0295.tif,0.0,1.773,1.639,0.046,0.055,1901.934791120961
0.0059,295,053_AlSiMg_200W_500mms_M0_G13_Test_Crossflow_Stepover0296.tif,-0.001,1.776,1.626,0.049,0.057,1904.9206745049432
0.005905,295,053_AlSiMg_200W_500mms_M0_G13_Test_Crossflow_Stepover0296.tif,-0.003,1.784,1.612,0.047,0.057,1882.2842125726681
0.00591,295,053_AlSiMg_200W_500mms_M0_G13_Test_Crossflow_Stepover0296.tif,-0.001,1.8,1.667,0.049,0.055,1862.922347196009
0.005915,295,053_AlSiMg_200W_500mms_M0_G13_Test_Crossflow_Stepover0296.tif,0.0,1.807,1.684,0.045,0.055,1816.0749502069025
0.00592,296,053_AlSiMg_200W_500mms_M0_G13_Test_Crossflow_Stepover0297.tif,-0.001,1.802,1.664,0.045,0.055,1832.1094840412363
0.005925,296,053_AlSiMg_200W_500mms_M0_G13_Test_Crossflow_Stepover0297.tif,0.001,1.804,1.653,0.045,0.055,1734.7673634531698
0.00593,296,053_AlSiMg_200W_500mms_M0_G13_Test_Crossflow_Stepover0297.tif,0.0,1.801,1.646,0.047,0.056,1734.7673634531698
0.005935,296,053_AlSiMg_200W_500mms_M0_G13_Test_Crossflow_Stepover0297.tif,0.001,1.798,1.677,0.047,0.058,1726.9234982410526
0.00594,297,053_AlSiMg_200W_500mms_M0_G13_Test_Crossflow_Stepover0298.tif,0.001,1.793,1.665,0.045,0.055,1733.5254263389943
0.005945,297,053_AlSiMg_200W_500mms_M0_G13_Test_Crossflow_Stepover0298.tif,0.0,1.783,1.639,0.047,0.058,1703.0450991946025
0.00595,297,053_AlSiMg_200W_500mms_M0_G13_Test_Crossflow_Stepover0298.tif,0.0,1.773,1.637,0.047,0.057,1717.4908925046607
0.005955,297,053_AlSiMg_200W_500mms_M0_G13_Test_Crossflow_Stepover0298.tif,0.0,1.773,1.625,0.047,0.058,1746.4701534455612
0.00596,298,053_AlSiMg_200W_500mms_M0_G13_Test_Crossflow_Stepover0299.tif,-0.003,1.773,1.633,0.047,0.057,1776.950480589953
0.005965,298,053_AlSiMg_200W_500mms_M0_G13_Test_Crossflow_Stepover0299.tif,-0.002,1.776,1.643,0.049,0.058,1737.5131506930597
0.00597,298,053_AlSiMg_200W_500mms_M0_G13_Test_Crossflow_Stepover0299.tif,0.0,1.783,1.637,0.047,0.056,1737.5131506930593
0.005975,298,053_AlSiMg_200W_500mms_M0_G13_Test_Crossflow_Stepover0299.tif,0.001,1.794,1.619,0.047,0.06,1737.5131506930593
0.00598,299,053_AlSiMg_200W_500mms_M0_G13_Test_Crossflow_Stepover0300.tif,0.0,1.805,1.644,0.047,0.058,1749.0739383893863
0.005985,299,053_AlSiMg_200W_500mms_M0_G13_Test_Crossflow_Stepover0300.tif,-0.001,1.809,1.628,0.047,0.057,1755.416737398012
0.00599,299,053_AlSiMg_200W_500mms_M0_G13_Test_Crossflow_Stepover0300.tif,-0.002,1.807,1.615,0.047,0.055,1828.7921878341917
0.005995,299,053_AlSiMg_200W_500mms_M0_G13_Test_Crossflow_Stepover0300.tif,0.001,1.804,1.636,0.049,0.058,1880.365136361413
0.006,300,053_AlSiMg_200W_500mms_M0_G13_Test_Crossflow_Stepover0301.tif,-0.002,1.802,1.644,0.047,0.055,1880.365136361413
0.006005,300,053_AlSiMg_200W_500mms_M0_G13_Test_Crossflow_Stepover0301.tif,-0.002,1.797,1.618,0.048,0.056,1849.6281059129287
0.00601,300,053_AlSiMg_200W_500mms_M0_G13_Test_Crossflow_Stepover0301.tif,0.0,1.787,1.639,0.047,0.057,1812.8049797599112
0.006015,300,053_AlSiMg_200W_500mms_M0_G13_Test_Crossflow_Stepover0301.tif,-0.001,1.772,1.64,0.048,0.058,1801.2441920635843
0.00602,301,053_AlSiMg_200W_500mms_M0_G13_Test_Crossflow_Stepover0302.tif,-0.001,1.77,1.633,0.047,0.058,1764.117036846421
0.006025,301,053_AlSiMg_200W_500mms_M0_G13_Test_Crossflow_Stepover0302.tif,0.001,1.772,1.637,0.049,0.058,1726.7645196400385
0.00603,301,053_AlSiMg_200W_500mms_M0_G13_Test_Crossflow_Stepover0302.tif,0.0,1.776,1.653,0.047,0.057,1757.5015500885238
0.006035,301,053_AlSiMg_200W_500mms_M0_G13_Test_Crossflow_Stepover0302.tif,0.001,1.777,1.646,0.044,0.056,1775.148433489383
0.00604,302,053_AlSiMg_200W_500mms_M0_G13_Test_Crossflow_Stepover0303.tif,0.0,1.788,1.649,0.047,0.055,1744.6302340309674
0.006045,302,053_AlSiMg_200W_500mms_M0_G13_Test_Crossflow_Stepover0303.tif,0.0,1.797,1.656,0.048,0.058,1763.8698300546257
0.00605,302,053_AlSiMg_200W_500mms_M0_G13_Test_Crossflow_Stepover0303.tif,-0.001,1.802,1.643,0.049,0.06,1783.5314770532646
0.006055,302,053_AlSiMg_200W_500mms_M0_G13_Test_Crossflow_Stepover0303.tif,-0.001,1.805,1.635,0.048,0.057,1715.5769458240673
0.00606,303,053_AlSiMg_200W_500mms_M0_G13_Test_Crossflow_Stepover0304.tif,0.0,1.802,1.621,0.046,0.057,1678.3594450433545
0.006065,303,053_AlSiMg_200W_500mms_M0_G13_Test_Crossflow_Stepover0304.tif,0.0,1.804,1.621,0.045,0.057,1683.2333322382267
0.00607,303,053_AlSiMg_200W_500mms_M0_G13_Test_Crossflow_Stepover0304.tif,0.0,1.795,1.605,0.045,0.057,1629.977325524657
0.006075,303,053_AlSiMg_200W_500mms_M0_G13_Test_Crossflow_Stepover0304.tif,0.0,1.788,1.614,0.046,0.056,1626.668026793628
0.00608,304,053_AlSiMg_200W_500mms_M0_G13_Test_Crossflow_Stepover0305.tif,0.001,1.777,1.6,0.045,0.057,1683.0617703264986
0.006085,304,053_AlSiMg_200W_500mms_M0_G13_Test_Crossflow_Stepover0305.tif,0.001,1.773,1.628,0.045,0.056,1733.1127148507433
0.00609,304,053_AlSiMg_200W_500mms_M0_G13_Test_Crossflow_Stepover0305.tif,0.001,1.775,1.621,0.049,0.058,1721.9339009612697
0.006095,304,053_AlSiMg_200W_500mms_M0_G13_Test_Crossflow_Stepover0305.tif,0.001,1.773,1.654,0.047,0.056,1716.5129817542875
0.0061,305,053_AlSiMg_200W_500mms_M0_G13_Test_Crossflow_Stepover0306.tif,0.0,1.776,1.632,0.047,0.058,1771.4512712323453
0.006105,305,053_AlSiMg_200W_500mms_M0_G13_Test_Crossflow_Stepover0306.tif,-0.001,1.784,1.681,0.047,0.06,1709.6366084924925
0.00611,305,053_AlSiMg_200W_500mms_M0_G13_Test_Crossflow_Stepover0306.tif,-0.002,1.795,1.66,0.047,0.055,1709.6366084924925
0.006115,305,053_AlSiMg_200W_500mms_M0_G13_Test_Crossflow_Stepover0306.tif,0.001,1.802,1.661,0.047,0.06,1709.6366084924928
0.00612,306,053_AlSiMg_200W_500mms_M0_G13_Test_Crossflow_Stepover0307.tif,0.001,1.804,1.67,0.047,0.056,1695.6223075179325
0.006125,306,053_AlSiMg_200W_500mms_M0_G13_Test_Crossflow_Stepover0307.tif,0.0,1.801,1.637,0.047,0.058,1647.238393668588
0.00613,306,053_AlSiMg_200W_500mms_M0_G13_Test_Crossflow_Stepover0307.tif,-0.001,1.8,1.611,0.046,0.06,1633.2240926940278
0.006135,306,053_AlSiMg_200W_500mms_M0_G13_Test_Crossflow_Stepover0307.tif,-0.002,1.795,1.628,0.047,0.058,1620.3906489504955
0.00614,307,053_AlSiMg_200W_500mms_M0_G13_Test_Crossflow_Stepover0308.tif,-0.001,1.788,1.612,0.046,0.06,1650.8709760948873
0.006145,307,053_AlSiMg_200W_500mms_M0_G13_Test_Crossflow_Stepover0308.tif,-0.001,1.777,1.604,0.048,0.058,1655.190283660826
0.00615,307,053_AlSiMg_200W_500mms_M0_G13_Test_Crossflow_Stepover0308.tif,-0.002,1.769,1.593,0.047,0.056,1692.0134098138435
0.006155,307,053_AlSiMg_200W_500mms_M0_G13_Test_Crossflow_Stepover0308.tif,-0.002,1.77,1.583,0.044,0.057,1685.5900334609366
0.00616,308,053_AlSiMg_200W_500mms_M0_G13_Test_Crossflow_Stepover0309.tif,-0.001,1.773,1.604,0.049,0.058,1716.3270639094214
0.006165,308,053_AlSiMg_200W_500mms_M0_G13_Test_Crossflow_Stepover0309.tif,-0.002,1.777,1.619,0.044,0.058,1700.292530075088
0.00617,308,053_AlSiMg_200W_500mms_M0_G13_Test_Crossflow_Stepover0309.tif,0.0,1.78,1.642,0.047,0.055,1762.1847906593212
0.006175,308,053_AlSiMg_200W_500mms_M0_G13_Test_Crossflow_Stepover0309.tif,0.0,1.794,1.598,0.047,0.057,1773.7455783556481
0.00618,309,053_AlSiMg_200W_500mms_M0_G13_Test_Crossflow_Stepover0310.tif,0.001,1.804,1.602,0.046,0.055,1833.6205855800085
0.006185,309,053_AlSiMg_200W_500mms_M0_G13_Test_Crossflow_Stepover0310.tif,0.001,1.808,1.597,0.047,0.055,1772.1527546157376
0.00619,309,053_AlSiMg_200W_500mms_M0_G13_Test_Crossflow_Stepover0310.tif,-0.002,1.809,1.628,0.047,0.057,1784.9126918944553
0.006195,309,053_AlSiMg_200W_500mms_M0_G13_Test_Crossflow_Stepover0310.tif,0.0,1.805,1.65,0.047,0.059,1797.6026140573492
0.0062,310,053_AlSiMg_200W_500mms_M0_G13_Test_Crossflow_Stepover0311.tif,-0.002,1.804,1.681,0.046,0.055,1820.8709206919043
0.006205,310,053_AlSiMg_200W_500mms_M0_G13_Test_Crossflow_Stepover0311.tif,0.0,1.8,1.644,0.05,0.059,2089.354245719358
0.00621,310,053_AlSiMg_200W_500mms_M0_G13_Test_Crossflow_Stepover0311.tif,-0.001,1.781,1.626,0.048,0.055,2082.8675454544323
0.006215,310,053_AlSiMg_200W_500mms_M0_G13_Test_Crossflow_Stepover0311.tif,0.0,1.776,1.605,0.057,0.058,2082.5361734313965
0.00622,311,053_AlSiMg_200W_500mms_M0_G13_Test_Crossflow_Stepover0312.tif,-0.001,1.776,1.607,0.045,0.057,2063.4245990892323
0.006225,311,053_AlSiMg_200W_500mms_M0_G13_Test_Crossflow_Stepover0312.tif,-0.001,1.775,1.635,0.051,0.061,2031.6680313570032
0.00623,311,053_AlSiMg_200W_500mms_M0_G13_Test_Crossflow_Stepover0312.tif,0.0,1.777,1.699,0.049,0.059,1785.5620391725085
0.006235,311,053_AlSiMg_200W_500mms_M0_G13_Test_Crossflow_Stepover0312.tif,0.0,1.779,1.668,0.05,0.059,1785.5620391725085
0.00624,312,053_AlSiMg_200W_500mms_M0_G13_Test_Crossflow_Stepover0313.tif,-0.001,1.794,1.661,0.049,0.058,1776.3345640076277
0.006245,312,053_AlSiMg_200W_500mms_M0_G13_Test_Crossflow_Stepover0313.tif,0.0,1.802,1.625,0.045,0.057,1769.9962789081794
0.00625,312,053_AlSiMg_200W_500mms_M0_G13_Test_Crossflow_Stepover0313.tif,0.0,1.807,1.626,0.048,0.058,1790.8256079619719
0.006255,312,053_AlSiMg_200W_500mms_M0_G13_Test_Crossflow_Stepover0313.tif,-0.001,1.807,1.597,0.047,0.057,1768.4482751190124
0.00626,313,053_AlSiMg_200W_500mms_M0_G13_Test_Crossflow_Stepover0314.tif,-0.001,1.808,1.629,0.051,0.059,1771.7219541962945
0.006265,313,053_AlSiMg_200W_500mms_M0_G13_Test_Crossflow_Stepover0314.tif,-0.001,1.801,1.642,0.047,0.057,1802.458984644779
0.00627,313,053_AlSiMg_200W_500mms_M0_G13_Test_Crossflow_Stepover0314.tif,0.001,1.795,1.6,0.046,0.058,1802.458984644779
0.006275,313,053_AlSiMg_200W_500mms_M0_G13_Test_Crossflow_Stepover0314.tif,-0.001,1.788,1.581,0.047,0.055,1813.3862233232164
0.00628,314,053_AlSiMg_200W_500mms_M0_G13_Test_Crossflow_Stepover0315.tif,-0.002,1.775,1.572,0.047,0.057,1813.3862233232162
0.006285,314,053_AlSiMg_200W_500mms_M0_G13_Test_Crossflow_Stepover0315.tif,-0.001,1.769,1.59,0.048,0.055,1829.6831616257873
0.00629,314,053_AlSiMg_200W_500mms_M0_G13_Test_Crossflow_Stepover0315.tif,-0.001,1.769,1.581,0.047,0.057,1818.1223739294605
0.006295,314,053_AlSiMg_200W_500mms_M0_G13_Test_Crossflow_Stepover0315.tif,-0.002,1.772,1.572,0.047,0.058,1793.746727654777
0.0063,315,053_AlSiMg_200W_500mms_M0_G13_Test_Crossflow_Stepover0316.tif,0.0,1.77,1.607,0.049,0.058,1715.2613969912102
0.006305,315,053_AlSiMg_200W_500mms_M0_G13_Test_Crossflow_Stepover0316.tif,-0.001,1.78,1.597,0.048,0.06,1710.1839170434353
0.00631,315,053_AlSiMg_200W_500mms_M0_G13_Test_Crossflow_Stepover0316.tif,0.001,1.794,1.586,0.049,0.061,1674.3077802969
0.006315,315,053_AlSiMg_200W_500mms_M0_G13_Test_Crossflow_Stepover0316.tif,0.001,1.798,1.609,0.05,0.061,1637.4846541438824
0.00632,316,053_AlSiMg_200W_500mms_M0_G13_Test_Crossflow_Stepover0317.tif,-0.001,1.801,1.626,0.047,0.061,1661.860300418566
0.006325,316,053_AlSiMg_200W_500mms_M0_G13_Test_Crossflow_Stepover0317.tif,-0.002,1.8,1.602,0.047,0.058,1699.1737377426252
0.00633,316,053_AlSiMg_200W_500mms_M0_G13_Test_Crossflow_Stepover0317.tif,-0.002,1.795,1.637,0.047,0.057,1686.560347482657
0.006335,316,053_AlSiMg_200W_500mms_M0_G13_Test_Crossflow_Stepover0317.tif,0.0,1.798,1.607,0.047,0.056,1728.7414109237943
0.00634,317,053_AlSiMg_200W_500mms_M0_G13_Test_Crossflow_Stepover0318.tif,-0.002,1.788,1.598,0.046,0.057,1731.9241442030973
0.006345,317,053_AlSiMg_200W_500mms_M0_G13_Test_Crossflow_Stepover0318.tif,-0.002,1.779,1.591,0.049,0.06,1754.3014770460563
0.00635,317,053_AlSiMg_200W_500mms_M0_G13_Test_Crossflow_Stepover0318.tif,0.0,1.77,1.604,0.048,0.059,1750.695508467405
0.006355,317,053_AlSiMg_200W_500mms_M0_G13_Test_Crossflow_Stepover0318.tif,0.0,1.773,1.622,0.049,0.058,1808.6318475663127
0.00636,318,053_AlSiMg_200W_500mms_M0_G13_Test_Crossflow_Stepover0319.tif,0.0,1.776,1.602,0.051,0.061,1850.7108347210553
0.006365,318,053_AlSiMg_200W_500mms_M0_G13_Test_Crossflow_Stepover0319.tif,-0.002,1.775,1.636,0.049,0.057,2128.768853249308
0.00637,318,053_AlSiMg_200W_500mms_M0_G13_Test_Crossflow_Stepover0319.tif,0.001,1.783,1.594,0.047,0.055,2075.6487887937196
0.006375,318,053_AlSiMg_200W_500mms_M0_G13_Test_Crossflow_Stepover0319.tif,0.001,1.798,1.591,0.055,0.056,2048.774430227979
0.00638,319,053_AlSiMg_200W_500mms_M0_G13_Test_Crossflow_Stepover0320.tif,0.0,1.809,1.591,0.046,0.058,2027.7685573604729
0.006385,319,053_AlSiMg_200W_500mms_M0_G13_Test_Crossflow_Stepover0320.tif,-0.001,1.812,1.614,0.047,0.058,2000.1687219206349
0.00639,319,053_AlSiMg_200W_500mms_M0_G13_Test_Crossflow_Stepover0320.tif,0.0,1.807,1.597,0.048,0.057,1742.7872615322442
0.006395,319,053_AlSiMg_200W_500mms_M0_G13_Test_Crossflow_Stepover0320.tif,-0.002,1.807,1.6,0.049,0.059,1776.731083235675
0.0064,320,053_AlSiMg_200W_500mms_M0_G13_Test_Crossflow_Stepover0321.tif,-0.002,1.804,1.618,0.05,0.06,1813.5542093886925
0.006405,320,053_AlSiMg_200W_500mms_M0_G13_Test_Crossflow_Stepover0321.tif,-0.002,1.795,1.665,0.048,0.058,1797.5157034558354
0.00641,320,053_AlSiMg_200W_500mms_M0_G13_Test_Crossflow_Stepover0321.tif,-0.001,1.783,1.66,0.049,0.058,1794.3785084471888
0.006415,320,053_AlSiMg_200W_500mms_M0_G13_Test_Crossflow_Stepover0321.tif,0.0,1.777,1.632,0.048,0.058,1807.342343181041
0.00642,321,053_AlSiMg_200W_500mms_M0_G13_Test_Crossflow_Stepover0322.tif,-0.002,1.773,1.612,0.048,0.058,1807.3423431810406
0.006425,321,053_AlSiMg_200W_500mms_M0_G13_Test_Crossflow_Stepover0322.tif,0.0,1.775,1.623,0.049,0.058,1748.645745727835
0.00643,321,053_AlSiMg_200W_500mms_M0_G13_Test_Crossflow_Stepover0322.tif,0.001,1.777,1.619,0.048,0.058,1767.8219884799923
0.006435,321,053_AlSiMg_200W_500mms_M0_G13_Test_Crossflow_Stepover0322.tif,-0.002,1.781,1.614,0.048,0.061,1767.8219884799923
0.00644,322,053_AlSiMg_200W_500mms_M0_G13_Test_Crossflow_Stepover0323.tif,-0.001,1.797,1.66,0.049,0.058,1717.9149452120485
0.006445,322,053_AlSiMg_200W_500mms_M0_G13_Test_Crossflow_Stepover0323.tif,0.0,1.808,1.622,0.048,0.058,1703.4507950904917
0.00645,322,053_AlSiMg_200W_500mms_M0_G13_Test_Crossflow_Stepover0323.tif,0.0,1.811,1.602,0.047,0.059,1759.0096557243967
0.006455,322,053_AlSiMg_200W_500mms_M0_G13_Test_Crossflow_Stepover0323.tif,0.0,1.811,1.636,0.048,0.059,1725.3692628506826
0.00646,323,053_AlSiMg_200W_500mms_M0_G13_Test_Crossflow_Stepover0324.tif,0.0,1.804,1.64,0.048,0.057,1765.4635738849404
0.006465,323,053_AlSiMg_200W_500mms_M0_G13_Test_Crossflow_Stepover0324.tif,0.001,1.801,1.637,0.048,0.059,1821.4524864740367
0.00647,323,053_AlSiMg_200W_500mms_M0_G13_Test_Crossflow_Stepover0324.tif,-0.002,1.794,1.626,0.05,0.058,1924.1380853255991
0.006475,323,053_AlSiMg_200W_500mms_M0_G13_Test_Crossflow_Stepover0324.tif,-0.002,1.783,1.629,0.051,0.06,1933.357691466052
0.00648,324,053_AlSiMg_200W_500mms_M0_G13_Test_Crossflow_Stepover0325.tif,-0.002,1.772,1.632,0.052,0.058,1966.9980843397666
0.006485,324,053_AlSiMg_200W_500mms_M0_G13_Test_Crossflow_Stepover0325.tif,0.0,1.77,1.66,0.051,0.06,1930.0409683141552
0.00649,324,053_AlSiMg_200W_500mms_M0_G13_Test_Crossflow_Stepover0325.tif,0.001,1.769,1.698,0.049,0.058,1907.9200512494922
0.006495,324,053_AlSiMg_200W_500mms_M0_G13_Test_Crossflow_Stepover0325.tif,0.001,1.772,1.626,0.049,0.059,1808.3566458132286
0.0065,325,053_AlSiMg_200W_500mms_M0_G13_Test_Crossflow_Stepover0326.tif,0.001,1.773,1.663,0.049,0.059,1802.2747764920762
0.006505,325,053_AlSiMg_200W_500mms_M0_G13_Test_Crossflow_Stepover0326.tif,-0.001,1.779,1.66,0.049,0.06,1792.3260089047992
0.00651,325,053_AlSiMg_200W_500mms_M0_G13_Test_Crossflow_Stepover0326.tif,-0.002,1.79,1.629,0.049,0.058,1774.7246637745961
0.006515,325,053_AlSiMg_200W_500mms_M0_G13_Test_Crossflow_Stepover0326.tif,-0.001,1.798,1.632,0.051,0.061,1718.0644486185545
0.00652,326,053_AlSiMg_200W_500mms_M0_G13_Test_Crossflow_Stepover0327.tif,-0.002,1.8,1.714,0.048,0.059,1701.8296689593276
0.006525,326,053_AlSiMg_200W_500mms_M0_G13_Test_Crossflow_Stepover0327.tif,0.001,1.801,1.698,0.047,0.061,1701.8296689593276
0.00653,326,053_AlSiMg_200W_500mms_M0_G13_Test_Crossflow_Stepover0327.tif,0.0,1.795,1.661,0.048,0.06,1755.6099106819706
0.006535,326,053_AlSiMg_200W_500mms_M0_G13_Test_Crossflow_Stepover0327.tif,-0.002,1.794,1.643,0.049,0.058,1789.2503035556852
0.00654,327,053_AlSiMg_200W_500mms_M0_G13_Test_Crossflow_Stepover0328.tif,0.0,1.784,1.64,0.051,0.058,1858.811829635937
0.006545,327,053_AlSiMg_200W_500mms_M0_G13_Test_Crossflow_Stepover0328.tif,0.001,1.773,1.66,0.049,0.058,1886.388566001422
0.00655,327,053_AlSiMg_200W_500mms_M0_G13_Test_Crossflow_Stepover0328.tif,-0.001,1.77,1.658,0.048,0.057,1870.3495182579106
0.006555,327,053_AlSiMg_200W_500mms_M0_G13_Test_Crossflow_Stepover0328.tif,-0.001,1.769,1.661,0.048,0.058,1844.3861801707503
0.00656,328,053_AlSiMg_200W_500mms_M0_G13_Test_Crossflow_Stepover0329.tif,0.001,1.775,1.656,0.049,0.059,1882.2865562176667
0.006565,328,053_AlSiMg_200W_500mms_M0_G13_Test_Crossflow_Stepover0329.tif,-0.001,1.78,1.647,0.049,0.057,1851.7839001632533
0.00657,328,053_AlSiMg_200W_500mms_M0_G13_Test_Crossflow_Stepover0329.tif,-0.001,1.784,1.644,0.049,0.056,1809.1454801755579
0.006575,328,053_AlSiMg_200W_500mms_M0_G13_Test_Crossflow_Stepover0329.tif,0.0,1.798,1.625,0.048,0.059,1825.1845279190688
0.00658,329,053_AlSiMg_200W_500mms_M0_G13_Test_Crossflow_Stepover0330.tif,0.001,1.807,1.612,0.047,0.06,1776.798192412448
0.006585,329,053_AlSiMg_200W_500mms_M0_G13_Test_Crossflow_Stepover0330.tif,0.0,1.814,1.625,0.049,0.058,1725.9339816316792
0.00659,329,053_AlSiMg_200W_500mms_M0_G13_Test_Crossflow_Stepover0330.tif,-0.002,1.811,1.618,0.049,0.06,1729.056175046978
0.006595,329,053_AlSiMg_200W_500mms_M0_G13_Test_Crossflow_Stepover0330.tif,0.0,1.808,1.653,0.05,0.06,1750.2555966469263
0.0066,330,053_AlSiMg_200W_500mms_M0_G13_Test_Crossflow_Stepover0331.tif,-0.002,1.804,1.685,0.049,0.06,1703.5026175292835
0.006605,330,053_AlSiMg_200W_500mms_M0_G13_Test_Crossflow_Stepover0331.tif,-0.002,1.8,1.646,0.05,0.062,1777.8522911230655
0.00661,330,053_AlSiMg_200W_500mms_M0_G13_Test_Crossflow_Stepover0331.tif,0.0,1.788,1.639,0.048,0.06,1753.9929997039003
0.006615,330,053_AlSiMg_200W_500mms_M0_G13_Test_Crossflow_Stepover0331.tif,-0.001,1.781,1.668,0.051,0.058,1753.9929997039003
0.00662,331,053_AlSiMg_200W_500mms_M0_G13_Test_Crossflow_Stepover0332.tif,0.0,1.777,1.63,0.047,0.058,1794.6082408438047
0.006625,331,053_AlSiMg_200W_500mms_M0_G13_Test_Crossflow_Stepover0332.tif,-0.001,1.78,1.636,0.049,0.06,1794.608240843805
0.00663,331,053_AlSiMg_200W_500mms_M0_G13_Test_Crossflow_Stepover0332.tif,0.001,1.777,1.609,0.049,0.058,1717.136373834724
0.006635,331,053_AlSiMg_200W_500mms_M0_G13_Test_Crossflow_Stepover0332.tif,-0.002,1.781,1.616,0.048,0.06,1723.4413005293259
0.00664,332,053_AlSiMg_200W_500mms_M0_G13_Test_Crossflow_Stepover0333.tif,0.0,1.791,1.605,0.048,0.059,1737.9204522442305
0.006645,332,053_AlSiMg_200W_500mms_M0_G13_Test_Crossflow_Stepover0333.tif,0.001,1.798,1.622,0.049,0.06,1697.3052111043257
0.00665,332,053_AlSiMg_200W_500mms_M0_G13_Test_Crossflow_Stepover0333.tif,-0.002,1.807,1.622,0.049,0.059,1753.0881606381524
0.006655,332,053_AlSiMg_200W_500mms_M0_G13_Test_Crossflow_Stepover0333.tif,0.0,1.802,1.619,0.05,0.062,1776.7797859245898
0.00666,333,053_AlSiMg_200W_500mms_M0_G13_Test_Crossflow_Stepover0334.tif,-0.002,1.798,1.66,0.052,0.061,1776.7797859245898
0.006665,333,053_AlSiMg_200W_500mms_M0_G13_Test_Crossflow_Stepover0334.tif,-0.002,1.795,1.726,0.051,0.061,1804.7375261075315
0.00667,333,053_AlSiMg_200W_500mms_M0_G13_Test_Crossflow_Stepover0334.tif,-0.002,1.793,1.684,0.049,0.06,1838.360684076164
0.006675,333,053_AlSiMg_200W_500mms_M0_G13_Test_Crossflow_Stepover0334.tif,-0.001,1.783,1.661,0.053,0.062,1819.3819460727032
0.00668,334,053_AlSiMg_200W_500mms_M0_G13_Test_Crossflow_Stepover0335.tif,0.001,1.769,1.693,0.052,0.062,1819.3819460727032
0.006685,334,053_AlSiMg_200W_500mms_M0_G13_Test_Crossflow_Stepover0335.tif,-0.002,1.768,1.685,0.051,0.061,1825.4515787113137
0.00669,334,053_AlSiMg_200W_500mms_M0_G13_Test_Crossflow_Stepover0335.tif,0.0,1.773,1.663,0.051,0.061,1800.5690515380313
0.006695,334,053_AlSiMg_200W_500mms_M0_G13_Test_Crossflow_Stepover0335.tif,0.001,1.772,1.681,0.051,0.062,1837.2405956121947
0.0067,335,053_AlSiMg_200W_500mms_M0_G13_Test_Crossflow_Stepover0336.tif,-0.002,1.773,1.672,0.05,0.06,1871.0912188519164
0.006705,335,053_AlSiMg_200W_500mms_M0_G13_Test_Crossflow_Stepover0336.tif,-0.002,1.787,1.689,0.053,0.061,1871.0912188519164
0.00671,335,053_AlSiMg_200W_500mms_M0_G13_Test_Crossflow_Stepover0336.tif,0.001,1.8,1.678,0.051,0.059,1901.6216549928736
0.006715,335,053_AlSiMg_200W_500mms_M0_G13_Test_Crossflow_Stepover0336.tif,0.001,1.805,1.675,0.051,0.061,1884.0672902683098
0.00672,336,053_AlSiMg_200W_500mms_M0_G13_Test_Crossflow_Stepover0337.tif,0.001,1.808,1.661,0.051,0.06,1844.4390617781414
0.006725,336,053_AlSiMg_200W_500mms_M0_G13_Test_Crossflow_Stepover0337.tif,0.0,1.808,1.665,0.049,0.06,1813.5451229544246
0.00673,336,053_AlSiMg_200W_500mms_M0_G13_Test_Crossflow_Stepover0337.tif,-0.002,1.802,1.672,0.051,0.061,1799.0453237218967
0.006735,336,053_AlSiMg_200W_500mms_M0_G13_Test_Crossflow_Stepover0337.tif,0.001,1.8,1.651,0.052,0.062,1799.0453237218967
0.00674,337,053_AlSiMg_200W_500mms_M0_G13_Test_Crossflow_Stepover0338.tif,0.0,1.793,1.675,0.051,0.062,1799.0453237218967
0.006745,337,053_AlSiMg_200W_500mms_M0_G13_Test_Crossflow_Stepover0338.tif,0.0,1.784,1.707,0.051,0.06,1792.9550435656624
0.00675,337,053_AlSiMg_200W_500mms_M0_G13_Test_Crossflow_Stepover0338.tif,0.001,1.781,1.685,0.049,0.06,1789.9983591496577
0.006755,337,053_AlSiMg_200W_500mms_M0_G13_Test_Crossflow_Stepover0338.tif,-0.002,1.777,1.72,0.049,0.059,1783.928726511047
0.00676,338,053_AlSiMg_200W_500mms_M0_G13_Test_Crossflow_Stepover0339.tif,-0.001,1.783,1.71,0.051,0.061,1801.7487128423393
0.006765,338,053_AlSiMg_200W_500mms_M0_G13_Test_Crossflow_Stepover0339.tif,0.0,1.783,1.709,0.049,0.06,1901.312118278603
0.00677,338,053_AlSiMg_200W_500mms_M0_G13_Test_Crossflow_Stepover0339.tif,0.001,1.784,1.686,0.051,0.059,1855.5365032822615
0.006775,338,053_AlSiMg_200W_500mms_M0_G13_Test_Crossflow_Stepover0339.tif,0.0,1.797,1.696,0.052,0.058,1892.3069083032708
0.00678,339,053_AlSiMg_200W_500mms_M0_G13_Test_Crossflow_Stepover0340.tif,0.001,1.805,1.713,0.047,0.06,1909.8612730278342
0.006785,339,053_AlSiMg_200W_500mms_M0_G13_Test_Crossflow_Stepover0340.tif,0.001,1.802,1.684,0.052,0.06,1855.441217916974
0.00679,339,053_AlSiMg_200W_500mms_M0_G13_Test_Crossflow_Stepover0340.tif,0.001,1.801,1.677,0.05,0.06,1786.396011939126
0.006795,339,053_AlSiMg_200W_500mms_M0_G13_Test_Crossflow_Stepover0340.tif,0.0,1.795,1.688,0.049,0.06,1829.034431926821
0.0068,340,053_AlSiMg_200W_500mms_M0_G13_Test_Crossflow_Stepover0341.tif,0.0,1.791,1.668,0.049,0.058,1783.0365517409311
0.006805,340,053_AlSiMg_200W_500mms_M0_G13_Test_Crossflow_Stepover0341.tif,-0.001,1.784,1.675,0.048,0.058,1819.902242127228
0.00681,340,053_AlSiMg_200W_500mms_M0_G13_Test_Crossflow_Stepover0341.tif,-0.002,1.772,1.665,0.048,0.058,1834.3813938421322
0.006815,340,053_AlSiMg_200W_500mms_M0_G13_Test_Crossflow_Stepover0341.tif,0.0,1.765,1.671,0.051,0.059,1834.3813938421324
0.00682,341,053_AlSiMg_200W_500mms_M0_G13_Test_Crossflow_Stepover0342.tif,-0.001,1.765,1.658,0.049,0.059,1853.55763659429
0.006825,341,053_AlSiMg_200W_500mms_M0_G13_Test_Crossflow_Stepover0342.tif,0.0,1.768,1.66,0.049,0.058,1875.8064059451003
0.00683,341,053_AlSiMg_200W_500mms_M0_G13_Test_Crossflow_Stepover0342.tif,0.0,1.768,1.654,0.049,0.058,1889.8049263395726
0.006835,341,053_AlSiMg_200W_500mms_M0_G13_Test_Crossflow_Stepover0342.tif,-0.001,1.776,1.695,0.05,0.059,1896.2265785188424
0.00684,342,053_AlSiMg_200W_500mms_M0_G13_Test_Crossflow_Stepover0343.tif,0.001,1.79,1.677,0.049,0.056,1862.586185645128
0.006845,342,053_AlSiMg_200W_500mms_M0_G13_Test_Crossflow_Stepover0343.tif,0.0,1.8,1.661,0.046,0.055,1840.208852802169
0.00685,342,053_AlSiMg_200W_500mms_M0_G13_Test_Crossflow_Stepover0343.tif,0.001,1.805,1.707,0.048,0.059,1787.229282935572
0.006855,342,053_AlSiMg_200W_500mms_M0_G13_Test_Crossflow_Stepover0343.tif,-0.001,1.807,1.692,0.047,0.057,1749.3289068886552
0.00686,343,053_AlSiMg_200W_500mms_M0_G13_Test_Crossflow_Stepover0344.tif,0.002,1.807,1.684,0.047,0.059,1748.9975348656194
0.006865,343,053_AlSiMg_200W_500mms_M0_G13_Test_Crossflow_Stepover0344.tif,0.0,1.802,1.681,0.049,0.058,1788.7197970604861
0.00687,343,053_AlSiMg_200W_500mms_M0_G13_Test_Crossflow_Stepover0344.tif,-0.001,1.798,1.661,0.051,0.061,1767.4408935707602
0.006875,343,053_AlSiMg_200W_500mms_M0_G13_Test_Crossflow_Stepover0344.tif,-0.002,1.783,1.651,0.051,0.06,1792.8993700188996
0.00688,344,053_AlSiMg_200W_500mms_M0_G13_Test_Crossflow_Stepover0345.tif,0.0,1.776,1.632,0.049,0.061,1798.981239340052
0.006885,344,053_AlSiMg_200W_500mms_M0_G13_Test_Crossflow_Stepover0345.tif,-0.002,1.773,1.639,0.051,0.062,1855.6261127926457
0.00689,344,053_AlSiMg_200W_500mms_M0_G13_Test_Crossflow_Stepover0345.tif,-0.002,1.776,1.637,0.051,0.06,1805.8880071388085
0.006895,344,053_AlSiMg_200W_500mms_M0_G13_Test_Crossflow_Stepover0345.tif,0.001,1.775,1.653,0.052,0.059,1855.6261127926457
0.0069,345,053_AlSiMg_200W_500mms_M0_G13_Test_Crossflow_Stepover0346.tif,-0.002,1.779,1.658,0.049,0.061,1909.7541405153418
0.006905,345,053_AlSiMg_200W_500mms_M0_G13_Test_Crossflow_Stepover0346.tif,-0.002,1.791,1.636,0.051,0.06,1876.2174584034553
0.00691,345,053_AlSiMg_200W_500mms_M0_G13_Test_Crossflow_Stepover0346.tif,-0.002,1.804,1.688,0.053,0.061,1805.0727857183338
0.006915,345,053_AlSiMg_200W_500mms_M0_G13_Test_Crossflow_Stepover0346.tif,-0.002,1.807,1.674,0.05,0.061,1835.7651873171667
0.00692,346,053_AlSiMg_200W_500mms_M0_G13_Test_Crossflow_Stepover0347.tif,-0.001,1.809,1.668,0.051,0.062,1799.1651185375988
0.006925,346,053_AlSiMg_200W_500mms_M0_G13_Test_Crossflow_Stepover0347.tif,0.001,1.809,1.675,0.05,0.06,1796.3072950684405
0.00693,346,053_AlSiMg_200W_500mms_M0_G13_Test_Crossflow_Stepover0347.tif,-0.002,1.807,1.716,0.049,0.06,1813.813340271897
0.006935,346,053_AlSiMg_200W_500mms_M0_G13_Test_Crossflow_Stepover0347.tif,-0.002,1.807,1.675,0.052,0.06,1865.0835445254347
0.00694,347,053_AlSiMg_200W_500mms_M0_G13_Test_Crossflow_Stepover0348.tif,0.0,1.794,1.658,0.051,0.061,1868.0986116720098
0.006945,347,053_AlSiMg_200W_500mms_M0_G13_Test_Crossflow_Stepover0348.tif,0.001,1.781,1.664,0.052,0.06,1904.6986804515777
0.00695,347,053_AlSiMg_200W_500mms_M0_G13_Test_Crossflow_Stepover0348.tif,0.0,1.773,1.674,0.051,0.061,1867.9282754305682
0.006955,347,053_AlSiMg_200W_500mms_M0_G13_Test_Crossflow_Stepover0348.tif,0.001,1.77,1.675,0.051,0.06,1853.4284761980402
0.00696,348,053_AlSiMg_200W_500mms_M0_G13_Test_Crossflow_Stepover0349.tif,-0.002,1.772,1.714,0.051,0.061,1805.1089795471376
0.006965,348,053_AlSiMg_200W_500mms_M0_G13_Test_Crossflow_Stepover0349.tif,0.001,1.773,1.73,0.051,0.062,1805.1089795471376
0.00697,348,053_AlSiMg_200W_500mms_M0_G13_Test_Crossflow_Stepover0349.tif,0.001,1.777,1.696,0.052,0.063,1813.7769326001896
0.006975,348,053_AlSiMg_200W_500mms_M0_G13_Test_Crossflow_Stepover0349.tif,0.001,1.788,1.681,0.051,0.061,1799.2771333676617
0.00698,349,053_AlSiMg_200W_500mms_M0_G13_Test_Crossflow_Stepover0350.tif,0.0,1.797,1.684,0.054,0.063,1832.755670603651
0.006985,349,053_AlSiMg_200W_500mms_M0_G13_Test_Crossflow_Stepover0350.tif,0.001,1.8,1.681,0.051,0.062,1838.496580006048
0.00699,349,053_AlSiMg_200W_500mms_M0_G13_Test_Crossflow_Stepover0350.tif,-0.001,1.801,1.678,0.052,0.061,1857.475318009509
0.006995,349,053_AlSiMg_200W_500mms_M0_G13_Test_Crossflow_Stepover0350.tif,-0.001,1.802,1.681,0.054,0.065,1805.0970170368455
0.007,350,053_AlSiMg_200W_500mms_M0_G13_Test_Crossflow_Stepover0351.tif,0.0,1.798,1.755,0.052,0.061,1819.5968162693734
0.007005,350,053_AlSiMg_200W_500mms_M0_G13_Test_Crossflow_Stepover0351.tif,-0.001,1.79,1.696,0.051,0.063,1789.0689866360194
0.00701,350,053_AlSiMg_200W_500mms_M0_G13_Test_Crossflow_Stepover0351.tif,-0.001,1.779,1.703,0.051,0.061,1797.83385327952
0.007015,350,053_AlSiMg_200W_500mms_M0_G13_Test_Crossflow_Stepover0351.tif,0.001,1.773,1.681,0.052,0.063,1787.5567297686327
0.00702,351,053_AlSiMg_200W_500mms_M0_G13_Test_Crossflow_Stepover0352.tif,0.001,1.77,1.682,0.052,0.062,1880.0981941593432
0.007025,351,053_AlSiMg_200W_500mms_M0_G13_Test_Crossflow_Stepover0352.tif,-0.001,1.77,1.667,0.054,0.064,1899.0769321628043
0.00703,351,053_AlSiMg_200W_500mms_M0_G13_Test_Crossflow_Stepover0352.tif,-0.001,1.772,1.66,0.055,0.062,1953.0520776734588
0.007035,351,053_AlSiMg_200W_500mms_M0_G13_Test_Crossflow_Stepover0352.tif,-0.002,1.775,1.643,0.052,0.061,1925.3496711147127
0.00704,352,053_AlSiMg_200W_500mms_M0_G13_Test_Crossflow_Stepover0353.tif,0.0,1.788,1.635,0.054,0.062,1876.9344731731667
0.007045,352,053_AlSiMg_200W_500mms_M0_G13_Test_Crossflow_Stepover0353.tif,0.0,1.801,1.709,0.052,0.064,1815.029404209643
0.00705,352,053_AlSiMg_200W_500mms_M0_G13_Test_Crossflow_Stepover0353.tif,0.0,1.807,1.65,0.051,0.064,1756.33708275721
0.007055,352,053_AlSiMg_200W_500mms_M0_G13_Test_Crossflow_Stepover0353.tif,-0.001,1.802,1.647,0.052,0.062,1719.7677087994812
0.00706,353,053_AlSiMg_200W_500mms_M0_G13_Test_Crossflow_Stepover0354.tif,-0.002,1.802,1.692,0.051,0.064,1798.2936726648663
0.007065,353,053_AlSiMg_200W_500mms_M0_G13_Test_Crossflow_Stepover0354.tif,0.0,1.8,1.742,0.053,0.063,1810.3275451026561
0.00707,353,053_AlSiMg_200W_500mms_M0_G13_Test_Crossflow_Stepover0354.tif,-0.002,1.797,1.712,0.051,0.058,1792.8710614541233
0.007075,353,053_AlSiMg_200W_500mms_M0_G13_Test_Crossflow_Stepover0354.tif,0.0,1.786,1.667,0.051,0.063,1854.452104929803
0.00708,354,053_AlSiMg_200W_500mms_M0_G13_Test_Crossflow_Stepover0355.tif,-0.002,1.775,1.679,0.051,0.062,1848.5954250067705
0.007085,354,053_AlSiMg_200W_500mms_M0_G13_Test_Crossflow_Stepover0355.tif,0.001,1.776,1.682,0.053,0.062,1859.6769366636559
0.00709,354,053_AlSiMg_200W_500mms_M0_G13_Test_Crossflow_Stepover0355.tif,-0.001,1.773,1.706,0.051,0.061,1872.85684844231
0.007095,354,053_AlSiMg_200W_500mms_M0_G13_Test_Crossflow_Stepover0355.tif,0.0,1.776,1.682,0.055,0.062,1887.3566476748379
0.0071,355,053_AlSiMg_200W_500mms_M0_G13_Test_Crossflow_Stepover0356.tif,0.0,1.78,1.688,0.051,0.062,1884.4679256515913
0.007105,355,053_AlSiMg_200W_500mms_M0_G13_Test_Crossflow_Stepover0356.tif,-0.002,1.787,1.703,0.051,0.061,1918.3185488913127
0.00711,355,053_AlSiMg_200W_500mms_M0_G13_Test_Crossflow_Stepover0356.tif,0.0,1.804,1.721,0.052,0.061,1869.4874324202133
0.007115,355,053_AlSiMg_200W_500mms_M0_G13_Test_Crossflow_Stepover0356.tif,-0.001,1.811,1.74,0.051,0.059,1869.4874324202133
0.00712,356,053_AlSiMg_200W_500mms_M0_G13_Test_Crossflow_Stepover0357.tif,-0.002,1.812,1.74,0.051,0.06,1848.9180005490748
0.007125,356,053_AlSiMg_200W_500mms_M0_G13_Test_Crossflow_Stepover0357.tif,0.0,1.809,1.706,0.051,0.062,1829.9392625456137
0.00713,356,053_AlSiMg_200W_500mms_M0_G13_Test_Crossflow_Stepover0357.tif,-0.001,1.808,1.67,0.049,0.06,1765.4221657532642
0.007135,356,053_AlSiMg_200W_500mms_M0_G13_Test_Crossflow_Stepover0357.tif,-0.001,1.8,1.658,0.051,0.061,1783.242152084557
0.00714,357,053_AlSiMg_200W_500mms_M0_G13_Test_Crossflow_Stepover0358.tif,0.0,1.793,1.698,0.05,0.062,1788.5144761522038
0.007145,357,053_AlSiMg_200W_500mms_M0_G13_Test_Crossflow_Stepover0358.tif,-0.001,1.78,1.65,0.051,0.059,1788.5144761522038
0.00715,357,053_AlSiMg_200W_500mms_M0_G13_Test_Crossflow_Stepover0358.tif,0.0,1.775,1.646,0.048,0.058,1751.710264621838
0.007155,357,053_AlSiMg_200W_500mms_M0_G13_Test_Crossflow_Stepover0358.tif,0.001,1.772,1.656,0.049,0.06,1792.325505761743
0.00716,358,053_AlSiMg_200W_500mms_M0_G13_Test_Crossflow_Stepover0359.tif,0.001,1.772,1.639,0.048,0.06,1721.6706709916555
0.007165,358,053_AlSiMg_200W_500mms_M0_G13_Test_Crossflow_Stepover0359.tif,0.0,1.776,1.633,0.049,0.058,1740.8469137438133
0.00717,358,053_AlSiMg_200W_500mms_M0_G13_Test_Crossflow_Stepover0359.tif,-0.002,1.775,1.651,0.048,0.06,1798.1867506359617
0.007175,358,053_AlSiMg_200W_500mms_M0_G13_Test_Crossflow_Stepover0359.tif,0.001,1.793,1.625,0.049,0.058,1844.939729753604
0.00718,359,053_AlSiMg_200W_500mms_M0_G13_Test_Crossflow_Stepover0360.tif,-0.001,1.798,1.619,0.052,0.06,1851.0215990747565
0.007185,359,053_AlSiMg_200W_500mms_M0_G13_Test_Crossflow_Stepover0360.tif,0.001,1.804,1.658,0.049,0.058,1860.9514520393816
0.00719,359,053_AlSiMg_200W_500mms_M0_G13_Test_Crossflow_Stepover0360.tif,-0.002,1.8,1.65,0.051,0.06,1814.198472921739
0.007195,359,053_AlSiMg_200W_500mms_M0_G13_Test_Crossflow_Stepover0360.tif,0.0,1.798,1.698,0.047,0.058,1771.3377877444952
0.0072,360,053_AlSiMg_200W_500mms_M0_G13_Test_Crossflow_Stepover0361.tif,-0.002,1.797,1.688,0.048,0.06,1771.3377877444952
0.007205,360,053_AlSiMg_200W_500mms_M0_G13_Test_Crossflow_Stepover0361.tif,0.0,1.791,1.684,0.049,0.059,1746.0796756711854
0.00721,360,053_AlSiMg_200W_500mms_M0_G13_Test_Crossflow_Stepover0361.tif,-0.001,1.776,1.678,0.049,0.058,1739.2465654915177
0.007215,360,053_AlSiMg_200W_500mms_M0_G13_Test_Crossflow_Stepover0361.tif,-0.002,1.77,1.678,0.048,0.058,1769.9604968656495
0.00722,361,053_AlSiMg_200W_500mms_M0_G13_Test_Crossflow_Stepover0362.tif,0.0,1.769,1.681,0.049,0.061,1755.4813451507448
0.007225,361,053_AlSiMg_200W_500mms_M0_G13_Test_Crossflow_Stepover0362.tif,0.001,1.772,1.689,0.049,0.059,1728.0265323600106
0.00723,361,053_AlSiMg_200W_500mms_M0_G13_Test_Crossflow_Stepover0362.tif,-0.001,1.775,1.664,0.049,0.06,1722.7542082923635
0.007235,361,053_AlSiMg_200W_500mms_M0_G13_Test_Crossflow_Stepover0362.tif,-0.001,1.777,1.688,0.05,0.061,1756.4616770377718
0.00724,362,053_AlSiMg_200W_500mms_M0_G13_Test_Crossflow_Stepover0363.tif,0.0,1.793,1.692,0.051,0.062,1708.8793733909583
0.007245,362,053_AlSiMg_200W_500mms_M0_G13_Test_Crossflow_Stepover0363.tif,0.001,1.807,1.678,0.051,0.061,1821.3623045867091
0.00725,362,053_AlSiMg_200W_500mms_M0_G13_Test_Crossflow_Stepover0363.tif,0.001,1.807,1.667,0.05,0.064,1886.7174934243599
0.007255,362,053_AlSiMg_200W_500mms_M0_G13_Test_Crossflow_Stepover0363.tif,-0.002,1.805,1.667,0.057,0.063,1920.1960306603482
0.00726,363,053_AlSiMg_200W_500mms_M0_G13_Test_Crossflow_Stepover0364.tif,-0.001,1.805,1.707,0.056,0.064,1936.2266675687777
0.007265,363,053_AlSiMg_200W_500mms_M0_G13_Test_Crossflow_Stepover0364.tif,-0.002,1.804,1.779,0.052,0.061,2008.877989375286
0.00727,363,053_AlSiMg_200W_500mms_M0_G13_Test_Crossflow_Stepover0364.tif,0.0,1.797,1.762,0.051,0.06,1979.1480223708872
0.007275,363,053_AlSiMg_200W_500mms_M0_G13_Test_Crossflow_Stepover0364.tif,0.0,1.787,1.821,0.052,0.061,1934.2555631526986
0.00728,364,053_AlSiMg_200W_500mms_M0_G13_Test_Crossflow_Stepover0365.tif,-0.001,1.776,1.749,0.054,0.061,1954.9050536394057
0.007285,364,053_AlSiMg_200W_500mms_M0_G13_Test_Crossflow_Stepover0365.tif,-0.001,1.772,1.719,0.052,0.062,1978.5026452211453
0.00729,364,053_AlSiMg_200W_500mms_M0_G13_Test_Crossflow_Stepover0365.tif,-0.002,1.773,1.713,0.053,0.061,1962.4805916336888
0.007295,364,053_AlSiMg_200W_500mms_M0_G13_Test_Crossflow_Stepover0365.tif,0.0,1.776,1.677,0.053,0.061,1897.2819921669004
0.0073,365,053_AlSiMg_200W_500mms_M0_G13_Test_Crossflow_Stepover0366.tif,-0.002,1.78,1.656,0.052,0.062,1860.6178390054877
0.007305,365,053_AlSiMg_200W_500mms_M0_G13_Test_Crossflow_Stepover0366.tif,-0.002,1.79,1.67,0.05,0.06,1800.4201786441804
0.00731,365,053_AlSiMg_200W_500mms_M0_G13_Test_Crossflow_Stepover0366.tif,0.0,1.802,1.649,0.049,0.061,1760.7919501540123
0.007315,365,053_AlSiMg_200W_500mms_M0_G13_Test_Crossflow_Stepover0366.tif,0.0,1.808,1.65,0.049,0.06,1757.8352657380074
0.00732,366,053_AlSiMg_200W_500mms_M0_G13_Test_Crossflow_Stepover0367.tif,-0.002,1.807,1.646,0.051,0.061,1757.8352657380074
0.007325,366,053_AlSiMg_200W_500mms_M0_G13_Test_Crossflow_Stepover0367.tif,-0.001,1.801,1.661,0.051,0.061,1777.0429352508877
0.00733,366,053_AlSiMg_200W_500mms_M0_G13_Test_Crossflow_Stepover0367.tif,-0.002,1.798,1.681,0.05,0.06,1851.3926088446701
0.007335,366,053_AlSiMg_200W_500mms_M0_G13_Test_Crossflow_Stepover0367.tif,0.001,1.795,1.658,0.051,0.062,1845.3023286884356
0.00734,367,053_AlSiMg_200W_500mms_M0_G13_Test_Crossflow_Stepover0368.tif,-0.001,1.786,1.67,0.051,0.058,1882.072733709445
0.007345,367,053_AlSiMg_200W_500mms_M0_G13_Test_Crossflow_Stepover0368.tif,-0.001,1.773,1.685,0.049,0.059,1878.997520699786
0.00735,367,053_AlSiMg_200W_500mms_M0_G13_Test_Crossflow_Stepover0368.tif,0.001,1.766,1.668,0.052,0.06,1947.2775616549575
0.007355,367,053_AlSiMg_200W_500mms_M0_G13_Test_Crossflow_Stepover0368.tif,0.0,1.768,1.741,0.049,0.059,1887.40703977608
0.00736,368,053_AlSiMg_200W_500mms_M0_G13_Test_Crossflow_Stepover0369.tif,0.0,1.772,1.763,0.051,0.058,1872.9278880611753
0.007365,368,053_AlSiMg_200W_500mms_M0_G13_Test_Crossflow_Stepover0369.tif,0.0,1.772,1.818,0.049,0.059,1849.1787772260952
0.00737,368,053_AlSiMg_200W_500mms_M0_G13_Test_Crossflow_Stepover0369.tif,-0.001,1.779,1.811,0.049,0.06,1846.0415822174486
0.007375,368,053_AlSiMg_200W_500mms_M0_G13_Test_Crossflow_Stepover0369.tif,0.001,1.793,1.798,0.05,0.059,1768.569715208368
0.00738,369,053_AlSiMg_200W_500mms_M0_G13_Test_Crossflow_Stepover0370.tif,-0.002,1.798,1.728,0.048,0.058,1778.2659639432536
0.007385,369,053_AlSiMg_200W_500mms_M0_G13_Test_Crossflow_Stepover0370.tif,0.0,1.802,1.724,0.048,0.059,1808.784163401669
0.00739,369,053_AlSiMg_200W_500mms_M0_G13_Test_Crossflow_Stepover0370.tif,0.001,1.802,1.685,0.047,0.056,1775.1934373446009
0.007395,369,053_AlSiMg_200W_500mms_M0_G13_Test_Crossflow_Stepover0370.tif,-0.001,1.801,1.661,0.049,0.058,1775.1934373446006
0.0074,370,053_AlSiMg_200W_500mms_M0_G13_Test_Crossflow_Stepover0371.tif,-0.002,1.798,1.653,0.049,0.06,1762.0808511006726
0.007405,370,053_AlSiMg_200W_500mms_M0_G13_Test_Crossflow_Stepover0371.tif,0.0,1.793,1.644,0.048,0.058,1755.4598153754462
0.00741,370,053_AlSiMg_200W_500mms_M0_G13_Test_Crossflow_Stepover0371.tif,-0.002,1.779,1.682,0.048,0.06,1718.6366892224287
0.007415,370,053_AlSiMg_200W_500mms_M0_G13_Test_Crossflow_Stepover0371.tif,-0.001,1.773,1.674,0.05,0.06,1729.9786459286865
0.00742,371,053_AlSiMg_200W_500mms_M0_G13_Test_Crossflow_Stepover0372.tif,0.0,1.775,1.695,0.047,0.058,1733.1158409373334
0.007425,371,053_AlSiMg_200W_500mms_M0_G13_Test_Crossflow_Stepover0372.tif,0.001,1.775,1.661,0.048,0.058,1817.7691961018925
0.00743,371,053_AlSiMg_200W_500mms_M0_G13_Test_Crossflow_Stepover0372.tif,0.0,1.775,1.692,0.049,0.059,1836.814900156897
0.007435,371,053_AlSiMg_200W_500mms_M0_G13_Test_Crossflow_Stepover0372.tif,0.0,1.783,1.699,0.049,0.056,1854.4617835577562
0.00744,372,053_AlSiMg_200W_500mms_M0_G13_Test_Crossflow_Stepover0373.tif,0.0,1.79,1.682,0.051,0.06,1854.4617835577562
0.007445,372,053_AlSiMg_200W_500mms_M0_G13_Test_Crossflow_Stepover0373.tif,0.0,1.804,1.712,0.048,0.058,1833.6777051482502
0.00745,372,053_AlSiMg_200W_500mms_M0_G13_Test_Crossflow_Stepover0373.tif,0.001,1.808,1.7,0.048,0.058,1776.6010863491756
0.007455,372,053_AlSiMg_200W_500mms_M0_G13_Test_Crossflow_Stepover0373.tif,0.001,1.808,1.682,0.047,0.058,1770.5192170280236
0.00746,373,053_AlSiMg_200W_500mms_M0_G13_Test_Crossflow_Stepover0374.tif,-0.002,1.805,1.663,0.048,0.058,1770.5192170280236
0.007465,373,053_AlSiMg_200W_500mms_M0_G13_Test_Crossflow_Stepover0374.tif,-0.002,1.805,1.66,0.049,0.058,1752.872333627164
0.00747,373,053_AlSiMg_200W_500mms_M0_G13_Test_Crossflow_Stepover0374.tif,0.001,1.805,1.651,0.048,0.058,1752.872333627164
0.007475,373,053_AlSiMg_200W_500mms_M0_G13_Test_Crossflow_Stepover0374.tif,-0.001,1.787,1.644,0.047,0.058,1752.872333627164
0.00748,374,053_AlSiMg_200W_500mms_M0_G13_Test_Crossflow_Stepover0375.tif,-0.002,1.777,1.654,0.047,0.058,1730.4950007842049
0.007485,374,053_AlSiMg_200W_500mms_M0_G13_Test_Crossflow_Stepover0375.tif,0.001,1.772,1.668,0.048,0.058,1749.671243536363
0.00749,374,053_AlSiMg_200W_500mms_M0_G13_Test_Crossflow_Stepover0375.tif,0.0,1.775,1.695,0.047,0.057,1773.5305349555279
0.007495,374,053_AlSiMg_200W_500mms_M0_G13_Test_Crossflow_Stepover0375.tif,0.0,1.775,1.71,0.049,0.058,1760.4466178406008
0.0075,375,053_AlSiMg_200W_500mms_M0_G13_Test_Crossflow_Stepover0376.tif,0.0,1.777,1.702,0.05,0.06,1782.6953871914113
0.007505,375,053_AlSiMg_200W_500mms_M0_G13_Test_Crossflow_Stepover0376.tif,-0.002,1.783,1.726,0.047,0.059,1805.0727200343706
0.00751,375,053_AlSiMg_200W_500mms_M0_G13_Test_Crossflow_Stepover0376.tif,-0.001,1.797,1.713,0.05,0.059,1805.0727200343704
0.007515,375,053_AlSiMg_200W_500mms_M0_G13_Test_Crossflow_Stepover0376.tif,0.0,1.8,1.728,0.049,0.058,1798.8603120160647
0.00752,376,053_AlSiMg_200W_500mms_M0_G13_Test_Crossflow_Stepover0377.tif,0.0,1.8,1.705,0.049,0.058,1845.6296184647085
0.007525,376,053_AlSiMg_200W_500mms_M0_G13_Test_Crossflow_Stepover0377.tif,0.0,1.798,1.681,0.048,0.058,1842.5570918660555
0.00753,376,053_AlSiMg_200W_500mms_M0_G13_Test_Crossflow_Stepover0377.tif,-0.002,1.793,1.664,0.048,0.057,1857.30691424026
0.007535,376,053_AlSiMg_200W_500mms_M0_G13_Test_Crossflow_Stepover0377.tif,-0.003,1.79,1.682,0.049,0.058,1834.929581397301
0.00754,377,053_AlSiMg_200W_500mms_M0_G13_Test_Crossflow_Stepover0378.tif,0.001,1.781,1.721,0.048,0.056,1834.929581397301
0.007545,377,053_AlSiMg_200W_500mms_M0_G13_Test_Crossflow_Stepover0378.tif,-0.002,1.772,1.678,0.047,0.057,1849.6281059129287
0.00755,377,053_AlSiMg_200W_500mms_M0_G13_Test_Crossflow_Stepover0378.tif,-0.002,1.768,1.681,0.048,0.058,1861.1888936092557
0.007555,377,053_AlSiMg_200W_500mms_M0_G13_Test_Crossflow_Stepover0378.tif,-0.002,1.766,1.681,0.047,0.055,1861.1888936092557
0.00756,378,053_AlSiMg_200W_500mms_M0_G13_Test_Crossflow_Stepover0379.tif,0.0,1.772,1.668,0.047,0.055,1846.7431002991973
0.007565,378,053_AlSiMg_200W_500mms_M0_G13_Test_Crossflow_Stepover0379.tif,-0.001,1.776,1.668,0.048,0.056,1903.819719098272
0.00757,378,053_AlSiMg_200W_500mms_M0_G13_Test_Crossflow_Stepover0379.tif,-0.002,1.783,1.65,0.047,0.058,1952.7779258369944
0.007575,378,053_AlSiMg_200W_500mms_M0_G13_Test_Crossflow_Stepover0379.tif,-0.001,1.791,1.637,0.049,0.056,1941.2171381406672
0.00758,379,053_AlSiMg_200W_500mms_M0_G13_Test_Crossflow_Stepover0380.tif,0.0,1.808,1.688,0.049,0.055,1964.3676918133795
0.007585,379,053_AlSiMg_200W_500mms_M0_G13_Test_Crossflow_Stepover0380.tif,0.001,1.811,1.678,0.049,0.058,1948.0707535108086
0.00759,379,053_AlSiMg_200W_500mms_M0_G13_Test_Crossflow_Stepover0380.tif,0.0,1.809,1.698,0.049,0.056,1882.7155646731578
0.007595,379,053_AlSiMg_200W_500mms_M0_G13_Test_Crossflow_Stepover0380.tif,-0.002,1.808,1.668,0.046,0.058,1857.0256645689904
0.0076,380,053_AlSiMg_200W_500mms_M0_G13_Test_Crossflow_Stepover0381.tif,0.001,1.807,1.664,0.05,0.061,1820.2025384159729
0.007605,380,053_AlSiMg_200W_500mms_M0_G13_Test_Crossflow_Stepover0381.tif,-0.002,1.798,1.693,0.048,0.055,1735.5491832514133
0.00761,380,053_AlSiMg_200W_500mms_M0_G13_Test_Crossflow_Stepover0381.tif,0.0,1.786,1.672,0.047,0.058,1758.1510482485864
0.007615,380,053_AlSiMg_200W_500mms_M0_G13_Test_Crossflow_Stepover0381.tif,-0.001,1.777,1.654,0.044,0.055,1703.3535209720005
0.00762,381,053_AlSiMg_200W_500mms_M0_G13_Test_Crossflow_Stepover0382.tif,-0.002,1.773,1.636,0.049,0.06,1649.3481838889609
0.007625,381,053_AlSiMg_200W_500mms_M0_G13_Test_Crossflow_Stepover0382.tif,0.002,1.777,1.625,0.044,0.058,1686.1713100419784
0.00763,381,053_AlSiMg_200W_500mms_M0_G13_Test_Crossflow_Stepover0382.tif,0.001,1.783,1.644,0.048,0.058,1696.1011630066037
0.007635,381,053_AlSiMg_200W_500mms_M0_G13_Test_Crossflow_Stepover0382.tif,-0.001,1.787,1.643,0.049,0.058,1738.1801501613463
0.00764,382,053_AlSiMg_200W_500mms_M0_G13_Test_Crossflow_Stepover0383.tif,0.0,1.797,1.639,0.047,0.058,1855.2615845595478
0.007645,382,053_AlSiMg_200W_500mms_M0_G13_Test_Crossflow_Stepover0383.tif,0.0,1.812,1.661,0.047,0.055,1837.6147011586884
0.00765,382,053_AlSiMg_200W_500mms_M0_G13_Test_Crossflow_Stepover0383.tif,-0.002,1.811,1.66,0.048,0.055,1901.0458936577088
0.007655,382,053_AlSiMg_200W_500mms_M0_G13_Test_Crossflow_Stepover0383.tif,0.001,1.809,1.653,0.047,0.058,1907.3508203523106
0.00766,383,053_AlSiMg_200W_500mms_M0_G13_Test_Crossflow_Stepover0384.tif,0.0,1.805,1.653,0.05,0.056,1892.652295836683
0.007665,383,053_AlSiMg_200W_500mms_M0_G13_Test_Crossflow_Stepover0384.tif,-0.002,1.8,1.668,0.049,0.06,1835.4458686628423
0.00767,383,053_AlSiMg_200W_500mms_M0_G13_Test_Crossflow_Stepover0384.tif,-0.002,1.793,1.682,0.048,0.057,1872.2689948158593
0.007675,383,053_AlSiMg_200W_500mms_M0_G13_Test_Crossflow_Stepover0384.tif,-0.002,1.779,1.693,0.047,0.057,1792.7987545733274
0.00768,384,053_AlSiMg_200W_500mms_M0_G13_Test_Crossflow_Stepover0385.tif,-0.002,1.772,1.693,0.049,0.058,1786.493827878726
0.007685,384,053_AlSiMg_200W_500mms_M0_G13_Test_Crossflow_Stepover0385.tif,0.0,1.768,1.705,0.049,0.059,1813.5334203504713
0.00769,384,053_AlSiMg_200W_500mms_M0_G13_Test_Crossflow_Stepover0385.tif,-0.002,1.77,1.699,0.047,0.058,1816.734510441273
0.007695,384,053_AlSiMg_200W_500mms_M0_G13_Test_Crossflow_Stepover0385.tif,0.001,1.77,1.681,0.051,0.059,1766.8274671733284
0.0077,385,053_AlSiMg_200W_500mms_M0_G13_Test_Crossflow_Stepover0386.tif,0.0,1.772,1.696,0.048,0.058,1779.728778097539
0.007705,385,053_AlSiMg_200W_500mms_M0_G13_Test_Crossflow_Stepover0386.tif,0.001,1.781,1.706,0.047,0.059,1813.4141674312552
0.00771,385,053_AlSiMg_200W_500mms_M0_G13_Test_Crossflow_Stepover0386.tif,0.0,1.795,1.699,0.048,0.057,1789.5123117788105
0.007715,385,053_AlSiMg_200W_500mms_M0_G13_Test_Crossflow_Stepover0386.tif,-0.001,1.802,1.67,0.048,0.057,1846.588930577885
0.00772,386,053_AlSiMg_200W_500mms_M0_G13_Test_Crossflow_Stepover0387.tif,-0.002,1.805,1.693,0.049,0.058,1849.7429947281867
0.007725,386,053_AlSiMg_200W_500mms_M0_G13_Test_Crossflow_Stepover0387.tif,0.0,1.8,1.698,0.049,0.056,1836.8416838039761
0.00773,386,053_AlSiMg_200W_500mms_M0_G13_Test_Crossflow_Stepover0387.tif,0.001,1.795,1.681,0.048,0.06,1839.979420623277
0.007735,386,053_AlSiMg_200W_500mms_M0_G13_Test_Crossflow_Stepover0387.tif,-0.001,1.794,1.671,0.049,0.059,1857.8475566714828
0.00774,387,053_AlSiMg_200W_500mms_M0_G13_Test_Crossflow_Stepover0388.tif,0.001,1.783,1.686,0.049,0.058,1800.770937872408
0.007745,387,053_AlSiMg_200W_500mms_M0_G13_Test_Crossflow_Stepover0388.tif,0.001,1.779,1.699,0.049,0.057,1847.523916990051
0.00775,387,053_AlSiMg_200W_500mms_M0_G13_Test_Crossflow_Stepover0388.tif,0.0,1.77,1.681,0.048,0.058,1847.523916990051
0.007755,387,053_AlSiMg_200W_500mms_M0_G13_Test_Crossflow_Stepover0388.tif,0.001,1.772,1.703,0.049,0.058,1828.347674237893
0.00776,388,053_AlSiMg_200W_500mms_M0_G13_Test_Crossflow_Stepover0389.tif,-0.001,1.776,1.672,0.049,0.059,1822.0403258860147
0.007765,388,053_AlSiMg_200W_500mms_M0_G13_Test_Crossflow_Stepover0389.tif,-0.001,1.776,1.675,0.048,0.058,1810.6983691797566
0.00777,388,053_AlSiMg_200W_500mms_M0_G13_Test_Crossflow_Stepover0389.tif,-0.002,1.784,1.688,0.047,0.055,1794.6593214362451
0.007775,388,053_AlSiMg_200W_500mms_M0_G13_Test_Crossflow_Stepover0389.tif,0.001,1.795,1.706,0.049,0.06,1760.7913259118122
0.00778,389,053_AlSiMg_200W_500mms_M0_G13_Test_Crossflow_Stepover0390.tif,0.001,1.808,1.686,0.049,0.059,1767.003733930118
0.007785,389,053_AlSiMg_200W_500mms_M0_G13_Test_Crossflow_Stepover0390.tif,-0.002,1.808,1.692,0.047,0.059,1959.9499691740646
0.00779,389,053_AlSiMg_200W_500mms_M0_G13_Test_Crossflow_Stepover0390.tif,-0.002,1.808,1.7,0.05,0.06,2192.192302566057
0.007795,389,053_AlSiMg_200W_500mms_M0_G13_Test_Crossflow_Stepover0390.tif,-0.001,1.801,1.672,0.058,0.06,2189.0551075574103
0.0078,390,053_AlSiMg_200W_500mms_M0_G13_Test_Crossflow_Stepover0391.tif,-0.002,1.801,1.726,0.056,0.058,2222.9231030818437
0.007805,390,053_AlSiMg_200W_500mms_M0_G13_Test_Crossflow_Stepover0391.tif,0.0,1.798,1.696,0.048,0.058,2232.749200996395
0.00781,390,053_AlSiMg_200W_500mms_M0_G13_Test_Crossflow_Stepover0391.tif,-0.002,1.783,1.698,0.049,0.059,1991.4190519031042
0.007815,390,053_AlSiMg_200W_500mms_M0_G13_Test_Crossflow_Stepover0391.tif,0.0,1.779,1.752,0.048,0.057,1752.87179181651
0.00782,391,053_AlSiMg_200W_500mms_M0_G13_Test_Crossflow_Stepover0392.tif,0.0,1.773,1.728,0.047,0.058,1789.9161706168732
0.007825,391,053_AlSiMg_200W_500mms_M0_G13_Test_Crossflow_Stepover0392.tif,-0.002,1.773,1.684,0.047,0.058,1840.784312691266
0.00783,391,053_AlSiMg_200W_500mms_M0_G13_Test_Crossflow_Stepover0392.tif,-0.001,1.779,1.678,0.049,0.057,1807.0989233575492
0.007835,391,053_AlSiMg_200W_500mms_M0_G13_Test_Crossflow_Stepover0392.tif,0.0,1.781,1.675,0.048,0.055,1843.9220495105667
0.00784,392,053_AlSiMg_200W_500mms_M0_G13_Test_Crossflow_Stepover0393.tif,-0.001,1.791,1.707,0.047,0.058,1850.2269762051685
0.007845,392,053_AlSiMg_200W_500mms_M0_G13_Test_Crossflow_Stepover0393.tif,-0.002,1.798,1.695,0.049,0.058,1795.5357140039457
0.00785,392,053_AlSiMg_200W_500mms_M0_G13_Test_Crossflow_Stepover0393.tif,0.001,1.802,1.695,0.049,0.06,1781.624687955164
0.007855,392,053_AlSiMg_200W_500mms_M0_G13_Test_Crossflow_Stepover0393.tif,-0.002,1.802,1.703,0.047,0.058,1821.5203407068336
0.00786,393,053_AlSiMg_200W_500mms_M0_G13_Test_Crossflow_Stepover0394.tif,-0.001,1.802,1.692,0.05,0.058,1821.520340706834
0.007865,393,053_AlSiMg_200W_500mms_M0_G13_Test_Crossflow_Stepover0394.tif,0.001,1.797,1.699,0.05,0.059,1798.918475709661
0.00787,393,053_AlSiMg_200W_500mms_M0_G13_Test_Crossflow_Stepover0394.tif,0.0,1.791,1.685,0.049,0.058,1805.2234024042627
0.007875,393,053_AlSiMg_200W_500mms_M0_G13_Test_Crossflow_Stepover0394.tif,0.001,1.78,1.734,0.046,0.058,1734.398290854218
0.00788,394,053_AlSiMg_200W_500mms_M0_G13_Test_Crossflow_Stepover0395.tif,-0.002,1.772,1.716,0.049,0.06,1769.2261403024822
0.007885,394,053_AlSiMg_200W_500mms_M0_G13_Test_Crossflow_Stepover0395.tif,0.001,1.773,1.74,0.047,0.059,1775.3080096236347
0.00789,394,053_AlSiMg_200W_500mms_M0_G13_Test_Crossflow_Stepover0395.tif,0.001,1.773,1.731,0.049,0.056,1900.1801127590231
0.007895,394,053_AlSiMg_200W_500mms_M0_G13_Test_Crossflow_Stepover0395.tif,-0.002,1.775,1.721,0.051,0.06,1914.6592644739278
0.0079,395,053_AlSiMg_200W_500mms_M0_G13_Test_Crossflow_Stepover0396.tif,-0.001,1.781,1.733,0.053,0.059,1964.5663077418722
0.007905,395,053_AlSiMg_200W_500mms_M0_G13_Test_Crossflow_Stepover0396.tif,0.0,1.795,1.759,0.049,0.059,1938.2267193912824
0.00791,395,053_AlSiMg_200W_500mms_M0_G13_Test_Crossflow_Stepover0396.tif,0.0,1.808,1.761,0.049,0.058,1912.9686073179723
0.007915,395,053_AlSiMg_200W_500mms_M0_G13_Test_Crossflow_Stepover0396.tif,0.0,1.811,1.751,0.047,0.055,2005.725913057007
0.00792,396,053_AlSiMg_200W_500mms_M0_G13_Test_Crossflow_Stepover0397.tif,0.0,1.811,1.737,0.048,0.058,1984.9418346475009
0.007925,396,053_AlSiMg_200W_500mms_M0_G13_Test_Crossflow_Stepover0397.tif,-0.002,1.807,1.709,0.056,0.059,1935.0347913795565
0.00793,396,053_AlSiMg_200W_500mms_M0_G13_Test_Crossflow_Stepover0397.tif,0.0,1.804,1.698,0.047,0.058,1938.223826057434
0.007935,396,053_AlSiMg_200W_500mms_M0_G13_Test_Crossflow_Stepover0397.tif,0.001,1.795,1.692,0.047,0.059,1920.5769426565741
0.00794,397,053_AlSiMg_200W_500mms_M0_G13_Test_Crossflow_Stepover0398.tif,-0.001,1.787,1.692,0.048,0.056,1733.6902653947807
0.007945,397,053_AlSiMg_200W_500mms_M0_G13_Test_Crossflow_Stepover0398.tif,-0.002,1.776,1.66,0.047,0.058,2197.539177260295
0.00795,397,053_AlSiMg_200W_500mms_M0_G13_Test_Crossflow_Stepover0398.tif,-0.002,1.769,1.675,0.047,0.057,2197.539177260295
0.007955,397,053_AlSiMg_200W_500mms_M0_G13_Test_Crossflow_Stepover0398.tif,-0.001,1.77,1.685,0.062,0.057,2220.6897309330075
0.00796,398,053_AlSiMg_200W_500mms_M0_G13_Test_Crossflow_Stepover0399.tif,-0.002,1.768,1.681,0.047,0.059,2257.5128570860243
0.007965,398,053_AlSiMg_200W_500mms_M0_G13_Test_Crossflow_Stepover0399.tif,0.001,1.775,1.677,0.049,0.056,2257.5128570860243
0.00797,398,053_AlSiMg_200W_500mms_M0_G13_Test_Crossflow_Stepover0399.tif,0.0,1.781,1.71,0.049,0.058,1830.4870713735277
0.007975,398,053_AlSiMg_200W_500mms_M0_G13_Test_Crossflow_Stepover0399.tif,0.0,1.797,1.714,0.047,0.057,1877.2563778221709
0.00798,399,053_AlSiMg_200W_500mms_M0_G13_Test_Crossflow_Stepover0400.tif,0.0,1.801,1.706,0.049,0.058,1874.1850961061361
0.007985,399,053_AlSiMg_200W_500mms_M0_G13_Test_Crossflow_Stepover0400.tif,-0.001,1.802,1.726,0.048,0.057,1963.2207638014504
0.00799,399,053_AlSiMg_200W_500mms_M0_G13_Test_Crossflow_Stepover0400.tif,-0.001,1.801,1.779,0.048,0.055,1982.4603598251092
0.007995,399,053_AlSiMg_200W_500mms_M0_G13_Test_Crossflow_Stepover0400.tif,0.001,1.797,1.727,0.05,0.055,1960.0830269821497
0.008,400,053_AlSiMg_200W_500mms_M0_G13_Test_Crossflow_Stepover0401.tif,0.0,1.8,1.677,0.048,0.057,1926.3976376484334
0.008005,400,053_AlSiMg_200W_500mms_M0_G13_Test_Crossflow_Stepover0401.tif,-0.002,1.794,1.723,0.047,0.057,1891.5685433175518
0.00801,400,053_AlSiMg_200W_500mms_M0_G13_Test_Crossflow_Stepover0401.tif,0.0,1.779,1.72,0.047,0.058,1837.3619699531191
0.008015,400,053_AlSiMg_200W_500mms_M0_G13_Test_Crossflow_Stepover0401.tif,-0.002,1.777,1.713,0.049,0.058,1809.9815073140041
0.00802,401,053_AlSiMg_200W_500mms_M0_G13_Test_Crossflow_Stepover0402.tif,-0.002,1.773,1.699,0.048,0.055,1804.9040273662292
0.008025,401,053_AlSiMg_200W_500mms_M0_G13_Test_Crossflow_Stepover0402.tif,-0.002,1.775,1.734,0.049,0.06,1841.7271535192463
0.00803,401,053_AlSiMg_200W_500mms_M0_G13_Test_Crossflow_Stepover0402.tif,-0.002,1.779,1.77,0.05,0.061,1783.0305560660404
0.008035,401,053_AlSiMg_200W_500mms_M0_G13_Test_Crossflow_Stepover0402.tif,-0.002,1.781,1.791,0.049,0.058,1711.378335582141
0.00804,402,053_AlSiMg_200W_500mms_M0_G13_Test_Crossflow_Stepover0403.tif,0.0,1.801,1.733,0.048,0.061,1725.8574872970457
0.008045,402,053_AlSiMg_200W_500mms_M0_G13_Test_Crossflow_Stepover0403.tif,0.001,1.808,1.726,0.047,0.058,1759.3941694089322
0.00805,402,053_AlSiMg_200W_500mms_M0_G13_Test_Crossflow_Stepover0403.tif,-0.002,1.811,1.714,0.049,0.059,1825.666575704078
0.008055,402,053_AlSiMg_200W_500mms_M0_G13_Test_Crossflow_Stepover0403.tif,-0.001,1.809,1.724,0.051,0.06,1868.3241254137731
0.00806,403,053_AlSiMg_200W_500mms_M0_G13_Test_Crossflow_Stepover0404.tif,0.0,1.805,1.716,0.051,0.057,1868.3241254137731
0.008065,403,053_AlSiMg_200W_500mms_M0_G13_Test_Crossflow_Stepover0404.tif,0.001,1.798,1.707,0.049,0.059,1899.1129955314887
0.00807,403,053_AlSiMg_200W_500mms_M0_G13_Test_Crossflow_Stepover0404.tif,0.001,1.793,1.703,0.047,0.058,1839.9110617547478
0.008075,403,053_AlSiMg_200W_500mms_M0_G13_Test_Crossflow_Stepover0404.tif,0.001,1.779,1.71,0.048,0.056,1770.5009186403008
0.00808,404,053_AlSiMg_200W_500mms_M0_G13_Test_Crossflow_Stepover0405.tif,-0.002,1.77,1.706,0.046,0.058,1780.1971673751862
0.008085,404,053_AlSiMg_200W_500mms_M0_G13_Test_Crossflow_Stepover0405.tif,0.0,1.775,1.716,0.048,0.057,1813.882556708903
0.00809,404,053_AlSiMg_200W_500mms_M0_G13_Test_Crossflow_Stepover0405.tif,-0.002,1.77,1.7,0.047,0.056,1795.9949975153977
0.008095,404,053_AlSiMg_200W_500mms_M0_G13_Test_Crossflow_Stepover0405.tif,-0.001,1.773,1.664,0.048,0.057,1829.9388192188285
0.0081,405,053_AlSiMg_200W_500mms_M0_G13_Test_Crossflow_Stepover0406.tif,-0.002,1.776,1.681,0.048,0.057,2076.6072308516405
0.008105,405,053_AlSiMg_200W_500mms_M0_G13_Test_Crossflow_Stepover0406.tif,-0.001,1.783,1.695,0.048,0.058,2120.850405907183
0.00811,405,053_AlSiMg_200W_500mms_M0_G13_Test_Crossflow_Stepover0406.tif,-0.002,1.798,1.66,0.054,0.055,2123.9881427264836
0.008115,405,053_AlSiMg_200W_500mms_M0_G13_Test_Crossflow_Stepover0406.tif,0.0,1.802,1.688,0.049,0.056,2127.1258795457843
0.00812,406,053_AlSiMg_200W_500mms_M0_G13_Test_Crossflow_Stepover0407.tif,-0.002,1.805,1.734,0.049,0.058,2112.6617294242274
0.008125,406,053_AlSiMg_200W_500mms_M0_G13_Test_Crossflow_Stepover0407.tif,0.0,1.802,1.685,0.049,0.058,1846.753721767757
0.00813,406,053_AlSiMg_200W_500mms_M0_G13_Test_Crossflow_Stepover0407.tif,0.0,1.802,1.672,0.048,0.059,1849.7536936632205
0.008135,406,053_AlSiMg_200W_500mms_M0_G13_Test_Crossflow_Stepover0407.tif,-0.002,1.797,1.737,0.047,0.057,1893.585167798587
0.00814,407,053_AlSiMg_200W_500mms_M0_G13_Test_Crossflow_Stepover0408.tif,-0.002,1.786,1.776,0.05,0.057,1890.4474309792863
0.008145,407,053_AlSiMg_200W_500mms_M0_G13_Test_Crossflow_Stepover0408.tif,0.0,1.777,1.744,0.051,0.058,1901.7104910100418
0.00815,407,053_AlSiMg_200W_500mms_M0_G13_Test_Crossflow_Stepover0408.tif,-0.002,1.772,1.733,0.048,0.057,1984.6068182880504
0.008155,407,053_AlSiMg_200W_500mms_M0_G13_Test_Crossflow_Stepover0408.tif,-0.001,1.77,1.737,0.047,0.057,1958.4562927198745
0.00816,408,053_AlSiMg_200W_500mms_M0_G13_Test_Crossflow_Stepover0409.tif,-0.002,1.773,1.699,0.049,0.055,1914.6248185845081
0.008165,408,053_AlSiMg_200W_500mms_M0_G13_Test_Crossflow_Stepover0409.tif,-0.002,1.78,1.707,0.048,0.056,1877.6943523531068
0.00817,408,053_AlSiMg_200W_500mms_M0_G13_Test_Crossflow_Stepover0409.tif,-0.001,1.784,1.717,0.049,0.058,1863.2485590430483
0.008175,408,053_AlSiMg_200W_500mms_M0_G13_Test_Crossflow_Stepover0409.tif,-0.002,1.798,1.74,0.046,0.057,1866.16075710702
0.00818,409,053_AlSiMg_200W_500mms_M0_G13_Test_Crossflow_Stepover0410.tif,0.0,1.815,1.717,0.047,0.058,1845.0681357241897
0.008185,409,053_AlSiMg_200W_500mms_M0_G13_Test_Crossflow_Stepover0410.tif,-0.001,1.809,1.702,0.05,0.056,1856.6289234205167
0.00819,409,053_AlSiMg_200W_500mms_M0_G13_Test_Crossflow_Stepover0410.tif,0.001,1.809,1.72,0.047,0.056,1856.6289234205167
0.008195,409,053_AlSiMg_200W_500mms_M0_G13_Test_Crossflow_Stepover0410.tif,0.0,1.809,1.705,0.047,0.055,1874.2758068213764
0.0082,410,053_AlSiMg_200W_500mms_M0_G13_Test_Crossflow_Stepover0411.tif,0.0,1.802,1.703,0.046,0.057,1785.200302058812
0.008205,410,053_AlSiMg_200W_500mms_M0_G13_Test_Crossflow_Stepover0411.tif,-0.001,1.793,1.766,0.048,0.058,1852.0620955024867
0.00821,410,053_AlSiMg_200W_500mms_M0_G13_Test_Crossflow_Stepover0411.tif,0.001,1.783,1.716,0.046,0.056,1818.1239749632011
0.008215,410,053_AlSiMg_200W_500mms_M0_G13_Test_Crossflow_Stepover0411.tif,0.0,1.775,1.695,0.049,0.055,1869.7529657102302
0.00822,411,053_AlSiMg_200W_500mms_M0_G13_Test_Crossflow_Stepover0412.tif,0.001,1.77,1.712,0.047,0.057,1859.9499475214875
0.008225,411,053_AlSiMg_200W_500mms_M0_G13_Test_Crossflow_Stepover0412.tif,0.001,1.773,1.703,0.047,0.055,1897.155047481358
0.00823,411,053_AlSiMg_200W_500mms_M0_G13_Test_Crossflow_Stepover0412.tif,-0.001,1.776,1.756,0.045,0.055,1848.1968407426352
0.008235,411,053_AlSiMg_200W_500mms_M0_G13_Test_Crossflow_Stepover0412.tif,0.001,1.776,1.696,0.047,0.055,1905.4032679164761
0.00824,412,053_AlSiMg_200W_500mms_M0_G13_Test_Crossflow_Stepover0413.tif,-0.002,1.788,1.703,0.047,0.055,1887.4996812115235
0.008245,412,053_AlSiMg_200W_500mms_M0_G13_Test_Crossflow_Stepover0413.tif,-0.002,1.8,1.698,0.048,0.055,1928.0397298487514
0.00825,412,053_AlSiMg_200W_500mms_M0_G13_Test_Crossflow_Stepover0413.tif,0.001,1.802,1.719,0.047,0.056,1928.039729848751
0.008255,412,053_AlSiMg_200W_500mms_M0_G13_Test_Crossflow_Stepover0413.tif,0.001,1.804,1.696,0.047,0.055,1906.861546588183
0.00826,413,053_AlSiMg_200W_500mms_M0_G13_Test_Crossflow_Stepover0414.tif,-0.002,1.797,1.688,0.047,0.055,1849.6551194143424
0.008265,413,053_AlSiMg_200W_500mms_M0_G13_Test_Crossflow_Stepover0414.tif,0.001,1.797,1.681,0.046,0.055,1843.0340836891155
0.00827,413,053_AlSiMg_200W_500mms_M0_G13_Test_Crossflow_Stepover0414.tif,-0.002,1.794,1.688,0.047,0.057,1885.94399789527
0.008275,413,053_AlSiMg_200W_500mms_M0_G13_Test_Crossflow_Stepover0414.tif,-0.001,1.781,1.712,0.045,0.054,1852.0058773559842
0.00828,414,053_AlSiMg_200W_500mms_M0_G13_Test_Crossflow_Stepover0415.tif,0.001,1.768,1.677,0.047,0.053,1832.644011979325
0.008285,414,053_AlSiMg_200W_500mms_M0_G13_Test_Crossflow_Stepover0415.tif,-0.002,1.77,1.654,0.047,0.057,1826.0420838813836
0.00829,414,053_AlSiMg_200W_500mms_M0_G13_Test_Crossflow_Stepover0415.tif,0.0,1.772,1.661,0.045,0.055,1792.252939497593
0.008295,414,053_AlSiMg_200W_500mms_M0_G13_Test_Crossflow_Stepover0415.tif,-0.001,1.773,1.656,0.045,0.055,1708.8029766542106
0.0083,415,053_AlSiMg_200W_500mms_M0_G13_Test_Crossflow_Stepover0416.tif,0.001,1.777,1.656,0.044,0.055,1728.042572677869
0.008305,415,053_AlSiMg_200W_500mms_M0_G13_Test_Crossflow_Stepover0416.tif,-0.002,1.786,1.649,0.045,0.055,1713.644331837038
0.00831,415,053_AlSiMg_200W_500mms_M0_G13_Test_Crossflow_Stepover0416.tif,-0.002,1.795,1.696,0.048,0.057,1736.2807937693135
0.008315,415,053_AlSiMg_200W_500mms_M0_G13_Test_Crossflow_Stepover0416.tif,0.001,1.802,1.692,0.045,0.056,1754.0545119460555
0.00832,416,053_AlSiMg_200W_500mms_M0_G13_Test_Crossflow_Stepover0417.tif,0.001,1.801,1.706,0.047,0.056,1776.6909738783302
0.008325,416,053_AlSiMg_200W_500mms_M0_G13_Test_Crossflow_Stepover0417.tif,0.0,1.801,1.723,0.045,0.055,1773.4859116890057
0.00833,416,053_AlSiMg_200W_500mms_M0_G13_Test_Crossflow_Stepover0417.tif,0.0,1.798,1.703,0.047,0.056,1763.7433490151484
0.008335,416,053_AlSiMg_200W_500mms_M0_G13_Test_Crossflow_Stepover0417.tif,0.0,1.798,1.719,0.047,0.056,1741.1068870828735
0.00834,417,053_AlSiMg_200W_500mms_M0_G13_Test_Crossflow_Stepover0418.tif,0.0,1.787,1.781,0.046,0.058,1750.9099052716163
0.008345,417,053_AlSiMg_200W_500mms_M0_G13_Test_Crossflow_Stepover0418.tif,0.0,1.777,1.721,0.045,0.055,1768.813491976569
0.00835,417,053_AlSiMg_200W_500mms_M0_G13_Test_Crossflow_Stepover0418.tif,0.0,1.77,1.712,0.048,0.058,1809.9853853160762
0.008355,417,053_AlSiMg_200W_500mms_M0_G13_Test_Crossflow_Stepover0418.tif,-0.001,1.772,1.713,0.047,0.055,1840.7281169287053
0.00836,418,053_AlSiMg_200W_500mms_M0_G13_Test_Crossflow_Stepover0419.tif,0.0,1.775,1.721,0.048,0.055,1850.5311351174482
0.008365,418,053_AlSiMg_200W_500mms_M0_G13_Test_Crossflow_Stepover0419.tif,-0.002,1.78,1.706,0.047,0.057,1819.800334601662
0.00837,418,053_AlSiMg_200W_500mms_M0_G13_Test_Crossflow_Stepover0419.tif,-0.002,1.791,1.754,0.048,0.058,1755.1194824497463
0.008375,418,053_AlSiMg_200W_500mms_M0_G13_Test_Crossflow_Stepover0419.tif,0.0,1.802,1.706,0.047,0.059,1720.2903881188645
0.00838,419,053_AlSiMg_200W_500mms_M0_G13_Test_Crossflow_Stepover0420.tif,-0.002,1.811,1.726,0.046,0.058,1705.844594808806
0.008385,419,053_AlSiMg_200W_500mms_M0_G13_Test_Crossflow_Stepover0420.tif,0.0,1.815,1.721,0.049,0.058,1671.9007731053757
0.00839,419,053_AlSiMg_200W_500mms_M0_G13_Test_Crossflow_Stepover0420.tif,-0.001,1.811,1.705,0.047,0.058,1733.3686040696466
0.008395,419,053_AlSiMg_200W_500mms_M0_G13_Test_Crossflow_Stepover0420.tif,-0.001,1.804,1.7,0.046,0.058,1749.665542372218
0.0084,420,053_AlSiMg_200W_500mms_M0_G13_Test_Crossflow_Stepover0421.tif,0.001,1.798,1.688,0.047,0.055,1712.842416219201
0.008405,420,053_AlSiMg_200W_500mms_M0_G13_Test_Crossflow_Stepover0421.tif,-0.002,1.787,1.696,0.047,0.058,1761.226330068545
0.00841,420,053_AlSiMg_200W_500mms_M0_G13_Test_Crossflow_Stepover0421.tif,0.001,1.776,1.693,0.047,0.058,1791.9690616811743
0.008415,420,053_AlSiMg_200W_500mms_M0_G13_Test_Crossflow_Stepover0421.tif,-0.002,1.768,1.705,0.047,0.055,1761.2320312326897
0.00842,421,053_AlSiMg_200W_500mms_M0_G13_Test_Crossflow_Stepover0422.tif,-0.002,1.766,1.705,0.047,0.057,1778.878914633549
0.008425,421,053_AlSiMg_200W_500mms_M0_G13_Test_Crossflow_Stepover0422.tif,0.001,1.77,1.726,0.048,0.058,1815.7020407865664
0.00843,421,053_AlSiMg_200W_500mms_M0_G13_Test_Crossflow_Stepover0422.tif,0.0,1.77,1.72,0.048,0.058,1770.5008602165253
0.008435,421,053_AlSiMg_200W_500mms_M0_G13_Test_Crossflow_Stepover0422.tif,-0.002,1.777,1.716,0.049,0.058,1792.8781930594844
0.00844,422,053_AlSiMg_200W_500mms_M0_G13_Test_Crossflow_Stepover0423.tif,0.0,1.788,1.727,0.048,0.059,1765.3014566939994
0.008445,422,053_AlSiMg_200W_500mms_M0_G13_Test_Crossflow_Stepover0423.tif,0.0,1.797,1.733,0.049,0.058,1744.4094963954547
0.00845,422,053_AlSiMg_200W_500mms_M0_G13_Test_Crossflow_Stepover0423.tif,0.0,1.805,1.726,0.044,0.055,1752.7080797596846
0.008455,422,053_AlSiMg_200W_500mms_M0_G13_Test_Crossflow_Stepover0423.tif,-0.002,1.801,1.692,0.046,0.057,1749.5253464803814
0.00846,423,053_AlSiMg_200W_500mms_M0_G13_Test_Crossflow_Stepover0424.tif,0.001,1.798,1.681,0.046,0.054,1761.0861341767086
0.008465,423,053_AlSiMg_200W_500mms_M0_G13_Test_Crossflow_Stepover0424.tif,0.0,1.8,1.692,0.047,0.058,1842.6682076252332
0.00847,423,053_AlSiMg_200W_500mms_M0_G13_Test_Crossflow_Stepover0424.tif,0.0,1.793,1.681,0.047,0.055,1873.1190151116941
0.008475,423,053_AlSiMg_200W_500mms_M0_G13_Test_Crossflow_Stepover0424.tif,0.0,1.783,1.658,0.048,0.055,1831.1800388737502
0.00848,424,053_AlSiMg_200W_500mms_M0_G13_Test_Crossflow_Stepover0425.tif,-0.002,1.773,1.681,0.046,0.055,1831.1800388737502
0.008485,424,053_AlSiMg_200W_500mms_M0_G13_Test_Crossflow_Stepover0425.tif,0.0,1.772,1.661,0.048,0.059,1911.3546039200023
0.00849,424,053_AlSiMg_200W_500mms_M0_G13_Test_Crossflow_Stepover0425.tif,0.0,1.775,1.684,0.047,0.058,1847.5462486482204
0.008495,424,053_AlSiMg_200W_500mms_M0_G13_Test_Crossflow_Stepover0425.tif,-0.002,1.776,1.752,0.051,0.056,1828.1843832715608
0.0085,425,053_AlSiMg_200W_500mms_M0_G13_Test_Crossflow_Stepover0426.tif,-0.002,1.781,1.741,0.045,0.055,1818.4472743635438
0.008505,425,053_AlSiMg_200W_500mms_M0_G13_Test_Crossflow_Stepover0426.tif,-0.002,1.798,1.681,0.045,0.055,1848.9276015079354
0.00851,425,053_AlSiMg_200W_500mms_M0_G13_Test_Crossflow_Stepover0426.tif,0.0,1.808,1.678,0.045,0.056,1713.8147469836251
0.008515,425,053_AlSiMg_200W_500mms_M0_G13_Test_Crossflow_Stepover0426.tif,0.0,1.816,1.682,0.047,0.056,1754.3547956208524
0.00852,426,053_AlSiMg_200W_500mms_M0_G13_Test_Crossflow_Stepover0427.tif,-0.002,1.811,1.663,0.045,0.056,1811.7961950428175
0.008525,426,053_AlSiMg_200W_500mms_M0_G13_Test_Crossflow_Stepover0427.tif,0.0,1.809,1.663,0.047,0.055,1838.7891670079348
0.00853,426,053_AlSiMg_200W_500mms_M0_G13_Test_Crossflow_Stepover0427.tif,0.001,1.802,1.644,0.046,0.053,1816.1527050756595
0.008535,426,053_AlSiMg_200W_500mms_M0_G13_Test_Crossflow_Stepover0427.tif,-0.001,1.797,1.619,0.044,0.053,1871.090994553718
0.00854,427,053_AlSiMg_200W_500mms_M0_G13_Test_Crossflow_Stepover0428.tif,-0.001,1.786,1.684,0.045,0.055,1805.819490681865
0.008545,427,053_AlSiMg_200W_500mms_M0_G13_Test_Crossflow_Stepover0428.tif,-0.001,1.775,1.653,0.047,0.055,1744.9730028796043
0.00855,427,053_AlSiMg_200W_500mms_M0_G13_Test_Crossflow_Stepover0428.tif,-0.001,1.77,1.629,0.042,0.053,1783.1347658003663
0.008555,427,053_AlSiMg_200W_500mms_M0_G13_Test_Crossflow_Stepover0428.tif,-0.002,1.768,1.678,0.044,0.054,1765.361047623624
0.00856,428,053_AlSiMg_200W_500mms_M0_G13_Test_Crossflow_Stepover0429.tif,0.0,1.768,1.651,0.044,0.051,1998.2178855818358
0.008565,428,053_AlSiMg_200W_500mms_M0_G13_Test_Crossflow_Stepover0429.tif,0.001,1.77,1.661,0.044,0.055,2042.3112061931201
0.00857,428,053_AlSiMg_200W_500mms_M0_G13_Test_Crossflow_Stepover0429.tif,-0.001,1.777,1.628,0.055,0.056,2086.256343210643
0.008575,428,053_AlSiMg_200W_500mms_M0_G13_Test_Crossflow_Stepover0429.tif,0.001,1.793,1.651,0.046,0.055,2069.4397551967168
0.00858,429,053_AlSiMg_200W_500mms_M0_G13_Test_Crossflow_Stepover0430.tif,-0.001,1.8,1.661,0.047,0.055,2056.4628842650186
0.008585,429,053_AlSiMg_200W_500mms_M0_G13_Test_Crossflow_Stepover0430.tif,-0.002,1.8,1.658,0.045,0.053,1752.315408561139
0.00859,429,053_AlSiMg_200W_500mms_M0_G13_Test_Crossflow_Stepover0430.tif,-0.001,1.801,1.661,0.044,0.056,1745.5482743087657
0.008595,429,053_AlSiMg_200W_500mms_M0_G13_Test_Crossflow_Stepover0430.tif,0.0,1.8,1.672,0.044,0.056,1705.0082256715382
0.0086,430,053_AlSiMg_200W_500mms_M0_G13_Test_Crossflow_Stepover0431.tif,-0.001,1.797,1.671,0.044,0.053,1711.6083682776439
0.008605,430,053_AlSiMg_200W_500mms_M0_G13_Test_Crossflow_Stepover0431.tif,0.0,1.79,1.646,0.045,0.055,1742.3589573860845
0.00861,430,053_AlSiMg_200W_500mms_M0_G13_Test_Crossflow_Stepover0431.tif,-0.001,1.777,1.654,0.047,0.055,1755.3358283177827
0.008615,430,053_AlSiMg_200W_500mms_M0_G13_Test_Crossflow_Stepover0431.tif,0.0,1.775,1.649,0.045,0.055,1742.7410971934964
0.00862,431,053_AlSiMg_200W_500mms_M0_G13_Test_Crossflow_Stepover0432.tif,-0.001,1.776,1.636,0.044,0.055,1749.3430252914382
0.008625,431,053_AlSiMg_200W_500mms_M0_G13_Test_Crossflow_Stepover0432.tif,0.001,1.777,1.636,0.045,0.055,1700.959111442094
0.00863,431,053_AlSiMg_200W_500mms_M0_G13_Test_Crossflow_Stepover0432.tif,0.0,1.779,1.664,0.047,0.057,1726.8006355636935
0.008635,431,053_AlSiMg_200W_500mms_M0_G13_Test_Crossflow_Stepover0432.tif,-0.001,1.786,1.651,0.047,0.058,1785.1144023776633
0.00864,432,053_AlSiMg_200W_500mms_M0_G13_Test_Crossflow_Stepover0433.tif,0.0,1.798,1.658,0.048,0.057,1788.4493510550205
0.008645,432,053_AlSiMg_200W_500mms_M0_G13_Test_Crossflow_Stepover0433.tif,0.001,1.808,1.709,0.047,0.055,1774.003557744962
0.00865,432,053_AlSiMg_200W_500mms_M0_G13_Test_Crossflow_Stepover0433.tif,0.001,1.812,1.684,0.046,0.056,1781.847422957079
0.008655,432,053_AlSiMg_200W_500mms_M0_G13_Test_Crossflow_Stepover0433.tif,-0.001,1.812,1.702,0.047,0.058,1762.6078269334205
0.00866,433,053_AlSiMg_200W_500mms_M0_G13_Test_Crossflow_Stepover0434.tif,0.0,1.812,1.717,0.045,0.055,1734.6625094204792
0.008665,433,053_AlSiMg_200W_500mms_M0_G13_Test_Crossflow_Stepover0434.tif,-0.001,1.807,1.706,0.047,0.057,1727.9224723628267
0.00867,433,053_AlSiMg_200W_500mms_M0_G13_Test_Crossflow_Stepover0434.tif,0.001,1.8,1.737,0.044,0.053,1735.7663375749435
0.008675,433,053_AlSiMg_200W_500mms_M0_G13_Test_Crossflow_Stepover0434.tif,-0.002,1.781,1.703,0.044,0.054,1742.3682656728852
0.00868,434,053_AlSiMg_200W_500mms_M0_G13_Test_Crossflow_Stepover0435.tif,0.001,1.773,1.677,0.045,0.055,1724.6773954651421
0.008685,434,053_AlSiMg_200W_500mms_M0_G13_Test_Crossflow_Stepover0435.tif,0.0,1.77,1.707,0.047,0.057,1769.5240637628208
0.00869,434,053_AlSiMg_200W_500mms_M0_G13_Test_Crossflow_Stepover0435.tif,0.0,1.77,1.702,0.046,0.057,1779.531080241058
0.008695,434,053_AlSiMg_200W_500mms_M0_G13_Test_Crossflow_Stepover0435.tif,-0.002,1.772,1.681,0.046,0.053,1786.1330083389992
0.0087,435,053_AlSiMg_200W_500mms_M0_G13_Test_Crossflow_Stepover0436.tif,-0.001,1.775,1.696,0.047,0.057,1820.0711288782854
0.008705,435,053_AlSiMg_200W_500mms_M0_G13_Test_Crossflow_Stepover0436.tif,-0.002,1.786,1.692,0.047,0.057,1871.7001196253145
0.00871,435,053_AlSiMg_200W_500mms_M0_G13_Test_Crossflow_Stepover0436.tif,-0.001,1.797,1.698,0.047,0.055,1820.8606483012907
0.008715,435,053_AlSiMg_200W_500mms_M0_G13_Test_Crossflow_Stepover0436.tif,-0.002,1.802,1.693,0.047,0.055,1814.2587202033494
0.00872,436,053_AlSiMg_200W_500mms_M0_G13_Test_Crossflow_Stepover0437.tif,-0.002,1.802,1.677,0.047,0.057,1776.906202996967
0.008725,436,053_AlSiMg_200W_500mms_M0_G13_Test_Crossflow_Stepover0437.tif,0.001,1.8,1.695,0.045,0.055,1736.3661543597395
0.00873,436,053_AlSiMg_200W_500mms_M0_G13_Test_Crossflow_Stepover0437.tif,0.001,1.802,1.712,0.044,0.056,1715.1879710991714
0.008735,436,053_AlSiMg_200W_500mms_M0_G13_Test_Crossflow_Stepover0437.tif,-0.001,1.798,1.692,0.045,0.055,1724.6014692082786
0.00874,437,053_AlSiMg_200W_500mms_M0_G13_Test_Crossflow_Stepover0438.tif,-0.002,1.786,1.72,0.046,0.055,1724.6014692082783
0.008745,437,053_AlSiMg_200W_500mms_M0_G13_Test_Crossflow_Stepover0438.tif,0.0,1.775,1.721,0.045,0.054,1737.5783401399772
0.00875,437,053_AlSiMg_200W_500mms_M0_G13_Test_Crossflow_Stepover0438.tif,-0.002,1.77,1.728,0.045,0.055,1778.1183887772047
0.008755,437,053_AlSiMg_200W_500mms_M0_G13_Test_Crossflow_Stepover0438.tif,0.0,1.77,1.773,0.044,0.055,1774.7719496075933
0.00876,438,053_AlSiMg_200W_500mms_M0_G13_Test_Crossflow_Stepover0439.tif,0.0,1.776,1.749,0.047,0.055,1758.7565234005451
0.008765,438,053_AlSiMg_200W_500mms_M0_G13_Test_Crossflow_Stepover0439.tif,-0.002,1.779,1.712,0.045,0.054,1778.1183887772045
0.00877,438,053_AlSiMg_200W_500mms_M0_G13_Test_Crossflow_Stepover0439.tif,0.0,1.784,1.726,0.045,0.055,1815.253972330606
0.008775,438,053_AlSiMg_200W_500mms_M0_G13_Test_Crossflow_Stepover0439.tif,0.0,1.801,1.765,0.046,0.055,1756.9402055166363
0.00878,439,053_AlSiMg_200W_500mms_M0_G13_Test_Crossflow_Stepover0440.tif,0.001,1.808,1.719,0.046,0.055,1774.86468534071
0.008785,439,053_AlSiMg_200W_500mms_M0_G13_Test_Crossflow_Stepover0440.tif,0.0,1.805,1.688,0.044,0.055,1622.6442344242464
0.00879,439,053_AlSiMg_200W_500mms_M0_G13_Test_Crossflow_Stepover0440.tif,0.0,1.805,1.665,0.045,0.053,1615.877100171873
0.008795,439,053_AlSiMg_200W_500mms_M0_G13_Test_Crossflow_Stepover0440.tif,0.0,1.801,1.674,0.046,0.078,1593.1101464149183
0.0088,440,053_AlSiMg_200W_500mms_M0_G13_Test_Crossflow_Stepover0441.tif,-0.001,1.798,1.695,0.044,0.053,1641.4074114383154
0.008805,440,053_AlSiMg_200W_500mms_M0_G13_Test_Crossflow_Stepover0441.tif,-0.001,1.793,1.685,0.044,0.054,1604.062417026898
0.00881,440,053_AlSiMg_200W_500mms_M0_G13_Test_Crossflow_Stepover0441.tif,0.001,1.777,1.65,0.044,0.052,1722.1319028568064
0.008815,440,053_AlSiMg_200W_500mms_M0_G13_Test_Crossflow_Stepover0441.tif,-0.001,1.772,1.647,0.044,0.054,1706.1320833522248
0.00882,441,053_AlSiMg_200W_500mms_M0_G13_Test_Crossflow_Stepover0442.tif,0.001,1.768,1.674,0.043,0.055,1722.1319028568062
0.008825,441,053_AlSiMg_200W_500mms_M0_G13_Test_Crossflow_Stepover0442.tif,-0.002,1.775,1.688,0.044,0.054,1688.203267629856
0.00883,441,053_AlSiMg_200W_500mms_M0_G13_Test_Crossflow_Stepover0442.tif,0.001,1.779,1.656,0.044,0.053,1691.6083560101513
0.008835,441,053_AlSiMg_200W_500mms_M0_G13_Test_Crossflow_Stepover0442.tif,-0.002,1.784,1.644,0.044,0.054,1745.1211864733662
0.00884,442,053_AlSiMg_200W_500mms_M0_G13_Test_Crossflow_Stepover0443.tif,-0.002,1.795,1.644,0.045,0.055,1737.43733274386
0.008845,442,053_AlSiMg_200W_500mms_M0_G13_Test_Crossflow_Stepover0443.tif,-0.002,1.805,1.637,0.046,0.055,1740.8580278266222
0.00885,442,053_AlSiMg_200W_500mms_M0_G13_Test_Crossflow_Stepover0443.tif,-0.002,1.811,1.643,0.046,0.057,1804.9262960178362
0.008855,442,053_AlSiMg_200W_500mms_M0_G13_Test_Crossflow_Stepover0443.tif,0.0,1.811,1.663,0.045,0.054,1804.9262960178362
0.00886,443,053_AlSiMg_200W_500mms_M0_G13_Test_Crossflow_Stepover0444.tif,-0.001,1.802,1.643,0.047,0.054,1758.149948049207
0.008865,443,053_AlSiMg_200W_500mms_M0_G13_Test_Crossflow_Stepover0444.tif,-0.002,1.801,1.644,0.045,0.055,1788.6007555356682
0.00887,443,053_AlSiMg_200W_500mms_M0_G13_Test_Crossflow_Stepover0444.tif,0.001,1.794,1.639,0.045,0.057,1734.9678002463254
0.008875,443,053_AlSiMg_200W_500mms_M0_G13_Test_Crossflow_Stepover0444.tif,-0.002,1.781,1.654,0.046,0.055,1663.2156783256046
0.00888,444,053_AlSiMg_200W_500mms_M0_G13_Test_Crossflow_Stepover0445.tif,-0.002,1.772,1.684,0.042,0.054,1663.2156783256044
0.008885,444,053_AlSiMg_200W_500mms_M0_G13_Test_Crossflow_Stepover0445.tif,-0.001,1.77,1.664,0.046,0.057,1648.0997657100008
0.00889,444,053_AlSiMg_200W_500mms_M0_G13_Test_Crossflow_Stepover0445.tif,-0.002,1.768,1.681,0.045,0.055,1651.3743622656161
0.008895,444,053_AlSiMg_200W_500mms_M0_G13_Test_Crossflow_Stepover0445.tif,0.001,1.772,1.675,0.044,0.057,1714.8334154695106
0.0089,445,053_AlSiMg_200W_500mms_M0_G13_Test_Crossflow_Stepover0446.tif,0.001,1.775,1.71,0.047,0.056,1722.517269199017
0.008905,445,053_AlSiMg_200W_500mms_M0_G13_Test_Crossflow_Stepover0446.tif,-0.002,1.787,1.689,0.048,0.057,1722.517269199017
0.00891,445,053_AlSiMg_200W_500mms_M0_G13_Test_Crossflow_Stepover0446.tif,0.0,1.798,1.714,0.044,0.054,1734.2970752981503
0.008915,445,053_AlSiMg_200W_500mms_M0_G13_Test_Crossflow_Stepover0446.tif,-0.002,1.802,1.714,0.045,0.055,1731.0224787425345
0.00892,446,053_AlSiMg_200W_500mms_M0_G13_Test_Crossflow_Stepover0447.tif,0.0,1.805,1.682,0.044,0.056,1662.650559413361
0.008925,446,053_AlSiMg_200W_500mms_M0_G13_Test_Crossflow_Stepover0447.tif,0.0,1.802,1.67,0.046,0.055,1706.595696430884
0.00893,446,053_AlSiMg_200W_500mms_M0_G13_Test_Crossflow_Stepover0447.tif,0.001,1.798,1.65,0.044,0.057,1706.595696430884
0.008935,446,053_AlSiMg_200W_500mms_M0_G13_Test_Crossflow_Stepover0447.tif,0.001,1.8,1.657,0.047,0.055,1771.2861915704466
0.00894,447,053_AlSiMg_200W_500mms_M0_G13_Test_Crossflow_Stepover0448.tif,0.0,1.787,1.654,0.045,0.055,1744.0804609816703
0.008945,447,053_AlSiMg_200W_500mms_M0_G13_Test_Crossflow_Stepover0448.tif,-0.002,1.776,1.674,0.045,0.053,1820.5507622203659
0.00895,447,053_AlSiMg_200W_500mms_M0_G13_Test_Crossflow_Stepover0448.tif,0.0,1.773,1.649,0.047,0.058,1762.236995406396
0.008955,447,053_AlSiMg_200W_500mms_M0_G13_Test_Crossflow_Stepover0448.tif,-0.002,1.772,1.684,0.045,0.053,1722.9966397409917
0.00896,448,053_AlSiMg_200W_500mms_M0_G13_Test_Crossflow_Stepover0449.tif,-0.002,1.779,1.688,0.044,0.055,1729.5967823470971
0.008965,448,053_AlSiMg_200W_500mms_M0_G13_Test_Crossflow_Stepover0449.tif,0.0,1.781,1.776,0.045,0.058,1698.2002918938092
0.00897,448,053_AlSiMg_200W_500mms_M0_G13_Test_Crossflow_Stepover0449.tif,0.0,1.787,1.699,0.047,0.055,1683.6222512393465
0.008975,448,053_AlSiMg_200W_500mms_M0_G13_Test_Crossflow_Stepover0449.tif,0.0,1.8,1.684,0.045,0.058,1707.9978975140305
0.00898,449,053_AlSiMg_200W_500mms_M0_G13_Test_Crossflow_Stepover0450.tif,0.0,1.808,1.681,0.046,0.055,1716.4876640709942
0.008985,449,053_AlSiMg_200W_500mms_M0_G13_Test_Crossflow_Stepover0450.tif,0.0,1.809,1.663,0.047,0.057,1675.947615433767
0.00899,449,053_AlSiMg_200W_500mms_M0_G13_Test_Crossflow_Stepover0450.tif,0.0,1.809,1.667,0.044,0.056,1691.0471675844838
0.008995,449,053_AlSiMg_200W_500mms_M0_G13_Test_Crossflow_Stepover0450.tif,-0.002,1.805,1.667,0.045,0.055,1691.0471675844838
0.009,450,053_AlSiMg_200W_500mms_M0_G13_Test_Crossflow_Stepover0451.tif,-0.001,1.8,1.661,0.046,0.058,1751.3248764743596
0.009005,450,053_AlSiMg_200W_500mms_M0_G13_Test_Crossflow_Stepover0451.tif,-0.001,1.795,1.67,0.046,0.055,1839.5168650047654
0.00901,450,053_AlSiMg_200W_500mms_M0_G13_Test_Crossflow_Stepover0451.tif,-0.001,1.786,1.727,0.049,0.056,1852.1115961290518
0.009015,450,053_AlSiMg_200W_500mms_M0_G13_Test_Crossflow_Stepover0451.tif,-0.002,1.777,1.726,0.046,0.053,1876.2523996437394
0.00902,451,053_AlSiMg_200W_500mms_M0_G13_Test_Crossflow_Stepover0452.tif,-0.001,1.781,1.709,0.044,0.053,1897.4305829043074
0.009025,451,053_AlSiMg_200W_500mms_M0_G13_Test_Crossflow_Stepover0452.tif,0.001,1.776,1.692,0.045,0.055,1777.2778667900711
0.00903,451,053_AlSiMg_200W_500mms_M0_G13_Test_Crossflow_Stepover0452.tif,-0.002,1.78,1.727,0.047,0.055,1702.0627491913633
0.009035,451,053_AlSiMg_200W_500mms_M0_G13_Test_Crossflow_Stepover0452.tif,-0.002,1.781,1.672,0.044,0.058,1689.4680180670773
0.00904,452,053_AlSiMg_200W_500mms_M0_G13_Test_Crossflow_Stepover0453.tif,0.001,1.793,1.637,0.044,0.055,1702.0627491913633
0.009045,452,053_AlSiMg_200W_500mms_M0_G13_Test_Crossflow_Stepover0453.tif,-0.001,1.801,1.628,0.045,0.055,1643.7489823773935
0.00905,452,053_AlSiMg_200W_500mms_M0_G13_Test_Crossflow_Stepover0453.tif,0.0,1.805,1.637,0.044,0.053,1737.5621101410409
0.009055,452,053_AlSiMg_200W_500mms_M0_G13_Test_Crossflow_Stepover0453.tif,-0.001,1.802,1.636,0.044,0.055,1730.6043730831577
0.00906,453,053_AlSiMg_200W_500mms_M0_G13_Test_Crossflow_Stepover0454.tif,0.0,1.798,1.651,0.047,0.055,1746.619799290206
0.009065,453,053_AlSiMg_200W_500mms_M0_G13_Test_Crossflow_Stepover0454.tif,0.001,1.794,1.637,0.042,0.053,1767.9649741970418
0.00907,453,053_AlSiMg_200W_500mms_M0_G13_Test_Crossflow_Stepover0454.tif,-0.002,1.793,1.637,0.045,0.054,1785.7386923737838
0.009075,453,053_AlSiMg_200W_500mms_M0_G13_Test_Crossflow_Stepover0454.tif,0.001,1.776,1.658,0.045,0.053,1709.1894172887655
0.00908,454,053_AlSiMg_200W_500mms_M0_G13_Test_Crossflow_Stepover0455.tif,0.001,1.768,1.66,0.045,0.055,1740.5228006213322
0.009085,454,053_AlSiMg_200W_500mms_M0_G13_Test_Crossflow_Stepover0455.tif,-0.002,1.768,1.675,0.046,0.059,1765.0474230515113
0.00909,454,053_AlSiMg_200W_500mms_M0_G13_Test_Crossflow_Stepover0455.tif,0.0,1.77,1.686,0.047,0.057,1771.6475656576167
0.009095,454,053_AlSiMg_200W_500mms_M0_G13_Test_Crossflow_Stepover0455.tif,0.0,1.772,1.749,0.047,0.055,1855.097528500999
0.0091,455,053_AlSiMg_200W_500mms_M0_G13_Test_Crossflow_Stepover0456.tif,0.001,1.777,1.685,0.047,0.055,1931.6468035860173
0.009105,455,053_AlSiMg_200W_500mms_M0_G13_Test_Crossflow_Stepover0456.tif,-0.002,1.788,1.686,0.047,0.053,1875.7509244483506
0.00911,455,053_AlSiMg_200W_500mms_M0_G13_Test_Crossflow_Stepover0456.tif,-0.001,1.801,1.681,0.047,0.055,1817.4371576343808
0.009115,455,053_AlSiMg_200W_500mms_M0_G13_Test_Crossflow_Stepover0456.tif,0.001,1.807,1.696,0.042,0.055,1759.1233908204115
0.00912,456,053_AlSiMg_200W_500mms_M0_G13_Test_Crossflow_Stepover0457.tif,0.001,1.805,1.692,0.044,0.055,1695.0352933536888
0.009125,456,053_AlSiMg_200W_500mms_M0_G13_Test_Crossflow_Stepover0457.tif,-0.002,1.804,1.692,0.044,0.055,1688.4351507475828
0.00913,456,053_AlSiMg_200W_500mms_M0_G13_Test_Crossflow_Stepover0457.tif,0.001,1.805,1.672,0.046,0.055,1775.0069460924387
0.009135,456,053_AlSiMg_200W_500mms_M0_G13_Test_Crossflow_Stepover0457.tif,-0.001,1.801,1.672,0.045,0.053,1743.4867132294555
0.00914,457,053_AlSiMg_200W_500mms_M0_G13_Test_Crossflow_Stepover0458.tif,-0.002,1.791,1.663,0.046,0.054,1780.6222967828573
0.009145,457,053_AlSiMg_200W_500mms_M0_G13_Test_Crossflow_Stepover0458.tif,0.001,1.784,1.656,0.042,0.055,1773.855162530484
0.00915,457,053_AlSiMg_200W_500mms_M0_G13_Test_Crossflow_Stepover0458.tif,0.0,1.777,1.703,0.046,0.055,1690.6213054596362
0.009155,457,053_AlSiMg_200W_500mms_M0_G13_Test_Crossflow_Stepover0458.tif,-0.002,1.776,1.692,0.044,0.053,1672.7053265311656
0.00916,458,053_AlSiMg_200W_500mms_M0_G13_Test_Crossflow_Stepover0459.tif,0.0,1.781,1.661,0.042,0.055,1704.2255593941488
0.009165,458,053_AlSiMg_200W_500mms_M0_G13_Test_Crossflow_Stepover0459.tif,0.0,1.779,1.674,0.046,0.055,2140.8687406708873
0.00917,458,053_AlSiMg_200W_500mms_M0_G13_Test_Crossflow_Stepover0459.tif,-0.002,1.786,1.663,0.044,0.055,2168.8140581838284
0.009175,458,053_AlSiMg_200W_500mms_M0_G13_Test_Crossflow_Stepover0459.tif,-0.002,1.798,1.692,0.066,0.056,2200.334291046812
0.00918,459,053_AlSiMg_200W_500mms_M0_G13_Test_Crossflow_Stepover0460.tif,-0.001,1.801,1.706,0.047,0.055,2169.8834835603507
0.009185,459,053_AlSiMg_200W_500mms_M0_G13_Test_Crossflow_Stepover0460.tif,-0.002,1.801,1.713,0.044,0.055,2176.568259627291
0.00919,459,053_AlSiMg_200W_500mms_M0_G13_Test_Crossflow_Stepover0460.tif,-0.002,1.802,1.692,0.046,0.057,1720.5632129738929
0.009195,459,053_AlSiMg_200W_500mms_M0_G13_Test_Crossflow_Stepover0460.tif,-0.002,1.798,1.707,0.046,0.057,1665.6249234958348
0.0092,460,053_AlSiMg_200W_500mms_M0_G13_Test_Crossflow_Stepover0461.tif,0.001,1.797,1.674,0.045,0.055,1630.1255625461579
0.009205,460,053_AlSiMg_200W_500mms_M0_G13_Test_Crossflow_Stepover0461.tif,0.001,1.786,1.667,0.045,0.056,1675.1544106870817
0.00921,460,053_AlSiMg_200W_500mms_M0_G13_Test_Crossflow_Stepover0461.tif,-0.002,1.776,1.661,0.044,0.058,1686.243352796883
0.009215,460,053_AlSiMg_200W_500mms_M0_G13_Test_Crossflow_Stepover0461.tif,0.0,1.77,1.684,0.045,0.053,1652.092387710328
0.00922,461,053_AlSiMg_200W_500mms_M0_G13_Test_Crossflow_Stepover0462.tif,-0.002,1.769,1.692,0.045,0.055,1666.4906285511584
0.009225,461,053_AlSiMg_200W_500mms_M0_G13_Test_Crossflow_Stepover0462.tif,-0.001,1.772,1.65,0.043,0.055,1757.0415519827081
0.00923,461,053_AlSiMg_200W_500mms_M0_G13_Test_Crossflow_Stepover0462.tif,-0.001,1.779,1.65,0.045,0.055,1739.1170721586345
0.009235,461,053_AlSiMg_200W_500mms_M0_G13_Test_Crossflow_Stepover0462.tif,0.0,1.781,1.646,0.046,0.054,1721.3433539818925
0.00924,462,053_AlSiMg_200W_500mms_M0_G13_Test_Crossflow_Stepover0463.tif,-0.002,1.797,1.664,0.045,0.054,1728.0798364764782
0.009245,462,053_AlSiMg_200W_500mms_M0_G13_Test_Crossflow_Stepover0463.tif,-0.001,1.801,1.699,0.044,0.055,1716.9908943666765
0.00925,462,053_AlSiMg_200W_500mms_M0_G13_Test_Crossflow_Stepover0463.tif,0.0,1.808,1.684,0.045,0.057,1655.5722465468577
0.009255,462,053_AlSiMg_200W_500mms_M0_G13_Test_Crossflow_Stepover0463.tif,-0.002,1.805,1.695,0.046,0.057,1621.7831021630673
0.00926,463,053_AlSiMg_200W_500mms_M0_G13_Test_Crossflow_Stepover0464.tif,0.0,1.804,1.712,0.046,0.058,1652.151551464096
0.009265,463,053_AlSiMg_200W_500mms_M0_G13_Test_Crossflow_Stepover0464.tif,-0.001,1.8,1.703,0.044,0.055,1713.5059400871876
0.00927,463,053_AlSiMg_200W_500mms_M0_G13_Test_Crossflow_Stepover0464.tif,0.0,1.795,1.688,0.044,0.053,1727.9298308743462
0.009275,463,053_AlSiMg_200W_500mms_M0_G13_Test_Crossflow_Stepover0464.tif,-0.001,1.783,1.706,0.045,0.053,1764.6653655133207
0.00928,464,053_AlSiMg_200W_500mms_M0_G13_Test_Crossflow_Stepover0465.tif,0.0,1.775,1.671,0.046,0.056,1782.4390836900627
0.009285,464,053_AlSiMg_200W_500mms_M0_G13_Test_Crossflow_Stepover0465.tif,0.0,1.775,1.661,0.044,0.053,1782.4390836900627
0.00929,464,053_AlSiMg_200W_500mms_M0_G13_Test_Crossflow_Stepover0465.tif,0.0,1.777,1.712,0.045,0.055,1782.4390836900627
0.009295,464,053_AlSiMg_200W_500mms_M0_G13_Test_Crossflow_Stepover0465.tif,0.001,1.779,1.681,0.044,0.053,1791.698866136992
0.0093,465,053_AlSiMg_200W_500mms_M0_G13_Test_Crossflow_Stepover0466.tif,-0.002,1.788,1.663,0.045,0.053,1782.4390836900627
0.009305,465,053_AlSiMg_200W_500mms_M0_G13_Test_Crossflow_Stepover0466.tif,-0.001,1.795,1.667,0.044,0.053,1779.0339953097675
0.00931,465,053_AlSiMg_200W_500mms_M0_G13_Test_Crossflow_Stepover0466.tif,-0.002,1.805,1.657,0.046,0.056,1905.9147623515787
0.009315,465,053_AlSiMg_200W_500mms_M0_G13_Test_Crossflow_Stepover0466.tif,0.0,1.809,1.649,0.044,0.054,1871.9748563204564
0.00932,466,053_AlSiMg_200W_500mms_M0_G13_Test_Crossflow_Stepover0467.tif,-0.001,1.808,1.67,0.047,0.051,1878.7419905728298
0.009325,466,053_AlSiMg_200W_500mms_M0_G13_Test_Crossflow_Stepover0467.tif,-0.001,1.802,1.758,0.045,0.055,1888.001773019759
0.00933,466,053_AlSiMg_200W_500mms_M0_G13_Test_Crossflow_Stepover0467.tif,0.001,1.798,1.742,0.046,0.055,1921.930408246709
0.009335,466,053_AlSiMg_200W_500mms_M0_G13_Test_Crossflow_Stepover0467.tif,-0.002,1.794,1.717,0.044,0.053,1748.3039449940563
0.00934,467,053_AlSiMg_200W_500mms_M0_G13_Test_Crossflow_Stepover0468.tif,0.0,1.784,1.709,0.044,0.052,1730.530226817314
0.009345,467,053_AlSiMg_200W_500mms_M0_G13_Test_Crossflow_Stepover0468.tif,-0.002,1.77,1.696,0.043,0.055,1745.108267471777
0.00935,467,053_AlSiMg_200W_500mms_M0_G13_Test_Crossflow_Stepover0468.tif,0.0,1.766,1.681,0.044,0.055,1714.739818170748
0.009355,467,053_AlSiMg_200W_500mms_M0_G13_Test_Crossflow_Stepover0468.tif,-0.002,1.768,1.693,0.045,0.053,1703.578136700753
0.00936,468,053_AlSiMg_200W_500mms_M0_G13_Test_Crossflow_Stepover0469.tif,-0.002,1.768,1.665,0.044,0.055,1768.252648633963
0.009365,468,053_AlSiMg_200W_500mms_M0_G13_Test_Crossflow_Stepover0469.tif,0.001,1.77,1.685,0.046,0.055,2010.629001070099
0.00937,468,053_AlSiMg_200W_500mms_M0_G13_Test_Crossflow_Stepover0469.tif,0.0,1.786,1.663,0.044,0.052,1945.9385059305364
0.009375,468,053_AlSiMg_200W_500mms_M0_G13_Test_Crossflow_Stepover0469.tif,0.001,1.797,1.643,0.052,0.054,2017.8523917433934
0.00938,469,053_AlSiMg_200W_500mms_M0_G13_Test_Crossflow_Stepover0470.tif,0.0,1.805,1.64,0.044,0.056,1964.3395612801785
0.009385,469,053_AlSiMg_200W_500mms_M0_G13_Test_Crossflow_Stepover0470.tif,-0.001,1.807,1.705,0.045,0.052,1946.41074555781
0.00939,469,053_AlSiMg_200W_500mms_M0_G13_Test_Crossflow_Stepover0470.tif,0.0,1.809,1.707,0.043,0.055,1866.6241651387456
0.009395,469,053_AlSiMg_200W_500mms_M0_G13_Test_Crossflow_Stepover0470.tif,0.001,1.804,1.7,0.044,0.053,1893.9696658668904
0.0094,470,053_AlSiMg_200W_500mms_M0_G13_Test_Crossflow_Stepover0471.tif,0.0,1.804,1.695,0.049,0.053,1852.424229355062
0.009405,470,053_AlSiMg_200W_500mms_M0_G13_Test_Crossflow_Stepover0471.tif,-0.002,1.793,1.719,0.044,0.054,2111.177828701011
0.00941,470,053_AlSiMg_200W_500mms_M0_G13_Test_Crossflow_Stepover0471.tif,0.001,1.781,1.714,0.044,0.053,2098.583097576725
0.009415,470,053_AlSiMg_200W_500mms_M0_G13_Test_Crossflow_Stepover0471.tif,-0.001,1.773,1.709,0.052,0.054,1966.3617748606819
0.00942,471,053_AlSiMg_200W_500mms_M0_G13_Test_Crossflow_Stepover0472.tif,0.0,1.776,1.689,0.045,0.055,1962.8842806169268
0.009425,471,053_AlSiMg_200W_500mms_M0_G13_Test_Crossflow_Stepover0472.tif,0.001,1.775,1.689,0.044,0.053,1984.2294555237627
0.00943,471,053_AlSiMg_200W_500mms_M0_G13_Test_Crossflow_Stepover0472.tif,0.0,1.779,1.7,0.043,0.053,1941.008864328781
0.009435,471,053_AlSiMg_200W_500mms_M0_G13_Test_Crossflow_Stepover0472.tif,0.0,1.781,1.705,0.045,0.053,1923.2351461520389
0.00944,472,053_AlSiMg_200W_500mms_M0_G13_Test_Crossflow_Stepover0473.tif,0.001,1.797,1.714,0.05,0.053,1923.2351461520389
0.009445,472,053_AlSiMg_200W_500mms_M0_G13_Test_Crossflow_Stepover0473.tif,0.0,1.805,1.678,0.044,0.055,1905.3862735414646
0.00945,472,053_AlSiMg_200W_500mms_M0_G13_Test_Crossflow_Stepover0473.tif,-0.002,1.807,1.668,0.044,0.053,1928.8877669323076
0.009455,472,053_AlSiMg_200W_500mms_M0_G13_Test_Crossflow_Stepover0473.tif,-0.002,1.805,1.686,0.042,0.053,1760.1004549921818
0.00946,473,053_AlSiMg_200W_500mms_M0_G13_Test_Crossflow_Stepover0474.tif,-0.002,1.805,1.674,0.046,0.053,1774.4690847886286
0.009465,473,053_AlSiMg_200W_500mms_M0_G13_Test_Crossflow_Stepover0474.tif,0.0,1.805,1.705,0.044,0.053,1816.0145213004573
0.00947,473,053_AlSiMg_200W_500mms_M0_G13_Test_Crossflow_Stepover0474.tif,-0.002,1.798,1.702,0.044,0.054,1822.9722583583402
0.009475,473,053_AlSiMg_200W_500mms_M0_G13_Test_Crossflow_Stepover0474.tif,-0.002,1.787,1.689,0.045,0.052,1758.6482763123245
0.00948,474,053_AlSiMg_200W_500mms_M0_G13_Test_Crossflow_Stepover0475.tif,0.001,1.775,1.7,0.044,0.055,1715.3029560795974
0.009485,474,053_AlSiMg_200W_500mms_M0_G13_Test_Crossflow_Stepover0475.tif,-0.002,1.772,1.7,0.043,0.053,1677.5557638992038
0.00949,474,053_AlSiMg_200W_500mms_M0_G13_Test_Crossflow_Stepover0475.tif,0.0,1.773,1.693,0.044,0.056,1598.6841410284637
0.009495,474,053_AlSiMg_200W_500mms_M0_G13_Test_Crossflow_Stepover0475.tif,0.001,1.777,1.825,0.041,0.053,1677.121039016125
0.0095,475,053_AlSiMg_200W_500mms_M0_G13_Test_Crossflow_Stepover0476.tif,-0.001,1.777,1.749,0.042,0.053,1666.2299034634332
0.009505,475,053_AlSiMg_200W_500mms_M0_G13_Test_Crossflow_Stepover0476.tif,0.0,1.787,1.713,0.047,0.054,1679.206774395132
0.00951,475,053_AlSiMg_200W_500mms_M0_G13_Test_Crossflow_Stepover0476.tif,-0.002,1.795,1.735,0.044,0.055,1732.9537860801072
0.009515,475,053_AlSiMg_200W_500mms_M0_G13_Test_Crossflow_Stepover0476.tif,0.0,1.802,1.707,0.044,0.055,1757.6852413147321
0.00952,476,053_AlSiMg_200W_500mms_M0_G13_Test_Crossflow_Stepover0477.tif,-0.002,1.8,1.707,0.044,0.053,1679.248343327071
0.009525,476,053_AlSiMg_200W_500mms_M0_G13_Test_Crossflow_Stepover0477.tif,0.0,1.801,1.682,0.045,0.055,1730.9619675349354
0.00953,476,053_AlSiMg_200W_500mms_M0_G13_Test_Crossflow_Stepover0477.tif,-0.001,1.795,1.686,0.044,0.055,1789.2757343489047
0.009535,476,053_AlSiMg_200W_500mms_M0_G13_Test_Crossflow_Stepover0477.tif,-0.002,1.794,1.684,0.045,0.053,1758.9072850478763
0.00954,477,053_AlSiMg_200W_500mms_M0_G13_Test_Crossflow_Stepover0478.tif,-0.002,1.781,1.678,0.047,0.055,1768.0045405934302
0.009545,477,053_AlSiMg_200W_500mms_M0_G13_Test_Crossflow_Stepover0478.tif,0.001,1.773,1.696,0.044,0.055,1869.2282216135548
0.00955,477,053_AlSiMg_200W_500mms_M0_G13_Test_Crossflow_Stepover0478.tif,-0.001,1.773,1.675,0.043,0.052,1851.3037417894811
0.009555,477,053_AlSiMg_200W_500mms_M0_G13_Test_Crossflow_Stepover0478.tif,-0.001,1.773,1.646,0.047,0.053,1807.3586047719582
0.00956,478,053_AlSiMg_200W_500mms_M0_G13_Test_Crossflow_Stepover0479.tif,0.0,1.779,1.707,0.045,0.054,1807.3586047719582
0.009565,478,053_AlSiMg_200W_500mms_M0_G13_Test_Crossflow_Stepover0479.tif,-0.001,1.78,1.686,0.044,0.054,1817.623214603064
0.00957,478,053_AlSiMg_200W_500mms_M0_G13_Test_Crossflow_Stepover0479.tif,0.0,1.787,1.695,0.044,0.055,1740.7751798576232
0.009575,478,053_AlSiMg_200W_500mms_M0_G13_Test_Crossflow_Stepover0479.tif,-0.001,1.798,1.737,0.046,0.055,1747.39621558285
0.00958,479,053_AlSiMg_200W_500mms_M0_G13_Test_Crossflow_Stepover0480.tif,0.001,1.804,1.709,0.047,0.057,1763.3960350874313
0.009585,479,053_AlSiMg_200W_500mms_M0_G13_Test_Crossflow_Stepover0480.tif,0.001,1.804,1.712,0.047,0.056,1777.7646648838781
0.00959,479,053_AlSiMg_200W_500mms_M0_G13_Test_Crossflow_Stepover0480.tif,-0.002,1.802,1.712,0.044,0.053,1740.6290813304763
0.009595,479,053_AlSiMg_200W_500mms_M0_G13_Test_Crossflow_Stepover0480.tif,-0.002,1.797,1.678,0.044,0.054,1716.253435055793
0.0096,480,053_AlSiMg_200W_500mms_M0_G13_Test_Crossflow_Stepover0481.tif,0.001,1.793,1.686,0.044,0.055,1693.616973123518
0.009605,480,053_AlSiMg_200W_500mms_M0_G13_Test_Crossflow_Stepover0481.tif,0.001,1.787,1.698,0.044,0.055,1697.0376682062802
0.00961,480,053_AlSiMg_200W_500mms_M0_G13_Test_Crossflow_Stepover0481.tif,-0.002,1.776,1.696,0.045,0.055,1764.2511118583577
0.009615,480,053_AlSiMg_200W_500mms_M0_G13_Test_Crossflow_Stepover0481.tif,0.001,1.772,1.709,0.045,0.054,1764.2511118583577
0.00962,481,053_AlSiMg_200W_500mms_M0_G13_Test_Crossflow_Stepover0482.tif,0.001,1.77,1.684,0.048,0.055,1764.2511118583577
0.009625,481,053_AlSiMg_200W_500mms_M0_G13_Test_Crossflow_Stepover0482.tif,-0.001,1.77,1.797,0.044,0.055,1776.8458429826442
0.00963,481,053_AlSiMg_200W_500mms_M0_G13_Test_Crossflow_Stepover0482.tif,0.001,1.773,1.766,0.044,0.055,1798.1082610807257
0.009635,481,053_AlSiMg_200W_500mms_M0_G13_Test_Crossflow_Stepover0482.tif,-0.002,1.781,1.712,0.044,0.053,1879.1159596492726
0.00964,482,053_AlSiMg_200W_500mms_M0_G13_Test_Crossflow_Stepover0483.tif,-0.002,1.793,1.699,0.046,0.054,1890.007095201964
0.009645,482,053_AlSiMg_200W_500mms_M0_G13_Test_Crossflow_Stepover0483.tif,0.001,1.802,1.685,0.049,0.053,1907.7808133787062
0.00965,482,053_AlSiMg_200W_500mms_M0_G13_Test_Crossflow_Stepover0483.tif,0.0,1.808,1.657,0.043,0.053,1838.6163459990253
0.009655,482,053_AlSiMg_200W_500mms_M0_G13_Test_Crossflow_Stepover0483.tif,-0.001,1.805,1.665,0.045,0.055,1776.60704645927
0.00966,483,053_AlSiMg_200W_500mms_M0_G13_Test_Crossflow_Stepover0484.tif,-0.002,1.801,1.681,0.043,0.057,1621.356142428051
0.009665,483,053_AlSiMg_200W_500mms_M0_G13_Test_Crossflow_Stepover0484.tif,0.0,1.801,1.681,0.042,0.053,1658.7622718987564
0.00967,483,053_AlSiMg_200W_500mms_M0_G13_Test_Crossflow_Stepover0484.tif,0.0,1.795,1.668,0.042,0.052,1674.777698105805
0.009675,483,053_AlSiMg_200W_500mms_M0_G13_Test_Crossflow_Stepover0484.tif,0.0,1.783,1.692,0.044,0.052,1720.9125841703094
0.00968,484,053_AlSiMg_200W_500mms_M0_G13_Test_Crossflow_Stepover0485.tif,-0.001,1.773,1.654,0.045,0.054,1720.9125841703094
0.009685,484,053_AlSiMg_200W_500mms_M0_G13_Test_Crossflow_Stepover0485.tif,-0.001,1.77,1.703,0.042,0.052,1743.9421654854857
0.00969,484,053_AlSiMg_200W_500mms_M0_G13_Test_Crossflow_Stepover0485.tif,-0.001,1.773,1.658,0.042,0.053,1695.6449004620886
0.009695,484,053_AlSiMg_200W_500mms_M0_G13_Test_Crossflow_Stepover0485.tif,0.001,1.777,1.671,0.044,0.053,2005.5500761386695
0.0097,485,053_AlSiMg_200W_500mms_M0_G13_Test_Crossflow_Stepover0486.tif,-0.001,1.78,1.713,0.044,0.055,2049.9248323606816
0.009705,485,053_AlSiMg_200W_500mms_M0_G13_Test_Crossflow_Stepover0486.tif,0.0,1.791,1.682,0.056,0.056,2071.251199215011
0.00971,485,053_AlSiMg_200W_500mms_M0_G13_Test_Crossflow_Stepover0486.tif,0.0,1.804,1.661,0.045,0.053,2071.251199215011
0.009715,485,053_AlSiMg_200W_500mms_M0_G13_Test_Crossflow_Stepover0486.tif,-0.001,1.807,1.656,0.044,0.054,2082.1423347677032
0.00972,486,053_AlSiMg_200W_500mms_M0_G13_Test_Crossflow_Stepover0487.tif,0.0,1.808,1.734,0.044,0.053,1756.2217328840736
0.009725,486,053_AlSiMg_200W_500mms_M0_G13_Test_Crossflow_Stepover0487.tif,0.0,1.804,1.71,0.043,0.053,1704.5081086762093
0.00973,486,053_AlSiMg_200W_500mms_M0_G13_Test_Crossflow_Stepover0487.tif,-0.002,1.8,1.692,0.045,0.055,1723.9286232635532
0.009735,486,053_AlSiMg_200W_500mms_M0_G13_Test_Crossflow_Stepover0487.tif,0.0,1.798,1.759,0.044,0.055,1704.4513095152165
0.00974,487,053_AlSiMg_200W_500mms_M0_G13_Test_Crossflow_Stepover0488.tif,0.0,1.793,1.844,0.045,0.054,1711.3338921392672
0.009745,487,053_AlSiMg_200W_500mms_M0_G13_Test_Crossflow_Stepover0488.tif,0.001,1.781,1.92,0.043,0.053,1741.8574389859218
0.00975,487,053_AlSiMg_200W_500mms_M0_G13_Test_Crossflow_Stepover0488.tif,-0.001,1.777,1.963,0.045,0.055,1772.22588828695
0.009755,487,053_AlSiMg_200W_500mms_M0_G13_Test_Crossflow_Stepover0488.tif,0.001,1.776,1.878,0.044,0.052,1749.3278794558512
0.00976,488,053_AlSiMg_200W_500mms_M0_G13_Test_Crossflow_Stepover0489.tif,0.001,1.776,1.882,0.044,0.053,1738.4367439031594
0.009765,488,053_AlSiMg_200W_500mms_M0_G13_Test_Crossflow_Stepover0489.tif,0.0,1.78,1.899,0.043,0.053,1883.2527977434886
0.00977,488,053_AlSiMg_200W_500mms_M0_G13_Test_Crossflow_Stepover0489.tif,-0.002,1.784,1.877,0.044,0.055,1865.3239820211202
0.009775,488,053_AlSiMg_200W_500mms_M0_G13_Test_Crossflow_Stepover0489.tif,-0.002,1.797,1.864,0.049,0.053,1821.9786617883929
0.00978,489,053_AlSiMg_200W_500mms_M0_G13_Test_Crossflow_Stepover0490.tif,0.0,1.805,1.878,0.044,0.053,1855.8871939325138
0.009785,489,053_AlSiMg_200W_500mms_M0_G13_Test_Crossflow_Stepover0490.tif,0.001,1.802,1.825,0.044,0.056,1889.6763383163045
0.00979,489,053_AlSiMg_200W_500mms_M0_G13_Test_Crossflow_Stepover0490.tif,-0.002,1.801,1.772,0.043,0.051,1785.400333113203
0.009795,489,053_AlSiMg_200W_500mms_M0_G13_Test_Crossflow_Stepover0490.tif,0.0,1.798,1.726,0.045,0.054,1772.8056019889166
0.0098,490,053_AlSiMg_200W_500mms_M0_G13_Test_Crossflow_Stepover0491.tif,0.0,1.794,1.712,0.047,0.055,1844.0962397345847
0.009805,490,053_AlSiMg_200W_500mms_M0_G13_Test_Crossflow_Stepover0491.tif,-0.001,1.784,1.705,0.045,0.055,1857.6103388517422
0.00981,490,053_AlSiMg_200W_500mms_M0_G13_Test_Crossflow_Stepover0491.tif,0.0,1.775,1.737,0.047,0.055,1878.8727569498237
0.009815,490,053_AlSiMg_200W_500mms_M0_G13_Test_Crossflow_Stepover0491.tif,0.0,1.766,1.713,0.047,0.055,1854.348134519645
0.00982,491,053_AlSiMg_200W_500mms_M0_G13_Test_Crossflow_Stepover0492.tif,-0.001,1.768,1.775,0.046,0.054,1873.7099998963045
0.009825,491,053_AlSiMg_200W_500mms_M0_G13_Test_Crossflow_Stepover0492.tif,0.0,1.77,1.731,0.045,0.054,1802.419362150636
0.00983,491,053_AlSiMg_200W_500mms_M0_G13_Test_Crossflow_Stepover0492.tif,0.001,1.77,1.702,0.046,0.055,1774.474044637695
0.009835,491,053_AlSiMg_200W_500mms_M0_G13_Test_Crossflow_Stepover0492.tif,0.0,1.777,1.758,0.044,0.056,1771.1361063636868
0.00984,492,053_AlSiMg_200W_500mms_M0_G13_Test_Crossflow_Stepover0493.tif,-0.002,1.793,1.726,0.044,0.053,1755.1206801566382
0.009845,492,053_AlSiMg_200W_500mms_M0_G13_Test_Crossflow_Stepover0493.tif,-0.002,1.802,1.685,0.045,0.053,1717.9850966032366
0.00985,492,053_AlSiMg_200W_500mms_M0_G13_Test_Crossflow_Stepover0493.tif,-0.002,1.804,1.686,0.045,0.055,1741.8531030876268
0.009855,492,053_AlSiMg_200W_500mms_M0_G13_Test_Crossflow_Stepover0493.tif,-0.002,1.804,1.682,0.044,0.055,1759.7819188099952
0.00986,493,053_AlSiMg_200W_500mms_M0_G13_Test_Crossflow_Stepover0494.tif,0.0,1.804,1.698,0.043,0.053,1718.9594301548227
0.009865,493,053_AlSiMg_200W_500mms_M0_G13_Test_Crossflow_Stepover0494.tif,0.001,1.8,1.66,0.044,0.052,1715.5543417745273
0.00987,493,053_AlSiMg_200W_500mms_M0_G13_Test_Crossflow_Stepover0494.tif,-0.002,1.794,1.642,0.043,0.053,1715.5543417745273
0.009875,493,053_AlSiMg_200W_500mms_M0_G13_Test_Crossflow_Stepover0494.tif,0.0,1.781,1.647,0.044,0.054,1735.0316555228644
0.00988,494,053_AlSiMg_200W_500mms_M0_G13_Test_Crossflow_Stepover0495.tif,-0.001,1.775,1.667,0.044,0.055,2160.5131553296073
0.009885,494,053_AlSiMg_200W_500mms_M0_G13_Test_Crossflow_Stepover0495.tif,0.0,1.775,1.646,0.044,0.053,2160.5131553296073
0.00989,494,053_AlSiMg_200W_500mms_M0_G13_Test_Crossflow_Stepover0495.tif,0.0,1.775,1.639,0.055,0.052,2126.3007146276077
0.009895,494,053_AlSiMg_200W_500mms_M0_G13_Test_Crossflow_Stepover0495.tif,-0.002,1.776,1.639,0.043,0.053,2109.9234677177947
0.0099,495,053_AlSiMg_200W_500mms_M0_G13_Test_Crossflow_Stepover0496.tif,0.001,1.781,1.635,0.042,0.054,2109.9234677177947
0.009905,495,053_AlSiMg_200W_500mms_M0_G13_Test_Crossflow_Stepover0496.tif,0.0,1.791,1.656,0.043,0.055,1669.9338472714455
0.00991,495,053_AlSiMg_200W_500mms_M0_G13_Test_Crossflow_Stepover0496.tif,0.0,1.804,1.65,0.044,0.053,1710.756335926618
0.009915,495,053_AlSiMg_200W_500mms_M0_G13_Test_Crossflow_Stepover0496.tif,0.0,1.814,1.654,0.045,0.054,1744.9687766286174
0.00992,496,053_AlSiMg_200W_500mms_M0_G13_Test_Crossflow_Stepover0497.tif,-0.002,1.815,1.67,0.045,0.053,1754.3882864805478
0.009925,496,053_AlSiMg_200W_500mms_M0_G13_Test_Crossflow_Stepover0497.tif,-0.001,1.808,1.685,0.044,0.054,1757.8089815633098
0.00993,496,053_AlSiMg_200W_500mms_M0_G13_Test_Crossflow_Stepover0497.tif,0.001,1.804,1.72,0.042,0.053,1747.313912255117
0.009935,496,053_AlSiMg_200W_500mms_M0_G13_Test_Crossflow_Stepover0497.tif,0.0,1.802,1.723,0.045,0.054,1725.9687373482811
0.00994,497,053_AlSiMg_200W_500mms_M0_G13_Test_Crossflow_Stepover0498.tif,0.001,1.788,1.681,0.042,0.051,1741.9685568528628
0.009945,497,053_AlSiMg_200W_500mms_M0_G13_Test_Crossflow_Stepover0498.tif,0.001,1.779,1.706,0.044,0.053,1763.2949237071928
0.00995,497,053_AlSiMg_200W_500mms_M0_G13_Test_Crossflow_Stepover0498.tif,-0.001,1.772,1.665,0.044,0.053,1801.4196651362588
0.009955,497,053_AlSiMg_200W_500mms_M0_G13_Test_Crossflow_Stepover0498.tif,0.0,1.772,1.65,0.044,0.054,1781.5010673965728
0.00996,498,053_AlSiMg_200W_500mms_M0_G13_Test_Crossflow_Stepover0499.tif,0.001,1.773,1.654,0.045,0.052,1751.1326180955443
0.009965,498,053_AlSiMg_200W_500mms_M0_G13_Test_Crossflow_Stepover0499.tif,0.0,1.776,1.65,0.045,0.056,1772.47779300238
0.00997,498,053_AlSiMg_200W_500mms_M0_G13_Test_Crossflow_Stepover0499.tif,-0.002,1.781,1.665,0.044,0.055,1758.109163205933
0.009975,498,053_AlSiMg_200W_500mms_M0_G13_Test_Crossflow_Stepover0499.tif,-0.001,1.793,1.653,0.045,0.053,1793.4672509457682
0.00998,499,053_AlSiMg_200W_500mms_M0_G13_Test_Crossflow_Stepover0500.tif,0.001,1.801,1.678,0.044,0.055,1854.712888775705
0.009985,499,053_AlSiMg_200W_500mms_M0_G13_Test_Crossflow_Stepover0500.tif,-0.002,1.798,1.671,0.049,0.055,1858.0883661116163
0.00999,499,053_AlSiMg_200W_500mms_M0_G13_Test_Crossflow_Stepover0500.tif,0.0,1.8,1.699,0.049,0.057,1824.1484600804943
0.009995,499,053_AlSiMg_200W_500mms_M0_G13_Test_Crossflow_Stepover0500.tif,0.001,1.795,1.65,0.045,0.056,1905.730533529019
0.01,500,053_AlSiMg_200W_500mms_M0_G13_Test_Crossflow_Stepover0501.tif,-0.002,1.794,1.646,0.045,0.055,1816.2322781530688
0.010005,500,053_AlSiMg_200W_500mms_M0_G13_Test_Crossflow_Stepover0501.tif,-0.002,1.787,1.651,0.048,0.055,1781.9796122882494
0.01001,500,053_AlSiMg_200W_500mms_M0_G13_Test_Crossflow_Stepover0501.tif,-0.002,1.777,1.702,0.045,0.055,1869.1885882053466
0.010015,500,053_AlSiMg_200W_500mms_M0_G13_Test_Crossflow_Stepover0501.tif,0.0,1.77,1.737,0.044,0.053,1851.4148700286046
0.01002,501,053_AlSiMg_200W_500mms_M0_G13_Test_Crossflow_Stepover0502.tif,0.0,1.77,1.692,0.051,0.058,1848.2696945677412
0.010025,501,053_AlSiMg_200W_500mms_M0_G13_Test_Crossflow_Stepover0502.tif,0.001,1.773,1.706,0.044,0.055,1860.8644256920275
0.01003,501,053_AlSiMg_200W_500mms_M0_G13_Test_Crossflow_Stepover0502.tif,-0.002,1.776,1.712,0.047,0.054,1809.0293389023366
0.010035,501,053_AlSiMg_200W_500mms_M0_G13_Test_Crossflow_Stepover0502.tif,-0.001,1.783,1.73,0.044,0.053,1776.758652463297
0.01004,502,053_AlSiMg_200W_500mms_M0_G13_Test_Crossflow_Stepover0503.tif,-0.001,1.797,1.699,0.045,0.058,1776.758652463297
0.010045,502,053_AlSiMg_200W_500mms_M0_G13_Test_Crossflow_Stepover0503.tif,0.0,1.808,1.727,0.047,0.055,1698.321754475636
0.01005,502,053_AlSiMg_200W_500mms_M0_G13_Test_Crossflow_Stepover0503.tif,0.0,1.811,1.7,0.044,0.055,1708.363485283625
0.010055,502,053_AlSiMg_200W_500mms_M0_G13_Test_Crossflow_Stepover0503.tif,-0.002,1.808,1.713,0.044,0.055,1701.722826277671
0.01006,503,053_AlSiMg_200W_500mms_M0_G13_Test_Crossflow_Stepover0504.tif,0.0,1.804,1.712,0.047,0.056,1673.7775087647292
0.010065,503,053_AlSiMg_200W_500mms_M0_G13_Test_Crossflow_Stepover0504.tif,0.001,1.801,1.717,0.043,0.056,1684.668644317421
0.01007,503,053_AlSiMg_200W_500mms_M0_G13_Test_Crossflow_Stepover0504.tif,0.0,1.795,1.707,0.044,0.053,1675.0278799021937
0.010075,503,053_AlSiMg_200W_500mms_M0_G13_Test_Crossflow_Stepover0504.tif,0.0,1.781,1.675,0.043,0.053,1662.1944361586611
0.01008,504,053_AlSiMg_200W_500mms_M0_G13_Test_Crossflow_Stepover0505.tif,0.0,1.773,1.661,0.045,0.057,1748.6154994672474
0.010085,504,053_AlSiMg_200W_500mms_M0_G13_Test_Crossflow_Stepover0505.tif,0.001,1.772,1.682,0.048,0.058,1718.2470501662187
0.01009,504,053_AlSiMg_200W_500mms_M0_G13_Test_Crossflow_Stepover0505.tif,-0.001,1.773,1.681,0.047,0.055,1731.7315608882113
0.010095,504,053_AlSiMg_200W_500mms_M0_G13_Test_Crossflow_Stepover0505.tif,0.0,1.779,1.681,0.044,0.055,1765.7479715781224
0.0101,505,053_AlSiMg_200W_500mms_M0_G13_Test_Crossflow_Stepover0506.tif,-0.002,1.781,1.677,0.047,0.057,1713.414558181806
0.010105,505,053_AlSiMg_200W_500mms_M0_G13_Test_Crossflow_Stepover0506.tif,-0.001,1.797,1.727,0.047,0.057,1710.1523538497088
0.01011,505,053_AlSiMg_200W_500mms_M0_G13_Test_Crossflow_Stepover0506.tif,0.001,1.807,1.703,0.044,0.057,1768.4661206636786
0.010115,505,053_AlSiMg_200W_500mms_M0_G13_Test_Crossflow_Stepover0506.tif,-0.002,1.808,1.744,0.046,0.054,1744.0904743889946
0.01012,506,053_AlSiMg_200W_500mms_M0_G13_Test_Crossflow_Stepover0507.tif,-0.002,1.807,1.71,0.047,0.055,1794.9299457130187
0.010125,506,053_AlSiMg_200W_500mms_M0_G13_Test_Crossflow_Stepover0507.tif,-0.002,1.804,1.731,0.044,0.055,1806.7097518121518
0.01013,506,053_AlSiMg_200W_500mms_M0_G13_Test_Crossflow_Stepover0507.tif,0.0,1.798,1.706,0.046,0.053,1788.793772883681
0.010135,506,053_AlSiMg_200W_500mms_M0_G13_Test_Crossflow_Stepover0507.tif,0.0,1.797,1.723,0.044,0.056,1788.793772883681
0.01014,507,053_AlSiMg_200W_500mms_M0_G13_Test_Crossflow_Stepover0508.tif,-0.002,1.779,1.688,0.046,0.055,1847.1075396976503
0.010145,507,053_AlSiMg_200W_500mms_M0_G13_Test_Crossflow_Stepover0508.tif,-0.001,1.773,1.682,0.047,0.055,1771.892422098943
0.01015,507,053_AlSiMg_200W_500mms_M0_G13_Test_Crossflow_Stepover0508.tif,0.001,1.77,1.682,0.047,0.055,2258.6480578607816
0.010155,507,053_AlSiMg_200W_500mms_M0_G13_Test_Crossflow_Stepover0508.tif,-0.001,1.768,1.665,0.044,0.055,2258.6480578607816
0.01016,508,053_AlSiMg_200W_500mms_M0_G13_Test_Crossflow_Stepover0509.tif,-0.002,1.77,1.651,0.062,0.055,2278.771189034473
0.010165,508,053_AlSiMg_200W_500mms_M0_G13_Test_Crossflow_Stepover0509.tif,-0.001,1.775,1.696,0.046,0.055,2295.6725398192107
0.01017,508,053_AlSiMg_200W_500mms_M0_G13_Test_Crossflow_Stepover0509.tif,0.0,1.786,1.719,0.047,0.054,2295.6725398192107
0.010175,508,053_AlSiMg_200W_500mms_M0_G13_Test_Crossflow_Stepover0509.tif,0.0,1.8,1.7,0.046,0.053,1821.8937749890706
0.01018,509,053_AlSiMg_200W_500mms_M0_G13_Test_Crossflow_Stepover0510.tif,-0.002,1.802,1.723,0.044,0.055,1768.3809445258562
0.010185,509,053_AlSiMg_200W_500mms_M0_G13_Test_Crossflow_Stepover0510.tif,-0.001,1.802,1.706,0.044,0.055,1689.9440465381947
0.01019,509,053_AlSiMg_200W_500mms_M0_G13_Test_Crossflow_Stepover0510.tif,0.0,1.804,1.698,0.043,0.055,1607.7711918816044
0.010195,509,053_AlSiMg_200W_500mms_M0_G13_Test_Crossflow_Stepover0510.tif,0.0,1.804,1.777,0.044,0.055,1607.7711918816044
0.0102,510,053_AlSiMg_200W_500mms_M0_G13_Test_Crossflow_Stepover0511.tif,0.0,1.802,1.726,0.042,0.053,1622.1398216780512
0.010205,510,053_AlSiMg_200W_500mms_M0_G13_Test_Crossflow_Stepover0511.tif,-0.002,1.791,1.709,0.044,0.055,1638.5170685878643
0.01021,510,053_AlSiMg_200W_500mms_M0_G13_Test_Crossflow_Stepover0511.tif,0.0,1.779,1.688,0.044,0.054,1672.306212971655
0.010215,510,053_AlSiMg_200W_500mms_M0_G13_Test_Crossflow_Stepover0511.tif,0.001,1.77,1.66,0.044,0.055,1713.0530944133284
0.01022,511,053_AlSiMg_200W_500mms_M0_G13_Test_Crossflow_Stepover0512.tif,0.0,1.776,1.685,0.045,0.054,1706.0953573554457
0.010225,511,053_AlSiMg_200W_500mms_M0_G13_Test_Crossflow_Stepover0512.tif,-0.002,1.773,1.67,0.045,0.054,1743.440351766863
0.01023,511,053_AlSiMg_200W_500mms_M0_G13_Test_Crossflow_Stepover0512.tif,0.001,1.776,1.692,0.042,0.053,1847.726441935573
0.010235,511,053_AlSiMg_200W_500mms_M0_G13_Test_Crossflow_Stepover0512.tif,-0.002,1.78,1.705,0.045,0.053,1857.5525398501245
0.01024,512,053_AlSiMg_200W_500mms_M0_G13_Test_Crossflow_Stepover0513.tif,0.001,1.795,1.698,0.048,0.054,1882.0771622803034
0.010245,512,053_AlSiMg_200W_500mms_M0_G13_Test_Crossflow_Stepover0513.tif,0.0,1.804,1.682,0.048,0.057,1964.2500169368936
0.01025,512,053_AlSiMg_200W_500mms_M0_G13_Test_Crossflow_Stepover0513.tif,-0.002,1.809,1.754,0.047,0.055,1912.5363927290298
0.010255,512,053_AlSiMg_200W_500mms_M0_G13_Test_Crossflow_Stepover0513.tif,-0.001,1.809,1.716,0.046,0.053,1826.0240207370618
0.01026,513,053_AlSiMg_200W_500mms_M0_G13_Test_Crossflow_Stepover0514.tif,-0.001,1.808,1.709,0.044,0.055,1837.4603409205924
0.010265,513,053_AlSiMg_200W_500mms_M0_G13_Test_Crossflow_Stepover0514.tif,0.0,1.805,1.706,0.045,0.055,1886.418547659315
0.01027,513,053_AlSiMg_200W_500mms_M0_G13_Test_Crossflow_Stepover0514.tif,-0.002,1.797,1.681,0.046,0.054,1848.339013614009
0.010275,513,053_AlSiMg_200W_500mms_M0_G13_Test_Crossflow_Stepover0514.tif,-0.001,1.784,1.654,0.049,0.055,1848.339013614009
0.01028,514,053_AlSiMg_200W_500mms_M0_G13_Test_Crossflow_Stepover0515.tif,-0.002,1.772,1.658,0.046,0.055,1860.9337447382954
0.010285,514,053_AlSiMg_200W_500mms_M0_G13_Test_Crossflow_Stepover0515.tif,0.0,1.772,1.654,0.044,0.055,1812.566958323363
0.01029,514,053_AlSiMg_200W_500mms_M0_G13_Test_Crossflow_Stepover0515.tif,-0.001,1.772,1.664,0.044,0.053,1719.6636145671175
0.010295,514,053_AlSiMg_200W_500mms_M0_G13_Test_Crossflow_Stepover0515.tif,-0.001,1.77,1.644,0.046,0.057,1662.6842201081636
0.0103,515,053_AlSiMg_200W_500mms_M0_G13_Test_Crossflow_Stepover0516.tif,-0.002,1.776,1.692,0.044,0.054,1631.1639872451806
0.010305,515,053_AlSiMg_200W_500mms_M0_G13_Test_Crossflow_Stepover0516.tif,-0.001,1.786,1.668,0.042,0.054,1618.5692561208944
0.01031,515,053_AlSiMg_200W_500mms_M0_G13_Test_Crossflow_Stepover0516.tif,0.0,1.8,1.665,0.042,0.055,1611.884480053954
0.010315,515,053_AlSiMg_200W_500mms_M0_G13_Test_Crossflow_Stepover0516.tif,-0.001,1.8,1.658,0.045,0.055,1672.7309678562146
0.01032,516,053_AlSiMg_200W_500mms_M0_G13_Test_Crossflow_Stepover0517.tif,0.0,1.802,1.667,0.044,0.055,1761.1049909835572
0.010325,516,053_AlSiMg_200W_500mms_M0_G13_Test_Crossflow_Stepover0517.tif,0.001,1.798,1.706,0.046,0.053,1952.5835461400281
0.01033,516,053_AlSiMg_200W_500mms_M0_G13_Test_Crossflow_Stepover0517.tif,-0.003,1.797,1.663,0.044,0.051,1958.1039030388838
0.010335,516,053_AlSiMg_200W_500mms_M0_G13_Test_Crossflow_Stepover0517.tif,0.0,1.791,1.633,0.048,0.052,1951.146165981001
0.01034,517,053_AlSiMg_200W_500mms_M0_G13_Test_Crossflow_Stepover0518.tif,-0.002,1.781,1.633,0.042,0.051,1906.2994976833215
0.010345,517,053_AlSiMg_200W_500mms_M0_G13_Test_Crossflow_Stepover0518.tif,-0.001,1.772,1.615,0.042,0.053,1848.6604210142232
0.01035,517,053_AlSiMg_200W_500mms_M0_G13_Test_Crossflow_Stepover0518.tif,0.0,1.77,1.658,0.044,0.053,1699.5932342734272
0.010355,517,053_AlSiMg_200W_500mms_M0_G13_Test_Crossflow_Stepover0518.tif,-0.002,1.77,1.622,0.043,0.053,1687.1902947505205
0.01036,518,053_AlSiMg_200W_500mms_M0_G13_Test_Crossflow_Stepover0519.tif,0.0,1.776,1.607,0.043,0.053,1745.8616560162677
0.010365,518,053_AlSiMg_200W_500mms_M0_G13_Test_Crossflow_Stepover0519.tif,0.0,1.779,1.601,0.043,0.053,1749.28235109903
0.01037,518,053_AlSiMg_200W_500mms_M0_G13_Test_Crossflow_Stepover0519.tif,0.0,1.788,1.63,0.045,0.053,1756.1649337230804
0.010375,518,053_AlSiMg_200W_500mms_M0_G13_Test_Crossflow_Stepover0519.tif,-0.002,1.801,1.682,0.045,0.054,1775.642247471417
0.01038,519,053_AlSiMg_200W_500mms_M0_G13_Test_Crossflow_Stepover0520.tif,-0.002,1.808,1.689,0.045,0.055,1775.6422474714175
0.010385,519,053_AlSiMg_200W_500mms_M0_G13_Test_Crossflow_Stepover0520.tif,0.0,1.808,1.678,0.044,0.053,1747.2226983391513
0.01039,519,053_AlSiMg_200W_500mms_M0_G13_Test_Crossflow_Stepover0520.tif,0.0,1.807,1.629,0.043,0.053,1690.054991571414
0.010395,519,053_AlSiMg_200W_500mms_M0_G13_Test_Crossflow_Stepover0520.tif,-0.002,1.804,1.614,0.042,0.051,1740.8114856164618
0.0104,520,053_AlSiMg_200W_500mms_M0_G13_Test_Crossflow_Stepover0521.tif,0.0,1.804,1.593,0.041,0.053,1703.4852992575507
0.010405,520,053_AlSiMg_200W_500mms_M0_G13_Test_Crossflow_Stepover0521.tif,-0.002,1.793,1.587,0.044,0.051,1722.9626130058873
0.01041,520,053_AlSiMg_200W_500mms_M0_G13_Test_Crossflow_Stepover0521.tif,0.0,1.781,1.573,0.042,0.053,1668.1483050673062
0.010415,520,053_AlSiMg_200W_500mms_M0_G13_Test_Crossflow_Stepover0521.tif,-0.002,1.775,1.56,0.044,0.053,1691.5268674512529
0.01042,521,053_AlSiMg_200W_500mms_M0_G13_Test_Crossflow_Stepover0522.tif,-0.001,1.775,1.569,0.042,0.055,1691.5268674512529
0.010425,521,053_AlSiMg_200W_500mms_M0_G13_Test_Crossflow_Stepover0522.tif,0.001,1.781,1.588,0.044,0.055,1716.258322685878
0.01043,521,053_AlSiMg_200W_500mms_M0_G13_Test_Crossflow_Stepover0522.tif,0.0,1.78,1.628,0.044,0.051,1716.2583226858776
0.010435,521,053_AlSiMg_200W_500mms_M0_G13_Test_Crossflow_Stepover0522.tif,0.0,1.786,1.646,0.045,0.055,1740.8208184909781
0.01044,522,053_AlSiMg_200W_500mms_M0_G13_Test_Crossflow_Stepover0523.tif,0.0,1.802,1.626,0.044,0.053,1758.5945366677201
0.010445,522,053_AlSiMg_200W_500mms_M0_G13_Test_Crossflow_Stepover0523.tif,-0.002,1.805,1.622,0.042,0.053,1673.6870775361172
0.01045,522,053_AlSiMg_200W_500mms_M0_G13_Test_Crossflow_Stepover0523.tif,-0.002,1.808,1.637,0.045,0.055,1686.2818086604032
0.010455,522,053_AlSiMg_200W_500mms_M0_G13_Test_Crossflow_Stepover0523.tif,-0.002,1.802,1.642,0.043,0.055,1655.9133593593747
0.01046,523,053_AlSiMg_200W_500mms_M0_G13_Test_Crossflow_Stepover0524.tif,-0.002,1.8,1.65,0.044,0.053,1693.2395457182865
0.010465,523,053_AlSiMg_200W_500mms_M0_G13_Test_Crossflow_Stepover0524.tif,-0.001,1.797,1.663,0.044,0.055,1655.6220166359915
0.01047,523,053_AlSiMg_200W_500mms_M0_G13_Test_Crossflow_Stepover0524.tif,0.0,1.787,1.702,0.044,0.053,1720.2965285692014
0.010475,523,053_AlSiMg_200W_500mms_M0_G13_Test_Crossflow_Stepover0524.tif,0.0,1.773,1.695,0.042,0.054,1686.484383603713
0.01048,524,053_AlSiMg_200W_500mms_M0_G13_Test_Crossflow_Stepover0525.tif,0.001,1.766,1.678,0.044,0.052,1697.3755191564046
0.010485,524,053_AlSiMg_200W_500mms_M0_G13_Test_Crossflow_Stepover0525.tif,0.0,1.766,1.699,0.043,0.054,1697.3755191564046
0.01049,524,053_AlSiMg_200W_500mms_M0_G13_Test_Crossflow_Stepover0525.tif,-0.002,1.765,1.709,0.043,0.053,1731.5879598584038
0.010495,524,053_AlSiMg_200W_500mms_M0_G13_Test_Crossflow_Stepover0525.tif,0.001,1.773,1.811,0.044,0.053,1666.9134479251939
0.0105,525,053_AlSiMg_200W_500mms_M0_G13_Test_Crossflow_Stepover0526.tif,0.0,1.775,1.758,0.044,0.054,1718.6544086130511
0.010505,525,053_AlSiMg_200W_500mms_M0_G13_Test_Crossflow_Stepover0526.tif,-0.001,1.788,1.714,0.043,0.055,1715.102141046212
0.01051,525,053_AlSiMg_200W_500mms_M0_G13_Test_Crossflow_Stepover0526.tif,-0.002,1.801,1.751,0.044,0.052,1677.7759546873003
0.010515,525,053_AlSiMg_200W_500mms_M0_G13_Test_Crossflow_Stepover0526.tif,0.0,1.807,1.733,0.042,0.052,1656.4495878329703
0.01052,526,053_AlSiMg_200W_500mms_M0_G13_Test_Crossflow_Stepover0527.tif,0.0,1.802,1.693,0.042,0.053,1741.357046964574
0.010525,526,053_AlSiMg_200W_500mms_M0_G13_Test_Crossflow_Stepover0527.tif,-0.002,1.8,1.658,0.042,0.053,1693.0597819411767
0.01053,526,053_AlSiMg_200W_500mms_M0_G13_Test_Crossflow_Stepover0527.tif,0.001,1.8,1.651,0.044,0.051,1734.0181789787216
0.010535,526,053_AlSiMg_200W_500mms_M0_G13_Test_Crossflow_Stepover0527.tif,-0.002,1.795,1.658,0.044,0.055,1751.8670515892961
0.01054,527,053_AlSiMg_200W_500mms_M0_G13_Test_Crossflow_Stepover0528.tif,-0.002,1.784,1.677,0.044,0.052,1830.738674460036
0.010545,527,053_AlSiMg_200W_500mms_M0_G13_Test_Crossflow_Stepover0528.tif,0.0,1.775,1.665,0.043,0.053,1755.2507251803631
0.01055,527,053_AlSiMg_200W_500mms_M0_G13_Test_Crossflow_Stepover0528.tif,0.0,1.775,1.696,0.045,0.052,1803.54799020376
0.010555,527,053_AlSiMg_200W_500mms_M0_G13_Test_Crossflow_Stepover0528.tif,0.001,1.772,1.702,0.042,0.053,1785.6191744813914
0.01056,528,053_AlSiMg_200W_500mms_M0_G13_Test_Crossflow_Stepover0529.tif,-0.001,1.775,1.695,0.044,0.052,1805.096488229728
0.010565,528,053_AlSiMg_200W_500mms_M0_G13_Test_Crossflow_Stepover0529.tif,0.001,1.775,1.692,0.044,0.053,1701.6623695538879
0.01057,528,053_AlSiMg_200W_500mms_M0_G13_Test_Crossflow_Stepover0529.tif,-0.001,1.788,1.667,0.044,0.053,1719.5112421644626
0.010575,528,053_AlSiMg_200W_500mms_M0_G13_Test_Crossflow_Stepover0529.tif,0.0,1.801,1.667,0.042,0.055,1694.5080522166638
0.01058,529,053_AlSiMg_200W_500mms_M0_G13_Test_Crossflow_Stepover0530.tif,0.0,1.802,1.731,0.043,0.053,1694.5080522166638
0.010585,529,053_AlSiMg_200W_500mms_M0_G13_Test_Crossflow_Stepover0530.tif,-0.001,1.807,1.709,0.042,0.051,1657.1818658577522
0.01059,529,053_AlSiMg_200W_500mms_M0_G13_Test_Crossflow_Stepover0530.tif,-0.002,1.808,1.681,0.044,0.053,1699.5932342734268
0.010595,529,053_AlSiMg_200W_500mms_M0_G13_Test_Crossflow_Stepover0530.tif,0.001,1.807,1.696,0.042,0.053,1715.5730724430316
0.0106,530,053_AlSiMg_200W_500mms_M0_G13_Test_Crossflow_Stepover0531.tif,-0.001,1.802,1.684,0.043,0.053,1715.5730724430316
0.010605,530,053_AlSiMg_200W_500mms_M0_G13_Test_Crossflow_Stepover0531.tif,0.001,1.793,1.762,0.043,0.052,1708.498698217601
0.01061,530,053_AlSiMg_200W_500mms_M0_G13_Test_Crossflow_Stepover0531.tif,0.001,1.777,1.766,0.042,0.051,1745.8248845765124
0.010615,530,053_AlSiMg_200W_500mms_M0_G13_Test_Crossflow_Stepover0531.tif,-0.002,1.772,1.728,0.042,0.051,1727.976011965938
0.01062,531,053_AlSiMg_200W_500mms_M0_G13_Test_Crossflow_Stepover0532.tif,0.0,1.77,1.72,0.044,0.053,1681.2612273380896
0.010625,531,053_AlSiMg_200W_500mms_M0_G13_Test_Crossflow_Stepover0532.tif,0.001,1.769,1.712,0.042,0.053,1647.4228079179488
0.01063,531,053_AlSiMg_200W_500mms_M0_G13_Test_Crossflow_Stepover0532.tif,0.0,1.773,1.675,0.042,0.054,1638.497362638797
0.010635,531,053_AlSiMg_200W_500mms_M0_G13_Test_Crossflow_Stepover0532.tif,0.0,1.776,1.689,0.041,0.052,1680.0427991506258
0.01064,532,053_AlSiMg_200W_500mms_M0_G13_Test_Crossflow_Stepover0533.tif,-0.001,1.791,1.66,0.044,0.054,1710.2946112841068
0.010645,532,053_AlSiMg_200W_500mms_M0_G13_Test_Crossflow_Stepover0533.tif,0.0,1.794,1.636,0.045,0.052,1737.4772901755114
0.01065,532,053_AlSiMg_200W_500mms_M0_G13_Test_Crossflow_Stepover0533.tif,-0.001,1.8,1.639,0.042,0.051,1778.390083821083
0.010655,532,053_AlSiMg_200W_500mms_M0_G13_Test_Crossflow_Stepover0533.tif,-0.002,1.797,1.654,0.042,0.052,1757.063716966753
0.01066,533,053_AlSiMg_200W_500mms_M0_G13_Test_Crossflow_Stepover0534.tif,0.001,1.794,1.661,0.044,0.053,1678.192094096013
0.010665,533,053_AlSiMg_200W_500mms_M0_G13_Test_Crossflow_Stepover0534.tif,-0.002,1.795,1.658,0.042,0.053,1685.2664683214432
0.01067,533,053_AlSiMg_200W_500mms_M0_G13_Test_Crossflow_Stepover0534.tif,0.0,1.784,1.636,0.042,0.053,1688.8187358882828
0.010675,533,053_AlSiMg_200W_500mms_M0_G13_Test_Crossflow_Stepover0534.tif,0.001,1.776,1.623,0.044,0.053,1635.0717242033077
0.01068,534,053_AlSiMg_200W_500mms_M0_G13_Test_Crossflow_Stepover0535.tif,0.0,1.77,1.651,0.043,0.053,1710.5596734829808
0.010685,534,053_AlSiMg_200W_500mms_M0_G13_Test_Crossflow_Stepover0535.tif,0.001,1.772,1.64,0.041,0.053,1786.0476227626539
0.01069,534,053_AlSiMg_200W_500mms_M0_G13_Test_Crossflow_Stepover0535.tif,0.0,1.77,1.625,0.044,0.051,1778.9732485372238
0.010695,534,053_AlSiMg_200W_500mms_M0_G13_Test_Crossflow_Stepover0535.tif,-0.002,1.776,1.696,0.044,0.051,1751.7048660747191
0.0107,535,053_AlSiMg_200W_500mms_M0_G13_Test_Crossflow_Stepover0536.tif,-0.001,1.781,1.684,0.042,0.051,1805.4518777596938
0.010705,535,053_AlSiMg_200W_500mms_M0_G13_Test_Crossflow_Stepover0536.tif,0.001,1.797,1.685,0.043,0.055,1744.260533523756
0.01071,535,053_AlSiMg_200W_500mms_M0_G13_Test_Crossflow_Stepover0536.tif,-0.001,1.807,1.667,0.044,0.053,1668.7725842440832
0.010715,535,053_AlSiMg_200W_500mms_M0_G13_Test_Crossflow_Stepover0536.tif,-0.002,1.816,1.696,0.042,0.052,1668.7725842440827
0.01072,536,053_AlSiMg_200W_500mms_M0_G13_Test_Crossflow_Stepover0537.tif,0.0,1.815,1.658,0.042,0.053,1708.443906229494
0.010725,536,053_AlSiMg_200W_500mms_M0_G13_Test_Crossflow_Stepover0537.tif,0.0,1.815,1.637,0.042,0.051,1671.1177198705827
0.01073,536,053_AlSiMg_200W_500mms_M0_G13_Test_Crossflow_Stepover0537.tif,0.001,1.807,1.657,0.042,0.051,1694.147301185759
0.010735,536,053_AlSiMg_200W_500mms_M0_G13_Test_Crossflow_Stepover0537.tif,0.001,1.801,1.632,0.042,0.053,1711.9961737963336
0.01074,537,053_AlSiMg_200W_500mms_M0_G13_Test_Crossflow_Stepover0538.tif,0.0,1.791,1.644,0.044,0.053,1703.0707285171823
0.010745,537,053_AlSiMg_200W_500mms_M0_G13_Test_Crossflow_Stepover0538.tif,0.0,1.777,1.65,0.043,0.053,1728.0739184649815
0.01075,537,053_AlSiMg_200W_500mms_M0_G13_Test_Crossflow_Stepover0538.tif,-0.001,1.773,1.643,0.044,0.054,1765.4001048238927
0.010755,537,053_AlSiMg_200W_500mms_M0_G13_Test_Crossflow_Stepover0538.tif,-0.002,1.776,1.668,0.044,0.052,1768.8207999066549
0.01076,538,053_AlSiMg_200W_500mms_M0_G13_Test_Crossflow_Stepover0539.tif,0.001,1.772,1.684,0.044,0.053,1788.2981136549915
0.010765,538,053_AlSiMg_200W_500mms_M0_G13_Test_Crossflow_Stepover0539.tif,-0.002,1.777,1.65,0.045,0.054,1822.2267488819416
0.01077,538,053_AlSiMg_200W_500mms_M0_G13_Test_Crossflow_Stepover0539.tif,-0.001,1.787,1.695,0.044,0.053,1804.297933159573
0.010775,538,053_AlSiMg_200W_500mms_M0_G13_Test_Crossflow_Stepover0539.tif,0.001,1.795,1.693,0.044,0.052,1784.8206194112365
0.01078,539,053_AlSiMg_200W_500mms_M0_G13_Test_Crossflow_Stepover0540.tif,0.001,1.798,1.664,0.044,0.053,1781.3999243284743
0.010785,539,053_AlSiMg_200W_500mms_M0_G13_Test_Crossflow_Stepover0540.tif,-0.001,1.797,1.67,0.043,0.053,1799.3287400508427
0.01079,539,053_AlSiMg_200W_500mms_M0_G13_Test_Crossflow_Stepover0540.tif,0.0,1.8,1.65,0.044,0.053,1731.1876641218932
0.010795,539,053_AlSiMg_200W_500mms_M0_G13_Test_Crossflow_Stepover0540.tif,-0.001,1.795,1.646,0.044,0.052,1715.1878446173116
0.0108,540,053_AlSiMg_200W_500mms_M0_G13_Test_Crossflow_Stepover0541.tif,-0.001,1.793,1.689,0.042,0.054,1718.665338861067
0.010805,540,053_AlSiMg_200W_500mms_M0_G13_Test_Crossflow_Stepover0541.tif,-0.001,1.781,1.657,0.044,0.054,1688.2968895600384
0.01081,540,053_AlSiMg_200W_500mms_M0_G13_Test_Crossflow_Stepover0541.tif,0.0,1.769,1.653,0.044,0.054,1673.7887689204322
0.010815,540,053_AlSiMg_200W_500mms_M0_G13_Test_Crossflow_Stepover0541.tif,0.0,1.768,1.647,0.044,0.055,1745.3462040338486
0.01082,541,053_AlSiMg_200W_500mms_M0_G13_Test_Crossflow_Stepover0542.tif,-0.002,1.766,1.674,0.045,0.054,1730.9775742374018
0.010825,541,053_AlSiMg_200W_500mms_M0_G13_Test_Crossflow_Stepover0542.tif,-0.002,1.772,1.665,0.045,0.053,1713.165248776495
0.01083,541,053_AlSiMg_200W_500mms_M0_G13_Test_Crossflow_Stepover0542.tif,-0.001,1.775,1.657,0.044,0.055,1730.938966953237
0.010835,541,053_AlSiMg_200W_500mms_M0_G13_Test_Crossflow_Stepover0542.tif,-0.002,1.783,1.681,0.043,0.054,1714.9235407461886
0.01084,542,053_AlSiMg_200W_500mms_M0_G13_Test_Crossflow_Stepover0543.tif,-0.001,1.797,1.671,0.045,0.055,1721.523683352294
0.010845,542,053_AlSiMg_200W_500mms_M0_G13_Test_Crossflow_Stepover0543.tif,0.001,1.802,1.742,0.045,0.055,1773.2373075601583
0.01085,542,053_AlSiMg_200W_500mms_M0_G13_Test_Crossflow_Stepover0543.tif,-0.001,1.807,1.7,0.047,0.055,1776.6810032246183
0.010855,542,053_AlSiMg_200W_500mms_M0_G13_Test_Crossflow_Stepover0543.tif,-0.001,1.804,1.77,0.045,0.053,1758.9072850478763
0.01086,543,053_AlSiMg_200W_500mms_M0_G13_Test_Crossflow_Stepover0544.tif,-0.001,1.801,1.702,0.044,0.055,1813.0474526839912
0.010865,543,053_AlSiMg_200W_500mms_M0_G13_Test_Crossflow_Stepover0544.tif,0.0,1.801,1.661,0.044,0.055,1806.4473100778857
0.01087,543,053_AlSiMg_200W_500mms_M0_G13_Test_Crossflow_Stepover0544.tif,0.0,1.791,1.664,0.045,0.052,1795.1438659790388
0.010875,543,053_AlSiMg_200W_500mms_M0_G13_Test_Crossflow_Stepover0544.tif,-0.001,1.779,1.663,0.045,0.053,1795.1438659790388
0.01088,544,053_AlSiMg_200W_500mms_M0_G13_Test_Crossflow_Stepover0545.tif,0.0,1.776,1.658,0.047,0.056,1806.0350015317304
0.010885,544,053_AlSiMg_200W_500mms_M0_G13_Test_Crossflow_Stepover0545.tif,0.0,1.773,1.706,0.044,0.055,1721.1442447871748
0.01089,544,053_AlSiMg_200W_500mms_M0_G13_Test_Crossflow_Stepover0545.tif,-0.001,1.773,1.745,0.043,0.053,1633.9312596296338
0.010895,544,053_AlSiMg_200W_500mms_M0_G13_Test_Crossflow_Stepover0545.tif,0.0,1.777,1.686,0.044,0.056,1611.2947976973587
0.0109,545,053_AlSiMg_200W_500mms_M0_G13_Test_Crossflow_Stepover0546.tif,-0.001,1.779,1.67,0.044,0.058,1611.2947976973587
0.010905,545,053_AlSiMg_200W_500mms_M0_G13_Test_Crossflow_Stepover0546.tif,0.001,1.795,1.671,0.045,0.055,1600.4036621446671
0.01091,545,053_AlSiMg_200W_500mms_M0_G13_Test_Crossflow_Stepover0546.tif,-0.002,1.804,1.647,0.044,0.055,1600.4036621446671
0.010915,545,053_AlSiMg_200W_500mms_M0_G13_Test_Crossflow_Stepover0546.tif,-0.001,1.808,1.644,0.044,0.055,1676.3132032033616
0.01092,546,053_AlSiMg_200W_500mms_M0_G13_Test_Crossflow_Stepover0547.tif,0.002,1.807,1.621,0.044,0.056,1658.539485026619
0.010925,546,053_AlSiMg_200W_500mms_M0_G13_Test_Crossflow_Stepover0547.tif,0.0,1.804,1.642,0.047,0.056,1710.2531092344834
0.01093,546,053_AlSiMg_200W_500mms_M0_G13_Test_Crossflow_Stepover0547.tif,-0.001,1.804,1.625,0.044,0.055,1731.3617760885827
0.010935,546,053_AlSiMg_200W_500mms_M0_G13_Test_Crossflow_Stepover0547.tif,-0.002,1.797,1.647,0.045,0.053,1674.1926601968407
0.01094,547,053_AlSiMg_200W_500mms_M0_G13_Test_Crossflow_Stepover0548.tif,0.0,1.783,1.667,0.046,0.056,1692.0962469017934
0.010945,547,053_AlSiMg_200W_500mms_M0_G13_Test_Crossflow_Stepover0548.tif,0.0,1.772,1.66,0.049,0.069,1656.5968859521158
0.01095,547,053_AlSiMg_200W_500mms_M0_G13_Test_Crossflow_Stepover0548.tif,-0.002,1.77,1.705,0.047,0.055,1604.883261744252
0.010955,547,053_AlSiMg_200W_500mms_M0_G13_Test_Crossflow_Stepover0548.tif,0.0,1.77,1.752,0.044,0.058,1614.1430441911812
0.01096,548,053_AlSiMg_200W_500mms_M0_G13_Test_Crossflow_Stepover0549.tif,-0.002,1.772,1.706,0.044,0.055,1702.0627491913633
0.010965,548,053_AlSiMg_200W_500mms_M0_G13_Test_Crossflow_Stepover0549.tif,0.0,1.776,1.663,0.044,0.053,1708.370097543242
0.01097,548,053_AlSiMg_200W_500mms_M0_G13_Test_Crossflow_Stepover0549.tif,-0.001,1.786,1.675,0.045,0.055,1753.7993114575445
0.010975,548,053_AlSiMg_200W_500mms_M0_G13_Test_Crossflow_Stepover0549.tif,-0.002,1.797,1.649,0.049,0.057,1763.72916442217
0.01098,549,053_AlSiMg_200W_500mms_M0_G13_Test_Crossflow_Stepover0550.tif,0.0,1.804,1.65,0.047,0.058,1757.7363613958253
0.010985,549,053_AlSiMg_200W_500mms_M0_G13_Test_Crossflow_Stepover0550.tif,0.0,1.804,1.642,0.047,0.058,1798.2764100330528
0.01099,549,053_AlSiMg_200W_500mms_M0_G13_Test_Crossflow_Stepover0550.tif,0.001,1.8,1.671,0.047,0.057,1837.9413850359147
0.010995,549,053_AlSiMg_200W_500mms_M0_G13_Test_Crossflow_Stepover0550.tif,-0.002,1.797,1.66,0.047,0.055,1886.325298885259
0.011,550,053_AlSiMg_200W_500mms_M0_G13_Test_Crossflow_Stepover0551.tif,-0.001,1.794,1.663,0.048,0.054,1764.5978318256991
0.011005,550,053_AlSiMg_200W_500mms_M0_G13_Test_Crossflow_Stepover0551.tif,-0.002,1.787,1.67,0.047,0.055,1830.8066388040247
0.01101,550,053_AlSiMg_200W_500mms_M0_G13_Test_Crossflow_Stepover0551.tif,0.0,1.776,1.686,0.044,0.069,1757.431188367845
0.011015,550,053_AlSiMg_200W_500mms_M0_G13_Test_Crossflow_Stepover0551.tif,-0.001,1.773,1.686,0.051,0.058,1646.778012861189
0.01102,551,053_AlSiMg_200W_500mms_M0_G13_Test_Crossflow_Stepover0552.tif,-0.002,1.77,1.692,0.047,0.06,1588.4642460472191
0.011025,551,053_AlSiMg_200W_500mms_M0_G13_Test_Crossflow_Stepover0552.tif,0.0,1.773,1.667,0.046,0.058,1758.5756269561236
0.01103,551,053_AlSiMg_200W_500mms_M0_G13_Test_Crossflow_Stepover0552.tif,0.0,1.779,1.719,0.048,0.06,1708.4013538121314
0.011035,551,053_AlSiMg_200W_500mms_M0_G13_Test_Crossflow_Stepover0552.tif,0.001,1.786,1.734,0.047,0.055,1747.8386837090252
0.01104,552,053_AlSiMg_200W_500mms_M0_G13_Test_Crossflow_Stepover0553.tif,0.0,1.8,1.696,0.047,0.056,1778.5814153216547
0.011045,552,053_AlSiMg_200W_500mms_M0_G13_Test_Crossflow_Stepover0553.tif,0.0,1.808,1.681,0.047,0.057,1836.8951821356245
0.01105,552,053_AlSiMg_200W_500mms_M0_G13_Test_Crossflow_Stepover0553.tif,-0.002,1.809,1.636,0.047,0.057,1806.1581516871397
0.011055,552,053_AlSiMg_200W_500mms_M0_G13_Test_Crossflow_Stepover0553.tif,-0.002,1.808,1.649,0.047,0.055,1772.4327476450628
0.01106,553,053_AlSiMg_200W_500mms_M0_G13_Test_Crossflow_Stepover0554.tif,0.0,1.807,1.647,0.048,0.058,1738.4163369551516
0.011065,553,053_AlSiMg_200W_500mms_M0_G13_Test_Crossflow_Stepover0554.tif,0.0,1.805,1.665,0.046,0.057,1714.0406906804678
0.01107,553,053_AlSiMg_200W_500mms_M0_G13_Test_Crossflow_Stepover0554.tif,-0.002,1.797,1.665,0.045,0.057,1673.50064204324
0.011075,553,053_AlSiMg_200W_500mms_M0_G13_Test_Crossflow_Stepover0554.tif,0.0,1.781,1.632,0.044,0.055,1689.5391479760972
0.01108,554,053_AlSiMg_200W_500mms_M0_G13_Test_Crossflow_Stepover0555.tif,-0.001,1.775,1.642,0.045,0.055,1719.9899554625583
0.011085,554,053_AlSiMg_200W_500mms_M0_G13_Test_Crossflow_Stepover0555.tif,0.0,1.769,1.692,0.048,0.057,1770.0408999868037
0.01109,554,053_AlSiMg_200W_500mms_M0_G13_Test_Crossflow_Stepover0555.tif,0.0,1.775,1.703,0.046,0.055,1787.8146181635457
0.011095,554,053_AlSiMg_200W_500mms_M0_G13_Test_Crossflow_Stepover0555.tif,0.001,1.775,1.667,0.047,0.056,1763.6738146488576
0.0111,555,053_AlSiMg_200W_500mms_M0_G13_Test_Crossflow_Stepover0556.tif,-0.001,1.777,1.692,0.045,0.055,1798.4954703381768
0.011105,555,053_AlSiMg_200W_500mms_M0_G13_Test_Crossflow_Stepover0556.tif,-0.002,1.787,1.66,0.046,0.058,1791.7283360858037
0.01111,555,053_AlSiMg_200W_500mms_M0_G13_Test_Crossflow_Stepover0556.tif,0.0,1.801,1.674,0.047,0.054,1769.0918741535286
0.011115,555,053_AlSiMg_200W_500mms_M0_G13_Test_Crossflow_Stepover0556.tif,0.0,1.8,1.66,0.044,0.053,1765.686785773233
0.01112,556,053_AlSiMg_200W_500mms_M0_G13_Test_Crossflow_Stepover0557.tif,-0.001,1.8,1.642,0.045,0.055,1786.4225009076258
0.011125,556,053_AlSiMg_200W_500mms_M0_G13_Test_Crossflow_Stepover0557.tif,-0.002,1.797,1.633,0.044,0.054,1698.344838504737
0.01113,556,053_AlSiMg_200W_500mms_M0_G13_Test_Crossflow_Stepover0557.tif,0.001,1.797,1.66,0.044,0.054,1719.6900134115726
0.011135,556,053_AlSiMg_200W_500mms_M0_G13_Test_Crossflow_Stepover0557.tif,-0.001,1.794,1.665,0.045,0.057,1732.2847445358589
0.01114,557,053_AlSiMg_200W_500mms_M0_G13_Test_Crossflow_Stepover0558.tif,0.0,1.78,1.668,0.045,0.053,1717.916114739412
0.011145,557,053_AlSiMg_200W_500mms_M0_G13_Test_Crossflow_Stepover0558.tif,-0.001,1.77,1.677,0.044,0.053,1717.9161147394123
0.01115,557,053_AlSiMg_200W_500mms_M0_G13_Test_Crossflow_Stepover0558.tif,-0.001,1.766,1.65,0.044,0.055,1785.8706459686096
0.011155,557,053_AlSiMg_200W_500mms_M0_G13_Test_Crossflow_Stepover0558.tif,-0.002,1.77,1.647,0.044,0.054,2207.935786590885
0.01116,558,053_AlSiMg_200W_500mms_M0_G13_Test_Crossflow_Stepover0559.tif,0.001,1.772,1.728,0.047,0.055,2177.567337289857
0.011165,558,053_AlSiMg_200W_500mms_M0_G13_Test_Crossflow_Stepover0559.tif,-0.001,1.776,1.67,0.061,0.055,2214.7029208432587
0.01117,558,053_AlSiMg_200W_500mms_M0_G13_Test_Crossflow_Stepover0559.tif,-0.002,1.787,1.644,0.044,0.055,2218.1080092235543
0.011175,558,053_AlSiMg_200W_500mms_M0_G13_Test_Crossflow_Stepover0559.tif,0.0,1.797,1.642,0.046,0.055,2218.108009223554
0.01118,559,053_AlSiMg_200W_500mms_M0_G13_Test_Crossflow_Stepover0560.tif,0.0,1.807,1.64,0.045,0.055,1731.3523734617152
0.011185,559,053_AlSiMg_200W_500mms_M0_G13_Test_Crossflow_Stepover0560.tif,0.0,1.807,1.671,0.047,0.055,1680.1013928755565
0.01119,559,053_AlSiMg_200W_500mms_M0_G13_Test_Crossflow_Stepover0560.tif,0.0,1.804,1.667,0.044,0.056,1642.9658093221547
0.011195,559,053_AlSiMg_200W_500mms_M0_G13_Test_Crossflow_Stepover0560.tif,0.0,1.801,1.674,0.045,0.061,1612.2152202137145
0.0112,560,053_AlSiMg_200W_500mms_M0_G13_Test_Crossflow_Stepover0561.tif,-0.002,1.795,1.686,0.044,0.055,1575.010120253844
0.011205,560,053_AlSiMg_200W_500mms_M0_G13_Test_Crossflow_Stepover0561.tif,0.0,1.788,1.685,0.044,0.056,1625.122574738944
0.01121,560,053_AlSiMg_200W_500mms_M0_G13_Test_Crossflow_Stepover0561.tif,0.001,1.776,1.643,0.046,0.056,1687.2646908777945
0.011215,560,053_AlSiMg_200W_500mms_M0_G13_Test_Crossflow_Stepover0561.tif,-0.001,1.772,1.667,0.046,0.055,1680.3069538199118
0.01122,561,053_AlSiMg_200W_500mms_M0_G13_Test_Crossflow_Stepover0562.tif,-0.001,1.77,1.656,0.043,0.053,1707.6524545480565
0.011225,561,053_AlSiMg_200W_500mms_M0_G13_Test_Crossflow_Stepover0562.tif,0.001,1.773,1.633,0.042,0.053,1679.5860506360746
0.01123,561,053_AlSiMg_200W_500mms_M0_G13_Test_Crossflow_Stepover0562.tif,-0.002,1.779,1.63,0.044,0.054,1660.224185259415
0.011235,561,053_AlSiMg_200W_500mms_M0_G13_Test_Crossflow_Stepover0562.tif,-0.001,1.784,1.647,0.042,0.053,1683.1221940905139
0.01124,562,053_AlSiMg_200W_500mms_M0_G13_Test_Crossflow_Stepover0563.tif,-0.001,1.801,1.668,0.045,0.055,1700.9710667010888
0.011245,562,053_AlSiMg_200W_500mms_M0_G13_Test_Crossflow_Stepover0563.tif,0.0,1.812,1.672,0.045,0.054,1716.97088620567
0.01125,562,053_AlSiMg_200W_500mms_M0_G13_Test_Crossflow_Stepover0563.tif,-0.001,1.812,1.665,0.043,0.053,1761.0642068169545
0.011255,562,053_AlSiMg_200W_500mms_M0_G13_Test_Crossflow_Stepover0563.tif,-0.002,1.811,1.642,0.044,0.053,1743.2904886402125
0.01126,563,053_AlSiMg_200W_500mms_M0_G13_Test_Crossflow_Stepover0564.tif,0.0,1.809,1.703,0.046,0.055,1727.2750624331643
0.011265,563,053_AlSiMg_200W_500mms_M0_G13_Test_Crossflow_Stepover0564.tif,0.0,1.805,1.728,0.044,0.055,1750.1730712642632
0.01127,563,053_AlSiMg_200W_500mms_M0_G13_Test_Crossflow_Stepover0564.tif,-0.002,1.793,1.688,0.045,0.055,1750.1730712642632
0.011275,563,053_AlSiMg_200W_500mms_M0_G13_Test_Crossflow_Stepover0564.tif,-0.002,1.779,1.653,0.045,0.054,1730.8112058876038
0.01128,564,053_AlSiMg_200W_500mms_M0_G13_Test_Crossflow_Stepover0565.tif,0.0,1.775,1.64,0.044,0.053,1730.8112058876038
0.011285,564,053_AlSiMg_200W_500mms_M0_G13_Test_Crossflow_Stepover0565.tif,0.001,1.77,1.637,0.045,0.055,1727.4061175073086
0.01129,564,053_AlSiMg_200W_500mms_M0_G13_Test_Crossflow_Stepover0565.tif,-0.002,1.77,1.643,0.044,0.055,1723.9854224245464
0.011295,564,053_AlSiMg_200W_500mms_M0_G13_Test_Crossflow_Stepover0565.tif,0.0,1.775,1.653,0.044,0.054,1937.5906614110368
0.0113,565,053_AlSiMg_200W_500mms_M0_G13_Test_Crossflow_Stepover0566.tif,0.001,1.77,1.63,0.044,0.053,1950.1853925353232
0.011305,565,053_AlSiMg_200W_500mms_M0_G13_Test_Crossflow_Stepover0566.tif,0.001,1.788,1.647,0.053,0.055,1925.4287155044917
0.01131,565,053_AlSiMg_200W_500mms_M0_G13_Test_Crossflow_Stepover0566.tif,0.0,1.797,1.696,0.044,0.053,1928.833803884787
0.011315,565,053_AlSiMg_200W_500mms_M0_G13_Test_Crossflow_Stepover0566.tif,-0.001,1.798,1.698,0.044,0.057,1898.4653545837587
0.01132,566,053_AlSiMg_200W_500mms_M0_G13_Test_Crossflow_Stepover0567.tif,0.0,1.797,1.685,0.045,0.055,1712.8054331102092
0.011325,566,053_AlSiMg_200W_500mms_M0_G13_Test_Crossflow_Stepover0567.tif,0.0,1.798,1.678,0.044,0.055,1740.7507506231505
0.01133,566,053_AlSiMg_200W_500mms_M0_G13_Test_Crossflow_Stepover0567.tif,-0.001,1.795,1.667,0.047,0.055,1779.8760574504286
0.011335,566,053_AlSiMg_200W_500mms_M0_G13_Test_Crossflow_Stepover0567.tif,0.0,1.793,1.65,0.047,0.055,1792.470788574715
0.01134,567,053_AlSiMg_200W_500mms_M0_G13_Test_Crossflow_Stepover0568.tif,0.0,1.781,1.734,0.044,0.054,1772.6269776691624
0.011345,567,053_AlSiMg_200W_500mms_M0_G13_Test_Crossflow_Stepover0568.tif,0.0,1.773,1.672,0.044,0.053,1766.026835063057
0.01135,567,053_AlSiMg_200W_500mms_M0_G13_Test_Crossflow_Stepover0568.tif,0.0,1.772,1.632,0.042,0.054,1722.081698045534
0.011355,567,053_AlSiMg_200W_500mms_M0_G13_Test_Crossflow_Stepover0568.tif,-0.002,1.77,1.66,0.045,0.053,1776.2432804708776
0.01136,568,053_AlSiMg_200W_500mms_M0_G13_Test_Crossflow_Stepover0569.tif,-0.002,1.776,1.653,0.044,0.054,1745.8748311698491
0.011365,568,053_AlSiMg_200W_500mms_M0_G13_Test_Crossflow_Stepover0569.tif,-0.001,1.777,1.682,0.044,0.051,1802.8542256288033
0.01137,568,053_AlSiMg_200W_500mms_M0_G13_Test_Crossflow_Stepover0569.tif,-0.002,1.788,1.667,0.044,0.055,1802.8542256288033
0.011375,568,053_AlSiMg_200W_500mms_M0_G13_Test_Crossflow_Stepover0569.tif,0.0,1.805,1.695,0.046,0.055,1889.7092768524806
0.01138,569,053_AlSiMg_200W_500mms_M0_G13_Test_Crossflow_Stepover0570.tif,0.0,1.808,1.721,0.045,0.053,1801.3352537251383
0.011385,569,053_AlSiMg_200W_500mms_M0_G13_Test_Crossflow_Stepover0570.tif,0.0,1.809,1.681,0.047,0.053,1801.335253725138
0.01139,569,053_AlSiMg_200W_500mms_M0_G13_Test_Crossflow_Stepover0570.tif,-0.001,1.807,1.692,0.042,0.054,1801.3352537251383
0.011395,569,053_AlSiMg_200W_500mms_M0_G13_Test_Crossflow_Stepover0570.tif,-0.002,1.802,1.664,0.044,0.055,1729.7778186117216
0.0114,570,053_AlSiMg_200W_500mms_M0_G13_Test_Crossflow_Stepover0571.tif,0.0,1.801,1.682,0.046,0.055,1642.922767388044
0.011405,570,053_AlSiMg_200W_500mms_M0_G13_Test_Crossflow_Stepover0571.tif,0.0,1.787,1.65,0.042,0.054,1693.135027594625
0.01141,570,053_AlSiMg_200W_500mms_M0_G13_Test_Crossflow_Stepover0571.tif,0.001,1.776,1.661,0.044,0.054,1686.177290536742
0.011415,570,053_AlSiMg_200W_500mms_M0_G13_Test_Crossflow_Stepover0571.tif,0.001,1.773,1.658,0.044,0.053,1679.4101562843687
0.01142,571,053_AlSiMg_200W_500mms_M0_G13_Test_Crossflow_Stepover0572.tif,-0.002,1.772,1.657,0.042,0.053,1722.548042265519
0.011425,571,053_AlSiMg_200W_500mms_M0_G13_Test_Crossflow_Stepover0572.tif,-0.002,1.777,1.653,0.044,0.053,1738.5478617701006
0.01143,571,053_AlSiMg_200W_500mms_M0_G13_Test_Crossflow_Stepover0572.tif,0.0,1.781,1.674,0.042,0.051,1741.9685568528628
0.011435,571,053_AlSiMg_200W_500mms_M0_G13_Test_Crossflow_Stepover0572.tif,0.0,1.786,1.663,0.044,0.053,1797.2235589341428
0.01144,572,053_AlSiMg_200W_500mms_M0_G13_Test_Crossflow_Stepover0573.tif,-0.002,1.798,1.667,0.045,0.054,1934.4878081603406
0.011445,572,053_AlSiMg_200W_500mms_M0_G13_Test_Crossflow_Stepover0573.tif,-0.002,1.802,1.707,0.044,0.052,1928.9674512614845
0.01145,572,053_AlSiMg_200W_500mms_M0_G13_Test_Crossflow_Stepover0573.tif,0.0,1.802,1.699,0.051,0.055,1891.6412649025729
0.011455,572,053_AlSiMg_200W_500mms_M0_G13_Test_Crossflow_Stepover0573.tif,0.001,1.8,1.684,0.045,0.055,1902.6517882155945
0.01146,573,053_AlSiMg_200W_500mms_M0_G13_Test_Crossflow_Stepover0574.tif,-0.001,1.797,1.714,0.042,0.053,1847.3967861343147
0.011465,573,053_AlSiMg_200W_500mms_M0_G13_Test_Crossflow_Stepover0574.tif,0.0,1.795,1.751,0.043,0.051,1665.558251666897
0.01147,573,053_AlSiMg_200W_500mms_M0_G13_Test_Crossflow_Stepover0574.tif,0.0,1.788,1.717,0.042,0.053,1658.675669042846
0.011475,573,053_AlSiMg_200W_500mms_M0_G13_Test_Crossflow_Stepover0574.tif,-0.002,1.777,1.689,0.04,0.051,1688.9274811763273
0.01148,574,053_AlSiMg_200W_500mms_M0_G13_Test_Crossflow_Stepover0575.tif,0.001,1.77,1.643,0.043,0.053,1692.4250785029121
0.011485,574,053_AlSiMg_200W_500mms_M0_G13_Test_Crossflow_Stepover0575.tif,0.001,1.77,1.63,0.042,0.051,1722.676890636393
0.01149,574,053_AlSiMg_200W_500mms_M0_G13_Test_Crossflow_Stepover0575.tif,-0.002,1.772,1.625,0.044,0.052,1760.176801652183
0.011495,574,053_AlSiMg_200W_500mms_M0_G13_Test_Crossflow_Stepover0575.tif,0.001,1.776,1.681,0.042,0.051,1760.176801652183
0.0115,575,053_AlSiMg_200W_500mms_M0_G13_Test_Crossflow_Stepover0576.tif,0.001,1.783,1.636,0.042,0.051,1785.1799915999823
0.011505,575,053_AlSiMg_200W_500mms_M0_G13_Test_Crossflow_Stepover0576.tif,-0.001,1.795,1.665,0.043,0.053,1747.7738621292767
0.01151,575,053_AlSiMg_200W_500mms_M0_G13_Test_Crossflow_Stepover0576.tif,0.001,1.805,1.65,0.044,0.052,1754.8482363547068
0.011515,575,053_AlSiMg_200W_500mms_M0_G13_Test_Crossflow_Stepover0576.tif,0.001,1.805,1.657,0.043,0.053,1742.4452968318005
0.01152,576,053_AlSiMg_200W_500mms_M0_G13_Test_Crossflow_Stepover0577.tif,-0.001,1.805,1.657,0.044,0.053,2205.332926109249
0.011525,576,053_AlSiMg_200W_500mms_M0_G13_Test_Crossflow_Stepover0577.tif,-0.001,1.802,1.65,0.043,0.053,2205.332926109249
0.01153,576,053_AlSiMg_200W_500mms_M0_G13_Test_Crossflow_Stepover0577.tif,0.001,1.801,1.677,0.055,0.053,2224.8102398575857
0.011535,576,053_AlSiMg_200W_500mms_M0_G13_Test_Crossflow_Stepover0577.tif,-0.002,1.798,1.661,0.044,0.052,2194.4417905565574
0.01154,577,053_AlSiMg_200W_500mms_M0_G13_Test_Crossflow_Stepover0578.tif,-0.001,1.787,1.699,0.044,0.053,2156.5670685601654
0.011545,577,053_AlSiMg_200W_500mms_M0_G13_Test_Crossflow_Stepover0578.tif,-0.002,1.779,1.651,0.044,0.055,1713.1567530310538
0.01155,577,053_AlSiMg_200W_500mms_M0_G13_Test_Crossflow_Stepover0578.tif,-0.002,1.78,1.67,0.04,0.052,1695.2279373086853
0.011555,577,053_AlSiMg_200W_500mms_M0_G13_Test_Crossflow_Stepover0578.tif,0.001,1.78,1.653,0.044,0.053,1695.2279373086853
0.01156,578,053_AlSiMg_200W_500mms_M0_G13_Test_Crossflow_Stepover0579.tif,-0.001,1.777,1.651,0.044,0.053,1718.5220123842835
0.011565,578,053_AlSiMg_200W_500mms_M0_G13_Test_Crossflow_Stepover0579.tif,0.0,1.786,1.692,0.044,0.053,1729.1283519181702
0.01157,578,053_AlSiMg_200W_500mms_M0_G13_Test_Crossflow_Stepover0579.tif,-0.001,1.791,1.686,0.042,0.051,1713.1285324135886
0.011575,578,053_AlSiMg_200W_500mms_M0_G13_Test_Crossflow_Stepover0579.tif,0.0,1.801,1.667,0.043,0.055,1675.8023460546779
0.01158,579,053_AlSiMg_200W_500mms_M0_G13_Test_Crossflow_Stepover0580.tif,0.0,1.807,1.691,0.044,0.054,1668.7279718292473
0.011585,579,053_AlSiMg_200W_500mms_M0_G13_Test_Crossflow_Stepover0580.tif,0.0,1.807,1.717,0.042,0.053,1638.4761596957662
0.01159,579,053_AlSiMg_200W_500mms_M0_G13_Test_Crossflow_Stepover0580.tif,-0.002,1.802,1.678,0.042,0.051,1647.8956695476961
0.011595,579,053_AlSiMg_200W_500mms_M0_G13_Test_Crossflow_Stepover0580.tif,-0.001,1.798,1.658,0.042,0.053,1678.3267074480616
0.0116,580,053_AlSiMg_200W_500mms_M0_G13_Test_Crossflow_Stepover0581.tif,-0.001,1.794,1.647,0.042,0.053,1757.1983303188015
0.011605,580,053_AlSiMg_200W_500mms_M0_G13_Test_Crossflow_Stepover0581.tif,-0.001,1.781,1.646,0.043,0.051,1741.2431232290558
0.01161,580,053_AlSiMg_200W_500mms_M0_G13_Test_Crossflow_Stepover0581.tif,0.001,1.77,1.632,0.045,0.052,1762.5694900833855
0.011615,580,053_AlSiMg_200W_500mms_M0_G13_Test_Crossflow_Stepover0581.tif,-0.001,1.765,1.657,0.042,0.052,1776.8660951271208
0.01162,581,053_AlSiMg_200W_500mms_M0_G13_Test_Crossflow_Stepover0582.tif,0.0,1.765,1.656,0.044,0.054,1755.3605025059067
0.011625,581,053_AlSiMg_200W_500mms_M0_G13_Test_Crossflow_Stepover0582.tif,0.001,1.765,1.681,0.042,0.052,1697.8152464894963
0.01163,581,053_AlSiMg_200W_500mms_M0_G13_Test_Crossflow_Stepover0582.tif,0.0,1.773,1.656,0.042,0.051,1667.0978161196977
0.011635,581,053_AlSiMg_200W_500mms_M0_G13_Test_Crossflow_Stepover0582.tif,0.001,1.78,1.636,0.044,0.054,1667.0978161196977
0.01164,582,053_AlSiMg_200W_500mms_M0_G13_Test_Crossflow_Stepover0583.tif,-0.001,1.794,1.653,0.041,0.053,1696.8945316872473
0.011645,582,053_AlSiMg_200W_500mms_M0_G13_Test_Crossflow_Stepover0583.tif,0.0,1.805,1.65,0.044,0.054,1684.4915921643405
0.01165,582,053_AlSiMg_200W_500mms_M0_G13_Test_Crossflow_Stepover0583.tif,0.001,1.805,1.625,0.046,0.055,2143.9017271980338
0.011655,582,053_AlSiMg_200W_500mms_M0_G13_Test_Crossflow_Stepover0583.tif,0.0,1.807,1.611,0.043,0.053,2218.9939137898446
0.01166,583,053_AlSiMg_200W_500mms_M0_G13_Test_Crossflow_Stepover0584.tif,-0.001,1.8,1.587,0.058,0.052,2276.539169806255
0.011665,583,053_AlSiMg_200W_500mms_M0_G13_Test_Crossflow_Stepover0584.tif,0.001,1.801,1.595,0.045,0.053,2216.0250238689064
0.01167,583,053_AlSiMg_200W_500mms_M0_G13_Test_Crossflow_Stepover0584.tif,0.0,1.795,1.591,0.045,0.052,2173.6136554532313
0.011675,583,053_AlSiMg_200W_500mms_M0_G13_Test_Crossflow_Stepover0584.tif,0.001,1.786,1.605,0.041,0.053,1699.8348906230917
0.01168,584,053_AlSiMg_200W_500mms_M0_G13_Test_Crossflow_Stepover0585.tif,0.001,1.777,1.591,0.042,0.055,1641.1635293573447
0.011685,584,053_AlSiMg_200W_500mms_M0_G13_Test_Crossflow_Stepover0585.tif,-0.001,1.77,1.614,0.044,0.055,1552.8723966346745
0.01169,584,053_AlSiMg_200W_500mms_M0_G13_Test_Crossflow_Stepover0585.tif,-0.002,1.781,1.672,0.042,0.053,1559.8737121088081
0.011695,584,053_AlSiMg_200W_500mms_M0_G13_Test_Crossflow_Stepover0585.tif,-0.001,1.781,1.703,0.043,0.055,1643.1075691796552
0.0117,585,053_AlSiMg_200W_500mms_M0_G13_Test_Crossflow_Stepover0586.tif,0.0,1.783,1.714,0.043,0.055,1694.8211933875195
0.011705,585,053_AlSiMg_200W_500mms_M0_G13_Test_Crossflow_Stepover0586.tif,0.0,1.8,1.699,0.045,0.053,1945.7526187329215
0.01171,585,053_AlSiMg_200W_500mms_M0_G13_Test_Crossflow_Stepover0586.tif,0.0,1.811,1.668,0.045,0.053,1955.1721285848519
0.011715,585,053_AlSiMg_200W_500mms_M0_G13_Test_Crossflow_Stepover0586.tif,-0.001,1.815,1.629,0.053,0.055,1971.549375494665
0.01172,586,053_AlSiMg_200W_500mms_M0_G13_Test_Crossflow_Stepover0587.tif,0.0,1.815,1.628,0.042,0.053,1899.9919403812485
0.011725,586,053_AlSiMg_200W_500mms_M0_G13_Test_Crossflow_Stepover0587.tif,-0.002,1.812,1.591,0.044,0.055,1875.1492898956803
0.01173,586,053_AlSiMg_200W_500mms_M0_G13_Test_Crossflow_Stepover0587.tif,-0.002,1.808,1.579,0.042,0.054,1624.2178645502781
0.011735,586,053_AlSiMg_200W_500mms_M0_G13_Test_Crossflow_Stepover0587.tif,-0.002,1.802,1.579,0.043,0.052,1631.175601608161
0.01174,587,053_AlSiMg_200W_500mms_M0_G13_Test_Crossflow_Stepover0588.tif,0.001,1.787,1.563,0.042,0.053,1614.798354698348
0.011745,587,053_AlSiMg_200W_500mms_M0_G13_Test_Crossflow_Stepover0588.tif,0.0,1.776,1.574,0.044,0.055,1665.0106149049286
0.01175,587,053_AlSiMg_200W_500mms_M0_G13_Test_Crossflow_Stepover0588.tif,0.0,1.772,1.591,0.043,0.055,1631.1819041247495
0.011755,587,053_AlSiMg_200W_500mms_M0_G13_Test_Crossflow_Stepover0588.tif,0.001,1.772,1.59,0.044,0.053,1631.1819041247495
0.01176,588,053_AlSiMg_200W_500mms_M0_G13_Test_Crossflow_Stepover0589.tif,0.0,1.772,1.588,0.042,0.053,1607.803341740803
0.011765,588,053_AlSiMg_200W_500mms_M0_G13_Test_Crossflow_Stepover0589.tif,0.001,1.772,1.608,0.042,0.053,1624.180588650616
0.01177,588,053_AlSiMg_200W_500mms_M0_G13_Test_Crossflow_Stepover0589.tif,0.001,1.784,1.586,0.041,0.053,1562.2919064866048
0.011775,588,053_AlSiMg_200W_500mms_M0_G13_Test_Crossflow_Stepover0589.tif,0.0,1.794,1.586,0.044,0.055,1770.5746248760938
0.01178,589,053_AlSiMg_200W_500mms_M0_G13_Test_Crossflow_Stepover0590.tif,-0.002,1.802,1.63,0.042,0.055,1832.5839244158494
0.011785,589,053_AlSiMg_200W_500mms_M0_G13_Test_Crossflow_Stepover0590.tif,-0.001,1.801,1.628,0.051,0.054,1842.9856158680973
0.01179,589,053_AlSiMg_200W_500mms_M0_G13_Test_Crossflow_Stepover0590.tif,-0.001,1.8,1.608,0.046,0.054,1864.094282722197
0.011795,589,053_AlSiMg_200W_500mms_M0_G13_Test_Crossflow_Stepover0590.tif,-0.001,1.8,1.658,0.044,0.056,1932.7500991385816
0.0118,590,053_AlSiMg_200W_500mms_M0_G13_Test_Crossflow_Stepover0591.tif,-0.001,1.795,1.642,0.046,0.056,1813.0071912555
0.011805,590,053_AlSiMg_200W_500mms_M0_G13_Test_Crossflow_Stepover0591.tif,0.0,1.787,1.633,0.046,0.055,1733.198951742796
0.01181,590,053_AlSiMg_200W_500mms_M0_G13_Test_Crossflow_Stepover0591.tif,-0.002,1.773,1.64,0.048,0.055,1789.7910649728365
0.011815,590,053_AlSiMg_200W_500mms_M0_G13_Test_Crossflow_Stepover0591.tif,-0.001,1.769,1.625,0.044,0.057,1762.3153127807914
0.01182,591,053_AlSiMg_200W_500mms_M0_G13_Test_Crossflow_Stepover0592.tif,0.001,1.77,1.639,0.048,0.057,1752.756465592875
0.011825,591,053_AlSiMg_200W_500mms_M0_G13_Test_Crossflow_Stepover0592.tif,-0.002,1.772,1.647,0.046,0.058,1692.2830589984492
0.01183,591,053_AlSiMg_200W_500mms_M0_G13_Test_Crossflow_Stepover0592.tif,-0.001,1.777,1.72,0.048,0.058,1726.9695889939062
0.011835,591,053_AlSiMg_200W_500mms_M0_G13_Test_Crossflow_Stepover0592.tif,0.0,1.786,1.696,0.046,0.056,1764.936420144089
0.01184,592,053_AlSiMg_200W_500mms_M0_G13_Test_Crossflow_Stepover0593.tif,-0.002,1.798,1.734,0.047,0.058,1781.23335844666
0.011845,592,053_AlSiMg_200W_500mms_M0_G13_Test_Crossflow_Stepover0593.tif,-0.002,1.807,1.73,0.048,0.055,1811.9703888951449
0.01185,592,053_AlSiMg_200W_500mms_M0_G13_Test_Crossflow_Stepover0593.tif,-0.001,1.807,1.681,0.047,0.058,1803.9743082849739
0.011855,592,053_AlSiMg_200W_500mms_M0_G13_Test_Crossflow_Stepover0593.tif,-0.002,1.807,1.712,0.047,0.055,1858.6655704861964
0.01186,593,053_AlSiMg_200W_500mms_M0_G13_Test_Crossflow_Stepover0594.tif,0.001,1.807,1.658,0.048,0.059,1801.4591433123555
0.011865,593,053_AlSiMg_200W_500mms_M0_G13_Test_Crossflow_Stepover0594.tif,0.0,1.805,1.637,0.049,0.057,1815.9049366224142
0.01187,593,053_AlSiMg_200W_500mms_M0_G13_Test_Crossflow_Stepover0594.tif,-0.001,1.794,1.644,0.047,0.057,1798.0013499174615
0.011875,593,053_AlSiMg_200W_500mms_M0_G13_Test_Crossflow_Stepover0594.tif,-0.002,1.776,1.657,0.047,0.057,1828.5040059718751
0.01188,594,053_AlSiMg_200W_500mms_M0_G13_Test_Crossflow_Stepover0595.tif,0.001,1.768,1.636,0.047,0.056,1791.459627171512
0.011885,594,053_AlSiMg_200W_500mms_M0_G13_Test_Crossflow_Stepover0595.tif,-0.002,1.77,1.658,0.048,0.057,1760.7168955588827
0.01189,594,053_AlSiMg_200W_500mms_M0_G13_Test_Crossflow_Stepover0595.tif,0.001,1.77,1.667,0.048,0.058,1760.7168955588827
0.011895,594,053_AlSiMg_200W_500mms_M0_G13_Test_Crossflow_Stepover0595.tif,0.0,1.776,1.658,0.046,0.058,1804.9600706144247
0.0119,595,053_AlSiMg_200W_500mms_M0_G13_Test_Crossflow_Stepover0596.tif,0.0,1.776,1.658,0.047,0.057,1771.2746812807084
0.011905,595,053_AlSiMg_200W_500mms_M0_G13_Test_Crossflow_Stepover0596.tif,-0.001,1.793,1.727,0.049,0.056,1771.2746812807084
0.01191,595,053_AlSiMg_200W_500mms_M0_G13_Test_Crossflow_Stepover0596.tif,-0.001,1.798,1.681,0.047,0.058,1824.3947457362967
0.011915,595,053_AlSiMg_200W_500mms_M0_G13_Test_Crossflow_Stepover0596.tif,-0.002,1.802,1.713,0.048,0.058,1840.4292795706301
0.01192,596,053_AlSiMg_200W_500mms_M0_G13_Test_Crossflow_Stepover0597.tif,-0.002,1.8,1.709,0.049,0.058,1765.705777370696
0.011925,596,053_AlSiMg_200W_500mms_M0_G13_Test_Crossflow_Stepover0597.tif,-0.001,1.798,1.734,0.047,0.056,1796.186104515088
0.01193,596,053_AlSiMg_200W_500mms_M0_G13_Test_Crossflow_Stepover0597.tif,0.001,1.798,1.709,0.047,0.058,1778.5392211142284
0.011935,596,053_AlSiMg_200W_500mms_M0_G13_Test_Crossflow_Stepover0597.tif,-0.001,1.79,1.809,0.047,0.056,1759.3629783620709
0.01194,597,053_AlSiMg_200W_500mms_M0_G13_Test_Crossflow_Stepover0598.tif,-0.002,1.776,1.734,0.047,0.058,1728.882651217679
0.011945,597,053_AlSiMg_200W_500mms_M0_G13_Test_Crossflow_Stepover0598.tif,0.0,1.77,1.726,0.048,0.058,1783.5739134189018
0.01195,597,053_AlSiMg_200W_500mms_M0_G13_Test_Crossflow_Stepover0598.tif,0.0,1.766,1.699,0.047,0.058,1786.7789756082263
0.011955,597,053_AlSiMg_200W_500mms_M0_G13_Test_Crossflow_Stepover0598.tif,-0.002,1.768,1.74,0.049,0.057,1820.4643649419427
0.01196,598,053_AlSiMg_200W_500mms_M0_G13_Test_Crossflow_Stepover0599.tif,0.001,1.772,1.692,0.048,0.057,1851.2013953904275
0.011965,598,053_AlSiMg_200W_500mms_M0_G13_Test_Crossflow_Stepover0599.tif,-0.002,1.776,1.661,0.048,0.057,1899.585309239772
0.01197,598,053_AlSiMg_200W_500mms_M0_G13_Test_Crossflow_Stepover0599.tif,-0.002,1.788,1.663,0.047,0.055,1916.5462675224485
0.011975,598,053_AlSiMg_200W_500mms_M0_G13_Test_Crossflow_Stepover0599.tif,-0.001,1.802,1.637,0.047,0.055,1916.546267522448
0.01198,599,053_AlSiMg_200W_500mms_M0_G13_Test_Crossflow_Stepover0600.tif,0.0,1.807,1.696,0.048,0.055,1890.7047434008484
0.011985,599,053_AlSiMg_200W_500mms_M0_G13_Test_Crossflow_Stepover0600.tif,-0.001,1.809,1.657,0.048,0.057,1826.023891248933
0.01199,599,053_AlSiMg_200W_500mms_M0_G13_Test_Crossflow_Stepover0600.tif,0.0,1.805,1.672,0.045,0.055,1792.085770709647
0.011995,599,053_AlSiMg_200W_500mms_M0_G13_Test_Crossflow_Stepover0600.tif,-0.002,1.801,1.674,0.046,0.058,1747.639280814524
0.012,600,053_AlSiMg_200W_500mms_M0_G13_Test_Crossflow_Stepover0601.tif,-0.001,1.801,1.681,0.047,0.057,1728.3996847908656
0.012005,600,053_AlSiMg_200W_500mms_M0_G13_Test_Crossflow_Stepover0601.tif,0.0,1.788,1.667,0.046,0.055,1731.734633468223
0.01201,600,053_AlSiMg_200W_500mms_M0_G13_Test_Crossflow_Stepover0601.tif,-0.002,1.779,1.637,0.047,0.057,1719.86621053512
0.012015,600,053_AlSiMg_200W_500mms_M0_G13_Test_Crossflow_Stepover0601.tif,0.001,1.775,1.667,0.046,0.056,1735.9007443694536
0.01202,601,053_AlSiMg_200W_500mms_M0_G13_Test_Crossflow_Stepover0602.tif,0.001,1.775,1.671,0.046,0.059,1702.1406381519635
0.012025,601,053_AlSiMg_200W_500mms_M0_G13_Test_Crossflow_Stepover0602.tif,0.001,1.775,1.689,0.047,0.056,1681.140469213191
0.01203,601,053_AlSiMg_200W_500mms_M0_G13_Test_Crossflow_Stepover0602.tif,0.001,1.779,1.681,0.045,0.056,1684.4074486337754
0.012035,601,053_AlSiMg_200W_500mms_M0_G13_Test_Crossflow_Stepover0602.tif,-0.002,1.79,1.644,0.045,0.056,1667.1435959551472
0.01204,602,053_AlSiMg_200W_500mms_M0_G13_Test_Crossflow_Stepover0603.tif,-0.001,1.805,1.64,0.047,0.057,1644.5071340228722
0.012045,602,053_AlSiMg_200W_500mms_M0_G13_Test_Crossflow_Stepover0603.tif,0.001,1.809,1.684,0.044,0.058,1699.4454235009302
0.01205,602,053_AlSiMg_200W_500mms_M0_G13_Test_Crossflow_Stepover0603.tif,-0.002,1.809,1.671,0.045,0.055,1733.2055297184204
0.012055,602,053_AlSiMg_200W_500mms_M0_G13_Test_Crossflow_Stepover0603.tif,0.0,1.811,1.64,0.047,0.055,1726.6036016204787
0.01206,603,053_AlSiMg_200W_500mms_M0_G13_Test_Crossflow_Stepover0604.tif,0.0,1.807,1.723,0.046,0.055,1779.8766807468978
0.012065,603,053_AlSiMg_200W_500mms_M0_G13_Test_Crossflow_Stepover0604.tif,0.0,1.801,1.656,0.045,0.055,1786.4786088448395
0.01207,603,053_AlSiMg_200W_500mms_M0_G13_Test_Crossflow_Stepover0604.tif,0.0,1.791,1.643,0.045,0.055,1768.575022139887
0.012075,603,053_AlSiMg_200W_500mms_M0_G13_Test_Crossflow_Stepover0604.tif,-0.002,1.775,1.654,0.047,0.057,1731.4394385864857
0.01208,604,053_AlSiMg_200W_500mms_M0_G13_Test_Crossflow_Stepover0605.tif,0.0,1.77,1.661,0.047,0.056,1713.6657204097435
0.012085,604,053_AlSiMg_200W_500mms_M0_G13_Test_Crossflow_Stepover0605.tif,-0.001,1.77,1.65,0.044,0.055,1736.3021823420186
0.01209,604,053_AlSiMg_200W_500mms_M0_G13_Test_Crossflow_Stepover0605.tif,0.0,1.768,1.629,0.044,0.055,1752.336716176352
0.012095,604,053_AlSiMg_200W_500mms_M0_G13_Test_Crossflow_Stepover0605.tif,-0.002,1.772,1.612,0.047,0.056,1702.285771652107
0.0121,605,053_AlSiMg_200W_500mms_M0_G13_Test_Crossflow_Stepover0606.tif,-0.002,1.777,1.635,0.047,0.056,1732.6542209531356
0.012105,605,053_AlSiMg_200W_500mms_M0_G13_Test_Crossflow_Stepover0606.tif,0.0,1.79,1.644,0.045,0.057,1732.6542209531356
0.01211,605,053_AlSiMg_200W_500mms_M0_G13_Test_Crossflow_Stepover0606.tif,0.0,1.801,1.636,0.044,0.053,1702.1738938087437
0.012115,605,053_AlSiMg_200W_500mms_M0_G13_Test_Crossflow_Stepover0606.tif,0.001,1.804,1.633,0.044,0.055,1723.266515191574
0.01212,606,053_AlSiMg_200W_500mms_M0_G13_Test_Crossflow_Stepover0607.tif,-0.002,1.804,1.629,0.047,0.058,1773.3174597158184
0.012125,606,053_AlSiMg_200W_500mms_M0_G13_Test_Crossflow_Stepover0607.tif,0.001,1.801,1.693,0.048,0.056,1760.7227285915324
0.01213,606,053_AlSiMg_200W_500mms_M0_G13_Test_Crossflow_Stepover0607.tif,-0.002,1.802,1.64,0.047,0.056,1760.7227285915324
0.012135,606,053_AlSiMg_200W_500mms_M0_G13_Test_Crossflow_Stepover0607.tif,0.001,1.8,1.626,0.045,0.055,1722.6855791322905
0.01214,607,053_AlSiMg_200W_500mms_M0_G13_Test_Crossflow_Stepover0608.tif,0.001,1.786,1.616,0.044,0.055,1719.496544454413
0.012145,607,053_AlSiMg_200W_500mms_M0_G13_Test_Crossflow_Stepover0608.tif,0.0,1.779,1.591,0.043,0.056,1693.4549941418427
0.01215,607,053_AlSiMg_200W_500mms_M0_G13_Test_Crossflow_Stepover0608.tif,0.0,1.776,1.602,0.047,0.055,1706.0497252661291
0.012155,607,053_AlSiMg_200W_500mms_M0_G13_Test_Crossflow_Stepover0608.tif,0.001,1.776,1.6,0.044,0.054,1706.0497252661287
0.01216,608,053_AlSiMg_200W_500mms_M0_G13_Test_Crossflow_Stepover0609.tif,0.0,1.779,1.591,0.044,0.053,1748.525651557192
0.012165,608,053_AlSiMg_200W_500mms_M0_G13_Test_Crossflow_Stepover0609.tif,0.0,1.781,1.593,0.044,0.055,1748.5256515571923
0.01217,608,053_AlSiMg_200W_500mms_M0_G13_Test_Crossflow_Stepover0609.tif,0.0,1.793,1.619,0.044,0.054,1734.1570217607452
0.012175,608,053_AlSiMg_200W_500mms_M0_G13_Test_Crossflow_Stepover0609.tif,-0.001,1.801,1.623,0.047,0.055,1779.0036900584244
0.01218,609,053_AlSiMg_200W_500mms_M0_G13_Test_Crossflow_Stepover0610.tif,0.0,1.807,1.664,0.044,0.055,1759.1598791528722
0.012185,609,053_AlSiMg_200W_500mms_M0_G13_Test_Crossflow_Stepover0610.tif,-0.001,1.802,1.682,0.046,0.053,1796.5048735642893
0.01219,609,053_AlSiMg_200W_500mms_M0_G13_Test_Crossflow_Stepover0610.tif,-0.002,1.805,1.633,0.042,0.054,1768.559556051348
0.012195,609,053_AlSiMg_200W_500mms_M0_G13_Test_Crossflow_Stepover0610.tif,-0.001,1.8,1.661,0.045,0.053,1798.9280053523762
0.0122,610,053_AlSiMg_200W_500mms_M0_G13_Test_Crossflow_Stepover0611.tif,-0.001,1.795,1.71,0.044,0.053,1754.0813370546973
0.012205,610,053_AlSiMg_200W_500mms_M0_G13_Test_Crossflow_Stepover0611.tif,0.001,1.786,1.667,0.044,0.053,1773.9251479602494
0.01221,610,053_AlSiMg_200W_500mms_M0_G13_Test_Crossflow_Stepover0611.tif,0.0,1.779,1.66,0.044,0.053,1736.5801535488324
0.012215,610,053_AlSiMg_200W_500mms_M0_G13_Test_Crossflow_Stepover0611.tif,-0.002,1.773,1.658,0.044,0.055,1736.5801535488324
0.01222,611,053_AlSiMg_200W_500mms_M0_G13_Test_Crossflow_Stepover0612.tif,-0.001,1.773,1.642,0.044,0.054,1681.4550272169727
0.012225,611,053_AlSiMg_200W_500mms_M0_G13_Test_Crossflow_Stepover0612.tif,0.0,1.779,1.685,0.044,0.053,1726.3016955146518
0.01223,611,053_AlSiMg_200W_500mms_M0_G13_Test_Crossflow_Stepover0612.tif,-0.001,1.784,1.678,0.044,0.057,1726.3016955146516
0.012235,611,053_AlSiMg_200W_500mms_M0_G13_Test_Crossflow_Stepover0612.tif,0.0,1.79,1.675,0.046,0.053,1711.9330657182047
0.01224,612,053_AlSiMg_200W_500mms_M0_G13_Test_Crossflow_Stepover0613.tif,-0.001,1.807,1.74,0.044,0.055,1711.933065718205
0.012245,612,053_AlSiMg_200W_500mms_M0_G13_Test_Crossflow_Stepover0613.tif,0.0,1.812,1.74,0.044,0.055,1736.6897427490362
0.01225,612,053_AlSiMg_200W_500mms_M0_G13_Test_Crossflow_Stepover0613.tif,-0.002,1.807,1.709,0.044,0.053,1629.9543922873459
0.012255,612,053_AlSiMg_200W_500mms_M0_G13_Test_Crossflow_Stepover0613.tif,0.0,1.805,1.678,0.044,0.055,1660.3228415883743
0.01226,613,053_AlSiMg_200W_500mms_M0_G13_Test_Crossflow_Stepover0614.tif,0.0,1.802,1.717,0.042,0.055,1660.3228415883739
0.012265,613,053_AlSiMg_200W_500mms_M0_G13_Test_Crossflow_Stepover0614.tif,0.001,1.798,1.685,0.044,0.053,1629.9543922873459
0.01227,613,053_AlSiMg_200W_500mms_M0_G13_Test_Crossflow_Stepover0614.tif,-0.001,1.784,1.661,0.044,0.055,1640.8455278400372
0.012275,613,053_AlSiMg_200W_500mms_M0_G13_Test_Crossflow_Stepover0614.tif,0.0,1.776,1.639,0.044,0.055,1720.6630257264173
0.01228,614,053_AlSiMg_200W_500mms_M0_G13_Test_Crossflow_Stepover0615.tif,0.001,1.769,1.646,0.043,0.053,1704.6632062218355
0.012285,614,053_AlSiMg_200W_500mms_M0_G13_Test_Crossflow_Stepover0615.tif,0.001,1.766,1.661,0.044,0.052,1735.0316555228644
0.01229,614,053_AlSiMg_200W_500mms_M0_G13_Test_Crossflow_Stepover0615.tif,0.0,1.77,1.654,0.044,0.054,1722.0547845911656
0.012295,614,053_AlSiMg_200W_500mms_M0_G13_Test_Crossflow_Stepover0615.tif,0.001,1.773,1.703,0.044,0.053,1779.6938612602644
0.0123,615,053_AlSiMg_200W_500mms_M0_G13_Test_Crossflow_Stepover0616.tif,0.001,1.78,1.623,0.044,0.056,1749.1703144136095
0.012305,615,053_AlSiMg_200W_500mms_M0_G13_Test_Crossflow_Stepover0616.tif,0.0,1.794,1.63,0.044,0.051,1765.1701339181914
0.01231,615,053_AlSiMg_200W_500mms_M0_G13_Test_Crossflow_Stepover0616.tif,-0.001,1.8,1.64,0.045,0.055,1752.575402793905
0.012315,615,053_AlSiMg_200W_500mms_M0_G13_Test_Crossflow_Stepover0616.tif,-0.002,1.804,1.602,0.044,0.053,1776.4434092782947
0.01232,616,053_AlSiMg_200W_500mms_M0_G13_Test_Crossflow_Stepover0617.tif,0.0,1.807,1.616,0.045,0.055,1738.2816463575332
0.012325,616,053_AlSiMg_200W_500mms_M0_G13_Test_Crossflow_Stepover0617.tif,-0.002,1.802,1.623,0.043,0.053,1713.550191122908
0.01233,616,053_AlSiMg_200W_500mms_M0_G13_Test_Crossflow_Stepover0617.tif,0.0,1.801,1.614,0.044,0.053,1700.9554599986216
0.012335,616,053_AlSiMg_200W_500mms_M0_G13_Test_Crossflow_Stepover0617.tif,0.0,1.795,1.594,0.042,0.053,1690.5206098077317
0.01234,617,053_AlSiMg_200W_500mms_M0_G13_Test_Crossflow_Stepover0618.tif,0.0,1.783,1.614,0.045,0.055,1672.6717371971572
0.012345,617,053_AlSiMg_200W_500mms_M0_G13_Test_Crossflow_Stepover0618.tif,0.0,1.776,1.621,0.042,0.052,1660.0770060728712
0.01235,617,053_AlSiMg_200W_500mms_M0_G13_Test_Crossflow_Stepover0618.tif,-0.001,1.772,1.612,0.042,0.053,1667.034743130754
0.012355,617,053_AlSiMg_200W_500mms_M0_G13_Test_Crossflow_Stepover0618.tif,-0.001,1.775,1.637,0.045,0.055,1642.303287896129
0.01236,618,053_AlSiMg_200W_500mms_M0_G13_Test_Crossflow_Stepover0619.tif,-0.002,1.78,1.623,0.044,0.055,1668.753564294067
0.012365,618,053_AlSiMg_200W_500mms_M0_G13_Test_Crossflow_Stepover0619.tif,0.0,1.781,1.614,0.042,0.053,1702.5822750742464
0.01237,618,053_AlSiMg_200W_500mms_M0_G13_Test_Crossflow_Stepover0619.tif,0.0,1.791,1.611,0.045,0.054,1657.8249704538036
0.012375,618,053_AlSiMg_200W_500mms_M0_G13_Test_Crossflow_Stepover0619.tif,0.0,1.807,1.595,0.043,0.052,1637.9811595482515
0.01238,619,053_AlSiMg_200W_500mms_M0_G13_Test_Crossflow_Stepover0620.tif,0.0,1.812,1.587,0.04,0.052,1659.307526402581
0.012385,619,053_AlSiMg_200W_500mms_M0_G13_Test_Crossflow_Stepover0620.tif,-0.001,1.811,1.588,0.042,0.054,1655.8868313198188
0.01239,619,053_AlSiMg_200W_500mms_M0_G13_Test_Crossflow_Stepover0620.tif,-0.001,1.807,1.64,0.044,0.054,1659.3843068985516
0.012395,619,053_AlSiMg_200W_500mms_M0_G13_Test_Crossflow_Stepover0620.tif,-0.002,1.807,1.605,0.044,0.053,1682.9241976777914
0.0124,620,053_AlSiMg_200W_500mms_M0_G13_Test_Crossflow_Stepover0621.tif,-0.001,1.805,1.604,0.044,0.053,1751.065273606741
0.012405,620,053_AlSiMg_200W_500mms_M0_G13_Test_Crossflow_Stepover0621.tif,0.0,1.793,1.605,0.043,0.054,1751.065273606741
0.01241,620,053_AlSiMg_200W_500mms_M0_G13_Test_Crossflow_Stepover0621.tif,-0.001,1.781,1.63,0.044,0.052,1731.5879598584038
0.012415,620,053_AlSiMg_200W_500mms_M0_G13_Test_Crossflow_Stepover0621.tif,-0.002,1.773,1.642,0.044,0.054,1731.587959858404
0.01242,621,053_AlSiMg_200W_500mms_M0_G13_Test_Crossflow_Stepover0622.tif,-0.002,1.772,1.609,0.043,0.053,1768.8207999066549
0.012425,621,053_AlSiMg_200W_500mms_M0_G13_Test_Crossflow_Stepover0622.tif,-0.002,1.775,1.628,0.044,0.053,1754.3126792670482
0.01243,621,053_AlSiMg_200W_500mms_M0_G13_Test_Crossflow_Stepover0622.tif,0.0,1.777,1.615,0.045,0.054,1791.6576736784657
0.012435,621,053_AlSiMg_200W_500mms_M0_G13_Test_Crossflow_Stepover0622.tif,-0.002,1.783,1.63,0.045,0.054,1780.7665381257743
0.01244,622,053_AlSiMg_200W_500mms_M0_G13_Test_Crossflow_Stepover0623.tif,-0.002,1.794,1.622,0.045,0.053,1831.9801622732707
0.012445,622,053_AlSiMg_200W_500mms_M0_G13_Test_Crossflow_Stepover0623.tif,-0.002,1.8,1.663,0.044,0.055,1766.6707850264968
0.01245,622,053_AlSiMg_200W_500mms_M0_G13_Test_Crossflow_Stepover0623.tif,0.001,1.798,1.609,0.048,0.055,1708.1249636118744
0.012455,622,053_AlSiMg_200W_500mms_M0_G13_Test_Crossflow_Stepover0623.tif,-0.002,1.797,1.632,0.042,0.055,1656.41133940401
0.01246,623,053_AlSiMg_200W_500mms_M0_G13_Test_Crossflow_Stepover0624.tif,-0.002,1.795,1.619,0.044,0.057,1674.1850575807525
0.012465,623,053_AlSiMg_200W_500mms_M0_G13_Test_Crossflow_Stepover0624.tif,-0.002,1.793,1.609,0.044,0.055,1622.9714334332562
0.01247,623,053_AlSiMg_200W_500mms_M0_G13_Test_Crossflow_Stepover0624.tif,0.001,1.787,1.626,0.045,0.055,1684.8601155972676
0.012475,623,053_AlSiMg_200W_500mms_M0_G13_Test_Crossflow_Stepover0624.tif,-0.002,1.777,1.658,0.044,0.053,1739.9852419291278
0.01248,624,053_AlSiMg_200W_500mms_M0_G13_Test_Crossflow_Stepover0625.tif,-0.001,1.776,1.685,0.044,0.053,1729.4408975845847
0.012485,624,053_AlSiMg_200W_500mms_M0_G13_Test_Crossflow_Stepover0625.tif,-0.002,1.776,1.692,0.044,0.053,1711.6671794078425
0.01249,624,053_AlSiMg_200W_500mms_M0_G13_Test_Crossflow_Stepover0625.tif,0.001,1.777,1.661,0.041,0.052,1733.0123543146788
0.012495,624,053_AlSiMg_200W_500mms_M0_G13_Test_Crossflow_Stepover0625.tif,0.0,1.78,1.635,0.044,0.055,1671.1236721506666
0.0125,625,053_AlSiMg_200W_500mms_M0_G13_Test_Crossflow_Stepover0626.tif,-0.002,1.784,1.67,0.045,0.053,1658.5289410263806
0.012505,625,053_AlSiMg_200W_500mms_M0_G13_Test_Crossflow_Stepover0626.tif,-0.001,1.798,1.63,0.042,0.055,1633.5739244212466
0.01251,625,053_AlSiMg_200W_500mms_M0_G13_Test_Crossflow_Stepover0626.tif,-0.001,1.804,1.635,0.045,0.055,1670.7095079746482
0.012515,625,053_AlSiMg_200W_500mms_M0_G13_Test_Crossflow_Stepover0626.tif,0.002,1.804,1.658,0.044,0.058,1590.8885872721676
0.01252,626,053_AlSiMg_200W_500mms_M0_G13_Test_Crossflow_Stepover0627.tif,0.001,1.802,1.612,0.046,0.055,1656.1979645189415
0.012525,626,053_AlSiMg_200W_500mms_M0_G13_Test_Crossflow_Stepover0627.tif,-0.002,1.801,1.609,0.043,0.056,1690.1378705500633
0.01253,626,053_AlSiMg_200W_500mms_M0_G13_Test_Crossflow_Stepover0627.tif,0.001,1.797,1.642,0.045,0.054,1740.005861296187
0.012535,626,053_AlSiMg_200W_500mms_M0_G13_Test_Crossflow_Stepover0627.tif,0.001,1.793,1.636,0.045,0.053,1671.3500448798027
0.01254,627,053_AlSiMg_200W_500mms_M0_G13_Test_Crossflow_Stepover0628.tif,-0.002,1.777,1.622,0.044,0.054,1692.499604316536
0.012545,627,053_AlSiMg_200W_500mms_M0_G13_Test_Crossflow_Stepover0628.tif,0.001,1.77,1.602,0.042,0.055,1676.4841781094874
0.01255,627,053_AlSiMg_200W_500mms_M0_G13_Test_Crossflow_Stepover0628.tif,0.0,1.77,1.618,0.042,0.053,1639.13918369807
0.012555,627,053_AlSiMg_200W_500mms_M0_G13_Test_Crossflow_Stepover0628.tif,-0.001,1.772,1.63,0.045,0.055,1703.2074518892846
0.01256,628,053_AlSiMg_200W_500mms_M0_G13_Test_Crossflow_Stepover0629.tif,0.0,1.772,1.651,0.044,0.054,1755.8363516063666
0.012565,628,053_AlSiMg_200W_500mms_M0_G13_Test_Crossflow_Stepover0629.tif,-0.001,1.78,1.651,0.047,0.054,1793.1625379652783
0.01257,628,053_AlSiMg_200W_500mms_M0_G13_Test_Crossflow_Stepover0629.tif,0.001,1.793,1.775,0.046,0.056,1769.0217344505902
0.012575,628,053_AlSiMg_200W_500mms_M0_G13_Test_Crossflow_Stepover0629.tif,0.001,1.8,1.86,0.044,0.053,1761.9919726399955
0.01258,629,053_AlSiMg_200W_500mms_M0_G13_Test_Crossflow_Stepover0630.tif,-0.001,1.807,1.846,0.046,0.058,1738.606637134207
0.012585,629,053_AlSiMg_200W_500mms_M0_G13_Test_Crossflow_Stepover0630.tif,0.001,1.807,1.815,0.042,0.052,1724.8368382659598
0.01259,629,053_AlSiMg_200W_500mms_M0_G13_Test_Crossflow_Stepover0630.tif,0.001,1.805,1.788,0.046,0.054,1697.8438663008433
0.012595,629,053_AlSiMg_200W_500mms_M0_G13_Test_Crossflow_Stepover0630.tif,0.0,1.808,1.777,0.042,0.052,1687.8337047289758
0.0126,630,053_AlSiMg_200W_500mms_M0_G13_Test_Crossflow_Stepover0631.tif,0.001,1.801,1.777,0.045,0.056,1710.8632860441517
0.012605,630,053_AlSiMg_200W_500mms_M0_G13_Test_Crossflow_Stepover0631.tif,-0.002,1.79,1.781,0.043,0.055,1707.5253477701438
0.01261,630,053_AlSiMg_200W_500mms_M0_G13_Test_Crossflow_Stepover0631.tif,0.0,1.781,1.776,0.044,0.053,1668.666246921308
0.012615,630,053_AlSiMg_200W_500mms_M0_G13_Test_Crossflow_Stepover0631.tif,0.0,1.776,1.741,0.045,0.053,1648.9135226755836
0.01262,631,053_AlSiMg_200W_500mms_M0_G13_Test_Crossflow_Stepover0632.tif,-0.001,1.776,1.703,0.042,0.055,1713.5880346087936
0.012625,631,053_AlSiMg_200W_500mms_M0_G13_Test_Crossflow_Stepover0632.tif,-0.001,1.777,1.681,0.043,0.055,1676.2618482498824
0.01263,631,053_AlSiMg_200W_500mms_M0_G13_Test_Crossflow_Stepover0632.tif,-0.002,1.777,1.7,0.044,0.052,1647.8422991176162
0.012635,631,053_AlSiMg_200W_500mms_M0_G13_Test_Crossflow_Stepover0632.tif,0.001,1.786,1.731,0.042,0.053,1672.4047949227165
0.01264,632,053_AlSiMg_200W_500mms_M0_G13_Test_Crossflow_Stepover0633.tif,-0.002,1.797,1.67,0.042,0.051,1706.5557600092714
0.012645,632,053_AlSiMg_200W_500mms_M0_G13_Test_Crossflow_Stepover0633.tif,-0.002,1.802,1.689,0.042,0.053,1669.1496305385663
0.01265,632,053_AlSiMg_200W_500mms_M0_G13_Test_Crossflow_Stepover0633.tif,-0.001,1.805,1.684,0.045,0.055,1683.4462355823016
0.012655,632,053_AlSiMg_200W_500mms_M0_G13_Test_Crossflow_Stepover0633.tif,-0.002,1.804,1.749,0.043,0.053,1667.4910284925559
0.01266,633,053_AlSiMg_200W_500mms_M0_G13_Test_Crossflow_Stepover0634.tif,0.0,1.8,1.717,0.042,0.052,1667.4910284925559
0.012665,633,053_AlSiMg_200W_500mms_M0_G13_Test_Crossflow_Stepover0634.tif,-0.002,1.795,1.675,0.042,0.052,1676.5882840381096
0.01267,633,053_AlSiMg_200W_500mms_M0_G13_Test_Crossflow_Stepover0634.tif,0.0,1.793,1.64,0.042,0.053,1658.739411427535
0.012675,633,053_AlSiMg_200W_500mms_M0_G13_Test_Crossflow_Stepover0634.tif,0.001,1.777,1.618,0.043,0.052,1719.9307556634728
0.01268,634,053_AlSiMg_200W_500mms_M0_G13_Test_Crossflow_Stepover0635.tif,0.0,1.773,1.628,0.042,0.053,1716.3012400019575
0.012685,634,053_AlSiMg_200W_500mms_M0_G13_Test_Crossflow_Stepover0635.tif,0.002,1.772,1.598,0.044,0.051,1730.5978450456928
0.01269,634,053_AlSiMg_200W_500mms_M0_G13_Test_Crossflow_Stepover0635.tif,0.001,1.773,1.625,0.041,0.051,1734.0953206244253
0.012695,634,053_AlSiMg_200W_500mms_M0_G13_Test_Crossflow_Stepover0635.tif,-0.001,1.775,1.609,0.042,0.052,1764.3471327579064
0.0127,635,053_AlSiMg_200W_500mms_M0_G13_Test_Crossflow_Stepover0636.tif,0.001,1.781,1.608,0.044,0.053,1780.4702757006755
0.012705,635,053_AlSiMg_200W_500mms_M0_G13_Test_Crossflow_Stepover0636.tif,0.0,1.795,1.629,0.042,0.051,1769.8031863184558
0.01271,635,053_AlSiMg_200W_500mms_M0_G13_Test_Crossflow_Stepover0636.tif,0.001,1.801,1.667,0.042,0.048,1785.7583934082013
0.012715,635,053_AlSiMg_200W_500mms_M0_G13_Test_Crossflow_Stepover0636.tif,-0.002,1.805,1.623,0.042,0.053,1830.6050617058804
0.01272,636,053_AlSiMg_200W_500mms_M0_G13_Test_Crossflow_Stepover0637.tif,-0.002,1.808,1.619,0.042,0.051,1875.8411988520725
0.012725,636,053_AlSiMg_200W_500mms_M0_G13_Test_Crossflow_Stepover0637.tif,0.0,1.805,1.664,0.046,0.053,2264.966608517653
0.01273,636,053_AlSiMg_200W_500mms_M0_G13_Test_Crossflow_Stepover0637.tif,-0.001,1.801,1.674,0.044,0.051,2264.966608517653
0.012735,636,053_AlSiMg_200W_500mms_M0_G13_Test_Crossflow_Stepover0637.tif,0.001,1.794,1.646,0.061,0.052,2252.563668994747
0.01274,637,053_AlSiMg_200W_500mms_M0_G13_Test_Crossflow_Stepover0638.tif,-0.001,1.783,1.628,0.042,0.053,2204.2195251183352
0.012745,637,053_AlSiMg_200W_500mms_M0_G13_Test_Crossflow_Stepover0638.tif,-0.002,1.777,1.609,0.043,0.053,2146.5804484492364
0.01275,637,053_AlSiMg_200W_500mms_M0_G13_Test_Crossflow_Stepover0638.tif,0.0,1.775,1.614,0.043,0.052,1683.6928191717882
0.012755,637,053_AlSiMg_200W_500mms_M0_G13_Test_Crossflow_Stepover0638.tif,0.0,1.775,1.602,0.043,0.053,1683.6928191717884
0.01276,638,053_AlSiMg_200W_500mms_M0_G13_Test_Crossflow_Stepover0639.tif,-0.002,1.775,1.692,0.043,0.053,1703.1701329201248
0.012765,638,053_AlSiMg_200W_500mms_M0_G13_Test_Crossflow_Stepover0639.tif,-0.001,1.784,1.632,0.042,0.053,1706.6676084988576
0.01277,638,053_AlSiMg_200W_500mms_M0_G13_Test_Crossflow_Stepover0639.tif,-0.002,1.791,1.625,0.044,0.053,1706.6676084988571
0.012775,638,053_AlSiMg_200W_500mms_M0_G13_Test_Crossflow_Stepover0639.tif,-0.001,1.805,1.646,0.044,0.053,1787.323078730999
0.01278,639,053_AlSiMg_200W_500mms_M0_G13_Test_Crossflow_Stepover0640.tif,-0.001,1.809,1.616,0.043,0.053,1777.9035688790686
0.012785,639,053_AlSiMg_200W_500mms_M0_G13_Test_Crossflow_Stepover0640.tif,0.001,1.807,1.616,0.044,0.05,1754.8739875638923
0.01279,639,053_AlSiMg_200W_500mms_M0_G13_Test_Crossflow_Stepover0640.tif,0.0,1.809,1.633,0.043,0.055,1772.802803286261
0.012795,639,053_AlSiMg_200W_500mms_M0_G13_Test_Crossflow_Stepover0640.tif,-0.001,1.804,1.693,0.042,0.052,1772.802803286261
0.0128,640,053_AlSiMg_200W_500mms_M0_G13_Test_Crossflow_Stepover0641.tif,-0.001,1.801,1.639,0.044,0.052,1688.5950654872802
0.012805,640,053_AlSiMg_200W_500mms_M0_G13_Test_Crossflow_Stepover0641.tif,0.001,1.788,1.668,0.043,0.053,1698.0145753392105
0.01281,640,053_AlSiMg_200W_500mms_M0_G13_Test_Crossflow_Stepover0641.tif,0.0,1.777,1.656,0.042,0.052,1742.3893315612227
0.012815,640,053_AlSiMg_200W_500mms_M0_G13_Test_Crossflow_Stepover0641.tif,0.0,1.775,1.688,0.042,0.053,1717.3861416134234
0.01282,641,053_AlSiMg_200W_500mms_M0_G13_Test_Crossflow_Stepover0642.tif,0.0,1.776,1.702,0.045,0.053,1713.8338740465838
0.012825,641,053_AlSiMg_200W_500mms_M0_G13_Test_Crossflow_Stepover0642.tif,-0.001,1.775,1.698,0.042,0.051,1729.78908113633
0.01283,641,053_AlSiMg_200W_500mms_M0_G13_Test_Crossflow_Stepover0642.tif,-0.001,1.776,1.681,0.042,0.052,1729.78908113633
0.012835,641,053_AlSiMg_200W_500mms_M0_G13_Test_Crossflow_Stepover0642.tif,0.001,1.788,1.651,0.042,0.051,1708.4439062294944
0.01284,642,053_AlSiMg_200W_500mms_M0_G13_Test_Crossflow_Stepover0643.tif,-0.002,1.795,1.633,0.042,0.053,1678.192094096013
0.012845,642,053_AlSiMg_200W_500mms_M0_G13_Test_Crossflow_Stepover0643.tif,0.001,1.802,1.633,0.044,0.053,1654.4759792003479
0.01285,642,053_AlSiMg_200W_500mms_M0_G13_Test_Crossflow_Stepover0643.tif,0.0,1.805,1.619,0.042,0.053,1624.2241670668666
0.012855,642,053_AlSiMg_200W_500mms_M0_G13_Test_Crossflow_Stepover0643.tif,-0.002,1.797,1.614,0.043,0.055,1634.8912564490868
0.01286,643,053_AlSiMg_200W_500mms_M0_G13_Test_Crossflow_Stepover0644.tif,-0.001,1.794,1.633,0.042,0.053,1593.9784628035154
0.012865,643,053_AlSiMg_200W_500mms_M0_G13_Test_Crossflow_Stepover0644.tif,-0.002,1.793,1.622,0.041,0.051,1631.3046491624268
0.01287,643,053_AlSiMg_200W_500mms_M0_G13_Test_Crossflow_Stepover0644.tif,0.001,1.784,1.632,0.041,0.052,1722.8970136709474
0.012875,643,053_AlSiMg_200W_500mms_M0_G13_Test_Crossflow_Stepover0644.tif,0.0,1.773,1.742,0.044,0.053,1760.2232000298586
0.01288,644,053_AlSiMg_200W_500mms_M0_G13_Test_Crossflow_Stepover0645.tif,0.001,1.765,1.651,0.046,0.053,1786.8822970065498
0.012885,644,053_AlSiMg_200W_500mms_M0_G13_Test_Crossflow_Stepover0645.tif,0.0,1.766,1.654,0.044,0.053,1790.4689042932102
0.01289,644,053_AlSiMg_200W_500mms_M0_G13_Test_Crossflow_Stepover0645.tif,-0.002,1.77,1.608,0.044,0.053,1767.439322978034
0.012895,644,053_AlSiMg_200W_500mms_M0_G13_Test_Crossflow_Stepover0645.tif,-0.001,1.773,1.595,0.042,0.053,1760.7544176011165
0.0129,645,053_AlSiMg_200W_500mms_M0_G13_Test_Crossflow_Stepover0646.tif,-0.002,1.784,1.577,0.042,0.052,1723.4282312422051
0.012905,645,053_AlSiMg_200W_500mms_M0_G13_Test_Crossflow_Stepover0646.tif,0.0,1.795,1.581,0.044,0.051,1716.3538570167748
0.01291,645,053_AlSiMg_200W_500mms_M0_G13_Test_Crossflow_Stepover0646.tif,0.0,1.804,1.594,0.042,0.053,1818.1687649915198
0.012915,645,053_AlSiMg_200W_500mms_M0_G13_Test_Crossflow_Stepover0646.tif,-0.002,1.808,1.594,0.042,0.051,1803.8721599477844
0.01292,646,053_AlSiMg_200W_500mms_M0_G13_Test_Crossflow_Stepover0647.tif,0.0,1.805,1.588,0.045,0.051,1722.3650767942959
0.012925,646,053_AlSiMg_200W_500mms_M0_G13_Test_Crossflow_Stepover0647.tif,0.0,1.802,1.588,0.042,0.053,1759.6912631532075
0.01293,646,053_AlSiMg_200W_500mms_M0_G13_Test_Crossflow_Stepover0647.tif,0.0,1.801,1.619,0.044,0.056,1743.7360560634613
0.012935,646,053_AlSiMg_200W_500mms_M0_G13_Test_Crossflow_Stepover0647.tif,-0.002,1.795,1.608,0.044,0.053,1663.2475149430466
0.01294,647,053_AlSiMg_200W_500mms_M0_G13_Test_Crossflow_Stepover0648.tif,0.001,1.781,1.614,0.042,0.052,1653.8280050911167
0.012945,647,053_AlSiMg_200W_500mms_M0_G13_Test_Crossflow_Stepover0648.tif,-0.001,1.77,1.63,0.044,0.054,1659.847138964932
0.01295,647,053_AlSiMg_200W_500mms_M0_G13_Test_Crossflow_Stepover0648.tif,-0.001,1.772,1.686,0.043,0.055,1622.5209526060203
0.012955,647,053_AlSiMg_200W_500mms_M0_G13_Test_Crossflow_Stepover0648.tif,0.001,1.773,1.623,0.042,0.053,1855.9090880647225
0.01296,648,053_AlSiMg_200W_500mms_M0_G13_Test_Crossflow_Stepover0649.tif,0.0,1.78,1.633,0.042,0.053,1871.9089075693041
0.012965,648,053_AlSiMg_200W_500mms_M0_G13_Test_Crossflow_Stepover0649.tif,-0.002,1.784,1.623,0.051,0.053,1864.9075920951705
0.01297,648,053_AlSiMg_200W_500mms_M0_G13_Test_Crossflow_Stepover0649.tif,0.0,1.793,1.609,0.044,0.053,1855.4880822432406
0.012975,648,053_AlSiMg_200W_500mms_M0_G13_Test_Crossflow_Stepover0649.tif,0.0,1.807,1.619,0.041,0.053,1930.9760315229134
0.01298,649,053_AlSiMg_200W_500mms_M0_G13_Test_Crossflow_Stepover0650.tif,-0.002,1.808,1.607,0.043,0.055,1720.6174773793878
0.012985,649,053_AlSiMg_200W_500mms_M0_G13_Test_Crossflow_Stepover0650.tif,-0.001,1.807,1.598,0.044,0.051,1683.2912910204764
0.01299,649,053_AlSiMg_200W_500mms_M0_G13_Test_Crossflow_Stepover0650.tif,0.0,1.807,1.664,0.044,0.053,1699.71211634654
0.012995,649,053_AlSiMg_200W_500mms_M0_G13_Test_Crossflow_Stepover0650.tif,-0.002,1.802,1.692,0.042,0.053,1709.1316261984698
0.013,650,053_AlSiMg_200W_500mms_M0_G13_Test_Crossflow_Stepover0651.tif,0.0,1.797,1.633,0.042,0.053,1640.6014139766799
0.013005,650,053_AlSiMg_200W_500mms_M0_G13_Test_Crossflow_Stepover0651.tif,0.0,1.783,1.682,0.042,0.053,1640.6014139766799
0.01301,650,053_AlSiMg_200W_500mms_M0_G13_Test_Crossflow_Stepover0651.tif,0.0,1.772,1.653,0.044,0.055,1627.7153401290102
0.013015,650,053_AlSiMg_200W_500mms_M0_G13_Test_Crossflow_Stepover0651.tif,-0.001,1.769,1.636,0.044,0.053,1665.0415264879218
0.01302,651,053_AlSiMg_200W_500mms_M0_G13_Test_Crossflow_Stepover0652.tif,0.0,1.77,1.632,0.042,0.054,1665.0415264879218
0.013025,651,053_AlSiMg_200W_500mms_M0_G13_Test_Crossflow_Stepover0652.tif,0.001,1.77,1.681,0.044,0.053,1695.4099757889503
0.01303,651,053_AlSiMg_200W_500mms_M0_G13_Test_Crossflow_Stepover0652.tif,-0.001,1.776,1.671,0.042,0.053,1648.6642795781088
0.013035,651,053_AlSiMg_200W_500mms_M0_G13_Test_Crossflow_Stepover0652.tif,0.0,1.786,1.692,0.044,0.053,1686.2818086604034
0.01304,652,053_AlSiMg_200W_500mms_M0_G13_Test_Crossflow_Stepover0653.tif,0.0,1.797,1.636,0.043,0.055,1704.2106243827718
0.013045,652,053_AlSiMg_200W_500mms_M0_G13_Test_Crossflow_Stepover0653.tif,0.001,1.802,1.643,0.045,0.055,1759.4656264640519
0.01305,652,053_AlSiMg_200W_500mms_M0_G13_Test_Crossflow_Stepover0653.tif,-0.002,1.805,1.635,0.044,0.052,1729.0971771630234
0.013055,652,053_AlSiMg_200W_500mms_M0_G13_Test_Crossflow_Stepover0653.tif,0.0,1.804,1.643,0.044,0.052,1738.5166870149537
0.01306,653,053_AlSiMg_200W_500mms_M0_G13_Test_Crossflow_Stepover0654.tif,-0.001,1.801,1.626,0.044,0.055,1685.7456745087343
0.013065,653,053_AlSiMg_200W_500mms_M0_G13_Test_Crossflow_Stepover0654.tif,0.001,1.797,1.611,0.042,0.053,1630.4906724274547
0.01307,653,053_AlSiMg_200W_500mms_M0_G13_Test_Crossflow_Stepover0654.tif,-0.001,1.787,1.611,0.041,0.054,1599.9671255807998
0.013075,653,053_AlSiMg_200W_500mms_M0_G13_Test_Crossflow_Stepover0654.tif,0.0,1.776,1.605,0.042,0.053,1614.3357553772466
0.01308,654,053_AlSiMg_200W_500mms_M0_G13_Test_Crossflow_Stepover0655.tif,0.0,1.772,1.612,0.045,0.055,1632.1846279878214
0.013085,654,053_AlSiMg_200W_500mms_M0_G13_Test_Crossflow_Stepover0655.tif,-0.001,1.772,1.614,0.044,0.054,1635.661689454315
0.01309,654,053_AlSiMg_200W_500mms_M0_G13_Test_Crossflow_Stepover0655.tif,0.0,1.775,1.611,0.043,0.053,1694.3330507200621
0.013095,654,053_AlSiMg_200W_500mms_M0_G13_Test_Crossflow_Stepover0655.tif,-0.001,1.777,1.597,0.042,0.055,1641.562038213843
0.0131,655,053_AlSiMg_200W_500mms_M0_G13_Test_Crossflow_Stepover0656.tif,0.0,1.786,1.615,0.045,0.053,1657.5618577184246
0.013105,655,053_AlSiMg_200W_500mms_M0_G13_Test_Crossflow_Stepover0656.tif,-0.002,1.798,1.623,0.041,0.054,1626.8269112601806
0.01311,655,053_AlSiMg_200W_500mms_M0_G13_Test_Crossflow_Stepover0656.tif,-0.001,1.804,1.642,0.044,0.053,1710.0607683310277
0.013115,655,053_AlSiMg_200W_500mms_M0_G13_Test_Crossflow_Stepover0656.tif,-0.002,1.805,1.651,0.042,0.054,1688.715593424192
0.01312,656,053_AlSiMg_200W_500mms_M0_G13_Test_Crossflow_Stepover0657.tif,0.0,1.808,1.63,0.045,0.053,1754.0813370546973
0.013125,656,053_AlSiMg_200W_500mms_M0_G13_Test_Crossflow_Stepover0657.tif,0.0,1.807,1.609,0.044,0.053,1754.0813370546973
0.01313,656,053_AlSiMg_200W_500mms_M0_G13_Test_Crossflow_Stepover0657.tif,0.0,1.805,1.607,0.044,0.053,1804.2935972612781
0.013135,656,053_AlSiMg_200W_500mms_M0_G13_Test_Crossflow_Stepover0657.tif,0.0,1.801,1.6,0.044,0.053,1766.9486028498607
0.01314,657,053_AlSiMg_200W_500mms_M0_G13_Test_Crossflow_Stepover0658.tif,0.0,1.788,1.597,0.044,0.053,1766.9486028498607
0.013145,657,053_AlSiMg_200W_500mms_M0_G13_Test_Crossflow_Stepover0658.tif,0.001,1.783,1.616,0.044,0.054,1736.5801535488324
0.01315,657,053_AlSiMg_200W_500mms_M0_G13_Test_Crossflow_Stepover0658.tif,0.0,1.777,1.594,0.044,0.053,1736.5801535488324
0.013155,657,053_AlSiMg_200W_500mms_M0_G13_Test_Crossflow_Stepover0658.tif,-0.002,1.779,1.612,0.044,0.055,1720.5803340442508
0.01316,658,053_AlSiMg_200W_500mms_M0_G13_Test_Crossflow_Stepover0659.tif,-0.001,1.78,1.632,0.044,0.053,1816.3958758644676
0.013165,658,053_AlSiMg_200W_500mms_M0_G13_Test_Crossflow_Stepover0659.tif,-0.002,1.783,1.609,0.044,0.054,1796.918562116131
0.01317,658,053_AlSiMg_200W_500mms_M0_G13_Test_Crossflow_Stepover0659.tif,0.0,1.794,1.609,0.05,0.056,1796.918562116131
0.013175,658,053_AlSiMg_200W_500mms_M0_G13_Test_Crossflow_Stepover0659.tif,-0.002,1.801,1.65,0.043,0.053,1759.5923757572195
0.01318,659,053_AlSiMg_200W_500mms_M0_G13_Test_Crossflow_Stepover0660.tif,-0.001,1.801,1.614,0.044,0.055,1775.592195261801
0.013185,659,053_AlSiMg_200W_500mms_M0_G13_Test_Crossflow_Stepover0660.tif,0.0,1.805,1.656,0.042,0.053,1665.4080236451373
0.01319,659,053_AlSiMg_200W_500mms_M0_G13_Test_Crossflow_Stepover0660.tif,0.0,1.801,1.637,0.044,0.053,1761.7888616451382
0.013195,659,053_AlSiMg_200W_500mms_M0_G13_Test_Crossflow_Stepover0660.tif,0.0,1.798,1.63,0.044,0.055,1761.7888616451378
0.0132,660,053_AlSiMg_200W_500mms_M0_G13_Test_Crossflow_Stepover0661.tif,-0.001,1.791,1.604,0.049,0.055,1768.746598703021
0.013205,660,053_AlSiMg_200W_500mms_M0_G13_Test_Crossflow_Stepover0661.tif,-0.001,1.779,1.577,0.044,0.055,1738.3781494019927
0.01321,660,053_AlSiMg_200W_500mms_M0_G13_Test_Crossflow_Stepover0661.tif,-0.002,1.772,1.546,0.044,0.055,1768.7465987030214
0.013215,660,053_AlSiMg_200W_500mms_M0_G13_Test_Crossflow_Stepover0661.tif,0.001,1.765,1.542,0.044,0.055,1625.9752642006517
0.01322,661,053_AlSiMg_200W_500mms_M0_G13_Test_Crossflow_Stepover0662.tif,0.0,1.766,1.538,0.044,0.053,1629.3507415365634
0.013225,661,053_AlSiMg_200W_500mms_M0_G13_Test_Crossflow_Stepover0662.tif,0.001,1.769,1.538,0.044,0.058,1601.2434450419469
0.01323,661,053_AlSiMg_200W_500mms_M0_G13_Test_Crossflow_Stepover0662.tif,-0.002,1.773,1.537,0.045,0.056,1581.3996341363945
0.013235,661,053_AlSiMg_200W_500mms_M0_G13_Test_Crossflow_Stepover0662.tif,0.0,1.786,1.531,0.043,0.056,1602.7448090432304
0.01324,662,053_AlSiMg_200W_500mms_M0_G13_Test_Crossflow_Stepover0663.tif,0.001,1.797,1.535,0.042,0.054,1675.3797535463086
0.013245,662,053_AlSiMg_200W_500mms_M0_G13_Test_Crossflow_Stepover0663.tif,-0.001,1.804,1.576,0.045,0.053,1672.0042762103974
0.01325,662,053_AlSiMg_200W_500mms_M0_G13_Test_Crossflow_Stepover0663.tif,0.0,1.809,1.551,0.046,0.055,1717.885290881756
0.013255,662,053_AlSiMg_200W_500mms_M0_G13_Test_Crossflow_Stepover0663.tif,-0.002,1.805,1.593,0.044,0.055,1712.9724247564768
0.01326,663,053_AlSiMg_200W_500mms_M0_G13_Test_Crossflow_Stepover0664.tif,0.0,1.805,1.593,0.045,0.055,1712.9724247564768
0.013265,663,053_AlSiMg_200W_500mms_M0_G13_Test_Crossflow_Stepover0664.tif,-0.002,1.801,1.574,0.044,0.057,1662.8599702713768
0.01327,663,053_AlSiMg_200W_500mms_M0_G13_Test_Crossflow_Stepover0664.tif,0.0,1.793,1.579,0.045,0.053,1683.968637125476
0.013275,663,053_AlSiMg_200W_500mms_M0_G13_Test_Crossflow_Stepover0664.tif,-0.001,1.781,1.563,0.044,0.056,1666.1949189487339
0.01328,664,053_AlSiMg_200W_500mms_M0_G13_Test_Crossflow_Stepover0665.tif,-0.001,1.775,1.602,0.046,0.056,1677.9747250478672
0.013285,664,053_AlSiMg_200W_500mms_M0_G13_Test_Crossflow_Stepover0665.tif,-0.001,1.777,1.602,0.044,0.055,1644.034819016745
0.01329,664,053_AlSiMg_200W_500mms_M0_G13_Test_Crossflow_Stepover0665.tif,0.001,1.777,1.591,0.044,0.056,1671.3803197448901
0.013295,664,053_AlSiMg_200W_500mms_M0_G13_Test_Crossflow_Stepover0665.tif,0.0,1.781,1.591,0.045,0.055,1725.4867704894982
0.0133,665,053_AlSiMg_200W_500mms_M0_G13_Test_Crossflow_Stepover0666.tif,0.0,1.79,1.553,0.044,0.054,1725.4867704894987
0.013305,665,053_AlSiMg_200W_500mms_M0_G13_Test_Crossflow_Stepover0666.tif,-0.001,1.802,1.544,0.046,0.053,1745.1484174881375
0.01331,665,053_AlSiMg_200W_500mms_M0_G13_Test_Crossflow_Stepover0666.tif,0.0,1.814,1.538,0.044,0.055,1757.7431486124235
0.013315,665,053_AlSiMg_200W_500mms_M0_G13_Test_Crossflow_Stepover0666.tif,0.0,1.812,1.558,0.046,0.057,1754.2656543686685
0.01332,666,053_AlSiMg_200W_500mms_M0_G13_Test_Crossflow_Stepover0667.tif,-0.001,1.805,1.595,0.044,0.053,1640.2545186913085
0.013325,666,053_AlSiMg_200W_500mms_M0_G13_Test_Crossflow_Stepover0667.tif,0.0,1.801,1.579,0.043,0.053,1654.6231484877549
0.01333,666,053_AlSiMg_200W_500mms_M0_G13_Test_Crossflow_Stepover0667.tif,-0.002,1.795,1.562,0.043,0.057,1640.980635362932
0.013335,666,053_AlSiMg_200W_500mms_M0_G13_Test_Crossflow_Stepover0667.tif,-0.002,1.791,1.549,0.044,0.054,1594.2349391520904
0.01334,667,053_AlSiMg_200W_500mms_M0_G13_Test_Crossflow_Stepover0668.tif,-0.001,1.776,1.598,0.042,0.053,1827.3174918869179
0.013345,667,053_AlSiMg_200W_500mms_M0_G13_Test_Crossflow_Stepover0668.tif,0.001,1.768,1.57,0.043,0.055,1866.11350996557
0.01335,667,053_AlSiMg_200W_500mms_M0_G13_Test_Crossflow_Stepover0668.tif,0.0,1.768,1.593,0.053,0.055,1866.1135099655705
0.013355,667,053_AlSiMg_200W_500mms_M0_G13_Test_Crossflow_Stepover0668.tif,0.0,1.77,1.601,0.044,0.055,1924.7848712313175
0.01336,668,053_AlSiMg_200W_500mms_M0_G13_Test_Crossflow_Stepover0669.tif,-0.002,1.775,1.614,0.044,0.054,1971.5305674421586
0.013365,668,053_AlSiMg_200W_500mms_M0_G13_Test_Crossflow_Stepover0669.tif,0.001,1.776,1.612,0.045,0.053,1767.967059263657
0.01337,668,053_AlSiMg_200W_500mms_M0_G13_Test_Crossflow_Stepover0669.tif,0.001,1.791,1.583,0.044,0.053,1767.967059263657
0.013375,668,053_AlSiMg_200W_500mms_M0_G13_Test_Crossflow_Stepover0669.tif,0.001,1.802,1.639,0.047,0.056,1805.3120536750744
0.01338,669,053_AlSiMg_200W_500mms_M0_G13_Test_Crossflow_Stepover0670.tif,-0.001,1.807,1.664,0.044,0.055,1753.59842946721
0.013385,669,053_AlSiMg_200W_500mms_M0_G13_Test_Crossflow_Stepover0670.tif,-0.002,1.805,1.681,0.045,0.053,1723.2299801661818
0.01339,669,053_AlSiMg_200W_500mms_M0_G13_Test_Crossflow_Stepover0670.tif,0.001,1.802,1.642,0.044,0.055,1682.8198000571647
0.013395,669,053_AlSiMg_200W_500mms_M0_G13_Test_Crossflow_Stepover0670.tif,-0.002,1.802,1.656,0.044,0.055,1686.195277393076
0.0134,670,053_AlSiMg_200W_500mms_M0_G13_Test_Crossflow_Stepover0671.tif,0.0,1.798,1.65,0.044,0.055,1645.3727887379034
0.013405,670,053_AlSiMg_200W_500mms_M0_G13_Test_Crossflow_Stepover0671.tif,0.001,1.788,1.651,0.045,0.056,1703.6865555518732
0.01341,670,053_AlSiMg_200W_500mms_M0_G13_Test_Crossflow_Stepover0671.tif,0.001,1.777,1.667,0.043,0.053,1721.4602737286154
0.013415,670,053_AlSiMg_200W_500mms_M0_G13_Test_Crossflow_Stepover0671.tif,0.0,1.777,1.646,0.047,0.055,1689.9400408656322
0.01342,671,053_AlSiMg_200W_500mms_M0_G13_Test_Crossflow_Stepover0672.tif,-0.001,1.776,1.686,0.045,0.055,1700.9331933261674
0.013425,671,053_AlSiMg_200W_500mms_M0_G13_Test_Crossflow_Stepover0672.tif,-0.002,1.781,1.626,0.042,0.055,1720.410507074504
0.01343,671,053_AlSiMg_200W_500mms_M0_G13_Test_Crossflow_Stepover0672.tif,-0.002,1.781,1.605,0.044,0.054,1720.4105070745045
0.013435,671,053_AlSiMg_200W_500mms_M0_G13_Test_Crossflow_Stepover0672.tif,-0.002,1.788,1.576,0.044,0.053,1702.636788897762
0.01344,672,053_AlSiMg_200W_500mms_M0_G13_Test_Crossflow_Stepover0673.tif,-0.002,1.804,1.607,0.047,0.055,1764.5254710617737
0.013445,672,053_AlSiMg_200W_500mms_M0_G13_Test_Crossflow_Stepover0673.tif,0.001,1.805,1.639,0.044,0.055,1780.5252905663554
0.01345,672,053_AlSiMg_200W_500mms_M0_G13_Test_Crossflow_Stepover0673.tif,-0.002,1.804,1.656,0.044,0.053,1750.1568412653269
0.013455,672,053_AlSiMg_200W_500mms_M0_G13_Test_Crossflow_Stepover0673.tif,-0.001,1.802,1.647,0.044,0.053,1691.843074451357
0.01346,673,053_AlSiMg_200W_500mms_M0_G13_Test_Crossflow_Stepover0674.tif,0.0,1.8,1.637,0.044,0.055,1684.8853373934744
0.013465,673,053_AlSiMg_200W_500mms_M0_G13_Test_Crossflow_Stepover0674.tif,-0.001,1.798,1.65,0.044,0.055,1647.5591510345628
0.01347,673,053_AlSiMg_200W_500mms_M0_G13_Test_Crossflow_Stepover0674.tif,-0.002,1.79,1.649,0.042,0.053,1610.2329646756514
0.013475,673,053_AlSiMg_200W_500mms_M0_G13_Test_Crossflow_Stepover0674.tif,0.0,1.776,1.6,0.042,0.053,1640.6014139766799
0.01348,674,053_AlSiMg_200W_500mms_M0_G13_Test_Crossflow_Stepover0675.tif,0.001,1.775,1.597,0.042,0.053,1663.8954890522778
0.013485,674,053_AlSiMg_200W_500mms_M0_G13_Test_Crossflow_Stepover0675.tif,0.0,1.775,1.602,0.044,0.053,1670.8532261101604
0.01349,674,053_AlSiMg_200W_500mms_M0_G13_Test_Crossflow_Stepover0675.tif,-0.002,1.775,1.581,0.042,0.051,1677.810963168044
0.013495,674,053_AlSiMg_200W_500mms_M0_G13_Test_Crossflow_Stepover0675.tif,-0.001,1.776,1.594,0.044,0.055,1684.7687002259268
0.0135,675,053_AlSiMg_200W_500mms_M0_G13_Test_Crossflow_Stepover0676.tif,-0.001,1.781,1.595,0.044,0.055,1706.1138751327628
0.013505,675,053_AlSiMg_200W_500mms_M0_G13_Test_Crossflow_Stepover0676.tif,0.001,1.795,1.63,0.044,0.055,1754.7336858700214
0.01351,675,053_AlSiMg_200W_500mms_M0_G13_Test_Crossflow_Stepover0676.tif,-0.002,1.8,1.671,0.045,0.053,1769.1023156664683
0.013515,675,053_AlSiMg_200W_500mms_M0_G13_Test_Crossflow_Stepover0676.tif,-0.001,1.801,1.639,0.045,0.052,1776.4411836523207
0.01352,676,053_AlSiMg_200W_500mms_M0_G13_Test_Crossflow_Stepover0677.tif,-0.002,1.8,1.598,0.044,0.054,1806.8096329533491
0.013525,676,053_AlSiMg_200W_500mms_M0_G13_Test_Crossflow_Stepover0677.tif,-0.002,1.795,1.602,0.042,0.052,1748.138271687602
0.01353,676,053_AlSiMg_200W_500mms_M0_G13_Test_Crossflow_Stepover0677.tif,-0.002,1.793,1.622,0.044,0.053,1703.095359597041
0.013535,676,053_AlSiMg_200W_500mms_M0_G13_Test_Crossflow_Stepover0677.tif,0.0,1.791,1.594,0.042,0.053,1737.0239948239912
0.01354,677,053_AlSiMg_200W_500mms_M0_G13_Test_Crossflow_Stepover0678.tif,0.001,1.776,1.583,0.043,0.052,1722.7273897802559
0.013545,677,053_AlSiMg_200W_500mms_M0_G13_Test_Crossflow_Stepover0678.tif,0.0,1.772,1.56,0.044,0.052,1685.4012034213442
0.01355,677,053_AlSiMg_200W_500mms_M0_G13_Test_Crossflow_Stepover0678.tif,-0.002,1.77,1.556,0.042,0.053,1722.7273897802559
0.013555,677,053_AlSiMg_200W_500mms_M0_G13_Test_Crossflow_Stepover0678.tif,-0.002,1.77,1.574,0.042,0.053,1676.012605152407
0.01356,678,053_AlSiMg_200W_500mms_M0_G13_Test_Crossflow_Stepover0679.tif,0.0,1.773,1.556,0.044,0.053,1596.1951072660272
0.013565,678,053_AlSiMg_200W_500mms_M0_G13_Test_Crossflow_Stepover0679.tif,0.001,1.78,1.591,0.042,0.054,1633.5212936249386
0.01357,678,053_AlSiMg_200W_500mms_M0_G13_Test_Crossflow_Stepover0679.tif,-0.002,1.791,1.609,0.042,0.055,1608.9587978198383
0.013575,678,053_AlSiMg_200W_500mms_M0_G13_Test_Crossflow_Stepover0679.tif,-0.001,1.802,1.724,0.044,0.053,1647.1205607406002
0.01358,679,053_AlSiMg_200W_500mms_M0_G13_Test_Crossflow_Stepover0680.tif,-0.002,1.802,1.651,0.042,0.055,1674.303239632005
0.013585,679,053_AlSiMg_200W_500mms_M0_G13_Test_Crossflow_Stepover0680.tif,0.001,1.807,1.636,0.044,0.051,1716.7146080476796
0.01359,679,053_AlSiMg_200W_500mms_M0_G13_Test_Crossflow_Stepover0680.tif,-0.002,1.802,1.598,0.042,0.052,1693.6850267325037
0.013595,679,053_AlSiMg_200W_500mms_M0_G13_Test_Crossflow_Stepover0680.tif,-0.002,1.798,1.597,0.043,0.053,1718.2475225376038
0.0136,680,053_AlSiMg_200W_500mms_M0_G13_Test_Crossflow_Stepover0681.tif,-0.002,1.797,1.605,0.042,0.052,1642.7595732579307
0.013605,680,053_AlSiMg_200W_500mms_M0_G13_Test_Crossflow_Stepover0681.tif,0.0,1.781,1.615,0.042,0.053,1658.7147803476764
0.01361,680,053_AlSiMg_200W_500mms_M0_G13_Test_Crossflow_Stepover0681.tif,-0.001,1.773,1.607,0.042,0.053,1647.8236447949846
0.013615,680,053_AlSiMg_200W_500mms_M0_G13_Test_Crossflow_Stepover0681.tif,0.001,1.772,1.611,0.042,0.051,1670.853226110161
0.01362,681,053_AlSiMg_200W_500mms_M0_G13_Test_Crossflow_Stepover0682.tif,-0.002,1.772,1.611,0.044,0.055,1670.853226110161
0.013625,681,053_AlSiMg_200W_500mms_M0_G13_Test_Crossflow_Stepover0682.tif,0.0,1.775,1.632,0.044,0.053,1646.2907303050604
0.01363,681,053_AlSiMg_200W_500mms_M0_G13_Test_Crossflow_Stepover0682.tif,0.0,1.777,1.615,0.042,0.053,1671.2939202528596
0.013635,681,053_AlSiMg_200W_500mms_M0_G13_Test_Crossflow_Stepover0682.tif,-0.001,1.791,1.588,0.042,0.055,1689.0676384296016
0.01364,682,053_AlSiMg_200W_500mms_M0_G13_Test_Crossflow_Stepover0683.tif,0.001,1.808,1.64,0.044,0.052,1638.855378223021
0.013645,682,053_AlSiMg_200W_500mms_M0_G13_Test_Crossflow_Stepover0683.tif,-0.002,1.809,1.623,0.045,0.055,1625.9693043753516
0.01365,682,053_AlSiMg_200W_500mms_M0_G13_Test_Crossflow_Stepover0683.tif,-0.002,1.814,1.595,0.042,0.054,1646.945192893792
0.013655,682,053_AlSiMg_200W_500mms_M0_G13_Test_Crossflow_Stepover0683.tif,0.0,1.811,1.593,0.042,0.054,1629.0163771714233
0.01366,683,053_AlSiMg_200W_500mms_M0_G13_Test_Crossflow_Stepover0684.tif,0.0,1.802,1.577,0.041,0.052,1629.016377171423
0.013665,683,053_AlSiMg_200W_500mms_M0_G13_Test_Crossflow_Stepover0684.tif,-0.002,1.797,1.601,0.044,0.053,1672.1542631525735
0.01367,683,053_AlSiMg_200W_500mms_M0_G13_Test_Crossflow_Stepover0684.tif,0.001,1.79,1.583,0.045,0.055,1722.3665233591541
0.013675,683,053_AlSiMg_200W_500mms_M0_G13_Test_Crossflow_Stepover0684.tif,-0.001,1.773,1.609,0.042,0.051,1804.8247535165544
0.01368,684,053_AlSiMg_200W_500mms_M0_G13_Test_Crossflow_Stepover0685.tif,-0.002,1.766,1.594,0.044,0.053,1804.8247535165544
0.013685,684,053_AlSiMg_200W_500mms_M0_G13_Test_Crossflow_Stepover0685.tif,0.0,1.769,1.581,0.045,0.052,1817.4194846408404
0.01369,684,053_AlSiMg_200W_500mms_M0_G13_Test_Crossflow_Stepover0685.tif,0.001,1.766,1.604,0.044,0.053,1790.6817139007824
0.013695,684,053_AlSiMg_200W_500mms_M0_G13_Test_Crossflow_Stepover0685.tif,-0.001,1.77,1.601,0.044,0.053,1760.313264599754
0.0137,685,053_AlSiMg_200W_500mms_M0_G13_Test_Crossflow_Stepover0686.tif,0.001,1.777,1.579,0.043,0.054,1733.199046483709
0.013705,685,053_AlSiMg_200W_500mms_M0_G13_Test_Crossflow_Stepover0686.tif,-0.001,1.791,1.586,0.044,0.055,1771.3608094044707
0.01371,685,053_AlSiMg_200W_500mms_M0_G13_Test_Crossflow_Stepover0686.tif,0.0,1.795,1.614,0.043,0.051,1789.2896251268394
0.013715,685,053_AlSiMg_200W_500mms_M0_G13_Test_Crossflow_Stepover0686.tif,0.001,1.797,1.579,0.044,0.051,1841.0305858146967
0.01372,686,053_AlSiMg_200W_500mms_M0_G13_Test_Crossflow_Stepover0687.tif,0.0,1.797,1.601,0.044,0.052,1837.5868901502363
0.013725,686,053_AlSiMg_200W_500mms_M0_G13_Test_Crossflow_Stepover0687.tif,0.0,1.798,1.58,0.044,0.052,1776.409975543611
0.01373,686,053_AlSiMg_200W_500mms_M0_G13_Test_Crossflow_Stepover0687.tif,0.0,1.797,1.542,0.043,0.054,1688.0359524162686
0.013735,686,053_AlSiMg_200W_500mms_M0_G13_Test_Crossflow_Stepover0687.tif,0.0,1.79,1.546,0.043,0.055,1647.0775553787237
0.01374,687,053_AlSiMg_200W_500mms_M0_G13_Test_Crossflow_Stepover0688.tif,0.0,1.779,1.565,0.042,0.054,1609.6714259080186
0.013745,687,053_AlSiMg_200W_500mms_M0_G13_Test_Crossflow_Stepover0688.tif,-0.001,1.768,1.584,0.042,0.052,1627.4837513689258
0.01375,687,053_AlSiMg_200W_500mms_M0_G13_Test_Crossflow_Stepover0688.tif,0.001,1.772,1.558,0.043,0.053,1634.220233863511
0.013755,687,053_AlSiMg_200W_500mms_M0_G13_Test_Crossflow_Stepover0688.tif,0.001,1.773,1.558,0.044,0.054,1637.6867978592502
0.01376,688,053_AlSiMg_200W_500mms_M0_G13_Test_Crossflow_Stepover0689.tif,0.0,1.776,1.558,0.045,0.057,1675.14759757021
0.013765,688,053_AlSiMg_200W_500mms_M0_G13_Test_Crossflow_Stepover0689.tif,0.0,1.781,1.583,0.043,0.055,1628.7571010678416
0.01377,688,053_AlSiMg_200W_500mms_M0_G13_Test_Crossflow_Stepover0689.tif,-0.002,1.793,1.576,0.043,0.051,1644.7569205724235
0.013775,688,053_AlSiMg_200W_500mms_M0_G13_Test_Crossflow_Stepover0689.tif,0.001,1.805,1.622,0.044,0.058,1674.0326705624618
0.01378,689,053_AlSiMg_200W_500mms_M0_G13_Test_Crossflow_Stepover0690.tif,0.0,1.807,1.609,0.044,0.053,1710.0449030470857
0.013785,689,053_AlSiMg_200W_500mms_M0_G13_Test_Crossflow_Stepover0690.tif,-0.002,1.804,1.614,0.041,0.05,1658.2874982923906
0.01379,689,053_AlSiMg_200W_500mms_M0_G13_Test_Crossflow_Stepover0690.tif,-0.001,1.805,1.619,0.041,0.05,1724.1553085430962
0.013795,689,053_AlSiMg_200W_500mms_M0_G13_Test_Crossflow_Stepover0690.tif,-0.002,1.802,1.667,0.042,0.053,1683.2425148975246
0.0138,690,053_AlSiMg_200W_500mms_M0_G13_Test_Crossflow_Stepover0691.tif,-0.002,1.8,1.719,0.044,0.053,1640.228966938767
0.013805,690,053_AlSiMg_200W_500mms_M0_G13_Test_Crossflow_Stepover0691.tif,0.001,1.788,1.622,0.041,0.052,1627.9328493498083
0.01381,690,053_AlSiMg_200W_500mms_M0_G13_Test_Crossflow_Stepover0691.tif,-0.001,1.779,1.584,0.041,0.053,1679.6902541045033
0.013815,690,053_AlSiMg_200W_500mms_M0_G13_Test_Crossflow_Stepover0691.tif,0.001,1.772,1.581,0.042,0.052,1656.6606727893275
0.01382,691,053_AlSiMg_200W_500mms_M0_G13_Test_Crossflow_Stepover0692.tif,-0.001,1.773,1.601,0.043,0.051,1674.5438851197227
0.013825,691,053_AlSiMg_200W_500mms_M0_G13_Test_Crossflow_Stepover0692.tif,-0.001,1.776,1.563,0.042,0.052,1690.9647104457865
0.01383,691,053_AlSiMg_200W_500mms_M0_G13_Test_Crossflow_Stepover0692.tif,0.0,1.776,1.563,0.042,0.052,1713.9942917609624
0.013835,691,053_AlSiMg_200W_500mms_M0_G13_Test_Crossflow_Stepover0692.tif,-0.002,1.787,1.598,0.042,0.053,1662.2368870062674
0.01384,692,053_AlSiMg_200W_500mms_M0_G13_Test_Crossflow_Stepover0693.tif,-0.002,1.794,1.593,0.044,0.053,1647.940281962532
0.013845,692,053_AlSiMg_200W_500mms_M0_G13_Test_Crossflow_Stepover0693.tif,0.001,1.801,1.633,0.042,0.053,1663.8954890522778
0.01385,692,053_AlSiMg_200W_500mms_M0_G13_Test_Crossflow_Stepover0693.tif,0.0,1.8,1.612,0.042,0.053,1681.7443616628523
0.013855,692,053_AlSiMg_200W_500mms_M0_G13_Test_Crossflow_Stepover0693.tif,0.0,1.797,1.632,0.042,0.051,1696.1755800586361
0.01386,693,053_AlSiMg_200W_500mms_M0_G13_Test_Crossflow_Stepover0694.tif,0.0,1.794,1.598,0.043,0.053,1733.5017664175477
0.013865,693,053_AlSiMg_200W_500mms_M0_G13_Test_Crossflow_Stepover0694.tif,0.0,1.793,1.588,0.043,0.051,1717.0809410914837
0.01387,693,053_AlSiMg_200W_500mms_M0_G13_Test_Crossflow_Stepover0694.tif,-0.001,1.78,1.572,0.044,0.053,1655.246501581361
0.013875,693,053_AlSiMg_200W_500mms_M0_G13_Test_Crossflow_Stepover0694.tif,0.0,1.769,1.607,0.041,0.053,1667.6494411042672
0.01388,694,053_AlSiMg_200W_500mms_M0_G13_Test_Crossflow_Stepover0695.tif,0.0,1.763,1.58,0.04,0.053,1633.7409089601467
0.013885,694,053_AlSiMg_200W_500mms_M0_G13_Test_Crossflow_Stepover0695.tif,0.0,1.768,1.553,0.042,0.051,1596.4147226012353
0.01389,694,053_AlSiMg_200W_500mms_M0_G13_Test_Crossflow_Stepover0695.tif,0.0,1.775,1.548,0.043,0.053,1599.9494740796297
0.013895,694,053_AlSiMg_200W_500mms_M0_G13_Test_Crossflow_Stepover0695.tif,0.0,1.779,1.541,0.042,0.053,1683.2895062109667
0.0139,695,053_AlSiMg_200W_500mms_M0_G13_Test_Crossflow_Stepover0696.tif,-0.001,1.781,1.583,0.042,0.054,1659.9954311353686
0.013905,695,053_AlSiMg_200W_500mms_M0_G13_Test_Crossflow_Stepover0696.tif,0.0,1.797,1.572,0.043,0.051,1649.1042955826772
0.01391,695,053_AlSiMg_200W_500mms_M0_G13_Test_Crossflow_Stepover0696.tif,-0.001,1.802,1.577,0.044,0.055,1724.5922448623503
0.013915,695,053_AlSiMg_200W_500mms_M0_G13_Test_Crossflow_Stepover0696.tif,0.0,1.805,1.581,0.044,0.055,1728.0588088580894
0.01392,696,053_AlSiMg_200W_500mms_M0_G13_Test_Crossflow_Stepover0697.tif,0.0,1.802,1.66,0.044,0.051,1690.5980091471295
0.013925,696,053_AlSiMg_200W_500mms_M0_G13_Test_Crossflow_Stepover0697.tif,0.0,1.804,1.588,0.043,0.055,1683.6402720892468
0.01393,696,053_AlSiMg_200W_500mms_M0_G13_Test_Crossflow_Stepover0697.tif,-0.001,1.802,1.595,0.042,0.052,1714.0087213902748
0.013935,696,053_AlSiMg_200W_500mms_M0_G13_Test_Crossflow_Stepover0697.tif,0.001,1.797,1.563,0.042,0.053,1610.481214839008
0.01394,697,053_AlSiMg_200W_500mms_M0_G13_Test_Crossflow_Stepover0698.tif,-0.001,1.784,1.553,0.044,0.053,1657.2269110498498
0.013945,697,053_AlSiMg_200W_500mms_M0_G13_Test_Crossflow_Stepover0698.tif,0.0,1.777,1.56,0.041,0.054,1694.6877107608095
0.01395,697,053_AlSiMg_200W_500mms_M0_G13_Test_Crossflow_Stepover0698.tif,0.001,1.776,1.549,0.044,0.053,1701.6454478186927
0.013955,697,053_AlSiMg_200W_500mms_M0_G13_Test_Crossflow_Stepover0698.tif,0.001,1.776,1.555,0.043,0.051,1651.4331876121119
0.01396,698,053_AlSiMg_200W_500mms_M0_G13_Test_Crossflow_Stepover0699.tif,0.001,1.776,1.558,0.044,0.055,1679.4727448837057
0.013965,698,053_AlSiMg_200W_500mms_M0_G13_Test_Crossflow_Stepover0699.tif,-0.002,1.78,1.657,0.042,0.054,1679.4727448837052
0.01397,698,053_AlSiMg_200W_500mms_M0_G13_Test_Crossflow_Stepover0699.tif,0.0,1.794,1.654,0.042,0.053,1638.3824295112304
0.013975,698,053_AlSiMg_200W_500mms_M0_G13_Test_Crossflow_Stepover0699.tif,-0.002,1.8,1.626,0.044,0.053,1649.273565063922
0.01398,699,053_AlSiMg_200W_500mms_M0_G13_Test_Crossflow_Stepover0700.tif,-0.002,1.802,1.602,0.041,0.051,1717.4146409928712
0.013985,699,053_AlSiMg_200W_500mms_M0_G13_Test_Crossflow_Stepover0700.tif,0.0,1.802,1.595,0.043,0.053,1717.4146409928715
0.01399,699,053_AlSiMg_200W_500mms_M0_G13_Test_Crossflow_Stepover0700.tif,0.001,1.795,1.579,0.044,0.052,1687.046191691843
0.013995,699,053_AlSiMg_200W_500mms_M0_G13_Test_Crossflow_Stepover0700.tif,0.0,1.798,1.58,0.042,0.053,1717.1259837512966
0.014,700,053_AlSiMg_200W_500mms_M0_G13_Test_Crossflow_Stepover0701.tif,-0.001,1.79,1.583,0.044,0.055,1736.6032974996335
0.014005,700,053_AlSiMg_200W_500mms_M0_G13_Test_Crossflow_Stepover0701.tif,0.0,1.781,1.57,0.045,0.054,1688.3060324762362
0.01401,700,053_AlSiMg_200W_500mms_M0_G13_Test_Crossflow_Stepover0701.tif,-0.002,1.772,1.579,0.044,0.053,1695.2637695341193
0.014015,700,053_AlSiMg_200W_500mms_M0_G13_Test_Crossflow_Stepover0701.tif,-0.001,1.768,1.56,0.044,0.055,1649.6966009401244
