time,xrayimage_id,xrayimage_name,trg,power,TED,TEP_low,TEP_high,TEP
0.0,0,074_AlSiMg_200W_500mms_M0_G13_Test_Crossflow_StepoverAlt0001.tif,4.652,1.798,1.622,0.047,0.062,1905.701483257434
5e-06,0,074_AlSiMg_200W_500mms_M0_G13_Test_Crossflow_StepoverAlt0001.tif,4.89,1.783,1.608,0.046,0.055,1922.3342463661215
1e-05,0,074_AlSiMg_200W_500mms_M0_G13_Test_Crossflow_StepoverAlt0001.tif,0.235,1.777,1.586,0.046,0.051,1885.207091148958
1.5e-05,0,074_AlSiMg_200W_500mms_M0_G13_Test_Crossflow_StepoverAlt0001.tif,-0.002,1.77,1.572,0.048,0.054,2002.7247438540785
2e-05,1,074_AlSiMg_200W_500mms_M0_G13_Test_Crossflow_StepoverAlt0002.tif,0.0,1.773,1.576,0.047,0.057,1972.2739363676174
2.5e-05,1,074_AlSiMg_200W_500mms_M0_G13_Test_Crossflow_StepoverAlt0002.tif,-0.002,1.775,1.608,0.048,0.055,1932.6881169727185
3e-05,1,074_AlSiMg_200W_500mms_M0_G13_Test_Crossflow_StepoverAlt0002.tif,-0.001,1.777,1.632,0.046,0.057,1868.8122069130259
3.5e-05,1,074_AlSiMg_200W_500mms_M0_G13_Test_Crossflow_StepoverAlt0002.tif,0.0,1.788,1.635,0.049,0.056,1891.189539755985
4e-05,2,074_AlSiMg_200W_500mms_M0_G13_Test_Crossflow_StepoverAlt0003.tif,-0.001,1.801,1.618,0.047,0.056,1894.2608214720196
4.5e-05,2,074_AlSiMg_200W_500mms_M0_G13_Test_Crossflow_StepoverAlt0003.tif,0.0,1.807,1.607,0.049,0.058,1900.6886316490077
5e-05,2,074_AlSiMg_200W_500mms_M0_G13_Test_Crossflow_StepoverAlt0003.tif,-0.001,1.805,1.621,0.049,0.056,1883.7063238841906
5.5e-05,2,074_AlSiMg_200W_500mms_M0_G13_Test_Crossflow_StepoverAlt0003.tif,-0.001,1.807,1.672,0.048,0.059,1893.121649491469
6e-05,3,074_AlSiMg_200W_500mms_M0_G13_Test_Crossflow_StepoverAlt0004.tif,-0.002,1.805,1.651,0.05,0.058,1868.6730826716644
6.5e-05,3,074_AlSiMg_200W_500mms_M0_G13_Test_Crossflow_StepoverAlt0004.tif,-0.001,1.801,1.685,0.05,0.059,1817.8088718908955
7e-05,3,074_AlSiMg_200W_500mms_M0_G13_Test_Crossflow_StepoverAlt0004.tif,0.0,1.791,1.639,0.051,0.062,1832.2730220124517
7.5e-05,3,074_AlSiMg_200W_500mms_M0_G13_Test_Crossflow_StepoverAlt0004.tif,-0.001,1.781,1.688,0.05,0.06,1838.1765911640846
8e-05,4,074_AlSiMg_200W_500mms_M0_G13_Test_Crossflow_StepoverAlt0005.tif,0.0,1.773,1.742,0.048,0.058,1838.1765911640846
8.5e-05,4,074_AlSiMg_200W_500mms_M0_G13_Test_Crossflow_StepoverAlt0005.tif,0.0,1.773,1.705,0.052,0.06,1883.5432262659895
9e-05,4,074_AlSiMg_200W_500mms_M0_G13_Test_Crossflow_StepoverAlt0005.tif,0.001,1.78,1.705,0.05,0.059,1703.5328467123388
9.5e-05,4,074_AlSiMg_200W_500mms_M0_G13_Test_Crossflow_StepoverAlt0005.tif,-0.001,1.781,1.696,0.05,0.058,1709.7452547306443
0.0001,5,074_AlSiMg_200W_500mms_M0_G13_Test_Crossflow_StepoverAlt0006.tif,-0.001,1.79,1.706,0.068,0.055,1726.7550914322783
0.000105,5,074_AlSiMg_200W_500mms_M0_G13_Test_Crossflow_StepoverAlt0006.tif,0.0,1.805,1.699,0.05,0.06,1767.514038968992
0.00011,5,074_AlSiMg_200W_500mms_M0_G13_Test_Crossflow_StepoverAlt0006.tif,0.0,1.816,1.72,0.051,0.058,1790.4274448222582
0.000115,5,074_AlSiMg_200W_500mms_M0_G13_Test_Crossflow_StepoverAlt0006.tif,0.001,1.819,1.707,0.051,0.058,1983.401659109761
0.00012,6,074_AlSiMg_200W_500mms_M0_G13_Test_Crossflow_StepoverAlt0007.tif,-0.001,1.816,1.677,0.051,0.058,1999.4380204422657
0.000125,6,074_AlSiMg_200W_500mms_M0_G13_Test_Crossflow_StepoverAlt0007.tif,-0.002,1.808,1.656,0.049,0.058,1925.088346848484
0.00013,6,074_AlSiMg_200W_500mms_M0_G13_Test_Crossflow_StepoverAlt0007.tif,0.001,1.804,1.633,0.05,0.059,1881.2568727131177
0.000135,6,074_AlSiMg_200W_500mms_M0_G13_Test_Crossflow_StepoverAlt0007.tif,0.0,1.798,1.674,0.049,0.06,1827.4766309904742
0.00014,7,074_AlSiMg_200W_500mms_M0_G13_Test_Crossflow_StepoverAlt0008.tif,-0.002,1.78,1.646,0.049,0.058,1851.378486642919
0.000145,7,074_AlSiMg_200W_500mms_M0_G13_Test_Crossflow_StepoverAlt0008.tif,0.001,1.768,1.619,0.051,0.061,1942.67171409904
0.00015,7,074_AlSiMg_200W_500mms_M0_G13_Test_Crossflow_StepoverAlt0008.tif,-0.002,1.766,1.667,0.051,0.059,1957.1508658139442
0.000155,7,074_AlSiMg_200W_500mms_M0_G13_Test_Crossflow_StepoverAlt0008.tif,0.0,1.77,1.651,0.052,0.057,1963.2327351350966
0.00016,8,074_AlSiMg_200W_500mms_M0_G13_Test_Crossflow_StepoverAlt0009.tif,-0.001,1.766,1.623,0.049,0.059,1991.049638770579
0.000165,8,074_AlSiMg_200W_500mms_M0_G13_Test_Crossflow_StepoverAlt0009.tif,0.0,1.776,1.605,0.051,0.06,1951.108735374623
0.00017,8,074_AlSiMg_200W_500mms_M0_G13_Test_Crossflow_StepoverAlt0009.tif,0.0,1.784,1.668,0.049,0.057,1826.2247818614337
0.000175,8,074_AlSiMg_200W_500mms_M0_G13_Test_Crossflow_StepoverAlt0009.tif,0.0,1.801,1.664,0.049,0.059,1795.5108504873024
0.00018,9,074_AlSiMg_200W_500mms_M0_G13_Test_Crossflow_StepoverAlt0010.tif,-0.003,1.802,1.622,0.049,0.06,1758.9107817077343
0.000185,9,074_AlSiMg_200W_500mms_M0_G13_Test_Crossflow_StepoverAlt0010.tif,0.001,1.801,1.615,0.048,0.06,1691.1356023915846
0.00019,9,074_AlSiMg_200W_500mms_M0_G13_Test_Crossflow_StepoverAlt0010.tif,-0.001,1.804,1.587,0.049,0.06,1691.1356023915846
0.000195,9,074_AlSiMg_200W_500mms_M0_G13_Test_Crossflow_StepoverAlt0010.tif,-0.002,1.798,1.6,0.047,0.059,1705.6147541064893
0.0002,10,074_AlSiMg_200W_500mms_M0_G13_Test_Crossflow_StepoverAlt0011.tif,0.001,1.794,1.601,0.049,0.059,1721.8495337657164
0.000205,10,074_AlSiMg_200W_500mms_M0_G13_Test_Crossflow_StepoverAlt0011.tif,-0.002,1.783,1.623,0.049,0.059,1739.40389849028
0.00021,10,074_AlSiMg_200W_500mms_M0_G13_Test_Crossflow_StepoverAlt0011.tif,0.001,1.779,1.64,0.049,0.06,1792.3834683568766
0.000215,10,074_AlSiMg_200W_500mms_M0_G13_Test_Crossflow_StepoverAlt0011.tif,0.001,1.775,1.607,0.05,0.06,1814.50438542154
0.00022,11,074_AlSiMg_200W_500mms_M0_G13_Test_Crossflow_StepoverAlt0012.tif,0.001,1.773,1.622,0.05,0.059,1800.0252337066358
0.000225,11,074_AlSiMg_200W_500mms_M0_G13_Test_Crossflow_StepoverAlt0012.tif,0.0,1.779,1.615,0.051,0.06,1820.594665577774
0.00023,11,074_AlSiMg_200W_500mms_M0_G13_Test_Crossflow_StepoverAlt0012.tif,0.0,1.781,1.636,0.049,0.06,1777.9256965038462
0.000235,11,074_AlSiMg_200W_500mms_M0_G13_Test_Crossflow_StepoverAlt0012.tif,-0.002,1.793,1.622,0.051,0.061,1792.7213059533992
0.00024,12,074_AlSiMg_200W_500mms_M0_G13_Test_Crossflow_StepoverAlt0013.tif,0.0,1.805,1.766,0.049,0.062,1789.7119632308993
0.000245,12,074_AlSiMg_200W_500mms_M0_G13_Test_Crossflow_StepoverAlt0013.tif,0.001,1.812,1.768,0.049,0.057,1826.3120320104674
0.00025,12,074_AlSiMg_200W_500mms_M0_G13_Test_Crossflow_StepoverAlt0013.tif,-0.002,1.812,1.73,0.05,0.059,1842.3426689188964
0.000255,12,074_AlSiMg_200W_500mms_M0_G13_Test_Crossflow_StepoverAlt0013.tif,0.0,1.807,1.703,0.051,0.06,1907.0054431428605
0.00026,13,074_AlSiMg_200W_500mms_M0_G13_Test_Crossflow_StepoverAlt0014.tif,0.0,1.807,1.672,0.051,0.06,1861.6824943039214
0.000265,13,074_AlSiMg_200W_500mms_M0_G13_Test_Crossflow_StepoverAlt0014.tif,0.001,1.802,1.693,0.052,0.061,1848.6612001179917
0.00027,13,074_AlSiMg_200W_500mms_M0_G13_Test_Crossflow_StepoverAlt0014.tif,-0.002,1.793,1.7,0.05,0.061,1848.6612001179917
0.000275,13,074_AlSiMg_200W_500mms_M0_G13_Test_Crossflow_StepoverAlt0014.tif,-0.001,1.78,1.681,0.051,0.061,1892.0758187356328
0.00028,14,074_AlSiMg_200W_500mms_M0_G13_Test_Crossflow_StepoverAlt0015.tif,-0.001,1.773,1.657,0.051,0.06,1889.1277176406013
0.000285,14,074_AlSiMg_200W_500mms_M0_G13_Test_Crossflow_StepoverAlt0015.tif,-0.002,1.775,1.681,0.053,0.06,1919.6550570299878
0.00029,14,074_AlSiMg_200W_500mms_M0_G13_Test_Crossflow_StepoverAlt0015.tif,-0.002,1.776,1.727,0.051,0.06,1929.6038246172648
0.000295,14,074_AlSiMg_200W_500mms_M0_G13_Test_Crossflow_StepoverAlt0015.tif,0.0,1.779,1.721,0.05,0.059,1879.8657189634275
0.0003,15,074_AlSiMg_200W_500mms_M0_G13_Test_Crossflow_StepoverAlt0016.tif,0.001,1.781,1.723,0.049,0.058,1830.369231024634
0.000305,15,074_AlSiMg_200W_500mms_M0_G13_Test_Crossflow_StepoverAlt0016.tif,0.0,1.797,1.681,0.049,0.061,1811.3235269696295
0.00031,15,074_AlSiMg_200W_500mms_M0_G13_Test_Crossflow_StepoverAlt0016.tif,0.001,1.809,1.647,0.049,0.058,1852.0824745063433
0.000315,15,074_AlSiMg_200W_500mms_M0_G13_Test_Crossflow_StepoverAlt0016.tif,0.001,1.809,1.632,0.05,0.06,1852.0824745063433
0.00032,16,074_AlSiMg_200W_500mms_M0_G13_Test_Crossflow_StepoverAlt0017.tif,0.0,1.814,1.616,0.051,0.058,1865.2205113806128
0.000325,16,074_AlSiMg_200W_500mms_M0_G13_Test_Crossflow_StepoverAlt0017.tif,0.0,1.808,1.639,0.049,0.058,1868.2930379792656
0.00033,16,074_AlSiMg_200W_500mms_M0_G13_Test_Crossflow_StepoverAlt0017.tif,-0.001,1.802,1.612,0.049,0.06,1871.3081051258407
0.000335,16,074_AlSiMg_200W_500mms_M0_G13_Test_Crossflow_StepoverAlt0017.tif,-0.001,1.794,1.616,0.05,0.059,1817.5278634031972
0.00034,17,074_AlSiMg_200W_500mms_M0_G13_Test_Crossflow_StepoverAlt0018.tif,-0.002,1.784,1.642,0.051,0.061,1790.0730506124632
0.000345,17,074_AlSiMg_200W_500mms_M0_G13_Test_Crossflow_StepoverAlt0018.tif,-0.001,1.773,1.619,0.051,0.061,1826.6731193920314
0.00035,17,074_AlSiMg_200W_500mms_M0_G13_Test_Crossflow_StepoverAlt0018.tif,-0.002,1.77,1.626,0.05,0.061,1810.6367580595263
0.000355,17,074_AlSiMg_200W_500mms_M0_G13_Test_Crossflow_StepoverAlt0018.tif,-0.001,1.772,1.651,0.051,0.06,1810.6367580595263
0.00036,18,074_AlSiMg_200W_500mms_M0_G13_Test_Crossflow_StepoverAlt0019.tif,0.0,1.775,1.629,0.05,0.06,1826.6673949679557
0.000365,18,074_AlSiMg_200W_500mms_M0_G13_Test_Crossflow_StepoverAlt0019.tif,0.0,1.779,1.635,0.051,0.061,1863.1521781748736
0.00037,18,074_AlSiMg_200W_500mms_M0_G13_Test_Crossflow_StepoverAlt0019.tif,0.001,1.793,1.647,0.051,0.06,1863.1521781748736
0.000375,18,074_AlSiMg_200W_500mms_M0_G13_Test_Crossflow_StepoverAlt0019.tif,0.001,1.801,1.628,0.052,0.061,1820.4832091009455
0.00038,19,074_AlSiMg_200W_500mms_M0_G13_Test_Crossflow_StepoverAlt0020.tif,0.0,1.808,1.628,0.051,0.06,1836.5138460093744
0.000385,19,074_AlSiMg_200W_500mms_M0_G13_Test_Crossflow_StepoverAlt0020.tif,0.0,1.805,1.625,0.049,0.062,1817.4681419543704
0.00039,19,074_AlSiMg_200W_500mms_M0_G13_Test_Crossflow_StepoverAlt0020.tif,0.001,1.798,1.668,0.051,0.06,1780.983358747452
0.000395,19,074_AlSiMg_200W_500mms_M0_G13_Test_Crossflow_StepoverAlt0020.tif,0.001,1.795,1.65,0.05,0.06,2021.811603476
0.0004,20,074_AlSiMg_200W_500mms_M0_G13_Test_Crossflow_StepoverAlt0021.tif,-0.002,1.793,1.67,0.05,0.061,2121.2758814191466
0.000405,20,074_AlSiMg_200W_500mms_M0_G13_Test_Crossflow_StepoverAlt0021.tif,-0.002,1.781,1.677,0.058,0.059,2090.7454452781894
0.00041,20,074_AlSiMg_200W_500mms_M0_G13_Test_Crossflow_StepoverAlt0021.tif,-0.002,1.775,1.639,0.051,0.058,2109.791149333194
0.000415,20,074_AlSiMg_200W_500mms_M0_G13_Test_Crossflow_StepoverAlt0021.tif,-0.001,1.773,1.64,0.051,0.062,2087.3389188559836
0.00042,21,074_AlSiMg_200W_500mms_M0_G13_Test_Crossflow_StepoverAlt0022.tif,0.0,1.773,1.656,0.051,0.06,1815.9802379864789
0.000425,21,074_AlSiMg_200W_500mms_M0_G13_Test_Crossflow_StepoverAlt0022.tif,-0.001,1.777,1.636,0.047,0.059,1804.626050144597
0.00043,21,074_AlSiMg_200W_500mms_M0_G13_Test_Crossflow_StepoverAlt0022.tif,0.001,1.781,1.637,0.051,0.062,1819.125849377125
0.000435,21,074_AlSiMg_200W_500mms_M0_G13_Test_Crossflow_StepoverAlt0022.tif,0.001,1.794,1.637,0.054,0.062,1816.116506654625
0.00044,22,074_AlSiMg_200W_500mms_M0_G13_Test_Crossflow_StepoverAlt0023.tif,-0.002,1.802,1.639,0.051,0.061,1892.8451873563022
0.000445,22,074_AlSiMg_200W_500mms_M0_G13_Test_Crossflow_StepoverAlt0023.tif,0.001,1.812,1.628,0.05,0.059,1926.3237245922912
0.00045,22,074_AlSiMg_200W_500mms_M0_G13_Test_Crossflow_StepoverAlt0023.tif,0.001,1.812,1.661,0.052,0.06,1902.8764087149907
0.000455,22,074_AlSiMg_200W_500mms_M0_G13_Test_Crossflow_StepoverAlt0023.tif,0.001,1.809,1.636,0.052,0.061,1939.6468137360002
0.00046,23,074_AlSiMg_200W_500mms_M0_G13_Test_Crossflow_StepoverAlt0024.tif,-0.001,1.805,1.671,0.052,0.061,1966.2537480402389
0.000465,23,074_AlSiMg_200W_500mms_M0_G13_Test_Crossflow_StepoverAlt0024.tif,0.001,1.801,1.702,0.052,0.06,1966.2537480402389
0.00047,23,074_AlSiMg_200W_500mms_M0_G13_Test_Crossflow_StepoverAlt0024.tif,-0.001,1.795,1.674,0.053,0.061,2006.720265562848
0.000475,23,074_AlSiMg_200W_500mms_M0_G13_Test_Crossflow_StepoverAlt0024.tif,-0.001,1.781,1.671,0.052,0.06,1993.5982074824199
0.00048,24,074_AlSiMg_200W_500mms_M0_G13_Test_Crossflow_StepoverAlt0025.tif,0.0,1.78,1.66,0.053,0.06,1945.278710831517
0.000485,24,074_AlSiMg_200W_500mms_M0_G13_Test_Crossflow_StepoverAlt0025.tif,-0.002,1.776,1.644,0.053,0.063,1905.6504823413488
0.00049,24,074_AlSiMg_200W_500mms_M0_G13_Test_Crossflow_StepoverAlt0025.tif,-0.001,1.781,1.674,0.052,0.063,1884.9107142287685
0.000495,24,074_AlSiMg_200W_500mms_M0_G13_Test_Crossflow_StepoverAlt0025.tif,-0.001,1.783,1.65,0.051,0.061,1825.465458702698
0.0005,25,074_AlSiMg_200W_500mms_M0_G13_Test_Crossflow_StepoverAlt0026.tif,0.0,1.788,1.633,0.051,0.06,1835.639415688095
0.000505,25,074_AlSiMg_200W_500mms_M0_G13_Test_Crossflow_StepoverAlt0026.tif,0.001,1.798,1.622,0.051,0.061,2021.6466193240994
0.00051,25,074_AlSiMg_200W_500mms_M0_G13_Test_Crossflow_StepoverAlt0026.tif,0.001,1.809,1.628,0.051,0.06,2037.6772562325284
0.000515,25,074_AlSiMg_200W_500mms_M0_G13_Test_Crossflow_StepoverAlt0026.tif,0.001,1.808,1.602,0.056,0.059,2024.6033037401044
0.00052,26,074_AlSiMg_200W_500mms_M0_G13_Test_Crossflow_StepoverAlt0027.tif,0.0,1.805,1.604,0.051,0.06,2046.4707637668118
0.000525,26,074_AlSiMg_200W_500mms_M0_G13_Test_Crossflow_StepoverAlt0027.tif,-0.002,1.801,1.618,0.052,0.062,2067.210531879392
0.00053,26,074_AlSiMg_200W_500mms_M0_G13_Test_Crossflow_StepoverAlt0027.tif,0.0,1.797,1.619,0.053,0.062,1914.619879899988
0.000535,26,074_AlSiMg_200W_500mms_M0_G13_Test_Crossflow_StepoverAlt0027.tif,-0.002,1.794,1.643,0.052,0.06,1923.2878329530402
0.00054,27,074_AlSiMg_200W_500mms_M0_G13_Test_Crossflow_StepoverAlt0028.tif,-0.002,1.776,1.623,0.053,0.062,1985.192901916564
0.000545,27,074_AlSiMg_200W_500mms_M0_G13_Test_Crossflow_StepoverAlt0028.tif,-0.001,1.772,1.685,0.054,0.063,2050.2512293808227
0.00055,27,074_AlSiMg_200W_500mms_M0_G13_Test_Crossflow_StepoverAlt0028.tif,-0.001,1.768,1.651,0.055,0.062,2019.3375042828454
0.000555,27,074_AlSiMg_200W_500mms_M0_G13_Test_Crossflow_StepoverAlt0028.tif,-0.002,1.772,1.616,0.055,0.061,1997.4700442561382
0.00056,28,074_AlSiMg_200W_500mms_M0_G13_Test_Crossflow_StepoverAlt0029.tif,0.0,1.777,1.611,0.053,0.063,2017.9372133090383
0.000565,28,074_AlSiMg_200W_500mms_M0_G13_Test_Crossflow_StepoverAlt0029.tif,0.0,1.78,1.616,0.051,0.061,1980.5493030085186
0.00057,28,074_AlSiMg_200W_500mms_M0_G13_Test_Crossflow_StepoverAlt0029.tif,0.0,1.793,1.632,0.055,0.063,1902.325130010126
0.000575,28,074_AlSiMg_200W_500mms_M0_G13_Test_Crossflow_StepoverAlt0029.tif,0.0,1.805,1.637,0.055,0.064,1902.3251300101256
0.00058,29,074_AlSiMg_200W_500mms_M0_G13_Test_Crossflow_StepoverAlt0030.tif,0.0,1.808,1.63,0.054,0.064,1924.1925900368333
0.000585,29,074_AlSiMg_200W_500mms_M0_G13_Test_Crossflow_StepoverAlt0030.tif,0.001,1.805,1.636,0.053,0.063,1960.7276372895292
0.00059,29,074_AlSiMg_200W_500mms_M0_G13_Test_Crossflow_StepoverAlt0030.tif,0.001,1.804,1.616,0.053,0.062,1936.210478626525
0.000595,29,074_AlSiMg_200W_500mms_M0_G13_Test_Crossflow_StepoverAlt0030.tif,-0.002,1.802,1.623,0.053,0.059,1949.376324160659
0.0006,30,074_AlSiMg_200W_500mms_M0_G13_Test_Crossflow_StepoverAlt0031.tif,-0.002,1.8,1.611,0.052,0.062,2008.381397617155
0.000605,30,074_AlSiMg_200W_500mms_M0_G13_Test_Crossflow_StepoverAlt0031.tif,0.0,1.787,1.63,0.053,0.062,1992.37061751348
0.00061,30,074_AlSiMg_200W_500mms_M0_G13_Test_Crossflow_StepoverAlt0031.tif,-0.002,1.777,1.602,0.055,0.062,2169.7953333626283
0.000615,30,074_AlSiMg_200W_500mms_M0_G13_Test_Crossflow_StepoverAlt0031.tif,0.0,1.775,1.609,0.053,0.063,2229.0221812668365
0.00062,31,074_AlSiMg_200W_500mms_M0_G13_Test_Crossflow_StepoverAlt0032.tif,-0.002,1.777,1.616,0.061,0.062,2269.3382535603423
0.000625,31,074_AlSiMg_200W_500mms_M0_G13_Test_Crossflow_StepoverAlt0032.tif,-0.002,1.781,1.614,0.054,0.061,2207.433184596818
0.00063,31,074_AlSiMg_200W_500mms_M0_G13_Test_Crossflow_StepoverAlt0032.tif,-0.002,1.781,1.633,0.054,0.061,2170.910031121158
0.000635,31,074_AlSiMg_200W_500mms_M0_G13_Test_Crossflow_StepoverAlt0032.tif,0.001,1.79,1.601,0.052,0.062,1976.6462623844614
0.00064,32,074_AlSiMg_200W_500mms_M0_G13_Test_Crossflow_StepoverAlt0033.tif,0.0,1.808,1.591,0.05,0.062,1917.4194144802532
0.000645,32,074_AlSiMg_200W_500mms_M0_G13_Test_Crossflow_StepoverAlt0033.tif,0.0,1.809,1.686,0.055,0.062,1818.431670629674
0.00065,32,074_AlSiMg_200W_500mms_M0_G13_Test_Crossflow_StepoverAlt0033.tif,-0.001,1.809,1.639,0.052,0.062,1812.4599190670942
0.000655,32,074_AlSiMg_200W_500mms_M0_G13_Test_Crossflow_StepoverAlt0033.tif,-0.002,1.807,1.611,0.048,0.06,1840.1113254731467
0.00066,33,074_AlSiMg_200W_500mms_M0_G13_Test_Crossflow_StepoverAlt0034.tif,0.0,1.809,1.614,0.05,0.06,1769.1592919373838
0.000665,33,074_AlSiMg_200W_500mms_M0_G13_Test_Crossflow_StepoverAlt0034.tif,0.001,1.805,1.595,0.05,0.06,1788.0700675480869
0.00067,33,074_AlSiMg_200W_500mms_M0_G13_Test_Crossflow_StepoverAlt0034.tif,0.0,1.795,1.595,0.049,0.059,1864.5025075686208
0.000675,33,074_AlSiMg_200W_500mms_M0_G13_Test_Crossflow_StepoverAlt0034.tif,0.0,1.783,1.591,0.053,0.062,1901.3681979549176
0.00068,34,074_AlSiMg_200W_500mms_M0_G13_Test_Crossflow_StepoverAlt0035.tif,0.0,1.776,1.595,0.053,0.061,1923.362003104954
0.000685,34,074_AlSiMg_200W_500mms_M0_G13_Test_Crossflow_StepoverAlt0035.tif,-0.002,1.776,1.602,0.051,0.059,1963.3029065009098
0.00069,34,074_AlSiMg_200W_500mms_M0_G13_Test_Crossflow_StepoverAlt0035.tif,-0.002,1.773,1.591,0.052,0.061,1941.435446474202
0.000695,34,074_AlSiMg_200W_500mms_M0_G13_Test_Crossflow_StepoverAlt0035.tif,-0.002,1.779,1.636,0.051,0.059,1901.8072179840335
0.0007,35,074_AlSiMg_200W_500mms_M0_G13_Test_Crossflow_StepoverAlt0036.tif,-0.001,1.783,1.657,0.051,0.061,1853.456795511784
0.000705,35,074_AlSiMg_200W_500mms_M0_G13_Test_Crossflow_StepoverAlt0036.tif,0.001,1.797,1.625,0.051,0.061,1813.9086256371847
0.00071,35,074_AlSiMg_200W_500mms_M0_G13_Test_Crossflow_StepoverAlt0036.tif,0.001,1.804,1.616,0.051,0.062,1833.838244120106
0.000715,35,074_AlSiMg_200W_500mms_M0_G13_Test_Crossflow_StepoverAlt0036.tif,0.0,1.808,1.675,0.049,0.06,1849.8688810285353
0.00072,36,074_AlSiMg_200W_500mms_M0_G13_Test_Crossflow_StepoverAlt0037.tif,-0.002,1.805,1.629,0.051,0.058,1849.8688810285353
0.000725,36,074_AlSiMg_200W_500mms_M0_G13_Test_Crossflow_StepoverAlt0037.tif,0.0,1.804,1.605,0.051,0.06,1818.68464404056
0.00073,36,074_AlSiMg_200W_500mms_M0_G13_Test_Crossflow_StepoverAlt0037.tif,0.0,1.798,1.611,0.051,0.061,1855.2847128201279
0.000735,36,074_AlSiMg_200W_500mms_M0_G13_Test_Crossflow_StepoverAlt0037.tif,0.0,1.793,1.623,0.049,0.062,1880.498444662609
0.00074,37,074_AlSiMg_200W_500mms_M0_G13_Test_Crossflow_StepoverAlt0038.tif,-0.001,1.78,1.602,0.051,0.06,1880.498444662609
0.000745,37,074_AlSiMg_200W_500mms_M0_G13_Test_Crossflow_StepoverAlt0038.tif,-0.002,1.775,1.654,0.052,0.058,1846.7909759172012
0.00075,37,074_AlSiMg_200W_500mms_M0_G13_Test_Crossflow_StepoverAlt0038.tif,0.0,1.773,1.671,0.051,0.06,1946.255253860348
0.000755,37,074_AlSiMg_200W_500mms_M0_G13_Test_Crossflow_StepoverAlt0038.tif,-0.001,1.775,1.622,0.049,0.061,1893.420405421553
0.00076,38,074_AlSiMg_200W_500mms_M0_G13_Test_Crossflow_StepoverAlt0039.tif,0.0,1.776,1.609,0.051,0.058,1848.2770550961498
0.000765,38,074_AlSiMg_200W_500mms_M0_G13_Test_Crossflow_StepoverAlt0039.tif,-0.001,1.783,1.6,0.048,0.06,1851.2251561911817
0.00077,38,074_AlSiMg_200W_500mms_M0_G13_Test_Crossflow_StepoverAlt0039.tif,-0.002,1.794,1.681,0.051,0.059,1884.93262493659
0.000775,38,074_AlSiMg_200W_500mms_M0_G13_Test_Crossflow_StepoverAlt0039.tif,-0.002,1.805,1.671,0.052,0.061,1816.6525839814185
0.00078,39,074_AlSiMg_200W_500mms_M0_G13_Test_Crossflow_StepoverAlt0040.tif,0.0,1.814,1.661,0.051,0.061,1869.4874324202133
0.000785,39,074_AlSiMg_200W_500mms_M0_G13_Test_Crossflow_StepoverAlt0040.tif,0.001,1.814,1.651,0.051,0.062,1835.6368091804918
0.00079,39,074_AlSiMg_200W_500mms_M0_G13_Test_Crossflow_StepoverAlt0040.tif,0.0,1.808,1.632,0.051,0.06,1829.67936536296
0.000795,39,074_AlSiMg_200W_500mms_M0_G13_Test_Crossflow_StepoverAlt0040.tif,-0.002,1.807,1.633,0.051,0.061,1787.0062842382329
0.0008,40,074_AlSiMg_200W_500mms_M0_G13_Test_Crossflow_StepoverAlt0041.tif,0.001,1.802,1.609,0.05,0.059,1817.5367203791902
0.000805,40,074_AlSiMg_200W_500mms_M0_G13_Test_Crossflow_StepoverAlt0041.tif,0.001,1.791,1.591,0.05,0.063,1838.2764884917701
0.00081,40,074_AlSiMg_200W_500mms_M0_G13_Test_Crossflow_StepoverAlt0041.tif,0.0,1.777,1.602,0.051,0.06,1894.921361944364
0.000815,40,074_AlSiMg_200W_500mms_M0_G13_Test_Crossflow_StepoverAlt0041.tif,-0.001,1.775,1.636,0.052,0.06,1864.3940225549773
0.00082,41,074_AlSiMg_200W_500mms_M0_G13_Test_Crossflow_StepoverAlt0042.tif,-0.001,1.775,1.642,0.052,0.059,1920.0883978656343
0.000825,41,074_AlSiMg_200W_500mms_M0_G13_Test_Crossflow_StepoverAlt0042.tif,0.0,1.779,1.635,0.05,0.061,2078.515872963317
0.00083,41,074_AlSiMg_200W_500mms_M0_G13_Test_Crossflow_StepoverAlt0042.tif,-0.002,1.779,1.646,0.05,0.059,2044.702152358312
0.000835,41,074_AlSiMg_200W_500mms_M0_G13_Test_Crossflow_StepoverAlt0042.tif,0.0,1.787,1.639,0.056,0.059,1973.5574796731903
0.00084,42,074_AlSiMg_200W_500mms_M0_G13_Test_Crossflow_StepoverAlt0043.tif,0.001,1.795,1.672,0.052,0.062,1976.5637256441198
0.000845,42,074_AlSiMg_200W_500mms_M0_G13_Test_Crossflow_StepoverAlt0043.tif,0.001,1.804,1.65,0.051,0.062,1963.54243145819
0.00085,42,074_AlSiMg_200W_500mms_M0_G13_Test_Crossflow_StepoverAlt0043.tif,-0.001,1.805,1.639,0.051,0.062,1755.3768507066707
0.000855,42,074_AlSiMg_200W_500mms_M0_G13_Test_Crossflow_StepoverAlt0043.tif,0.001,1.802,1.647,0.051,0.061,1731.850734419527
0.00086,43,074_AlSiMg_200W_500mms_M0_G13_Test_Crossflow_StepoverAlt0044.tif,-0.002,1.802,1.626,0.049,0.061,1800.130775374698
0.000865,43,074_AlSiMg_200W_500mms_M0_G13_Test_Crossflow_StepoverAlt0044.tif,-0.001,1.801,1.601,0.049,0.06,1794.0611427360873
0.00087,43,074_AlSiMg_200W_500mms_M0_G13_Test_Crossflow_StepoverAlt0044.tif,0.0,1.788,1.625,0.051,0.058,1773.4917108649486
0.000875,43,074_AlSiMg_200W_500mms_M0_G13_Test_Crossflow_StepoverAlt0044.tif,0.0,1.776,1.619,0.049,0.06,1846.827408100525
0.00088,44,074_AlSiMg_200W_500mms_M0_G13_Test_Crossflow_StepoverAlt0045.tif,0.0,1.773,1.619,0.049,0.06,1921.177081694307
0.000885,44,074_AlSiMg_200W_500mms_M0_G13_Test_Crossflow_StepoverAlt0045.tif,0.0,1.775,1.626,0.053,0.061,1861.3065598154294
0.00089,44,074_AlSiMg_200W_500mms_M0_G13_Test_Crossflow_StepoverAlt0045.tif,-0.002,1.775,1.612,0.051,0.058,1858.184366400131
0.000895,44,074_AlSiMg_200W_500mms_M0_G13_Test_Crossflow_StepoverAlt0045.tif,0.0,1.78,1.622,0.049,0.059,1894.7844351796987
0.0009,45,074_AlSiMg_200W_500mms_M0_G13_Test_Crossflow_StepoverAlt0046.tif,0.001,1.783,1.625,0.048,0.059,1877.0236667162378
0.000905,45,074_AlSiMg_200W_500mms_M0_G13_Test_Crossflow_StepoverAlt0046.tif,0.001,1.797,1.632,0.051,0.06,1830.0544557615708
0.00091,45,074_AlSiMg_200W_500mms_M0_G13_Test_Crossflow_StepoverAlt0046.tif,0.0,1.807,1.644,0.053,0.062,1863.9616395532873
0.000915,45,074_AlSiMg_200W_500mms_M0_G13_Test_Crossflow_StepoverAlt0046.tif,0.0,1.811,1.619,0.048,0.057,1915.4701684752072
0.00092,46,074_AlSiMg_200W_500mms_M0_G13_Test_Crossflow_StepoverAlt0047.tif,0.0,1.807,1.658,0.049,0.057,1947.2886752009715
0.000925,46,074_AlSiMg_200W_500mms_M0_G13_Test_Crossflow_StepoverAlt0047.tif,0.0,1.805,1.646,0.049,0.057,1935.3699827615408
0.00093,46,074_AlSiMg_200W_500mms_M0_G13_Test_Crossflow_StepoverAlt0047.tif,-0.001,1.805,1.628,0.049,0.056,1950.0685072771685
0.000935,46,074_AlSiMg_200W_500mms_M0_G13_Test_Crossflow_StepoverAlt0047.tif,0.0,1.801,1.609,0.049,0.058,1916.1613234854522
0.00094,47,074_AlSiMg_200W_500mms_M0_G13_Test_Crossflow_StepoverAlt0048.tif,0.001,1.786,1.63,0.047,0.055,1861.4700612842294
0.000945,47,074_AlSiMg_200W_500mms_M0_G13_Test_Crossflow_StepoverAlt0048.tif,0.0,1.78,1.632,0.049,0.059,1786.7465590842955
0.00095,47,074_AlSiMg_200W_500mms_M0_G13_Test_Crossflow_StepoverAlt0048.tif,0.0,1.777,1.626,0.047,0.058,1789.8190856829478
0.000955,47,074_AlSiMg_200W_500mms_M0_G13_Test_Crossflow_StepoverAlt0048.tif,0.0,1.777,1.626,0.047,0.058,1744.6179051129068
0.00096,48,074_AlSiMg_200W_500mms_M0_G13_Test_Crossflow_StepoverAlt0049.tif,0.0,1.777,1.642,0.05,0.059,1741.48071010426
0.000965,48,074_AlSiMg_200W_500mms_M0_G13_Test_Crossflow_StepoverAlt0049.tif,-0.001,1.78,1.625,0.048,0.059,1744.6634433835632
0.00097,48,074_AlSiMg_200W_500mms_M0_G13_Test_Crossflow_StepoverAlt0049.tif,0.0,1.793,1.63,0.048,0.058,1768.522734802728
0.000975,48,074_AlSiMg_200W_500mms_M0_G13_Test_Crossflow_StepoverAlt0049.tif,-0.001,1.802,1.653,0.048,0.059,1737.9953954133416
0.00098,49,074_AlSiMg_200W_500mms_M0_G13_Test_Crossflow_StepoverAlt0050.tif,0.001,1.807,1.64,0.05,0.06,1777.7176576082081
0.000985,49,074_AlSiMg_200W_500mms_M0_G13_Test_Crossflow_StepoverAlt0050.tif,0.001,1.805,1.677,0.05,0.061,1777.7176576082081
0.00099,49,074_AlSiMg_200W_500mms_M0_G13_Test_Crossflow_StepoverAlt0050.tif,-0.002,1.8,1.654,0.051,0.06,1858.0541563472393
0.000995,49,074_AlSiMg_200W_500mms_M0_G13_Test_Crossflow_StepoverAlt0050.tif,-0.001,1.798,1.65,0.048,0.058,1871.0179910810912
0.001,50,074_AlSiMg_200W_500mms_M0_G13_Test_Crossflow_StepoverAlt0051.tif,-0.002,1.793,1.646,0.052,0.059,1882.4337561283141
0.001005,50,074_AlSiMg_200W_500mms_M0_G13_Test_Crossflow_StepoverAlt0051.tif,-0.002,1.781,1.644,0.049,0.058,1848.8970740164282
0.00101,50,074_AlSiMg_200W_500mms_M0_G13_Test_Crossflow_StepoverAlt0051.tif,0.0,1.77,1.637,0.049,0.059,1852.034269025075
0.001015,50,074_AlSiMg_200W_500mms_M0_G13_Test_Crossflow_StepoverAlt0051.tif,-0.001,1.773,1.636,0.05,0.061,1789.2991154162469
0.00102,51,074_AlSiMg_200W_500mms_M0_G13_Test_Crossflow_StepoverAlt0052.tif,0.001,1.775,1.654,0.049,0.059,1779.35034782897
0.001025,51,074_AlSiMg_200W_500mms_M0_G13_Test_Crossflow_StepoverAlt0052.tif,0.0,1.773,1.686,0.049,0.059,1782.4255608386288
0.00103,51,074_AlSiMg_200W_500mms_M0_G13_Test_Crossflow_StepoverAlt0052.tif,0.0,1.779,1.665,0.051,0.061,1833.7822292818073
0.001035,51,074_AlSiMg_200W_500mms_M0_G13_Test_Crossflow_StepoverAlt0052.tif,0.001,1.788,1.657,0.05,0.06,1849.8212770253188
0.00104,52,074_AlSiMg_200W_500mms_M0_G13_Test_Crossflow_StepoverAlt0053.tif,-0.002,1.8,1.674,0.051,0.059,1849.8212770253188
0.001045,52,074_AlSiMg_200W_500mms_M0_G13_Test_Crossflow_StepoverAlt0053.tif,-0.002,1.807,1.643,0.049,0.058,1903.601518747962
0.00105,52,074_AlSiMg_200W_500mms_M0_G13_Test_Crossflow_StepoverAlt0053.tif,-0.001,1.808,1.649,0.049,0.059,1940.4672091342588
0.001055,52,074_AlSiMg_200W_500mms_M0_G13_Test_Crossflow_StepoverAlt0053.tif,-0.001,1.809,1.646,0.051,0.058,1886.0471540233987
0.00106,53,074_AlSiMg_200W_500mms_M0_G13_Test_Crossflow_StepoverAlt0054.tif,-0.002,1.802,1.642,0.051,0.059,1870.0081062798877
0.001065,53,074_AlSiMg_200W_500mms_M0_G13_Test_Crossflow_StepoverAlt0054.tif,0.0,1.805,1.619,0.049,0.06,1892.1290233445507
0.00107,53,074_AlSiMg_200W_500mms_M0_G13_Test_Crossflow_StepoverAlt0054.tif,-0.001,1.793,1.672,0.049,0.059,1872.1994048616289
0.001075,53,074_AlSiMg_200W_500mms_M0_G13_Test_Crossflow_StepoverAlt0054.tif,0.0,1.78,1.696,0.051,0.06,1851.3700758078369
0.00108,54,074_AlSiMg_200W_500mms_M0_G13_Test_Crossflow_StepoverAlt0055.tif,0.001,1.772,1.698,0.051,0.059,1881.8882752662528
0.001085,54,074_AlSiMg_200W_500mms_M0_G13_Test_Crossflow_StepoverAlt0055.tif,-0.001,1.776,1.713,0.05,0.059,1887.9785554224868
0.00109,54,074_AlSiMg_200W_500mms_M0_G13_Test_Crossflow_StepoverAlt0055.tif,0.001,1.779,1.67,0.049,0.058,1902.8147543834343
0.001095,54,074_AlSiMg_200W_500mms_M0_G13_Test_Crossflow_StepoverAlt0055.tif,-0.002,1.781,1.649,0.051,0.061,1862.8738509874788
0.0011,55,074_AlSiMg_200W_500mms_M0_G13_Test_Crossflow_StepoverAlt0056.tif,-0.002,1.791,1.633,0.05,0.058,1903.6327985241926
0.001105,55,074_AlSiMg_200W_500mms_M0_G13_Test_Crossflow_StepoverAlt0056.tif,0.001,1.804,1.663,0.049,0.059,1924.5508668062926
0.00111,55,074_AlSiMg_200W_500mms_M0_G13_Test_Crossflow_StepoverAlt0056.tif,-0.002,1.811,1.65,0.051,0.058,1903.9814349351534
0.001115,55,074_AlSiMg_200W_500mms_M0_G13_Test_Crossflow_StepoverAlt0056.tif,0.001,1.815,1.686,0.05,0.058,1867.0243189095424
0.00112,56,074_AlSiMg_200W_500mms_M0_G13_Test_Crossflow_StepoverAlt0057.tif,-0.002,1.814,1.682,0.049,0.06,1870.0995319192018
0.001125,56,074_AlSiMg_200W_500mms_M0_G13_Test_Crossflow_StepoverAlt0057.tif,0.003,1.812,1.649,0.049,0.059,1850.16991343628
0.00113,56,074_AlSiMg_200W_500mms_M0_G13_Test_Crossflow_StepoverAlt0057.tif,0.0,1.807,1.695,0.05,0.06,1829.25184515418
0.001135,56,074_AlSiMg_200W_500mms_M0_G13_Test_Crossflow_StepoverAlt0057.tif,-0.002,1.797,1.656,0.051,0.059,1829.25184515418
0.00114,57,074_AlSiMg_200W_500mms_M0_G13_Test_Crossflow_StepoverAlt0058.tif,-0.002,1.781,1.658,0.049,0.058,1829.25184515418
0.001145,57,074_AlSiMg_200W_500mms_M0_G13_Test_Crossflow_StepoverAlt0058.tif,0.0,1.776,1.63,0.049,0.06,1866.1175355404769
0.00115,57,074_AlSiMg_200W_500mms_M0_G13_Test_Crossflow_StepoverAlt0058.tif,0.0,1.773,1.63,0.049,0.059,1823.0394371358743
0.001155,57,074_AlSiMg_200W_500mms_M0_G13_Test_Crossflow_StepoverAlt0058.tif,-0.002,1.77,1.628,0.051,0.059,1823.0394371358743
0.00116,58,074_AlSiMg_200W_500mms_M0_G13_Test_Crossflow_StepoverAlt0059.tif,0.0,1.775,1.66,0.048,0.058,1903.0541245330835
0.001165,58,074_AlSiMg_200W_500mms_M0_G13_Test_Crossflow_StepoverAlt0059.tif,-0.002,1.779,1.653,0.049,0.058,1885.4527794028804
0.00117,58,074_AlSiMg_200W_500mms_M0_G13_Test_Crossflow_StepoverAlt0059.tif,0.001,1.79,1.643,0.053,0.06,1831.0327242920198
0.001175,58,074_AlSiMg_200W_500mms_M0_G13_Test_Crossflow_StepoverAlt0059.tif,0.001,1.802,1.649,0.048,0.059,1822.7541542534432
0.00118,59,074_AlSiMg_200W_500mms_M0_G13_Test_Crossflow_StepoverAlt0060.tif,-0.001,1.808,1.672,0.049,0.06,1828.8360235745956
0.001185,59,074_AlSiMg_200W_500mms_M0_G13_Test_Crossflow_StepoverAlt0060.tif,-0.002,1.807,1.685,0.05,0.061,1766.3757009019505
0.00119,59,074_AlSiMg_200W_500mms_M0_G13_Test_Crossflow_StepoverAlt0060.tif,-0.002,1.807,1.657,0.051,0.06,1843.847567911031
0.001195,59,074_AlSiMg_200W_500mms_M0_G13_Test_Crossflow_StepoverAlt0060.tif,-0.002,1.808,1.646,0.05,0.06,1846.9109545787128
0.0012,60,074_AlSiMg_200W_500mms_M0_G13_Test_Crossflow_StepoverAlt0061.tif,-0.001,1.805,1.629,0.051,0.058,1880.447636690599
0.001205,60,074_AlSiMg_200W_500mms_M0_G13_Test_Crossflow_StepoverAlt0061.tif,-0.001,1.787,1.656,0.05,0.061,1898.2676230218913
0.00121,60,074_AlSiMg_200W_500mms_M0_G13_Test_Crossflow_StepoverAlt0061.tif,0.0,1.776,1.643,0.051,0.06,1911.2314577557433
0.001215,60,074_AlSiMg_200W_500mms_M0_G13_Test_Crossflow_StepoverAlt0061.tif,0.0,1.776,1.646,0.051,0.059,1885.2681196685826
0.00122,61,074_AlSiMg_200W_500mms_M0_G13_Test_Crossflow_StepoverAlt0062.tif,0.0,1.776,1.636,0.049,0.058,1896.6838847158056
0.001225,61,074_AlSiMg_200W_500mms_M0_G13_Test_Crossflow_StepoverAlt0062.tif,0.0,1.779,1.623,0.049,0.057,1866.1534485748482
0.00123,61,074_AlSiMg_200W_500mms_M0_G13_Test_Crossflow_StepoverAlt0062.tif,0.0,1.781,1.653,0.049,0.059,1842.251592922404
0.001235,61,074_AlSiMg_200W_500mms_M0_G13_Test_Crossflow_StepoverAlt0062.tif,-0.002,1.788,1.63,0.051,0.062,1823.0753501702457
0.00124,62,074_AlSiMg_200W_500mms_M0_G13_Test_Crossflow_StepoverAlt0063.tif,-0.002,1.801,1.642,0.049,0.058,1729.3782504076275
0.001245,62,074_AlSiMg_200W_500mms_M0_G13_Test_Crossflow_StepoverAlt0063.tif,-0.001,1.805,1.615,0.048,0.058,1714.8990986927226
0.00125,62,074_AlSiMg_200W_500mms_M0_G13_Test_Crossflow_StepoverAlt0063.tif,0.0,1.801,1.621,0.046,0.06,1726.3838307786755
0.001255,62,074_AlSiMg_200W_500mms_M0_G13_Test_Crossflow_StepoverAlt0063.tif,0.0,1.802,1.607,0.049,0.06,1735.4138011948594
0.00126,63,074_AlSiMg_200W_500mms_M0_G13_Test_Crossflow_StepoverAlt0064.tif,0.0,1.8,1.626,0.05,0.06,1760.6719132681696
0.001265,63,074_AlSiMg_200W_500mms_M0_G13_Test_Crossflow_StepoverAlt0064.tif,-0.002,1.8,1.619,0.052,0.061,1786.5938337146385
0.00127,63,074_AlSiMg_200W_500mms_M0_G13_Test_Crossflow_StepoverAlt0064.tif,0.0,1.787,1.621,0.051,0.06,1817.112033173054
0.001275,63,074_AlSiMg_200W_500mms_M0_G13_Test_Crossflow_StepoverAlt0064.tif,0.0,1.777,1.604,0.047,0.059,1814.036820163395
0.00128,64,074_AlSiMg_200W_500mms_M0_G13_Test_Crossflow_StepoverAlt0065.tif,0.0,1.77,1.626,0.049,0.058,1785.830606995053
0.001285,64,074_AlSiMg_200W_500mms_M0_G13_Test_Crossflow_StepoverAlt0065.tif,0.0,1.773,1.618,0.049,0.059,1779.7487376739014
0.00129,64,074_AlSiMg_200W_500mms_M0_G13_Test_Crossflow_StepoverAlt0065.tif,-0.003,1.776,1.643,0.048,0.058,1810.4795381896874
0.001295,64,074_AlSiMg_200W_500mms_M0_G13_Test_Crossflow_StepoverAlt0065.tif,0.0,1.779,1.639,0.049,0.058,1831.3976064717876
0.0013,65,074_AlSiMg_200W_500mms_M0_G13_Test_Crossflow_StepoverAlt0066.tif,0.0,1.79,1.636,0.048,0.058,1831.3976064717874
0.001305,65,074_AlSiMg_200W_500mms_M0_G13_Test_Crossflow_StepoverAlt0066.tif,0.0,1.805,1.618,0.05,0.058,1803.8208701063027
0.00131,65,074_AlSiMg_200W_500mms_M0_G13_Test_Crossflow_StepoverAlt0066.tif,-0.001,1.808,1.614,0.049,0.059,1793.8721025190257
0.001315,65,074_AlSiMg_200W_500mms_M0_G13_Test_Crossflow_StepoverAlt0066.tif,0.0,1.811,1.647,0.048,0.06,1813.0483452711833
0.00132,66,074_AlSiMg_200W_500mms_M0_G13_Test_Crossflow_StepoverAlt0067.tif,-0.002,1.811,1.64,0.051,0.061,1769.7529441461243
0.001325,66,074_AlSiMg_200W_500mms_M0_G13_Test_Crossflow_StepoverAlt0067.tif,-0.002,1.802,1.653,0.049,0.058,1748.9688657366182
0.00133,66,074_AlSiMg_200W_500mms_M0_G13_Test_Crossflow_StepoverAlt0067.tif,0.001,1.804,1.728,0.047,0.057,1758.8987187012433
0.001335,66,074_AlSiMg_200W_500mms_M0_G13_Test_Crossflow_StepoverAlt0067.tif,0.0,1.794,1.688,0.047,0.058,1786.715622336726
0.00134,67,074_AlSiMg_200W_500mms_M0_G13_Test_Crossflow_StepoverAlt0068.tif,-0.001,1.783,1.65,0.047,0.058,1786.715622336726
0.001345,67,074_AlSiMg_200W_500mms_M0_G13_Test_Crossflow_StepoverAlt0068.tif,-0.002,1.776,1.654,0.049,0.057,1789.916712427527
0.00135,67,074_AlSiMg_200W_500mms_M0_G13_Test_Crossflow_StepoverAlt0068.tif,-0.002,1.776,1.642,0.049,0.058,1789.916712427527
0.001355,67,074_AlSiMg_200W_500mms_M0_G13_Test_Crossflow_StepoverAlt0068.tif,0.0,1.777,1.644,0.048,0.058,1832.821707901697
0.00136,68,074_AlSiMg_200W_500mms_M0_G13_Test_Crossflow_StepoverAlt0069.tif,0.0,1.78,1.65,0.047,0.058,1875.4725662885407
0.001365,68,074_AlSiMg_200W_500mms_M0_G13_Test_Crossflow_StepoverAlt0069.tif,0.001,1.784,1.651,0.051,0.06,1872.3348294692398
0.00137,68,074_AlSiMg_200W_500mms_M0_G13_Test_Crossflow_StepoverAlt0069.tif,0.001,1.795,1.763,0.049,0.055,1888.373335402097
0.001375,68,074_AlSiMg_200W_500mms_M0_G13_Test_Crossflow_StepoverAlt0069.tif,-0.001,1.807,1.758,0.048,0.057,1918.8536625464887
0.00138,69,074_AlSiMg_200W_500mms_M0_G13_Test_Crossflow_StepoverAlt0070.tif,0.0,1.815,1.717,0.048,0.057,1893.5955504731787
0.001385,69,074_AlSiMg_200W_500mms_M0_G13_Test_Crossflow_StepoverAlt0070.tif,0.001,1.812,1.661,0.047,0.056,1826.7337570295035
0.00139,69,074_AlSiMg_200W_500mms_M0_G13_Test_Crossflow_StepoverAlt0070.tif,-0.001,1.805,1.636,0.048,0.058,1853.7733495012494
0.001395,69,074_AlSiMg_200W_500mms_M0_G13_Test_Crossflow_StepoverAlt0070.tif,-0.002,1.805,1.651,0.047,0.056,1900.7425604559164
0.0014,70,074_AlSiMg_200W_500mms_M0_G13_Test_Crossflow_StepoverAlt0071.tif,0.0,1.798,1.678,0.051,0.059,1894.12152473069
0.001405,70,074_AlSiMg_200W_500mms_M0_G13_Test_Crossflow_StepoverAlt0071.tif,0.0,1.786,1.661,0.051,0.058,1882.779568024432
0.00141,70,074_AlSiMg_200W_500mms_M0_G13_Test_Crossflow_StepoverAlt0071.tif,0.0,1.77,1.663,0.05,0.06,1889.1223670330576
0.001415,70,074_AlSiMg_200W_500mms_M0_G13_Test_Crossflow_StepoverAlt0071.tif,0.001,1.769,1.668,0.049,0.06,1849.1814636371018
0.00142,71,074_AlSiMg_200W_500mms_M0_G13_Test_Crossflow_StepoverAlt0072.tif,0.001,1.766,1.667,0.049,0.058,1802.2122526824346
0.001425,71,074_AlSiMg_200W_500mms_M0_G13_Test_Crossflow_StepoverAlt0072.tif,-0.002,1.77,1.647,0.049,0.059,2016.9002213498638
0.00143,71,074_AlSiMg_200W_500mms_M0_G13_Test_Crossflow_StepoverAlt0072.tif,0.0,1.775,1.656,0.048,0.057,1982.4299334195875
0.001435,71,074_AlSiMg_200W_500mms_M0_G13_Test_Crossflow_StepoverAlt0072.tif,-0.002,1.786,1.64,0.056,0.058,2006.3317890720323
0.00144,72,074_AlSiMg_200W_500mms_M0_G13_Test_Crossflow_StepoverAlt0073.tif,0.0,1.801,1.672,0.046,0.059,2088.6432431106896
0.001445,72,074_AlSiMg_200W_500mms_M0_G13_Test_Crossflow_StepoverAlt0073.tif,0.001,1.805,1.664,0.051,0.059,2051.7127768792884
0.00145,72,074_AlSiMg_200W_500mms_M0_G13_Test_Crossflow_StepoverAlt0073.tif,0.0,1.807,1.717,0.051,0.057,1843.6458439370858
0.001455,72,074_AlSiMg_200W_500mms_M0_G13_Test_Crossflow_StepoverAlt0073.tif,0.001,1.8,1.773,0.046,0.057,1926.5024673739827
0.00146,73,074_AlSiMg_200W_500mms_M0_G13_Test_Crossflow_StepoverAlt0074.tif,0.0,1.8,1.791,0.047,0.056,1865.7774855685207
0.001465,73,074_AlSiMg_200W_500mms_M0_G13_Test_Crossflow_StepoverAlt0074.tif,-0.002,1.797,1.758,0.049,0.057,1793.1622802647485
0.00147,73,074_AlSiMg_200W_500mms_M0_G13_Test_Crossflow_StepoverAlt0074.tif,0.0,1.787,1.734,0.047,0.058,1799.590090441737
0.001475,73,074_AlSiMg_200W_500mms_M0_G13_Test_Crossflow_StepoverAlt0074.tif,0.001,1.776,1.712,0.047,0.056,1776.9536285094619
0.00148,74,074_AlSiMg_200W_500mms_M0_G13_Test_Crossflow_StepoverAlt0075.tif,0.0,1.772,1.682,0.048,0.059,1755.9477556419556
0.001485,74,074_AlSiMg_200W_500mms_M0_G13_Test_Crossflow_StepoverAlt0075.tif,-0.002,1.772,1.674,0.045,0.055,1755.9477556419556
0.00149,74,074_AlSiMg_200W_500mms_M0_G13_Test_Crossflow_StepoverAlt0075.tif,-0.002,1.773,1.7,0.048,0.057,1773.851342346908
0.001495,74,074_AlSiMg_200W_500mms_M0_G13_Test_Crossflow_StepoverAlt0075.tif,0.0,1.779,1.677,0.047,0.058,1770.6686090676048
0.0015,75,074_AlSiMg_200W_500mms_M0_G13_Test_Crossflow_StepoverAlt0076.tif,-0.002,1.786,1.668,0.047,0.055,1811.2086577048326
0.001505,75,074_AlSiMg_200W_500mms_M0_G13_Test_Crossflow_StepoverAlt0076.tif,-0.001,1.804,1.681,0.047,0.058,1774.278191473431
0.00151,75,074_AlSiMg_200W_500mms_M0_G13_Test_Crossflow_StepoverAlt0076.tif,-0.001,1.811,1.644,0.047,0.055,1788.7239847834892
0.001515,75,074_AlSiMg_200W_500mms_M0_G13_Test_Crossflow_StepoverAlt0076.tif,-0.002,1.807,1.642,0.046,0.057,1754.7858642442031
0.00152,76,074_AlSiMg_200W_500mms_M0_G13_Test_Crossflow_StepoverAlt0077.tif,0.0,1.809,1.633,0.047,0.057,1769.2316575542616
0.001525,76,074_AlSiMg_200W_500mms_M0_G13_Test_Crossflow_StepoverAlt0077.tif,0.001,1.807,1.644,0.047,0.057,1748.0534742936936
0.00153,76,074_AlSiMg_200W_500mms_M0_G13_Test_Crossflow_StepoverAlt0077.tif,-0.002,1.804,1.667,0.047,0.057,1765.7443445014367
0.001535,76,074_AlSiMg_200W_500mms_M0_G13_Test_Crossflow_StepoverAlt0077.tif,0.0,1.798,1.632,0.046,0.055,1781.7788783357705
0.00154,77,074_AlSiMg_200W_500mms_M0_G13_Test_Crossflow_StepoverAlt0078.tif,-0.001,1.781,1.643,0.047,0.057,1815.7169988750563
0.001545,77,074_AlSiMg_200W_500mms_M0_G13_Test_Crossflow_StepoverAlt0078.tif,-0.001,1.777,1.622,0.047,0.056,1815.716998875056
0.00155,77,074_AlSiMg_200W_500mms_M0_G13_Test_Crossflow_StepoverAlt0078.tif,0.0,1.78,1.622,0.047,0.055,1802.9570615963385
0.001555,77,074_AlSiMg_200W_500mms_M0_G13_Test_Crossflow_StepoverAlt0078.tif,0.0,1.786,1.636,0.047,0.057,1806.1581516871397
0.00156,78,074_AlSiMg_200W_500mms_M0_G13_Test_Crossflow_StepoverAlt0079.tif,-0.002,1.786,1.67,0.047,0.057,1775.6778245427479
0.001565,78,074_AlSiMg_200W_500mms_M0_G13_Test_Crossflow_StepoverAlt0079.tif,0.0,1.791,1.66,0.048,0.058,1733.5988373880052
0.00157,78,074_AlSiMg_200W_500mms_M0_G13_Test_Crossflow_StepoverAlt0079.tif,0.0,1.802,1.654,0.047,0.058,1749.6333712223386
0.001575,78,074_AlSiMg_200W_500mms_M0_G13_Test_Crossflow_StepoverAlt0079.tif,-0.001,1.807,1.667,0.049,0.06,1735.1875779122806
0.00158,79,074_AlSiMg_200W_500mms_M0_G13_Test_Crossflow_StepoverAlt0080.tif,-0.001,1.811,1.667,0.047,0.056,1735.1875779122806
0.001585,79,074_AlSiMg_200W_500mms_M0_G13_Test_Crossflow_StepoverAlt0080.tif,-0.002,1.805,1.653,0.047,0.058,1861.0463717606121
0.00159,79,074_AlSiMg_200W_500mms_M0_G13_Test_Crossflow_StepoverAlt0080.tif,0.0,1.805,1.674,0.048,0.058,1929.4649472659446
0.001595,79,074_AlSiMg_200W_500mms_M0_G13_Test_Crossflow_StepoverAlt0080.tif,0.0,1.798,1.677,0.05,0.055,1929.4649472659446
0.0016,80,074_AlSiMg_200W_500mms_M0_G13_Test_Crossflow_StepoverAlt0081.tif,0.0,1.794,1.64,0.049,0.056,1959.9452744103364
0.001605,80,074_AlSiMg_200W_500mms_M0_G13_Test_Crossflow_StepoverAlt0081.tif,-0.001,1.776,1.644,0.047,0.056,1996.9896532106995
0.00161,80,074_AlSiMg_200W_500mms_M0_G13_Test_Crossflow_StepoverAlt0081.tif,0.001,1.77,1.668,0.047,0.056,1942.783079846267
0.001615,80,074_AlSiMg_200W_500mms_M0_G13_Test_Crossflow_StepoverAlt0081.tif,-0.002,1.766,1.643,0.049,0.057,1965.4016982343996
0.00162,81,074_AlSiMg_200W_500mms_M0_G13_Test_Crossflow_StepoverAlt0082.tif,0.0,1.77,1.671,0.048,0.055,1965.4016982343996
0.001625,81,074_AlSiMg_200W_500mms_M0_G13_Test_Crossflow_StepoverAlt0082.tif,-0.002,1.775,1.651,0.049,0.055,1942.7652363021248
0.00163,81,074_AlSiMg_200W_500mms_M0_G13_Test_Crossflow_StepoverAlt0082.tif,0.0,1.781,1.672,0.047,0.056,1962.7974763008358
0.001635,81,074_AlSiMg_200W_500mms_M0_G13_Test_Crossflow_StepoverAlt0082.tif,0.0,1.791,1.667,0.045,0.055,1939.5291696662812
0.00164,82,074_AlSiMg_200W_500mms_M0_G13_Test_Crossflow_StepoverAlt0083.tif,0.0,1.805,1.661,0.049,0.056,1850.0309142903309
0.001645,82,074_AlSiMg_200W_500mms_M0_G13_Test_Crossflow_StepoverAlt0083.tif,-0.002,1.804,1.699,0.047,0.055,1867.9345009952835
0.00165,82,074_AlSiMg_200W_500mms_M0_G13_Test_Crossflow_StepoverAlt0083.tif,0.001,1.808,1.712,0.045,0.055,1866.3955624777686
0.001655,82,074_AlSiMg_200W_500mms_M0_G13_Test_Crossflow_StepoverAlt0083.tif,-0.001,1.805,1.709,0.047,0.055,1791.6720602778344
0.00166,83,074_AlSiMg_200W_500mms_M0_G13_Test_Crossflow_StepoverAlt0084.tif,-0.001,1.804,1.726,0.049,0.06,1743.2881464284903
0.001665,83,074_AlSiMg_200W_500mms_M0_G13_Test_Crossflow_StepoverAlt0084.tif,-0.001,1.801,1.706,0.047,0.058,1738.6270144956766
0.00167,83,074_AlSiMg_200W_500mms_M0_G13_Test_Crossflow_StepoverAlt0084.tif,-0.002,1.787,1.681,0.047,0.058,1707.8899840471918
0.001675,83,074_AlSiMg_200W_500mms_M0_G13_Test_Crossflow_StepoverAlt0084.tif,-0.002,1.78,1.709,0.048,0.059,1688.5011402376629
0.00168,84,074_AlSiMg_200W_500mms_M0_G13_Test_Crossflow_StepoverAlt0085.tif,0.0,1.776,1.723,0.048,0.058,1702.9469335477213
0.001685,84,074_AlSiMg_200W_500mms_M0_G13_Test_Crossflow_StepoverAlt0085.tif,-0.001,1.777,1.726,0.047,0.059,1733.4272606921131
0.00169,84,074_AlSiMg_200W_500mms_M0_G13_Test_Crossflow_StepoverAlt0085.tif,0.0,1.784,1.696,0.047,0.057,1804.968029612744
0.001695,84,074_AlSiMg_200W_500mms_M0_G13_Test_Crossflow_StepoverAlt0085.tif,-0.002,1.787,1.712,0.047,0.056,1801.766939521943
0.0017,85,074_AlSiMg_200W_500mms_M0_G13_Test_Crossflow_StepoverAlt0086.tif,-0.001,1.794,1.738,0.049,0.056,1814.8508566368698
0.001705,85,074_AlSiMg_200W_500mms_M0_G13_Test_Crossflow_StepoverAlt0086.tif,0.0,1.809,1.713,0.047,0.057,1834.0904526605277
0.00171,85,074_AlSiMg_200W_500mms_M0_G13_Test_Crossflow_StepoverAlt0086.tif,0.001,1.811,1.741,0.047,0.058,1851.9940393654804
0.001715,85,074_AlSiMg_200W_500mms_M0_G13_Test_Crossflow_StepoverAlt0086.tif,-0.002,1.811,1.691,0.048,0.057,1780.4532704448495
0.00172,86,074_AlSiMg_200W_500mms_M0_G13_Test_Crossflow_StepoverAlt0087.tif,-0.001,1.807,1.67,0.047,0.055,1786.7915555442974
0.001725,86,074_AlSiMg_200W_500mms_M0_G13_Test_Crossflow_StepoverAlt0087.tif,0.001,1.8,1.653,0.048,0.059,1789.9742888236003
0.00173,86,074_AlSiMg_200W_500mms_M0_G13_Test_Crossflow_StepoverAlt0087.tif,-0.002,1.798,1.695,0.049,0.059,1762.5938261844858
0.001735,86,074_AlSiMg_200W_500mms_M0_G13_Test_Crossflow_StepoverAlt0087.tif,-0.002,1.788,1.706,0.048,0.059,1714.2099123351413
0.00174,87,074_AlSiMg_200W_500mms_M0_G13_Test_Crossflow_StepoverAlt0088.tif,0.0,1.775,1.699,0.049,0.06,1714.2099123351413
0.001745,87,074_AlSiMg_200W_500mms_M0_G13_Test_Crossflow_StepoverAlt0088.tif,0.001,1.768,1.702,0.047,0.058,1699.7307606202369
0.00175,87,074_AlSiMg_200W_500mms_M0_G13_Test_Crossflow_StepoverAlt0088.tif,0.001,1.766,1.698,0.048,0.059,1733.371153493951
0.001755,87,074_AlSiMg_200W_500mms_M0_G13_Test_Crossflow_StepoverAlt0088.tif,-0.001,1.765,1.695,0.049,0.06,1730.2489600786525
0.00176,88,074_AlSiMg_200W_500mms_M0_G13_Test_Crossflow_StepoverAlt0089.tif,0.001,1.773,1.692,0.049,0.058,1751.0330384881586
0.001765,88,074_AlSiMg_200W_500mms_M0_G13_Test_Crossflow_StepoverAlt0089.tif,0.0,1.777,1.681,0.048,0.059,1805.5914996439728
0.00177,88,074_AlSiMg_200W_500mms_M0_G13_Test_Crossflow_StepoverAlt0089.tif,0.0,1.793,1.675,0.049,0.059,1820.0706513588775
0.001775,88,074_AlSiMg_200W_500mms_M0_G13_Test_Crossflow_StepoverAlt0089.tif,0.0,1.798,1.71,0.05,0.058,1820.0706513588775
0.00178,89,074_AlSiMg_200W_500mms_M0_G13_Test_Crossflow_StepoverAlt0090.tif,-0.002,1.805,1.692,0.049,0.059,1850.5733074132909
0.001785,89,074_AlSiMg_200W_500mms_M0_G13_Test_Crossflow_StepoverAlt0090.tif,0.001,1.808,1.713,0.049,0.058,1878.1731428531293
0.00179,89,074_AlSiMg_200W_500mms_M0_G13_Test_Crossflow_StepoverAlt0090.tif,-0.001,1.804,1.723,0.048,0.057,1838.0788318188715
0.001795,89,074_AlSiMg_200W_500mms_M0_G13_Test_Crossflow_StepoverAlt0090.tif,0.0,1.804,1.699,0.047,0.055,1868.867701936587
0.0018,90,074_AlSiMg_200W_500mms_M0_G13_Test_Crossflow_StepoverAlt0091.tif,-0.002,1.8,1.688,0.048,0.058,1849.6914591844293
0.001805,90,074_AlSiMg_200W_500mms_M0_G13_Test_Crossflow_StepoverAlt0091.tif,0.001,1.788,1.692,0.048,0.056,1839.8653612698777
0.00181,90,074_AlSiMg_200W_500mms_M0_G13_Test_Crossflow_StepoverAlt0091.tif,0.0,1.777,1.709,0.048,0.058,1791.4814474205334
0.001815,90,074_AlSiMg_200W_500mms_M0_G13_Test_Crossflow_StepoverAlt0091.tif,-0.002,1.776,1.699,0.05,0.06,1810.6576901726917
0.00182,91,074_AlSiMg_200W_500mms_M0_G13_Test_Crossflow_StepoverAlt0092.tif,0.001,1.779,1.703,0.047,0.058,1779.8688200549757
0.001825,91,074_AlSiMg_200W_500mms_M0_G13_Test_Crossflow_StepoverAlt0092.tif,-0.002,1.779,1.698,0.049,0.058,1774.5964959873286
0.00183,91,074_AlSiMg_200W_500mms_M0_G13_Test_Crossflow_StepoverAlt0092.tif,0.0,1.784,1.692,0.049,0.059,1743.904094388496
0.001835,91,074_AlSiMg_200W_500mms_M0_G13_Test_Crossflow_StepoverAlt0092.tif,0.001,1.797,1.726,0.051,0.062,1737.0709842088283
0.00184,92,074_AlSiMg_200W_500mms_M0_G13_Test_Crossflow_StepoverAlt0093.tif,-0.001,1.808,1.745,0.049,0.061,1709.6161714180944
0.001845,92,074_AlSiMg_200W_500mms_M0_G13_Test_Crossflow_StepoverAlt0093.tif,-0.002,1.811,1.731,0.049,0.061,1820.020973216379
0.00185,92,074_AlSiMg_200W_500mms_M0_G13_Test_Crossflow_StepoverAlt0093.tif,-0.002,1.809,1.747,0.05,0.061,1785.7729425829777
0.001855,92,074_AlSiMg_200W_500mms_M0_G13_Test_Crossflow_StepoverAlt0093.tif,0.0,1.808,1.719,0.052,0.057,1832.501705514315
0.00186,93,074_AlSiMg_200W_500mms_M0_G13_Test_Crossflow_StepoverAlt0094.tif,0.001,1.8,1.737,0.048,0.061,1869.8151428383746
0.001865,93,074_AlSiMg_200W_500mms_M0_G13_Test_Crossflow_StepoverAlt0094.tif,0.001,1.805,1.742,0.05,0.059,1850.516976511466
0.00187,93,074_AlSiMg_200W_500mms_M0_G13_Test_Crossflow_StepoverAlt0094.tif,0.0,1.793,1.79,0.047,0.056,1777.0692907387925
0.001875,93,074_AlSiMg_200W_500mms_M0_G13_Test_Crossflow_StepoverAlt0094.tif,0.001,1.783,1.776,0.048,0.06,1792.1096518593138
0.00188,94,074_AlSiMg_200W_500mms_M0_G13_Test_Crossflow_StepoverAlt0095.tif,-0.001,1.779,1.744,0.05,0.058,1809.9551935427608
0.001885,94,074_AlSiMg_200W_500mms_M0_G13_Test_Crossflow_StepoverAlt0095.tif,0.0,1.781,1.726,0.049,0.061,1797.1217497992286
0.00189,94,074_AlSiMg_200W_500mms_M0_G13_Test_Crossflow_StepoverAlt0095.tif,0.0,1.78,1.755,0.05,0.058,1813.3565294584557
0.001895,94,074_AlSiMg_200W_500mms_M0_G13_Test_Crossflow_StepoverAlt0095.tif,0.001,1.779,1.86,0.048,0.058,1776.3994134328445
0.0019,95,074_AlSiMg_200W_500mms_M0_G13_Test_Crossflow_StepoverAlt0096.tif,-0.002,1.786,1.805,0.049,0.06,1837.9237858137353
0.001905,95,074_AlSiMg_200W_500mms_M0_G13_Test_Crossflow_StepoverAlt0096.tif,0.0,1.801,1.794,0.049,0.059,1800.966669788124
0.00191,95,074_AlSiMg_200W_500mms_M0_G13_Test_Crossflow_StepoverAlt0096.tif,-0.002,1.807,1.787,0.049,0.057,1863.9743866756478
0.001915,95,074_AlSiMg_200W_500mms_M0_G13_Test_Crossflow_StepoverAlt0096.tif,0.001,1.805,1.74,0.049,0.059,1938.32406026943
0.00192,96,074_AlSiMg_200W_500mms_M0_G13_Test_Crossflow_StepoverAlt0097.tif,-0.002,1.8,1.731,0.051,0.058,1954.3631080129412
0.001925,96,074_AlSiMg_200W_500mms_M0_G13_Test_Crossflow_StepoverAlt0097.tif,0.001,1.795,1.731,0.051,0.058,1902.8545790910216
0.00193,96,074_AlSiMg_200W_500mms_M0_G13_Test_Crossflow_StepoverAlt0097.tif,0.0,1.793,1.7,0.049,0.058,1896.516293991573
0.001935,96,074_AlSiMg_200W_500mms_M0_G13_Test_Crossflow_StepoverAlt0097.tif,-0.001,1.787,1.726,0.048,0.059,1836.645772112696
0.00194,97,074_AlSiMg_200W_500mms_M0_G13_Test_Crossflow_StepoverAlt0098.tif,-0.001,1.776,1.719,0.047,0.057,1816.7161536297742
0.001945,97,074_AlSiMg_200W_500mms_M0_G13_Test_Crossflow_StepoverAlt0098.tif,0.0,1.77,1.681,0.049,0.059,1783.0757607560602
0.00195,97,074_AlSiMg_200W_500mms_M0_G13_Test_Crossflow_StepoverAlt0098.tif,0.0,1.775,1.702,0.051,0.059,1816.7161536297742
0.001955,97,074_AlSiMg_200W_500mms_M0_G13_Test_Crossflow_StepoverAlt0098.tif,-0.002,1.776,1.703,0.048,0.059,1862.995342125178
0.00196,98,074_AlSiMg_200W_500mms_M0_G13_Test_Crossflow_StepoverAlt0099.tif,-0.001,1.776,1.672,0.049,0.058,1848.5161904102738
0.001965,98,074_AlSiMg_200W_500mms_M0_G13_Test_Crossflow_StepoverAlt0099.tif,0.0,1.784,1.661,0.051,0.059,1827.6868613564816
0.00197,98,074_AlSiMg_200W_500mms_M0_G13_Test_Crossflow_StepoverAlt0099.tif,-0.002,1.795,1.664,0.049,0.06,1858.1895174108952
0.001975,98,074_AlSiMg_200W_500mms_M0_G13_Test_Crossflow_StepoverAlt0099.tif,-0.002,1.805,1.672,0.05,0.059,1902.0209915462615
0.00198,99,074_AlSiMg_200W_500mms_M0_G13_Test_Crossflow_StepoverAlt0100.tif,0.0,1.808,1.67,0.048,0.057,1902.0209915462615
0.001985,99,074_AlSiMg_200W_500mms_M0_G13_Test_Crossflow_StepoverAlt0100.tif,-0.001,1.805,1.657,0.051,0.058,1953.4572592867771
0.00199,99,074_AlSiMg_200W_500mms_M0_G13_Test_Crossflow_StepoverAlt0100.tif,-0.001,1.8,1.693,0.051,0.059,1956.4666020092768
0.001995,99,074_AlSiMg_200W_500mms_M0_G13_Test_Crossflow_StepoverAlt0100.tif,0.001,1.798,1.7,0.05,0.058,1943.5652910850665
0.002,100,074_AlSiMg_200W_500mms_M0_G13_Test_Crossflow_StepoverAlt0101.tif,-0.001,1.795,1.698,0.051,0.06,1923.6356726021445
0.002005,100,074_AlSiMg_200W_500mms_M0_G13_Test_Crossflow_StepoverAlt0101.tif,0.001,1.784,1.663,0.049,0.059,1923.6356726021447
0.00201,100,074_AlSiMg_200W_500mms_M0_G13_Test_Crossflow_StepoverAlt0101.tif,-0.002,1.776,1.657,0.051,0.059,1883.541361567887
0.002015,100,074_AlSiMg_200W_500mms_M0_G13_Test_Crossflow_StepoverAlt0101.tif,0.0,1.775,1.688,0.051,0.059,1877.459492246735
0.00202,101,074_AlSiMg_200W_500mms_M0_G13_Test_Crossflow_StepoverAlt0102.tif,-0.002,1.776,1.699,0.048,0.058,1831.683877250393
0.002025,101,074_AlSiMg_200W_500mms_M0_G13_Test_Crossflow_StepoverAlt0102.tif,0.0,1.779,1.719,0.049,0.058,1791.7429738544372
0.00203,101,074_AlSiMg_200W_500mms_M0_G13_Test_Crossflow_StepoverAlt0102.tif,0.0,1.783,1.72,0.047,0.06,1767.8411182019925
0.002035,101,074_AlSiMg_200W_500mms_M0_G13_Test_Crossflow_StepoverAlt0102.tif,0.001,1.795,1.742,0.049,0.059,1764.6400281111914
0.00204,102,074_AlSiMg_200W_500mms_M0_G13_Test_Crossflow_StepoverAlt0103.tif,-0.002,1.808,1.761,0.049,0.058,1764.640028111191
0.002045,102,074_AlSiMg_200W_500mms_M0_G13_Test_Crossflow_StepoverAlt0103.tif,-0.001,1.814,1.709,0.047,0.057,1826.4546908510438
0.00205,102,074_AlSiMg_200W_500mms_M0_G13_Test_Crossflow_StepoverAlt0103.tif,-0.002,1.815,1.677,0.049,0.058,1795.7407594769127
0.002055,102,074_AlSiMg_200W_500mms_M0_G13_Test_Crossflow_StepoverAlt0103.tif,0.0,1.811,1.682,0.049,0.058,1816.6588277590122
0.00206,103,074_AlSiMg_200W_500mms_M0_G13_Test_Crossflow_StepoverAlt0104.tif,0.001,1.807,1.693,0.048,0.06,1826.0723258681192
0.002065,103,074_AlSiMg_200W_500mms_M0_G13_Test_Crossflow_StepoverAlt0104.tif,0.0,1.801,1.682,0.05,0.058,1810.0332781246082
0.00207,103,074_AlSiMg_200W_500mms_M0_G13_Test_Crossflow_StepoverAlt0104.tif,0.0,1.791,1.689,0.05,0.06,1748.2186153847554
0.002075,103,074_AlSiMg_200W_500mms_M0_G13_Test_Crossflow_StepoverAlt0104.tif,0.0,1.777,1.684,0.049,0.059,1838.8030686377642
0.00208,104,074_AlSiMg_200W_500mms_M0_G13_Test_Crossflow_StepoverAlt0105.tif,-0.002,1.772,1.675,0.047,0.06,1820.9575269543172
0.002085,104,074_AlSiMg_200W_500mms_M0_G13_Test_Crossflow_StepoverAlt0105.tif,-0.001,1.769,1.688,0.051,0.058,1803.403162229754
0.00209,104,074_AlSiMg_200W_500mms_M0_G13_Test_Crossflow_StepoverAlt0105.tif,0.001,1.772,1.695,0.05,0.059,1819.4422099732649
0.002095,104,074_AlSiMg_200W_500mms_M0_G13_Test_Crossflow_StepoverAlt0105.tif,0.0,1.775,1.712,0.049,0.06,1850.738673254702
0.0021,105,074_AlSiMg_200W_500mms_M0_G13_Test_Crossflow_StepoverAlt0106.tif,-0.002,1.783,1.667,0.049,0.058,1830.8090547717802
0.002105,105,074_AlSiMg_200W_500mms_M0_G13_Test_Crossflow_StepoverAlt0106.tif,0.001,1.795,1.693,0.049,0.06,1784.080291840443
0.00211,105,074_AlSiMg_200W_500mms_M0_G13_Test_Crossflow_StepoverAlt0106.tif,0.001,1.8,1.712,0.051,0.059,1780.9580984251443
0.002115,105,074_AlSiMg_200W_500mms_M0_G13_Test_Crossflow_StepoverAlt0106.tif,-0.002,1.805,1.692,0.049,0.061,1767.9942636912917
0.00212,106,074_AlSiMg_200W_500mms_M0_G13_Test_Crossflow_StepoverAlt0107.tif,0.0,1.801,1.668,0.048,0.059,1767.9942636912917
0.002125,106,074_AlSiMg_200W_500mms_M0_G13_Test_Crossflow_StepoverAlt0107.tif,0.001,1.8,1.675,0.05,0.06,1744.0924080388472
0.00213,106,074_AlSiMg_200W_500mms_M0_G13_Test_Crossflow_StepoverAlt0107.tif,0.001,1.797,1.674,0.049,0.06,1747.1334032316274
0.002135,106,074_AlSiMg_200W_500mms_M0_G13_Test_Crossflow_StepoverAlt0107.tif,0.0,1.79,1.672,0.049,0.058,1783.8463227039945
0.00214,107,074_AlSiMg_200W_500mms_M0_G13_Test_Crossflow_StepoverAlt0108.tif,0.0,1.777,1.668,0.05,0.062,1766.2919579794311
0.002145,107,074_AlSiMg_200W_500mms_M0_G13_Test_Crossflow_StepoverAlt0108.tif,0.001,1.775,1.668,0.05,0.059,1796.8101574378466
0.00215,107,074_AlSiMg_200W_500mms_M0_G13_Test_Crossflow_StepoverAlt0108.tif,-0.001,1.773,1.647,0.049,0.06,1823.6317948715791
0.002155,107,074_AlSiMg_200W_500mms_M0_G13_Test_Crossflow_StepoverAlt0108.tif,-0.001,1.775,1.667,0.049,0.058,1870.328905332636
0.00216,108,074_AlSiMg_200W_500mms_M0_G13_Test_Crossflow_StepoverAlt0109.tif,-0.002,1.779,1.663,0.052,0.06,1836.7381792755677
0.002165,108,074_AlSiMg_200W_500mms_M0_G13_Test_Crossflow_StepoverAlt0109.tif,-0.002,1.784,1.667,0.051,0.06,1867.2563787339834
0.00217,108,074_AlSiMg_200W_500mms_M0_G13_Test_Crossflow_StepoverAlt0109.tif,-0.002,1.8,1.735,0.049,0.06,1833.6159858602691
0.002175,108,074_AlSiMg_200W_500mms_M0_G13_Test_Crossflow_StepoverAlt0109.tif,-0.001,1.807,1.795,0.049,0.058,1776.2761489681209
0.00218,109,074_AlSiMg_200W_500mms_M0_G13_Test_Crossflow_StepoverAlt0110.tif,0.001,1.809,1.756,0.048,0.059,1751.0180368948108
0.002185,109,074_AlSiMg_200W_500mms_M0_G13_Test_Crossflow_StepoverAlt0110.tif,-0.002,1.812,1.737,0.049,0.06,1737.8800000205415
0.00219,109,074_AlSiMg_200W_500mms_M0_G13_Test_Crossflow_StepoverAlt0110.tif,0.001,1.809,1.693,0.048,0.058,1743.9618693416937
0.002195,109,074_AlSiMg_200W_500mms_M0_G13_Test_Crossflow_StepoverAlt0110.tif,-0.002,1.807,1.7,0.049,0.061,1767.653494628131
0.0022,110,074_AlSiMg_200W_500mms_M0_G13_Test_Crossflow_StepoverAlt0111.tif,0.0,1.802,1.702,0.051,0.06,1807.2016645027306
0.002205,110,074_AlSiMg_200W_500mms_M0_G13_Test_Crossflow_StepoverAlt0111.tif,0.0,1.788,1.693,0.051,0.061,1832.459776576041
0.00221,110,074_AlSiMg_200W_500mms_M0_G13_Test_Crossflow_StepoverAlt0111.tif,-0.001,1.777,1.677,0.052,0.061,1854.618153691556
0.002215,110,074_AlSiMg_200W_500mms_M0_G13_Test_Crossflow_StepoverAlt0111.tif,-0.002,1.775,1.692,0.051,0.06,1878.2157452732947
0.00222,111,074_AlSiMg_200W_500mms_M0_G13_Test_Crossflow_StepoverAlt0112.tif,-0.001,1.776,1.7,0.052,0.063,1881.1724296892994
0.002225,111,074_AlSiMg_200W_500mms_M0_G13_Test_Crossflow_StepoverAlt0112.tif,-0.001,1.777,1.71,0.053,0.061,1904.6197455666002
0.00223,111,074_AlSiMg_200W_500mms_M0_G13_Test_Crossflow_StepoverAlt0112.tif,-0.001,1.775,1.686,0.052,0.062,1925.3595136791805
0.002235,111,074_AlSiMg_200W_500mms_M0_G13_Test_Crossflow_StepoverAlt0112.tif,-0.001,1.79,1.702,0.054,0.062,1999.0921376292868
0.00224,112,074_AlSiMg_200W_500mms_M0_G13_Test_Crossflow_StepoverAlt0113.tif,-0.001,1.801,1.71,0.052,0.06,1941.9578639356616
0.002245,112,074_AlSiMg_200W_500mms_M0_G13_Test_Crossflow_StepoverAlt0113.tif,-0.002,1.8,1.702,0.054,0.061,1918.431747648518
0.00225,112,074_AlSiMg_200W_500mms_M0_G13_Test_Crossflow_StepoverAlt0113.tif,0.001,1.8,1.689,0.05,0.061,1892.0363306761853
0.002255,112,074_AlSiMg_200W_500mms_M0_G13_Test_Crossflow_StepoverAlt0113.tif,0.001,1.795,1.685,0.049,0.06,1837.759880451719
0.00226,113,074_AlSiMg_200W_500mms_M0_G13_Test_Crossflow_StepoverAlt0114.tif,0.0,1.795,1.702,0.051,0.06,1761.0765488989778
0.002265,113,074_AlSiMg_200W_500mms_M0_G13_Test_Crossflow_StepoverAlt0114.tif,0.0,1.794,1.695,0.05,0.061,1797.561332105896
0.00227,113,074_AlSiMg_200W_500mms_M0_G13_Test_Crossflow_StepoverAlt0114.tif,0.0,1.783,1.681,0.051,0.062,1803.6309647445069
0.002275,113,074_AlSiMg_200W_500mms_M0_G13_Test_Crossflow_StepoverAlt0114.tif,0.0,1.773,1.677,0.052,0.061,1790.5570122520826
0.00228,114,074_AlSiMg_200W_500mms_M0_G13_Test_Crossflow_StepoverAlt0115.tif,0.0,1.775,1.702,0.051,0.062,1805.0479903089642
0.002285,114,074_AlSiMg_200W_500mms_M0_G13_Test_Crossflow_StepoverAlt0115.tif,-0.002,1.779,1.689,0.052,0.062,1835.5784264499212
0.00229,114,074_AlSiMg_200W_500mms_M0_G13_Test_Crossflow_StepoverAlt0115.tif,0.0,1.783,1.684,0.05,0.06,1903.5254759374263
0.002295,114,074_AlSiMg_200W_500mms_M0_G13_Test_Crossflow_StepoverAlt0115.tif,0.0,1.786,1.67,0.051,0.06,1918.0252751699543
0.0023,115,074_AlSiMg_200W_500mms_M0_G13_Test_Crossflow_StepoverAlt0116.tif,-0.002,1.797,1.651,0.055,0.061,1960.2343497683312
0.002305,115,074_AlSiMg_200W_500mms_M0_G13_Test_Crossflow_StepoverAlt0116.tif,0.0,1.809,1.656,0.051,0.061,1982.228154918367
0.00231,115,074_AlSiMg_200W_500mms_M0_G13_Test_Crossflow_StepoverAlt0116.tif,-0.001,1.808,1.668,0.055,0.063,1969.1542024259427
0.002315,115,074_AlSiMg_200W_500mms_M0_G13_Test_Crossflow_StepoverAlt0116.tif,0.0,1.809,1.677,0.052,0.061,1944.4119472551897
0.00232,116,074_AlSiMg_200W_500mms_M0_G13_Test_Crossflow_StepoverAlt0117.tif,-0.002,1.805,1.656,0.052,0.062,1929.9121480226618
0.002325,116,074_AlSiMg_200W_500mms_M0_G13_Test_Crossflow_StepoverAlt0117.tif,0.0,1.805,1.664,0.054,0.061,1870.2465897757527
0.00233,116,074_AlSiMg_200W_500mms_M0_G13_Test_Crossflow_StepoverAlt0117.tif,0.001,1.798,1.686,0.051,0.062,1867.2984886807208
0.002335,116,074_AlSiMg_200W_500mms_M0_G13_Test_Crossflow_StepoverAlt0117.tif,0.001,1.788,1.664,0.051,0.062,1833.6753307120882
0.00234,117,074_AlSiMg_200W_500mms_M0_G13_Test_Crossflow_StepoverAlt0118.tif,0.0,1.773,1.668,0.051,0.06,1759.9427067619822
0.002345,117,074_AlSiMg_200W_500mms_M0_G13_Test_Crossflow_StepoverAlt0118.tif,0.001,1.77,1.658,0.05,0.062,1816.8685598752713
0.00235,117,074_AlSiMg_200W_500mms_M0_G13_Test_Crossflow_StepoverAlt0118.tif,-0.002,1.77,1.664,0.052,0.063,1831.3683591077993
0.002355,117,074_AlSiMg_200W_500mms_M0_G13_Test_Crossflow_StepoverAlt0118.tif,0.001,1.77,1.682,0.054,0.062,1857.7637760801317
0.00236,118,074_AlSiMg_200W_500mms_M0_G13_Test_Crossflow_StepoverAlt0119.tif,0.0,1.773,1.654,0.051,0.061,1910.297709659467
0.002365,118,074_AlSiMg_200W_500mms_M0_G13_Test_Crossflow_StepoverAlt0119.tif,0.0,1.777,1.681,0.054,0.062,1943.714261316068
0.00237,118,074_AlSiMg_200W_500mms_M0_G13_Test_Crossflow_StepoverAlt0119.tif,0.0,1.794,1.681,0.053,0.062,1985.6322108443487
0.002375,118,074_AlSiMg_200W_500mms_M0_G13_Test_Crossflow_StepoverAlt0119.tif,-0.001,1.805,1.712,0.053,0.062,2069.976214253391
0.00238,119,074_AlSiMg_200W_500mms_M0_G13_Test_Crossflow_StepoverAlt0120.tif,0.0,1.808,1.665,0.054,0.06,1990.7459488422635
0.002385,119,074_AlSiMg_200W_500mms_M0_G13_Test_Crossflow_StepoverAlt0120.tif,-0.002,1.807,1.677,0.054,0.06,2005.6488938365655
0.00239,119,074_AlSiMg_200W_500mms_M0_G13_Test_Crossflow_StepoverAlt0120.tif,0.0,1.804,1.66,0.052,0.065,1977.973251582362
0.002395,119,074_AlSiMg_200W_500mms_M0_G13_Test_Crossflow_StepoverAlt0120.tif,0.001,1.802,1.699,0.052,0.06,1853.9156647243476
0.0024,120,074_AlSiMg_200W_500mms_M0_G13_Test_Crossflow_StepoverAlt0121.tif,0.0,1.798,1.681,0.054,0.065,1856.4974488062712
0.002405,120,074_AlSiMg_200W_500mms_M0_G13_Test_Crossflow_StepoverAlt0121.tif,-0.002,1.783,1.693,0.051,0.064,1878.801861104109
0.00241,120,074_AlSiMg_200W_500mms_M0_G13_Test_Crossflow_StepoverAlt0121.tif,-0.002,1.776,1.684,0.055,0.061,1884.4575099638612
0.002415,120,074_AlSiMg_200W_500mms_M0_G13_Test_Crossflow_StepoverAlt0121.tif,0.0,1.777,1.692,0.051,0.062,1927.0360972123672
0.00242,121,074_AlSiMg_200W_500mms_M0_G13_Test_Crossflow_StepoverAlt0122.tif,-0.002,1.777,1.677,0.054,0.062,1949.2436354578815
0.002425,121,074_AlSiMg_200W_500mms_M0_G13_Test_Crossflow_StepoverAlt0122.tif,-0.001,1.777,1.663,0.052,0.06,1884.1853079936232
0.00243,121,074_AlSiMg_200W_500mms_M0_G13_Test_Crossflow_StepoverAlt0122.tif,0.0,1.784,1.658,0.05,0.061,1923.3836971876324
0.002435,121,074_AlSiMg_200W_500mms_M0_G13_Test_Crossflow_StepoverAlt0122.tif,-0.002,1.795,1.64,0.053,0.062,1889.6592577994445
0.00244,122,074_AlSiMg_200W_500mms_M0_G13_Test_Crossflow_StepoverAlt0123.tif,0.0,1.808,1.719,0.054,0.063,1877.5874427399162
0.002445,122,074_AlSiMg_200W_500mms_M0_G13_Test_Crossflow_StepoverAlt0123.tif,0.001,1.807,1.7,0.054,0.064,1954.5387434694435
0.00245,122,074_AlSiMg_200W_500mms_M0_G13_Test_Crossflow_StepoverAlt0123.tif,0.001,1.809,1.73,0.054,0.063,1960.145126521745
0.002455,122,074_AlSiMg_200W_500mms_M0_G13_Test_Crossflow_StepoverAlt0123.tif,0.0,1.812,1.677,0.053,0.06,1946.9395900532945
0.00246,123,074_AlSiMg_200W_500mms_M0_G13_Test_Crossflow_StepoverAlt0124.tif,0.001,1.809,1.657,0.055,0.064,1965.7118186397304
0.002465,123,074_AlSiMg_200W_500mms_M0_G13_Test_Crossflow_StepoverAlt0124.tif,-0.002,1.804,1.653,0.055,0.065,1986.17898769263
0.00247,123,074_AlSiMg_200W_500mms_M0_G13_Test_Crossflow_StepoverAlt0124.tif,-0.001,1.794,1.658,0.055,0.064,2011.0777355756022
0.002475,123,074_AlSiMg_200W_500mms_M0_G13_Test_Crossflow_StepoverAlt0124.tif,0.0,1.779,1.672,0.055,0.063,2048.465645876122
0.00248,124,074_AlSiMg_200W_500mms_M0_G13_Test_Crossflow_StepoverAlt0125.tif,-0.001,1.776,1.667,0.054,0.06,2055.951330386552
0.002485,124,074_AlSiMg_200W_500mms_M0_G13_Test_Crossflow_StepoverAlt0125.tif,0.001,1.772,1.682,0.055,0.062,2050.3449473342507
0.00249,124,074_AlSiMg_200W_500mms_M0_G13_Test_Crossflow_StepoverAlt0125.tif,0.0,1.772,1.73,0.052,0.061,2047.605242200631
0.002495,124,074_AlSiMg_200W_500mms_M0_G13_Test_Crossflow_StepoverAlt0125.tif,0.0,1.776,1.695,0.053,0.062,1966.2179232075928
0.0025,125,074_AlSiMg_200W_500mms_M0_G13_Test_Crossflow_StepoverAlt0126.tif,0.0,1.781,1.717,0.054,0.062,1926.054759789546
0.002505,125,074_AlSiMg_200W_500mms_M0_G13_Test_Crossflow_StepoverAlt0126.tif,-0.002,1.797,1.703,0.052,0.062,1912.932701709117
0.00251,125,074_AlSiMg_200W_500mms_M0_G13_Test_Crossflow_StepoverAlt0126.tif,-0.002,1.8,1.72,0.054,0.063,1902.558295175441
0.002515,125,074_AlSiMg_200W_500mms_M0_G13_Test_Crossflow_StepoverAlt0126.tif,-0.002,1.8,1.726,0.053,0.063,1924.9939946742077
0.00252,126,074_AlSiMg_200W_500mms_M0_G13_Test_Crossflow_StepoverAlt0127.tif,0.0,1.801,1.684,0.055,0.065,1986.8990636377318
0.002525,126,074_AlSiMg_200W_500mms_M0_G13_Test_Crossflow_StepoverAlt0127.tif,0.001,1.798,1.731,0.055,0.062,2024.3840059964637
0.00253,126,074_AlSiMg_200W_500mms_M0_G13_Test_Crossflow_StepoverAlt0127.tif,-0.001,1.797,1.741,0.055,0.062,2060.9533799541923
0.002535,126,074_AlSiMg_200W_500mms_M0_G13_Test_Crossflow_StepoverAlt0127.tif,-0.002,1.79,1.716,0.054,0.061,2133.804329870204
0.00254,127,074_AlSiMg_200W_500mms_M0_G13_Test_Crossflow_StepoverAlt0128.tif,-0.001,1.777,1.706,0.054,0.062,2087.921314494136
0.002545,127,074_AlSiMg_200W_500mms_M0_G13_Test_Crossflow_StepoverAlt0128.tif,-0.001,1.776,1.672,0.054,0.06,2087.921314494136
0.00255,127,074_AlSiMg_200W_500mms_M0_G13_Test_Crossflow_StepoverAlt0128.tif,-0.002,1.776,1.67,0.052,0.061,2028.6944665899282
0.002555,127,074_AlSiMg_200W_500mms_M0_G13_Test_Crossflow_StepoverAlt0128.tif,0.0,1.779,1.653,0.055,0.062,2013.742255788175
0.00256,128,074_AlSiMg_200W_500mms_M0_G13_Test_Crossflow_StepoverAlt0129.tif,0.001,1.779,1.646,0.052,0.062,1951.26571240584
0.002565,128,074_AlSiMg_200W_500mms_M0_G13_Test_Crossflow_StepoverAlt0129.tif,-0.001,1.786,1.692,0.055,0.064,2021.7352528095707
0.00257,128,074_AlSiMg_200W_500mms_M0_G13_Test_Crossflow_StepoverAlt0129.tif,-0.002,1.801,1.644,0.053,0.062,1965.5751139226159
0.002575,128,074_AlSiMg_200W_500mms_M0_G13_Test_Crossflow_StepoverAlt0129.tif,0.0,1.812,1.713,0.056,0.062,1974.1114829996418
0.00258,129,074_AlSiMg_200W_500mms_M0_G13_Test_Crossflow_StepoverAlt0130.tif,0.0,1.812,1.658,0.054,0.064,2014.1195185589775
0.002585,129,074_AlSiMg_200W_500mms_M0_G13_Test_Crossflow_StepoverAlt0130.tif,0.001,1.808,1.695,0.055,0.065,2019.725901611279
0.00259,129,074_AlSiMg_200W_500mms_M0_G13_Test_Crossflow_StepoverAlt0130.tif,0.001,1.805,1.688,0.056,0.063,1914.031031303622
0.002595,129,074_AlSiMg_200W_500mms_M0_G13_Test_Crossflow_StepoverAlt0130.tif,-0.001,1.804,1.691,0.055,0.064,1935.5242833692016
0.0026,130,074_AlSiMg_200W_500mms_M0_G13_Test_Crossflow_StepoverAlt0131.tif,-0.002,1.797,1.677,0.055,0.067,1932.7328443687443
0.002605,130,074_AlSiMg_200W_500mms_M0_G13_Test_Crossflow_StepoverAlt0131.tif,0.0,1.784,1.685,0.056,0.065,1930.1127191099283
0.00261,130,074_AlSiMg_200W_500mms_M0_G13_Test_Crossflow_StepoverAlt0131.tif,-0.001,1.776,1.698,0.054,0.064,1902.367217512675
0.002615,130,074_AlSiMg_200W_500mms_M0_G13_Test_Crossflow_StepoverAlt0131.tif,0.0,1.775,1.698,0.055,0.062,1927.3154239057137
0.00262,131,074_AlSiMg_200W_500mms_M0_G13_Test_Crossflow_StepoverAlt0132.tif,-0.001,1.776,1.688,0.056,0.067,1961.9823107270895
0.002625,131,074_AlSiMg_200W_500mms_M0_G13_Test_Crossflow_StepoverAlt0132.tif,-0.002,1.781,1.719,0.054,0.064,1983.475562792669
0.00263,131,074_AlSiMg_200W_500mms_M0_G13_Test_Crossflow_StepoverAlt0132.tif,0.0,1.784,1.688,0.055,0.062,1896.7507081710398
0.002635,131,074_AlSiMg_200W_500mms_M0_G13_Test_Crossflow_StepoverAlt0132.tif,-0.002,1.797,1.692,0.056,0.065,1944.8715103234779
0.00264,132,074_AlSiMg_200W_500mms_M0_G13_Test_Crossflow_StepoverAlt0133.tif,0.001,1.809,1.688,0.053,0.065,1933.1548286843292
0.002645,132,074_AlSiMg_200W_500mms_M0_G13_Test_Crossflow_StepoverAlt0133.tif,-0.002,1.811,1.672,0.056,0.064,1879.7861287978317
0.00265,132,074_AlSiMg_200W_500mms_M0_G13_Test_Crossflow_StepoverAlt0133.tif,0.0,1.811,1.691,0.055,0.066,1833.3446703392133
0.002655,132,074_AlSiMg_200W_500mms_M0_G13_Test_Crossflow_StepoverAlt0133.tif,0.001,1.807,1.692,0.055,0.065,1882.6816146603226
0.00266,133,074_AlSiMg_200W_500mms_M0_G13_Test_Crossflow_StepoverAlt0134.tif,0.001,1.798,1.665,0.055,0.067,1829.0242887986328
0.002665,133,074_AlSiMg_200W_500mms_M0_G13_Test_Crossflow_StepoverAlt0134.tif,0.001,1.8,1.702,0.055,0.064,1843.532409438239
0.00267,133,074_AlSiMg_200W_500mms_M0_G13_Test_Crossflow_StepoverAlt0134.tif,-0.002,1.783,1.664,0.054,0.065,1820.4902643153152
0.002675,133,074_AlSiMg_200W_500mms_M0_G13_Test_Crossflow_StepoverAlt0134.tif,-0.003,1.776,1.654,0.055,0.065,1861.4354461772618
0.00268,134,074_AlSiMg_200W_500mms_M0_G13_Test_Crossflow_StepoverAlt0135.tif,0.001,1.77,1.654,0.052,0.063,1855.8290631249606
0.002685,134,074_AlSiMg_200W_500mms_M0_G13_Test_Crossflow_StepoverAlt0135.tif,-0.002,1.77,1.647,0.054,0.063,1833.9575343412744
0.00269,134,074_AlSiMg_200W_500mms_M0_G13_Test_Crossflow_StepoverAlt0135.tif,-0.001,1.773,1.681,0.053,0.062,1849.9383239272524
0.002695,134,074_AlSiMg_200W_500mms_M0_G13_Test_Crossflow_StepoverAlt0135.tif,0.0,1.776,1.681,0.051,0.063,1872.9804690501762
0.0027,135,074_AlSiMg_200W_500mms_M0_G13_Test_Crossflow_StepoverAlt0136.tif,0.0,1.784,1.656,0.055,0.064,1842.473696861199
0.002705,135,074_AlSiMg_200W_500mms_M0_G13_Test_Crossflow_StepoverAlt0136.tif,0.0,1.8,1.647,0.055,0.065,1868.455380468685
0.00271,135,074_AlSiMg_200W_500mms_M0_G13_Test_Crossflow_StepoverAlt0136.tif,0.001,1.801,1.658,0.054,0.065,1895.8634329616227
0.002715,135,074_AlSiMg_200W_500mms_M0_G13_Test_Crossflow_StepoverAlt0136.tif,-0.001,1.804,1.649,0.056,0.064,1916.2387335168073
0.00272,136,074_AlSiMg_200W_500mms_M0_G13_Test_Crossflow_StepoverAlt0137.tif,-0.002,1.804,1.643,0.056,0.067,1932.219523102785
0.002725,136,074_AlSiMg_200W_500mms_M0_G13_Test_Crossflow_StepoverAlt0137.tif,0.0,1.805,1.684,0.056,0.064,1965.5015484092903
0.00273,136,074_AlSiMg_200W_500mms_M0_G13_Test_Crossflow_StepoverAlt0137.tif,0.001,1.802,1.707,0.055,0.064,1923.5090846981293
0.002735,136,074_AlSiMg_200W_500mms_M0_G13_Test_Crossflow_StepoverAlt0137.tif,-0.001,1.794,1.689,0.055,0.064,1920.7656760697985
0.00274,137,074_AlSiMg_200W_500mms_M0_G13_Test_Crossflow_StepoverAlt0138.tif,-0.001,1.779,1.692,0.053,0.063,1867.1083502081085
0.002745,137,074_AlSiMg_200W_500mms_M0_G13_Test_Crossflow_StepoverAlt0138.tif,-0.002,1.777,1.706,0.055,0.066,1904.4962605086282
0.00275,137,074_AlSiMg_200W_500mms_M0_G13_Test_Crossflow_StepoverAlt0138.tif,0.001,1.775,1.726,0.054,0.065,1966.4706958368108
0.002755,137,074_AlSiMg_200W_500mms_M0_G13_Test_Crossflow_StepoverAlt0138.tif,-0.002,1.777,1.698,0.055,0.062,2028.0958945521227
0.00276,138,074_AlSiMg_200W_500mms_M0_G13_Test_Crossflow_StepoverAlt0139.tif,0.0,1.779,1.707,0.056,0.062,2042.6040151917289
0.002765,138,074_AlSiMg_200W_500mms_M0_G13_Test_Crossflow_StepoverAlt0139.tif,0.0,1.781,1.686,0.056,0.063,2125.829945837074
0.00277,138,074_AlSiMg_200W_500mms_M0_G13_Test_Crossflow_StepoverAlt0139.tif,0.0,1.793,1.686,0.055,0.065,2125.829945837074
0.002775,138,074_AlSiMg_200W_500mms_M0_G13_Test_Crossflow_StepoverAlt0139.tif,-0.002,1.802,1.685,0.06,0.067,2047.8747209229136
0.00278,139,074_AlSiMg_200W_500mms_M0_G13_Test_Crossflow_StepoverAlt0140.tif,0.001,1.801,1.756,0.055,0.062,2025.5586012989504
0.002785,139,074_AlSiMg_200W_500mms_M0_G13_Test_Crossflow_StepoverAlt0140.tif,0.0,1.805,1.776,0.055,0.065,2078.9273011854484
0.00279,139,074_AlSiMg_200W_500mms_M0_G13_Test_Crossflow_StepoverAlt0140.tif,-0.002,1.801,1.754,0.055,0.063,2066.371306147128
0.002795,139,074_AlSiMg_200W_500mms_M0_G13_Test_Crossflow_StepoverAlt0140.tif,0.0,1.797,1.72,0.055,0.062,2028.9833958466083
0.0028,140,074_AlSiMg_200W_500mms_M0_G13_Test_Crossflow_StepoverAlt0141.tif,-0.003,1.791,1.723,0.055,0.062,2054.2607473745866
0.002805,140,074_AlSiMg_200W_500mms_M0_G13_Test_Crossflow_StepoverAlt0141.tif,-0.001,1.78,1.709,0.055,0.064,2036.5688314392141
0.00281,140,074_AlSiMg_200W_500mms_M0_G13_Test_Crossflow_StepoverAlt0141.tif,-0.001,1.775,1.689,0.052,0.06,2192.456807513582
0.002815,140,074_AlSiMg_200W_500mms_M0_G13_Test_Crossflow_StepoverAlt0141.tif,-0.001,1.772,1.685,0.055,0.064,2155.0688972130624
0.00282,141,074_AlSiMg_200W_500mms_M0_G13_Test_Crossflow_StepoverAlt0142.tif,-0.001,1.775,1.686,0.063,0.065,2192.456807513582
0.002825,141,074_AlSiMg_200W_500mms_M0_G13_Test_Crossflow_StepoverAlt0142.tif,0.0,1.777,1.706,0.055,0.064,2161.543082415605
0.00283,141,074_AlSiMg_200W_500mms_M0_G13_Test_Crossflow_StepoverAlt0142.tif,0.001,1.783,1.665,0.055,0.062,2139.9259192596282
0.002835,141,074_AlSiMg_200W_500mms_M0_G13_Test_Crossflow_StepoverAlt0142.tif,0.001,1.793,1.644,0.053,0.063,1941.0436498324393
0.00284,142,074_AlSiMg_200W_500mms_M0_G13_Test_Crossflow_StepoverAlt0143.tif,-0.002,1.802,1.636,0.053,0.063,1978.4315601329595
0.002845,142,074_AlSiMg_200W_500mms_M0_G13_Test_Crossflow_StepoverAlt0143.tif,-0.002,1.807,1.646,0.053,0.062,1904.9174260963032
0.00285,142,074_AlSiMg_200W_500mms_M0_G13_Test_Crossflow_StepoverAlt0143.tif,0.0,1.809,1.658,0.055,0.062,1926.5345892522794
0.002855,142,074_AlSiMg_200W_500mms_M0_G13_Test_Crossflow_StepoverAlt0143.tif,-0.002,1.805,1.685,0.053,0.064,1948.151752408256
0.00286,143,074_AlSiMg_200W_500mms_M0_G13_Test_Crossflow_StepoverAlt0144.tif,0.001,1.802,1.714,0.055,0.064,2013.2100798725144
0.002865,143,074_AlSiMg_200W_500mms_M0_G13_Test_Crossflow_StepoverAlt0144.tif,-0.002,1.802,1.671,0.055,0.064,1954.2050064160183
0.00287,143,074_AlSiMg_200W_500mms_M0_G13_Test_Crossflow_StepoverAlt0144.tif,-0.001,1.783,1.71,0.055,0.061,1948.357587840618
0.002875,143,074_AlSiMg_200W_500mms_M0_G13_Test_Crossflow_StepoverAlt0144.tif,0.001,1.781,1.681,0.053,0.063,1983.0672770818223
0.00288,144,074_AlSiMg_200W_500mms_M0_G13_Test_Crossflow_StepoverAlt0145.tif,-0.001,1.773,1.731,0.051,0.062,1971.6240709112426
0.002885,144,074_AlSiMg_200W_500mms_M0_G13_Test_Crossflow_StepoverAlt0145.tif,-0.002,1.775,1.706,0.054,0.061,2321.672836720051
0.00289,144,074_AlSiMg_200W_500mms_M0_G13_Test_Crossflow_StepoverAlt0145.tif,0.001,1.777,1.681,0.051,0.06,2315.816156797018
0.002895,144,074_AlSiMg_200W_500mms_M0_G13_Test_Crossflow_StepoverAlt0145.tif,-0.001,1.777,1.668,0.069,0.06,2346.3465929379754
0.0029,145,074_AlSiMg_200W_500mms_M0_G13_Test_Crossflow_StepoverAlt0146.tif,-0.001,1.787,1.685,0.051,0.061,2269.663261385234
0.002905,145,074_AlSiMg_200W_500mms_M0_G13_Test_Crossflow_StepoverAlt0146.tif,0.001,1.802,1.684,0.051,0.06,2253.6326244768047
0.00291,145,074_AlSiMg_200W_500mms_M0_G13_Test_Crossflow_StepoverAlt0146.tif,-0.001,1.807,1.698,0.051,0.062,1853.4284761980405
0.002915,145,074_AlSiMg_200W_500mms_M0_G13_Test_Crossflow_StepoverAlt0146.tif,-0.001,1.811,1.658,0.051,0.061,1838.9286769655123
0.00292,146,074_AlSiMg_200W_500mms_M0_G13_Test_Crossflow_StepoverAlt0147.tif,0.001,1.808,1.681,0.052,0.06,1841.8767780605442
0.002925,146,074_AlSiMg_200W_500mms_M0_G13_Test_Crossflow_StepoverAlt0147.tif,-0.001,1.807,1.684,0.051,0.062,1896.0048057832405
0.00293,146,074_AlSiMg_200W_500mms_M0_G13_Test_Crossflow_StepoverAlt0147.tif,0.0,1.802,1.703,0.052,0.061,1898.961490199245
0.002935,146,074_AlSiMg_200W_500mms_M0_G13_Test_Crossflow_StepoverAlt0147.tif,-0.002,1.791,1.702,0.053,0.061,1870.8926996708092
0.00294,147,074_AlSiMg_200W_500mms_M0_G13_Test_Crossflow_StepoverAlt0148.tif,-0.002,1.776,1.712,0.052,0.062,1873.843407273444
0.002945,147,074_AlSiMg_200W_500mms_M0_G13_Test_Crossflow_StepoverAlt0148.tif,0.0,1.772,1.758,0.054,0.064,1894.4928977601514
0.00295,147,074_AlSiMg_200W_500mms_M0_G13_Test_Crossflow_StepoverAlt0148.tif,0.001,1.769,1.763,0.052,0.063,1846.2122886128552
0.002955,147,074_AlSiMg_200W_500mms_M0_G13_Test_Crossflow_StepoverAlt0148.tif,0.002,1.772,1.706,0.053,0.061,1930.181391687817
0.00296,148,074_AlSiMg_200W_500mms_M0_G13_Test_Crossflow_StepoverAlt0149.tif,0.0,1.776,1.696,0.053,0.064,1986.341530574772
0.002965,148,074_AlSiMg_200W_500mms_M0_G13_Test_Crossflow_StepoverAlt0149.tif,0.0,1.779,1.692,0.055,0.061,2062.7523755841935
0.00297,148,074_AlSiMg_200W_500mms_M0_G13_Test_Crossflow_StepoverAlt0149.tif,0.002,1.795,1.685,0.055,0.062,1983.4105636450536
0.002975,148,074_AlSiMg_200W_500mms_M0_G13_Test_Crossflow_StepoverAlt0149.tif,0.001,1.8,1.686,0.055,0.062,1995.0196287181857
0.00298,149,074_AlSiMg_200W_500mms_M0_G13_Test_Crossflow_StepoverAlt0150.tif,-0.002,1.804,1.686,0.051,0.064,1995.0196287181857
0.002985,149,074_AlSiMg_200W_500mms_M0_G13_Test_Crossflow_StepoverAlt0150.tif,0.0,1.804,1.681,0.052,0.062,1936.0145552616898
0.00299,149,074_AlSiMg_200W_500mms_M0_G13_Test_Crossflow_StepoverAlt0150.tif,-0.002,1.798,1.705,0.055,0.061,1846.4070797394193
0.002995,149,074_AlSiMg_200W_500mms_M0_G13_Test_Crossflow_StepoverAlt0150.tif,-0.002,1.798,1.71,0.053,0.063,1950.9824165679197
0.003,150,074_AlSiMg_200W_500mms_M0_G13_Test_Crossflow_StepoverAlt0151.tif,-0.001,1.794,1.726,0.052,0.064,1987.6539606420836
0.003005,150,074_AlSiMg_200W_500mms_M0_G13_Test_Crossflow_StepoverAlt0151.tif,-0.001,1.777,1.695,0.055,0.062,1954.5084148737606
0.00301,150,074_AlSiMg_200W_500mms_M0_G13_Test_Crossflow_StepoverAlt0151.tif,0.0,1.77,1.758,0.053,0.061,1934.1519357181999
0.003015,150,074_AlSiMg_200W_500mms_M0_G13_Test_Crossflow_StepoverAlt0151.tif,0.0,1.77,1.804,0.051,0.058,1977.8763958644026
0.00302,151,074_AlSiMg_200W_500mms_M0_G13_Test_Crossflow_StepoverAlt0152.tif,-0.001,1.776,1.825,0.051,0.062,1949.785047505884
0.003025,151,074_AlSiMg_200W_500mms_M0_G13_Test_Crossflow_StepoverAlt0152.tif,0.001,1.779,1.808,0.052,0.061,1876.4493502703074
0.00303,151,074_AlSiMg_200W_500mms_M0_G13_Test_Crossflow_StepoverAlt0152.tif,-0.001,1.783,1.781,0.052,0.06,1808.169309315136
0.003035,151,074_AlSiMg_200W_500mms_M0_G13_Test_Crossflow_StepoverAlt0152.tif,0.001,1.793,1.781,0.049,0.061,1844.5365685743716
0.00304,152,074_AlSiMg_200W_500mms_M0_G13_Test_Crossflow_StepoverAlt0153.tif,0.001,1.807,1.742,0.051,0.062,1825.5578305709107
0.003045,152,074_AlSiMg_200W_500mms_M0_G13_Test_Crossflow_StepoverAlt0153.tif,0.0,1.808,1.759,0.053,0.062,1804.8180624583304
0.00305,152,074_AlSiMg_200W_500mms_M0_G13_Test_Crossflow_StepoverAlt0153.tif,-0.001,1.807,1.734,0.051,0.061,1854.5561681121676
0.003055,152,074_AlSiMg_200W_500mms_M0_G13_Test_Crossflow_StepoverAlt0153.tif,0.0,1.807,1.871,0.051,0.06,1911.482021225457
0.00306,153,074_AlSiMg_200W_500mms_M0_G13_Test_Crossflow_StepoverAlt0154.tif,-0.002,1.807,1.8,0.051,0.06,1911.482021225457
0.003065,153,074_AlSiMg_200W_500mms_M0_G13_Test_Crossflow_StepoverAlt0154.tif,0.0,1.802,1.786,0.054,0.062,1927.512658133886
0.00307,153,074_AlSiMg_200W_500mms_M0_G13_Test_Crossflow_StepoverAlt0154.tif,0.001,1.787,1.752,0.053,0.062,1911.482021225457
0.003075,153,074_AlSiMg_200W_500mms_M0_G13_Test_Crossflow_StepoverAlt0154.tif,0.0,1.781,1.723,0.051,0.06,1952.0962577696214
0.00308,154,074_AlSiMg_200W_500mms_M0_G13_Test_Crossflow_StepoverAlt0155.tif,0.0,1.779,1.7,0.051,0.061,1931.5376639155675
0.003085,154,074_AlSiMg_200W_500mms_M0_G13_Test_Crossflow_StepoverAlt0155.tif,0.001,1.783,1.703,0.052,0.059,1999.1184822960513
0.00309,154,074_AlSiMg_200W_500mms_M0_G13_Test_Crossflow_StepoverAlt0155.tif,0.0,1.786,1.7,0.053,0.062,1952.4213718349943
0.003095,154,074_AlSiMg_200W_500mms_M0_G13_Test_Crossflow_StepoverAlt0155.tif,-0.001,1.79,1.7,0.056,0.062,2064.2371117727726
0.0031,155,074_AlSiMg_200W_500mms_M0_G13_Test_Crossflow_StepoverAlt0156.tif,-0.002,1.797,1.717,0.05,0.062,2041.4428615599004
0.003105,155,074_AlSiMg_200W_500mms_M0_G13_Test_Crossflow_StepoverAlt0156.tif,-0.001,1.807,1.691,0.055,0.06,2059.2036300233613
0.00311,155,074_AlSiMg_200W_500mms_M0_G13_Test_Crossflow_StepoverAlt0156.tif,-0.002,1.814,1.726,0.051,0.059,1972.7120360321744
0.003115,155,074_AlSiMg_200W_500mms_M0_G13_Test_Crossflow_StepoverAlt0156.tif,-0.001,1.809,1.699,0.053,0.061,2003.3785095848023
0.00312,156,074_AlSiMg_200W_500mms_M0_G13_Test_Crossflow_StepoverAlt0157.tif,-0.001,1.807,1.686,0.052,0.062,2067.844126419368
0.003125,156,074_AlSiMg_200W_500mms_M0_G13_Test_Crossflow_StepoverAlt0157.tif,0.0,1.804,1.719,0.051,0.061,2070.7639082006563
0.00313,156,074_AlSiMg_200W_500mms_M0_G13_Test_Crossflow_StepoverAlt0157.tif,0.0,1.798,1.719,0.057,0.06,2031.1356797104877
0.003135,156,074_AlSiMg_200W_500mms_M0_G13_Test_Crossflow_StepoverAlt0157.tif,-0.002,1.787,1.695,0.052,0.06,2062.029618534204
0.00314,157,074_AlSiMg_200W_500mms_M0_G13_Test_Crossflow_StepoverAlt0158.tif,0.001,1.776,1.684,0.051,0.061,2059.014551387629
0.003145,157,074_AlSiMg_200W_500mms_M0_G13_Test_Crossflow_StepoverAlt0158.tif,-0.001,1.77,1.677,0.051,0.059,1849.0257258698778
0.00315,157,074_AlSiMg_200W_500mms_M0_G13_Test_Crossflow_StepoverAlt0158.tif,0.001,1.77,1.71,0.05,0.06,1868.9001943014616
0.003155,157,074_AlSiMg_200W_500mms_M0_G13_Test_Crossflow_StepoverAlt0158.tif,-0.001,1.772,1.67,0.049,0.061,1835.1927255560536
0.00316,158,074_AlSiMg_200W_500mms_M0_G13_Test_Crossflow_StepoverAlt0159.tif,-0.002,1.775,1.677,0.052,0.059,1857.9869757689255
0.003165,158,074_AlSiMg_200W_500mms_M0_G13_Test_Crossflow_StepoverAlt0159.tif,0.001,1.78,1.682,0.049,0.061,1863.9587273315053
0.00317,158,074_AlSiMg_200W_500mms_M0_G13_Test_Crossflow_StepoverAlt0159.tif,0.0,1.794,1.671,0.052,0.059,1894.6511289303385
0.003175,158,074_AlSiMg_200W_500mms_M0_G13_Test_Crossflow_StepoverAlt0159.tif,0.0,1.807,1.675,0.052,0.062,1922.3502588867873
0.00318,159,074_AlSiMg_200W_500mms_M0_G13_Test_Crossflow_StepoverAlt0160.tif,-0.001,1.809,1.692,0.05,0.06,1941.5579283996672
0.003185,159,074_AlSiMg_200W_500mms_M0_G13_Test_Crossflow_StepoverAlt0160.tif,-0.002,1.805,1.667,0.054,0.06,1887.8697393630785
0.00319,159,074_AlSiMg_200W_500mms_M0_G13_Test_Crossflow_StepoverAlt0160.tif,-0.002,1.804,1.65,0.051,0.062,1884.9130549470738
0.003195,159,074_AlSiMg_200W_500mms_M0_G13_Test_Crossflow_StepoverAlt0160.tif,0.0,1.8,1.688,0.052,0.062,1876.3790304637557
0.0032,160,074_AlSiMg_200W_500mms_M0_G13_Test_Crossflow_StepoverAlt0161.tif,-0.001,1.793,1.719,0.051,0.061,1831.6632555448814
0.003205,160,074_AlSiMg_200W_500mms_M0_G13_Test_Crossflow_StepoverAlt0161.tif,0.0,1.784,1.668,0.052,0.063,1856.1118223646863
0.00321,160,074_AlSiMg_200W_500mms_M0_G13_Test_Crossflow_StepoverAlt0161.tif,-0.001,1.776,1.703,0.053,0.061,1832.585706077543
0.003215,160,074_AlSiMg_200W_500mms_M0_G13_Test_Crossflow_StepoverAlt0161.tif,-0.001,1.775,1.703,0.049,0.058,1866.4363293172646
0.00322,161,074_AlSiMg_200W_500mms_M0_G13_Test_Crossflow_StepoverAlt0162.tif,-0.002,1.777,1.672,0.049,0.06,1877.9854209471578
0.003225,161,074_AlSiMg_200W_500mms_M0_G13_Test_Crossflow_StepoverAlt0162.tif,0.001,1.781,1.656,0.051,0.059,1832.2669123007552
0.00323,161,074_AlSiMg_200W_500mms_M0_G13_Test_Crossflow_StepoverAlt0162.tif,-0.002,1.784,1.664,0.051,0.061,1835.339438899408
0.003235,161,074_AlSiMg_200W_500mms_M0_G13_Test_Crossflow_StepoverAlt0162.tif,0.001,1.8,1.777,0.049,0.059,1835.339438899408
0.00324,162,074_AlSiMg_200W_500mms_M0_G13_Test_Crossflow_StepoverAlt0163.tif,0.0,1.809,1.714,0.05,0.059,1786.9890164271583
0.003245,162,074_AlSiMg_200W_500mms_M0_G13_Test_Crossflow_StepoverAlt0163.tif,0.001,1.809,1.671,0.049,0.06,1766.4195845560196
0.00325,162,074_AlSiMg_200W_500mms_M0_G13_Test_Crossflow_StepoverAlt0163.tif,0.001,1.811,1.699,0.051,0.062,1809.2802697332634
0.003255,162,074_AlSiMg_200W_500mms_M0_G13_Test_Crossflow_StepoverAlt0163.tif,-0.001,1.805,1.682,0.049,0.06,1812.2896124557628
0.00326,163,074_AlSiMg_200W_500mms_M0_G13_Test_Crossflow_StepoverAlt0164.tif,0.0,1.805,1.678,0.052,0.06,1897.72079770643
0.003265,163,074_AlSiMg_200W_500mms_M0_G13_Test_Crossflow_StepoverAlt0164.tif,0.0,1.802,1.672,0.051,0.06,1948.9910019599677
0.00327,163,074_AlSiMg_200W_500mms_M0_G13_Test_Crossflow_StepoverAlt0164.tif,0.001,1.788,1.668,0.055,0.062,1969.5604338311064
0.003275,163,074_AlSiMg_200W_500mms_M0_G13_Test_Crossflow_StepoverAlt0164.tif,0.0,1.781,1.692,0.052,0.06,1972.418257300265
0.00328,164,074_AlSiMg_200W_500mms_M0_G13_Test_Crossflow_StepoverAlt0165.tif,0.001,1.777,1.73,0.051,0.061,1972.4182573002654
0.003285,164,074_AlSiMg_200W_500mms_M0_G13_Test_Crossflow_StepoverAlt0165.tif,-0.002,1.779,1.728,0.053,0.061,1907.5565039207365
0.00329,164,074_AlSiMg_200W_500mms_M0_G13_Test_Crossflow_StepoverAlt0165.tif,0.0,1.783,1.744,0.051,0.06,1907.5565039207365
0.003295,164,074_AlSiMg_200W_500mms_M0_G13_Test_Crossflow_StepoverAlt0165.tif,0.0,1.781,1.737,0.051,0.061,1907.5565039207365
0.0033,165,074_AlSiMg_200W_500mms_M0_G13_Test_Crossflow_StepoverAlt0166.tif,0.001,1.79,1.712,0.052,0.06,1883.9589123389974
0.003305,165,074_AlSiMg_200W_500mms_M0_G13_Test_Crossflow_StepoverAlt0166.tif,0.0,1.801,1.685,0.051,0.061,1850.4222302271112
0.00331,165,074_AlSiMg_200W_500mms_M0_G13_Test_Crossflow_StepoverAlt0166.tif,-0.002,1.802,1.66,0.051,0.06,1847.407163080536
0.003315,165,074_AlSiMg_200W_500mms_M0_G13_Test_Crossflow_StepoverAlt0166.tif,0.0,1.801,1.684,0.05,0.061,1826.6673949679557
0.00332,166,074_AlSiMg_200W_500mms_M0_G13_Test_Crossflow_StepoverAlt0167.tif,-0.002,1.802,1.671,0.05,0.06,1842.6980318763847
0.003325,166,074_AlSiMg_200W_500mms_M0_G13_Test_Crossflow_StepoverAlt0167.tif,0.001,1.798,1.717,0.051,0.06,1860.5180182076772
0.00333,166,074_AlSiMg_200W_500mms_M0_G13_Test_Crossflow_StepoverAlt0167.tif,-0.001,1.794,1.695,0.051,0.06,1897.002801414595
0.003335,166,074_AlSiMg_200W_500mms_M0_G13_Test_Crossflow_StepoverAlt0167.tif,-0.001,1.786,1.737,0.051,0.059,1936.78827358218
0.00334,167,074_AlSiMg_200W_500mms_M0_G13_Test_Crossflow_StepoverAlt0168.tif,0.001,1.775,1.695,0.052,0.061,1920.7576366737508
0.003345,167,074_AlSiMg_200W_500mms_M0_G13_Test_Crossflow_StepoverAlt0168.tif,-0.002,1.768,1.727,0.052,0.06,1914.6757673525985
0.00335,167,074_AlSiMg_200W_500mms_M0_G13_Test_Crossflow_StepoverAlt0168.tif,-0.002,1.77,1.73,0.051,0.061,1863.3190989094196
0.003355,167,074_AlSiMg_200W_500mms_M0_G13_Test_Crossflow_StepoverAlt0168.tif,-0.002,1.775,1.734,0.049,0.058,1860.3709978143881
0.00336,168,074_AlSiMg_200W_500mms_M0_G13_Test_Crossflow_StepoverAlt0169.tif,0.001,1.776,1.692,0.05,0.061,1877.3808345160219
0.003365,168,074_AlSiMg_200W_500mms_M0_G13_Test_Crossflow_StepoverAlt0169.tif,0.0,1.786,1.665,0.051,0.06,1893.411471424451
0.00337,168,074_AlSiMg_200W_500mms_M0_G13_Test_Crossflow_StepoverAlt0169.tif,-0.002,1.8,1.642,0.051,0.058,1920.2331088581836
0.003375,168,074_AlSiMg_200W_500mms_M0_G13_Test_Crossflow_StepoverAlt0169.tif,-0.001,1.808,1.663,0.051,0.06,1959.606614088348
0.00338,169,074_AlSiMg_200W_500mms_M0_G13_Test_Crossflow_StepoverAlt0170.tif,0.0,1.809,1.633,0.052,0.06,1959.6066140883481
0.003385,169,074_AlSiMg_200W_500mms_M0_G13_Test_Crossflow_StepoverAlt0170.tif,-0.001,1.805,1.727,0.053,0.062,1899.7360922094704
0.00339,169,074_AlSiMg_200W_500mms_M0_G13_Test_Crossflow_StepoverAlt0170.tif,-0.002,1.804,1.671,0.051,0.06,1905.5729153277491
0.003395,169,074_AlSiMg_200W_500mms_M0_G13_Test_Crossflow_StepoverAlt0170.tif,0.0,1.801,1.646,0.049,0.059,1884.8331472151688
0.0034,170,074_AlSiMg_200W_500mms_M0_G13_Test_Crossflow_StepoverAlt0171.tif,-0.001,1.8,1.64,0.053,0.062,1878.9963240968905
0.003405,170,074_AlSiMg_200W_500mms_M0_G13_Test_Crossflow_StepoverAlt0171.tif,0.0,1.784,1.653,0.051,0.06,1878.9963240968905
0.00341,170,074_AlSiMg_200W_500mms_M0_G13_Test_Crossflow_StepoverAlt0171.tif,-0.001,1.772,1.689,0.051,0.06,1864.5171723819858
0.003415,170,074_AlSiMg_200W_500mms_M0_G13_Test_Crossflow_StepoverAlt0171.tif,-0.001,1.776,1.685,0.051,0.06,1842.649712355278
0.00342,171,074_AlSiMg_200W_500mms_M0_G13_Test_Crossflow_StepoverAlt0172.tif,0.0,1.776,1.688,0.049,0.06,1826.6190754468491
0.003425,171,074_AlSiMg_200W_500mms_M0_G13_Test_Crossflow_StepoverAlt0172.tif,-0.002,1.781,1.66,0.051,0.061,1810.5884385384197
0.00343,171,074_AlSiMg_200W_500mms_M0_G13_Test_Crossflow_StepoverAlt0172.tif,-0.002,1.788,1.65,0.051,0.061,1825.4246374993677
0.003435,171,074_AlSiMg_200W_500mms_M0_G13_Test_Crossflow_StepoverAlt0172.tif,-0.002,1.802,1.643,0.051,0.061,1845.9940693705062
0.00344,172,074_AlSiMg_200W_500mms_M0_G13_Test_Crossflow_StepoverAlt0173.tif,-0.001,1.808,1.64,0.05,0.058,1842.979002223931
0.003445,172,074_AlSiMg_200W_500mms_M0_G13_Test_Crossflow_StepoverAlt0173.tif,-0.002,1.812,1.656,0.051,0.061,1842.979002223931
0.00345,172,074_AlSiMg_200W_500mms_M0_G13_Test_Crossflow_StepoverAlt0173.tif,-0.001,1.808,1.632,0.05,0.06,1794.231172358002
0.003455,172,074_AlSiMg_200W_500mms_M0_G13_Test_Crossflow_StepoverAlt0173.tif,-0.002,1.804,1.675,0.051,0.061,1773.3131040759022
0.00346,173,074_AlSiMg_200W_500mms_M0_G13_Test_Crossflow_StepoverAlt0174.tif,-0.002,1.798,1.681,0.048,0.061,1770.2980369293268
0.003465,173,074_AlSiMg_200W_500mms_M0_G13_Test_Crossflow_StepoverAlt0174.tif,-0.002,1.795,1.65,0.049,0.058,1783.2618716631791
0.00347,173,074_AlSiMg_200W_500mms_M0_G13_Test_Crossflow_StepoverAlt0174.tif,0.0,1.779,1.689,0.05,0.06,1759.5702463767418
0.003475,173,074_AlSiMg_200W_500mms_M0_G13_Test_Crossflow_StepoverAlt0174.tif,-0.001,1.775,1.703,0.049,0.058,1787.7486443715322
0.00348,174,074_AlSiMg_200W_500mms_M0_G13_Test_Crossflow_StepoverAlt0175.tif,0.0,1.77,1.668,0.048,0.059,2141.397339734044
0.003485,174,074_AlSiMg_200W_500mms_M0_G13_Test_Crossflow_StepoverAlt0175.tif,0.001,1.772,1.665,0.049,0.06,2181.1828119016295
0.00349,174,074_AlSiMg_200W_500mms_M0_G13_Test_Crossflow_StepoverAlt0175.tif,0.0,1.77,1.651,0.061,0.06,2181.182811901629
0.003495,174,074_AlSiMg_200W_500mms_M0_G13_Test_Crossflow_StepoverAlt0175.tif,-0.001,1.775,1.684,0.052,0.06,2211.685467956043
0.0035,175,074_AlSiMg_200W_500mms_M0_G13_Test_Crossflow_StepoverAlt0176.tif,0.001,1.787,1.651,0.049,0.058,2280.104043461375
0.003505,175,074_AlSiMg_200W_500mms_M0_G13_Test_Crossflow_StepoverAlt0176.tif,-0.002,1.797,1.633,0.048,0.057,1907.2791053467051
0.00351,175,074_AlSiMg_200W_500mms_M0_G13_Test_Crossflow_StepoverAlt0176.tif,0.001,1.804,1.64,0.049,0.056,1918.357843959889
0.003515,175,074_AlSiMg_200W_500mms_M0_G13_Test_Crossflow_StepoverAlt0176.tif,0.0,1.802,1.65,0.048,0.058,1902.318796216378
0.00352,176,074_AlSiMg_200W_500mms_M0_G13_Test_Crossflow_StepoverAlt0177.tif,0.001,1.804,1.663,0.049,0.056,1943.3569090825954
0.003525,176,074_AlSiMg_200W_500mms_M0_G13_Test_Crossflow_StepoverAlt0177.tif,0.001,1.801,1.623,0.049,0.059,1920.206355409883
0.00353,176,074_AlSiMg_200W_500mms_M0_G13_Test_Crossflow_StepoverAlt0177.tif,0.0,1.798,1.621,0.049,0.056,1920.206355409883
0.003535,176,074_AlSiMg_200W_500mms_M0_G13_Test_Crossflow_StepoverAlt0177.tif,0.0,1.79,1.633,0.048,0.056,1882.3059793629666
0.00354,177,074_AlSiMg_200W_500mms_M0_G13_Test_Crossflow_StepoverAlt0178.tif,-0.002,1.777,1.623,0.048,0.058,1922.2468827589223
0.003545,177,074_AlSiMg_200W_500mms_M0_G13_Test_Crossflow_StepoverAlt0178.tif,-0.002,1.776,1.651,0.049,0.058,1884.3465067120057
0.00355,177,074_AlSiMg_200W_500mms_M0_G13_Test_Crossflow_StepoverAlt0178.tif,-0.001,1.775,1.657,0.051,0.059,1869.596684337801
0.003555,177,074_AlSiMg_200W_500mms_M0_G13_Test_Crossflow_StepoverAlt0178.tif,-0.002,1.777,1.642,0.049,0.058,1875.8090923561067
0.00356,178,074_AlSiMg_200W_500mms_M0_G13_Test_Crossflow_StepoverAlt0179.tif,-0.001,1.781,1.622,0.049,0.058,1845.290892897691
0.003565,178,074_AlSiMg_200W_500mms_M0_G13_Test_Crossflow_StepoverAlt0179.tif,-0.002,1.787,1.64,0.05,0.06,1765.7562334374663
0.00357,178,074_AlSiMg_200W_500mms_M0_G13_Test_Crossflow_StepoverAlt0179.tif,0.001,1.801,1.633,0.049,0.06,1771.8381027586183
0.003575,178,074_AlSiMg_200W_500mms_M0_G13_Test_Crossflow_StepoverAlt0179.tif,0.0,1.809,1.639,0.049,0.062,1752.6618600064605
0.00358,179,074_AlSiMg_200W_500mms_M0_G13_Test_Crossflow_StepoverAlt0180.tif,-0.001,1.812,1.661,0.051,0.06,1809.4571688756791
0.003585,179,074_AlSiMg_200W_500mms_M0_G13_Test_Crossflow_StepoverAlt0180.tif,-0.001,1.808,1.674,0.048,0.058,1843.0478949327473
0.00359,179,074_AlSiMg_200W_500mms_M0_G13_Test_Crossflow_StepoverAlt0180.tif,0.0,1.805,1.642,0.051,0.058,1922.5825543929725
0.003595,179,074_AlSiMg_200W_500mms_M0_G13_Test_Crossflow_StepoverAlt0180.tif,0.0,1.804,1.65,0.05,0.059,2015.9298063716801
0.0036,180,074_AlSiMg_200W_500mms_M0_G13_Test_Crossflow_StepoverAlt0181.tif,0.001,1.801,1.681,0.051,0.059,2078.9375232592038
0.003605,180,074_AlSiMg_200W_500mms_M0_G13_Test_Crossflow_StepoverAlt0181.tif,0.001,1.784,1.667,0.054,0.059,2004.5878496654218
0.00361,180,074_AlSiMg_200W_500mms_M0_G13_Test_Crossflow_StepoverAlt0181.tif,0.0,1.779,1.689,0.051,0.058,2007.5971923879213
0.003615,180,074_AlSiMg_200W_500mms_M0_G13_Test_Crossflow_StepoverAlt0181.tif,0.0,1.781,1.668,0.049,0.06,1959.2467699156718
0.00362,181,074_AlSiMg_200W_500mms_M0_G13_Test_Crossflow_StepoverAlt0182.tif,-0.001,1.781,1.674,0.051,0.06,1865.8995179369645
0.003625,181,074_AlSiMg_200W_500mms_M0_G13_Test_Crossflow_StepoverAlt0182.tif,0.0,1.787,1.647,0.051,0.062,1828.1499131227501
0.00363,181,074_AlSiMg_200W_500mms_M0_G13_Test_Crossflow_StepoverAlt0182.tif,-0.001,1.784,1.658,0.051,0.06,1927.7133185590137
0.003635,181,074_AlSiMg_200W_500mms_M0_G13_Test_Crossflow_StepoverAlt0182.tif,-0.001,1.795,1.654,0.051,0.06,1914.6393660665894
0.00364,182,074_AlSiMg_200W_500mms_M0_G13_Test_Crossflow_StepoverAlt0183.tif,-0.002,1.802,1.646,0.052,0.058,1945.1698022075464
0.003645,182,074_AlSiMg_200W_500mms_M0_G13_Test_Crossflow_StepoverAlt0183.tif,-0.001,1.809,1.667,0.052,0.062,1901.4594542879354
0.00365,182,074_AlSiMg_200W_500mms_M0_G13_Test_Crossflow_StepoverAlt0183.tif,-0.001,1.804,1.698,0.051,0.06,1885.428817379506
0.003655,182,074_AlSiMg_200W_500mms_M0_G13_Test_Crossflow_StepoverAlt0183.tif,-0.002,1.801,1.66,0.051,0.063,1791.9350445818532
0.00366,183,074_AlSiMg_200W_500mms_M0_G13_Test_Crossflow_StepoverAlt0184.tif,0.0,1.798,1.688,0.051,0.061,1782.8880800096144
0.003665,183,074_AlSiMg_200W_500mms_M0_G13_Test_Crossflow_StepoverAlt0184.tif,0.001,1.793,1.72,0.051,0.062,1766.8574431011853
0.00367,183,074_AlSiMg_200W_500mms_M0_G13_Test_Crossflow_StepoverAlt0184.tif,-0.001,1.784,1.684,0.049,0.059,1810.5677910207967
0.003675,183,074_AlSiMg_200W_500mms_M0_G13_Test_Crossflow_StepoverAlt0184.tif,-0.002,1.773,1.674,0.051,0.061,1847.338196041806
0.00368,184,074_AlSiMg_200W_500mms_M0_G13_Test_Crossflow_StepoverAlt0185.tif,-0.002,1.769,1.682,0.051,0.06,1918.4828687269278
0.003685,184,074_AlSiMg_200W_500mms_M0_G13_Test_Crossflow_StepoverAlt0185.tif,-0.001,1.772,1.661,0.052,0.06,1904.0037170120231
0.00369,184,074_AlSiMg_200W_500mms_M0_G13_Test_Crossflow_StepoverAlt0185.tif,0.001,1.777,1.644,0.052,0.059,1900.988649865448
0.003695,184,074_AlSiMg_200W_500mms_M0_G13_Test_Crossflow_StepoverAlt0185.tif,0.0,1.781,1.686,0.049,0.06,1864.3885810858799
0.0037,185,074_AlSiMg_200W_500mms_M0_G13_Test_Crossflow_StepoverAlt0186.tif,0.001,1.791,1.681,0.05,0.06,1827.6181760648706
0.003705,185,074_AlSiMg_200W_500mms_M0_G13_Test_Crossflow_StepoverAlt0186.tif,-0.002,1.802,1.675,0.049,0.06,1813.3993564930383
0.00371,185,074_AlSiMg_200W_500mms_M0_G13_Test_Crossflow_StepoverAlt0186.tif,-0.001,1.808,1.671,0.051,0.061,1920.894575855143
0.003715,185,074_AlSiMg_200W_500mms_M0_G13_Test_Crossflow_StepoverAlt0186.tif,-0.002,1.809,1.668,0.054,0.062,1923.9096430017187
0.00372,186,074_AlSiMg_200W_500mms_M0_G13_Test_Crossflow_StepoverAlt0187.tif,0.0,1.808,1.695,0.055,0.061,2056.2948148106357
0.003725,186,074_AlSiMg_200W_500mms_M0_G13_Test_Crossflow_StepoverAlt0187.tif,-0.002,1.802,1.677,0.051,0.061,2075.273552814096
0.00373,186,074_AlSiMg_200W_500mms_M0_G13_Test_Crossflow_StepoverAlt0187.tif,-0.001,1.801,1.716,0.055,0.06,2072.475727423503
0.003735,186,074_AlSiMg_200W_500mms_M0_G13_Test_Crossflow_StepoverAlt0187.tif,-0.002,1.787,1.686,0.052,0.061,2019.4005631722587
0.00374,187,074_AlSiMg_200W_500mms_M0_G13_Test_Crossflow_StepoverAlt0188.tif,0.0,1.78,1.678,0.053,0.061,2056.1709681932684
0.003745,187,074_AlSiMg_200W_500mms_M0_G13_Test_Crossflow_StepoverAlt0188.tif,0.0,1.776,1.695,0.051,0.059,1963.3339662589508
0.00375,187,074_AlSiMg_200W_500mms_M0_G13_Test_Crossflow_StepoverAlt0188.tif,0.001,1.775,1.702,0.052,0.06,1969.0538182169712
0.003755,187,074_AlSiMg_200W_500mms_M0_G13_Test_Crossflow_StepoverAlt0188.tif,0.001,1.781,1.693,0.052,0.061,1945.456226635232
0.00376,188,074_AlSiMg_200W_500mms_M0_G13_Test_Crossflow_StepoverAlt0189.tif,-0.002,1.784,1.674,0.054,0.063,1871.8920199465385
0.003765,188,074_AlSiMg_200W_500mms_M0_G13_Test_Crossflow_StepoverAlt0189.tif,0.0,1.79,1.681,0.051,0.06,1894.5668704515992
0.00377,188,074_AlSiMg_200W_500mms_M0_G13_Test_Crossflow_StepoverAlt0189.tif,0.0,1.802,1.7,0.051,0.064,1885.5369000354153
0.003775,188,074_AlSiMg_200W_500mms_M0_G13_Test_Crossflow_StepoverAlt0189.tif,-0.002,1.805,1.716,0.053,0.06,1846.3385108414059
0.00378,189,074_AlSiMg_200W_500mms_M0_G13_Test_Crossflow_StepoverAlt0190.tif,-0.001,1.807,1.686,0.049,0.058,1815.808074700449
0.003785,189,074_AlSiMg_200W_500mms_M0_G13_Test_Crossflow_StepoverAlt0190.tif,-0.001,1.804,1.671,0.051,0.062,1886.3884940187977
0.00379,189,074_AlSiMg_200W_500mms_M0_G13_Test_Crossflow_StepoverAlt0190.tif,-0.002,1.802,1.67,0.051,0.062,1842.9738754011566
0.003795,189,074_AlSiMg_200W_500mms_M0_G13_Test_Crossflow_StepoverAlt0190.tif,-0.002,1.798,1.692,0.05,0.058,1833.0251078138797
0.0038,190,074_AlSiMg_200W_500mms_M0_G13_Test_Crossflow_StepoverAlt0191.tif,0.0,1.793,1.681,0.051,0.06,1847.5249070464074
0.003805,190,074_AlSiMg_200W_500mms_M0_G13_Test_Crossflow_StepoverAlt0191.tif,-0.002,1.775,1.653,0.051,0.061,1915.8049480015786
0.00381,190,074_AlSiMg_200W_500mms_M0_G13_Test_Crossflow_StepoverAlt0191.tif,-0.002,1.77,1.649,0.051,0.061,1894.8868797194787
0.003815,190,074_AlSiMg_200W_500mms_M0_G13_Test_Crossflow_StepoverAlt0191.tif,0.001,1.77,1.664,0.051,0.058,1855.1646175246126
0.00382,191,074_AlSiMg_200W_500mms_M0_G13_Test_Crossflow_StepoverAlt0192.tif,0.0,1.773,1.636,0.049,0.058,1871.1952544330416
0.003825,191,074_AlSiMg_200W_500mms_M0_G13_Test_Crossflow_StepoverAlt0192.tif,-0.002,1.776,1.642,0.048,0.059,1890.1739924365024
0.00383,191,074_AlSiMg_200W_500mms_M0_G13_Test_Crossflow_StepoverAlt0192.tif,0.0,1.779,1.651,0.051,0.06,1818.8877055104022
0.003835,191,074_AlSiMg_200W_500mms_M0_G13_Test_Crossflow_StepoverAlt0192.tif,-0.001,1.794,1.693,0.052,0.061,1808.9389379231252
0.00384,192,074_AlSiMg_200W_500mms_M0_G13_Test_Crossflow_StepoverAlt0193.tif,0.0,1.802,1.707,0.05,0.061,1832.6305632095623
0.003845,192,074_AlSiMg_200W_500mms_M0_G13_Test_Crossflow_StepoverAlt0193.tif,-0.002,1.805,1.726,0.051,0.061,1870.3801680237768
0.00385,192,074_AlSiMg_200W_500mms_M0_G13_Test_Crossflow_StepoverAlt0193.tif,-0.002,1.808,1.735,0.051,0.061,1867.432066928745
0.003855,192,074_AlSiMg_200W_500mms_M0_G13_Test_Crossflow_StepoverAlt0193.tif,-0.001,1.804,1.692,0.051,0.058,1881.9230449856266
0.00386,193,074_AlSiMg_200W_500mms_M0_G13_Test_Crossflow_StepoverAlt0194.tif,-0.001,1.804,1.689,0.051,0.06,1861.3536131144879
0.003865,193,074_AlSiMg_200W_500mms_M0_G13_Test_Crossflow_StepoverAlt0194.tif,0.0,1.797,1.678,0.05,0.06,1840.7841812433494
0.00387,193,074_AlSiMg_200W_500mms_M0_G13_Test_Crossflow_StepoverAlt0194.tif,-0.001,1.788,1.693,0.049,0.06,1787.003939520706
0.003875,193,074_AlSiMg_200W_500mms_M0_G13_Test_Crossflow_StepoverAlt0194.tif,0.001,1.775,1.703,0.049,0.06,1787.0039395207064
0.00388,194,074_AlSiMg_200W_500mms_M0_G13_Test_Crossflow_StepoverAlt0195.tif,0.001,1.777,1.705,0.051,0.061,1854.8807600468099
0.003885,194,074_AlSiMg_200W_500mms_M0_G13_Test_Crossflow_StepoverAlt0195.tif,-0.002,1.776,1.692,0.051,0.06,1909.30081515767
0.00389,194,074_AlSiMg_200W_500mms_M0_G13_Test_Crossflow_StepoverAlt0195.tif,0.0,1.777,1.692,0.055,0.062,2014.2142504378517
0.003895,194,074_AlSiMg_200W_500mms_M0_G13_Test_Crossflow_StepoverAlt0195.tif,0.0,1.781,1.721,0.051,0.059,2048.064873677573
0.0039,195,074_AlSiMg_200W_500mms_M0_G13_Test_Crossflow_StepoverAlt0196.tif,-0.001,1.793,1.693,0.054,0.06,2071.662465259312
0.003905,195,074_AlSiMg_200W_500mms_M0_G13_Test_Crossflow_StepoverAlt0196.tif,0.0,1.807,1.702,0.051,0.059,1973.0932431343758
0.00391,195,074_AlSiMg_200W_500mms_M0_G13_Test_Crossflow_StepoverAlt0196.tif,-0.001,1.809,1.678,0.053,0.061,1924.7428206621257
0.003915,195,074_AlSiMg_200W_500mms_M0_G13_Test_Crossflow_StepoverAlt0196.tif,0.0,1.812,1.65,0.049,0.061,1806.6913485076755
0.00392,196,074_AlSiMg_200W_500mms_M0_G13_Test_Crossflow_StepoverAlt0197.tif,0.0,1.809,1.636,0.051,0.062,1788.8713621763832
0.003925,196,074_AlSiMg_200W_500mms_M0_G13_Test_Crossflow_StepoverAlt0197.tif,-0.001,1.808,1.639,0.049,0.061,1724.497411543473
0.00393,196,074_AlSiMg_200W_500mms_M0_G13_Test_Crossflow_StepoverAlt0197.tif,-0.001,1.805,1.644,0.051,0.06,1823.0666336684094
0.003935,196,074_AlSiMg_200W_500mms_M0_G13_Test_Crossflow_StepoverAlt0197.tif,0.001,1.798,1.661,0.052,0.064,1826.0173412710446
0.00394,197,074_AlSiMg_200W_500mms_M0_G13_Test_Crossflow_StepoverAlt0198.tif,-0.001,1.786,1.709,0.055,0.062,1887.1986530954614
0.003945,197,074_AlSiMg_200W_500mms_M0_G13_Test_Crossflow_StepoverAlt0198.tif,-0.001,1.781,1.731,0.052,0.063,1924.9482579096755
0.00395,197,074_AlSiMg_200W_500mms_M0_G13_Test_Crossflow_StepoverAlt0198.tif,-0.002,1.783,1.728,0.055,0.064,1949.6939800524174
0.003955,197,074_AlSiMg_200W_500mms_M0_G13_Test_Crossflow_StepoverAlt0198.tif,-0.003,1.781,1.709,0.051,0.058,2099.2880172004393
0.00396,198,074_AlSiMg_200W_500mms_M0_G13_Test_Crossflow_StepoverAlt0199.tif,-0.002,1.783,1.714,0.051,0.061,2126.867745738761
0.003965,198,074_AlSiMg_200W_500mms_M0_G13_Test_Crossflow_StepoverAlt0199.tif,-0.002,1.786,1.682,0.058,0.06,2053.7098664392493
0.00397,198,074_AlSiMg_200W_500mms_M0_G13_Test_Crossflow_StepoverAlt0199.tif,-0.002,1.801,1.674,0.051,0.06,1996.9145575700306
0.003975,198,074_AlSiMg_200W_500mms_M0_G13_Test_Crossflow_StepoverAlt0199.tif,0.001,1.802,1.672,0.049,0.062,1996.9145575700302
0.00398,199,074_AlSiMg_200W_500mms_M0_G13_Test_Crossflow_StepoverAlt0200.tif,-0.002,1.801,1.679,0.05,0.06,1776.368486886246
0.003985,199,074_AlSiMg_200W_500mms_M0_G13_Test_Crossflow_StepoverAlt0200.tif,0.0,1.802,1.671,0.051,0.061,1745.8380507452887
0.00399,199,074_AlSiMg_200W_500mms_M0_G13_Test_Crossflow_StepoverAlt0200.tif,0.0,1.797,1.74,0.049,0.059,1807.5527238742216
0.003995,199,074_AlSiMg_200W_500mms_M0_G13_Test_Crossflow_StepoverAlt0200.tif,0.001,1.795,1.692,0.051,0.062,1867.21266447339
0.004,200,074_AlSiMg_200W_500mms_M0_G13_Test_Crossflow_StepoverAlt0201.tif,0.001,1.788,1.713,0.051,0.06,1909.6387183541515
0.004005,200,074_AlSiMg_200W_500mms_M0_G13_Test_Crossflow_StepoverAlt0201.tif,0.001,1.775,1.684,0.052,0.059,1901.2291992778578
0.00401,200,074_AlSiMg_200W_500mms_M0_G13_Test_Crossflow_StepoverAlt0201.tif,0.0,1.77,1.685,0.054,0.062,1898.2229533069287
0.004015,200,074_AlSiMg_200W_500mms_M0_G13_Test_Crossflow_StepoverAlt0201.tif,0.001,1.766,1.681,0.051,0.062,1906.890906359981
0.00402,201,074_AlSiMg_200W_500mms_M0_G13_Test_Crossflow_StepoverAlt0202.tif,0.001,1.772,1.689,0.05,0.061,1832.7399877039302
0.004025,201,074_AlSiMg_200W_500mms_M0_G13_Test_Crossflow_StepoverAlt0202.tif,-0.001,1.772,1.681,0.054,0.063,1790.313933823169
0.00403,201,074_AlSiMg_200W_500mms_M0_G13_Test_Crossflow_StepoverAlt0202.tif,0.001,1.78,1.681,0.05,0.061,1864.258988581767
0.004035,201,074_AlSiMg_200W_500mms_M0_G13_Test_Crossflow_StepoverAlt0202.tif,0.0,1.793,1.7,0.051,0.061,1867.265234552696
0.00404,202,074_AlSiMg_200W_500mms_M0_G13_Test_Crossflow_StepoverAlt0203.tif,-0.002,1.805,1.706,0.053,0.06,1907.4283979707434
0.004045,202,074_AlSiMg_200W_500mms_M0_G13_Test_Crossflow_StepoverAlt0203.tif,0.0,1.808,1.705,0.051,0.062,1958.7850664139219
0.00405,202,074_AlSiMg_200W_500mms_M0_G13_Test_Crossflow_StepoverAlt0203.tif,-0.001,1.802,1.685,0.055,0.062,1974.8157033223513
0.004055,202,074_AlSiMg_200W_500mms_M0_G13_Test_Crossflow_StepoverAlt0203.tif,0.0,1.805,1.672,0.051,0.059,1931.4010847047102
0.00406,203,074_AlSiMg_200W_500mms_M0_G13_Test_Crossflow_StepoverAlt0204.tif,-0.001,1.807,1.674,0.051,0.06,1925.3314520660992
0.004065,203,074_AlSiMg_200W_500mms_M0_G13_Test_Crossflow_StepoverAlt0204.tif,0.0,1.801,1.667,0.051,0.06,1826.7622299411626
0.00407,203,074_AlSiMg_200W_500mms_M0_G13_Test_Crossflow_StepoverAlt0204.tif,-0.002,1.786,1.699,0.049,0.06,1802.8603742887178
0.004075,203,074_AlSiMg_200W_500mms_M0_G13_Test_Crossflow_StepoverAlt0204.tif,-0.002,1.779,1.681,0.049,0.061,1783.8146702337137
0.00408,204,074_AlSiMg_200W_500mms_M0_G13_Test_Crossflow_StepoverAlt0205.tif,-0.002,1.776,1.661,0.049,0.058,1801.634656565006
0.004085,204,074_AlSiMg_200W_500mms_M0_G13_Test_Crossflow_StepoverAlt0205.tif,0.0,1.78,1.651,0.05,0.06,1838.234725344574
0.00409,204,074_AlSiMg_200W_500mms_M0_G13_Test_Crossflow_StepoverAlt0205.tif,0.001,1.784,1.667,0.051,0.059,1911.5704225801503
0.004095,204,074_AlSiMg_200W_500mms_M0_G13_Test_Crossflow_StepoverAlt0205.tif,0.0,1.786,1.696,0.051,0.06,1907.4783349159056
0.0041,205,074_AlSiMg_200W_500mms_M0_G13_Test_Crossflow_StepoverAlt0206.tif,0.0,1.798,1.702,0.053,0.061,1929.4721400659423
0.004105,205,074_AlSiMg_200W_500mms_M0_G13_Test_Crossflow_StepoverAlt0206.tif,0.0,1.811,1.716,0.053,0.063,1911.6521537346496
0.00411,205,074_AlSiMg_200W_500mms_M0_G13_Test_Crossflow_StepoverAlt0206.tif,0.0,1.812,1.689,0.052,0.061,1898.5782012422248
0.004115,205,074_AlSiMg_200W_500mms_M0_G13_Test_Crossflow_StepoverAlt0206.tif,0.0,1.811,1.686,0.051,0.06,1874.9806096604862
0.00412,206,074_AlSiMg_200W_500mms_M0_G13_Test_Crossflow_StepoverAlt0207.tif,0.001,1.804,1.689,0.052,0.062,1905.8943347584632
0.004125,206,074_AlSiMg_200W_500mms_M0_G13_Test_Crossflow_StepoverAlt0207.tif,-0.002,1.8,1.685,0.051,0.06,1866.3461648838631
0.00413,206,074_AlSiMg_200W_500mms_M0_G13_Test_Crossflow_StepoverAlt0207.tif,0.0,1.798,1.677,0.052,0.06,1869.294265978895
0.004135,206,074_AlSiMg_200W_500mms_M0_G13_Test_Crossflow_StepoverAlt0207.tif,0.0,1.786,1.667,0.049,0.06,1746.254198494316
0.00414,207,074_AlSiMg_200W_500mms_M0_G13_Test_Crossflow_StepoverAlt0208.tif,0.0,1.773,1.668,0.052,0.061,1712.7175163824297
0.004145,207,074_AlSiMg_200W_500mms_M0_G13_Test_Crossflow_StepoverAlt0208.tif,0.0,1.769,1.671,0.051,0.074,1669.856831205186
0.00415,207,074_AlSiMg_200W_500mms_M0_G13_Test_Crossflow_StepoverAlt0208.tif,-0.002,1.769,1.726,0.05,0.061,1687.4111959297497
0.004155,207,074_AlSiMg_200W_500mms_M0_G13_Test_Crossflow_StepoverAlt0208.tif,0.001,1.77,1.737,0.049,0.059,1668.4324579262884
0.00416,208,074_AlSiMg_200W_500mms_M0_G13_Test_Crossflow_StepoverAlt0209.tif,-0.001,1.773,1.692,0.05,0.06,1804.5464779032923
0.004165,208,074_AlSiMg_200W_500mms_M0_G13_Test_Crossflow_StepoverAlt0209.tif,-0.001,1.783,1.707,0.051,0.061,1819.037455960174
0.00417,208,074_AlSiMg_200W_500mms_M0_G13_Test_Crossflow_StepoverAlt0209.tif,-0.002,1.797,1.727,0.051,0.06,1858.9783593561297
0.004175,208,074_AlSiMg_200W_500mms_M0_G13_Test_Crossflow_StepoverAlt0209.tif,0.0,1.805,1.742,0.05,0.06,1948.9192139936713
0.00418,209,074_AlSiMg_200W_500mms_M0_G13_Test_Crossflow_StepoverAlt0210.tif,0.001,1.802,1.707,0.051,0.059,1976.7361176291538
0.004185,209,074_AlSiMg_200W_500mms_M0_G13_Test_Crossflow_StepoverAlt0210.tif,0.0,1.804,1.712,0.055,0.061,1940.136048849586
0.00419,209,074_AlSiMg_200W_500mms_M0_G13_Test_Crossflow_StepoverAlt0210.tif,-0.002,1.801,1.695,0.049,0.057,1937.0608358399265
0.004195,209,074_AlSiMg_200W_500mms_M0_G13_Test_Crossflow_StepoverAlt0210.tif,0.0,1.8,1.681,0.049,0.06,1879.5185873137677
0.0042,210,074_AlSiMg_200W_500mms_M0_G13_Test_Crossflow_StepoverAlt0211.tif,0.001,1.793,1.671,0.049,0.059,1899.4710761009198
0.004205,210,074_AlSiMg_200W_500mms_M0_G13_Test_Crossflow_StepoverAlt0211.tif,0.0,1.781,1.681,0.048,0.059,1942.1219344877638
0.00421,210,074_AlSiMg_200W_500mms_M0_G13_Test_Crossflow_StepoverAlt0211.tif,0.0,1.772,1.671,0.053,0.058,1956.6010862026683
0.004215,210,074_AlSiMg_200W_500mms_M0_G13_Test_Crossflow_StepoverAlt0211.tif,0.0,1.77,1.688,0.049,0.055,1975.712660544832
0.00422,211,074_AlSiMg_200W_500mms_M0_G13_Test_Crossflow_StepoverAlt0212.tif,-0.002,1.776,1.684,0.049,0.059,1978.8348539601309
0.004225,211,074_AlSiMg_200W_500mms_M0_G13_Test_Crossflow_StepoverAlt0212.tif,0.001,1.779,1.689,0.05,0.059,1868.9415105354376
0.00423,211,074_AlSiMg_200W_500mms_M0_G13_Test_Crossflow_StepoverAlt0212.tif,-0.002,1.786,1.681,0.049,0.06,1835.2441535341209
0.004235,211,074_AlSiMg_200W_500mms_M0_G13_Test_Crossflow_StepoverAlt0212.tif,0.0,1.8,1.726,0.05,0.06,1832.106958525474
0.00424,212,074_AlSiMg_200W_500mms_M0_G13_Test_Crossflow_StepoverAlt0213.tif,0.0,1.807,1.699,0.052,0.06,1819.0856643395443
0.004245,212,074_AlSiMg_200W_500mms_M0_G13_Test_Crossflow_StepoverAlt0213.tif,0.0,1.812,1.677,0.048,0.058,1836.640029064108
0.00425,212,074_AlSiMg_200W_500mms_M0_G13_Test_Crossflow_StepoverAlt0213.tif,-0.002,1.805,1.705,0.051,0.061,1839.6550962106826
0.004255,212,074_AlSiMg_200W_500mms_M0_G13_Test_Crossflow_StepoverAlt0213.tif,0.001,1.804,1.677,0.05,0.06,1943.000486208945
0.00426,213,074_AlSiMg_200W_500mms_M0_G13_Test_Crossflow_StepoverAlt0214.tif,-0.002,1.8,1.684,0.051,0.061,1983.0947972432027
0.004265,213,074_AlSiMg_200W_500mms_M0_G13_Test_Crossflow_StepoverAlt0214.tif,0.001,1.797,1.688,0.055,0.059,1993.0435648304797
0.00427,213,074_AlSiMg_200W_500mms_M0_G13_Test_Crossflow_StepoverAlt0214.tif,0.0,1.784,1.657,0.05,0.058,2032.8290369980646
0.004275,213,074_AlSiMg_200W_500mms_M0_G13_Test_Crossflow_StepoverAlt0214.tif,-0.001,1.777,1.651,0.049,0.058,1992.8707613173974
0.00428,214,074_AlSiMg_200W_500mms_M0_G13_Test_Crossflow_StepoverAlt0215.tif,0.0,1.777,1.705,0.052,0.06,1883.6218021675024
0.004285,214,074_AlSiMg_200W_500mms_M0_G13_Test_Crossflow_StepoverAlt0215.tif,0.0,1.78,1.737,0.047,0.059,1880.571869933608
0.00429,214,074_AlSiMg_200W_500mms_M0_G13_Test_Crossflow_StepoverAlt0215.tif,-0.002,1.78,1.716,0.05,0.058,1946.8442762287536
0.004295,214,074_AlSiMg_200W_500mms_M0_G13_Test_Crossflow_StepoverAlt0215.tif,0.0,1.786,1.828,0.049,0.057,1946.844276228754
0.0043,215,074_AlSiMg_200W_500mms_M0_G13_Test_Crossflow_StepoverAlt0216.tif,-0.001,1.794,1.877,0.051,0.057,1986.8025519094215
0.004305,215,074_AlSiMg_200W_500mms_M0_G13_Test_Crossflow_StepoverAlt0216.tif,-0.002,1.801,1.952,0.052,0.06,1986.8025519094213
0.00431,215,074_AlSiMg_200W_500mms_M0_G13_Test_Crossflow_StepoverAlt0216.tif,-0.003,1.805,1.923,0.051,0.061,1913.3016120534357
0.004315,215,074_AlSiMg_200W_500mms_M0_G13_Test_Crossflow_StepoverAlt0216.tif,-0.001,1.807,1.868,0.05,0.058,1827.8529630061319
0.00432,216,074_AlSiMg_200W_500mms_M0_G13_Test_Crossflow_StepoverAlt0217.tif,0.001,1.802,1.83,0.049,0.062,1784.992277828888
0.004325,216,074_AlSiMg_200W_500mms_M0_G13_Test_Crossflow_StepoverAlt0217.tif,0.0,1.8,1.772,0.048,0.058,1751.28480908348
0.00433,216,074_AlSiMg_200W_500mms_M0_G13_Test_Crossflow_StepoverAlt0217.tif,-0.002,1.795,1.77,0.049,0.059,1736.4486101225325
0.004335,216,074_AlSiMg_200W_500mms_M0_G13_Test_Crossflow_StepoverAlt0217.tif,-0.001,1.781,1.765,0.049,0.061,1782.1326463430355
0.00434,217,074_AlSiMg_200W_500mms_M0_G13_Test_Crossflow_StepoverAlt0218.tif,-0.001,1.772,1.726,0.051,0.06,1773.8540763044596
0.004345,217,074_AlSiMg_200W_500mms_M0_G13_Test_Crossflow_StepoverAlt0218.tif,-0.001,1.77,1.744,0.051,0.061,1759.374924589555
0.00435,217,074_AlSiMg_200W_500mms_M0_G13_Test_Crossflow_StepoverAlt0218.tif,0.0,1.772,1.744,0.05,0.061,1823.9492292043396
0.004355,217,074_AlSiMg_200W_500mms_M0_G13_Test_Crossflow_StepoverAlt0218.tif,0.001,1.776,1.744,0.049,0.06,1787.349160424772
0.00436,218,074_AlSiMg_200W_500mms_M0_G13_Test_Crossflow_StepoverAlt0219.tif,-0.001,1.777,1.714,0.05,0.058,1784.3340932781964
0.004365,218,074_AlSiMg_200W_500mms_M0_G13_Test_Crossflow_StepoverAlt0219.tif,0.001,1.786,1.703,0.049,0.06,1974.4233665466222
0.00437,218,074_AlSiMg_200W_500mms_M0_G13_Test_Crossflow_StepoverAlt0219.tif,-0.001,1.797,1.686,0.05,0.06,1988.9025182615267
0.004375,218,074_AlSiMg_200W_500mms_M0_G13_Test_Crossflow_StepoverAlt0219.tif,0.0,1.807,1.727,0.055,0.058,2014.6805558447431
0.00438,219,074_AlSiMg_200W_500mms_M0_G13_Test_Crossflow_StepoverAlt0220.tif,-0.002,1.807,1.703,0.049,0.059,2051.2806246243113
0.004385,219,074_AlSiMg_200W_500mms_M0_G13_Test_Crossflow_StepoverAlt0220.tif,-0.001,1.807,1.693,0.052,0.059,2064.244459358163
0.00439,219,074_AlSiMg_200W_500mms_M0_G13_Test_Crossflow_StepoverAlt0220.tif,0.001,1.805,1.719,0.051,0.06,1871.0917994220563
0.004395,219,074_AlSiMg_200W_500mms_M0_G13_Test_Crossflow_StepoverAlt0220.tif,0.001,1.804,1.748,0.049,0.058,1887.1308471655673
0.0044,220,074_AlSiMg_200W_500mms_M0_G13_Test_Crossflow_StepoverAlt0221.tif,-0.002,1.793,1.703,0.049,0.06,1858.3028773484561
0.004405,220,074_AlSiMg_200W_500mms_M0_G13_Test_Crossflow_StepoverAlt0221.tif,0.0,1.784,1.706,0.049,0.058,1852.2210080273042
0.00441,220,074_AlSiMg_200W_500mms_M0_G13_Test_Crossflow_StepoverAlt0221.tif,0.0,1.775,1.706,0.049,0.057,1858.3028773484561
0.004415,220,074_AlSiMg_200W_500mms_M0_G13_Test_Crossflow_StepoverAlt0221.tif,-0.002,1.777,1.671,0.049,0.058,1827.006414067019
0.00442,221,074_AlSiMg_200W_500mms_M0_G13_Test_Crossflow_StepoverAlt0222.tif,0.0,1.777,1.671,0.051,0.06,2025.7748685229665
0.004425,221,074_AlSiMg_200W_500mms_M0_G13_Test_Crossflow_StepoverAlt0222.tif,-0.002,1.781,1.681,0.047,0.06,2025.7748685229667
0.00443,221,074_AlSiMg_200W_500mms_M0_G13_Test_Crossflow_StepoverAlt0222.tif,0.001,1.784,1.664,0.054,0.056,2025.7748685229665
0.004435,221,074_AlSiMg_200W_500mms_M0_G13_Test_Crossflow_StepoverAlt0222.tif,0.001,1.798,1.727,0.049,0.057,2040.6110674839142
0.00444,222,074_AlSiMg_200W_500mms_M0_G13_Test_Crossflow_StepoverAlt0223.tif,0.0,1.808,1.714,0.049,0.058,2083.2494874716094
0.004445,222,074_AlSiMg_200W_500mms_M0_G13_Test_Crossflow_StepoverAlt0223.tif,0.0,1.811,1.791,0.05,0.058,1902.349169063867
0.00445,222,074_AlSiMg_200W_500mms_M0_G13_Test_Crossflow_StepoverAlt0223.tif,-0.001,1.811,1.78,0.048,0.058,1847.6579068626445
0.004455,222,074_AlSiMg_200W_500mms_M0_G13_Test_Crossflow_StepoverAlt0223.tif,-0.001,1.808,1.818,0.049,0.057,1862.4077292368488
0.00446,223,074_AlSiMg_200W_500mms_M0_G13_Test_Crossflow_StepoverAlt0224.tif,0.0,1.808,1.797,0.047,0.058,1841.489660954749
0.004465,223,074_AlSiMg_200W_500mms_M0_G13_Test_Crossflow_StepoverAlt0224.tif,0.001,1.802,1.772,0.048,0.056,1910.1623916457
0.00447,223,074_AlSiMg_200W_500mms_M0_G13_Test_Crossflow_StepoverAlt0224.tif,0.0,1.788,1.721,0.049,0.058,1910.1623916457004
0.004475,223,074_AlSiMg_200W_500mms_M0_G13_Test_Crossflow_StepoverAlt0224.tif,-0.002,1.779,1.719,0.053,0.06,1984.8858938456337
0.00448,224,074_AlSiMg_200W_500mms_M0_G13_Test_Crossflow_StepoverAlt0225.tif,0.0,1.776,1.699,0.049,0.057,1984.8858938456337
0.004485,224,074_AlSiMg_200W_500mms_M0_G13_Test_Crossflow_StepoverAlt0225.tif,0.0,1.776,1.665,0.049,0.056,1931.7658293900454
0.00449,224,074_AlSiMg_200W_500mms_M0_G13_Test_Crossflow_StepoverAlt0225.tif,0.0,1.776,1.661,0.048,0.056,1900.1374774994576
0.004495,224,074_AlSiMg_200W_500mms_M0_G13_Test_Crossflow_StepoverAlt0225.tif,-0.002,1.779,1.647,0.046,0.058,1882.2693414512523
0.0045,225,074_AlSiMg_200W_500mms_M0_G13_Test_Crossflow_StepoverAlt0226.tif,0.0,1.787,1.671,0.049,0.057,1807.545839251318
0.004505,225,074_AlSiMg_200W_500mms_M0_G13_Test_Crossflow_StepoverAlt0226.tif,0.0,1.801,1.671,0.049,0.058,1762.2778174186983
0.00451,225,074_AlSiMg_200W_500mms_M0_G13_Test_Crossflow_StepoverAlt0226.tif,-0.002,1.804,1.661,0.047,0.058,1759.7650780665062
0.004515,225,074_AlSiMg_200W_500mms_M0_G13_Test_Crossflow_StepoverAlt0226.tif,-0.001,1.804,1.658,0.049,0.06,1771.5764029211925
0.00452,226,074_AlSiMg_200W_500mms_M0_G13_Test_Crossflow_StepoverAlt0227.tif,0.0,1.8,1.664,0.049,0.062,1758.61256818734
0.004525,226,074_AlSiMg_200W_500mms_M0_G13_Test_Crossflow_StepoverAlt0227.tif,0.001,1.797,1.728,0.053,0.061,1779.3966465968465
0.00453,226,074_AlSiMg_200W_500mms_M0_G13_Test_Crossflow_StepoverAlt0227.tif,-0.001,1.793,1.698,0.05,0.06,1787.537513212303
0.004535,226,074_AlSiMg_200W_500mms_M0_G13_Test_Crossflow_StepoverAlt0227.tif,0.0,1.78,1.79,0.049,0.059,1854.73110471641
0.00454,227,074_AlSiMg_200W_500mms_M0_G13_Test_Crossflow_StepoverAlt0228.tif,0.001,1.77,1.847,0.047,0.057,1788.2285176605014
0.004545,227,074_AlSiMg_200W_500mms_M0_G13_Test_Crossflow_StepoverAlt0228.tif,0.0,1.768,1.857,0.047,0.055,1819.0604884425588
0.00455,227,074_AlSiMg_200W_500mms_M0_G13_Test_Crossflow_StepoverAlt0228.tif,-0.002,1.77,1.833,0.047,0.058,1869.9286305169521
0.004555,227,074_AlSiMg_200W_500mms_M0_G13_Test_Crossflow_StepoverAlt0228.tif,-0.001,1.773,1.805,0.049,0.057,1952.8249577949603
0.00456,228,074_AlSiMg_200W_500mms_M0_G13_Test_Crossflow_StepoverAlt0229.tif,-0.001,1.775,1.801,0.048,0.055,1904.4410439456162
0.004565,228,074_AlSiMg_200W_500mms_M0_G13_Test_Crossflow_StepoverAlt0229.tif,-0.002,1.786,1.779,0.049,0.055,1938.1264332793326
0.00457,228,074_AlSiMg_200W_500mms_M0_G13_Test_Crossflow_StepoverAlt0229.tif,-0.001,1.805,1.759,0.047,0.058,1913.9154982225016
0.004575,228,074_AlSiMg_200W_500mms_M0_G13_Test_Crossflow_StepoverAlt0229.tif,0.001,1.812,1.726,0.048,0.057,2035.763456524293
0.00458,229,074_AlSiMg_200W_500mms_M0_G13_Test_Crossflow_StepoverAlt0230.tif,-0.002,1.815,1.716,0.047,0.056,1975.2444620892438
0.004585,229,074_AlSiMg_200W_500mms_M0_G13_Test_Crossflow_StepoverAlt0230.tif,0.0,1.812,1.707,0.052,0.055,2026.8174106164654
0.00459,229,074_AlSiMg_200W_500mms_M0_G13_Test_Crossflow_StepoverAlt0230.tif,0.0,1.809,1.7,0.049,0.058,1989.886944385064
0.004595,229,074_AlSiMg_200W_500mms_M0_G13_Test_Crossflow_StepoverAlt0230.tif,0.001,1.804,1.712,0.048,0.056,1949.4767642760467
0.0046,230,074_AlSiMg_200W_500mms_M0_G13_Test_Crossflow_StepoverAlt0231.tif,0.0,1.797,1.717,0.046,0.057,1755.9765854903562
0.004605,230,074_AlSiMg_200W_500mms_M0_G13_Test_Crossflow_StepoverAlt0231.tif,0.0,1.783,1.705,0.048,0.06,2183.0023712028533
0.00461,230,074_AlSiMg_200W_500mms_M0_G13_Test_Crossflow_StepoverAlt0231.tif,-0.001,1.773,1.716,0.047,0.058,2131.429422675632
0.004615,230,074_AlSiMg_200W_500mms_M0_G13_Test_Crossflow_StepoverAlt0231.tif,-0.002,1.773,1.765,0.057,0.055,2149.1202928833745
0.00462,231,074_AlSiMg_200W_500mms_M0_G13_Test_Crossflow_StepoverAlt0232.tif,-0.001,1.769,1.74,0.047,0.058,2159.0501458480003
0.004625,231,074_AlSiMg_200W_500mms_M0_G13_Test_Crossflow_StepoverAlt0232.tif,-0.002,1.775,1.698,0.047,0.057,2159.0501458480003
0.00463,231,074_AlSiMg_200W_500mms_M0_G13_Test_Crossflow_StepoverAlt0232.tif,0.0,1.777,1.689,0.047,0.058,1732.0243601355032
0.004635,231,074_AlSiMg_200W_500mms_M0_G13_Test_Crossflow_StepoverAlt0232.tif,0.001,1.793,1.712,0.047,0.058,1749.6712435363625
0.00464,232,074_AlSiMg_200W_500mms_M0_G13_Test_Crossflow_StepoverAlt0233.tif,0.001,1.801,1.675,0.049,0.058,1738.4081835056072
0.004645,232,074_AlSiMg_200W_500mms_M0_G13_Test_Crossflow_StepoverAlt0233.tif,-0.001,1.802,1.681,0.048,0.058,1756.055066906467
0.00465,232,074_AlSiMg_200W_500mms_M0_G13_Test_Crossflow_StepoverAlt0233.tif,-0.001,1.802,1.682,0.048,0.059,1776.8391453159734
0.004655,232,074_AlSiMg_200W_500mms_M0_G13_Test_Crossflow_StepoverAlt0233.tif,-0.002,1.802,1.661,0.048,0.058,1788.3999330123002
0.00466,233,074_AlSiMg_200W_500mms_M0_G13_Test_Crossflow_StepoverAlt0234.tif,0.001,1.795,1.656,0.049,0.059,1797.9587802002166
0.004665,233,074_AlSiMg_200W_500mms_M0_G13_Test_Crossflow_StepoverAlt0234.tif,-0.001,1.791,1.706,0.047,0.055,1846.3489954481356
0.00467,233,074_AlSiMg_200W_500mms_M0_G13_Test_Crossflow_StepoverAlt0234.tif,-0.001,1.777,1.712,0.046,0.055,1880.2750605744975
0.004675,233,074_AlSiMg_200W_500mms_M0_G13_Test_Crossflow_StepoverAlt0234.tif,0.001,1.775,1.772,0.048,0.056,1880.2750605744975
0.00468,234,074_AlSiMg_200W_500mms_M0_G13_Test_Crossflow_StepoverAlt0235.tif,-0.001,1.775,1.714,0.048,0.056,1874.796142199323
0.004685,234,074_AlSiMg_200W_500mms_M0_G13_Test_Crossflow_StepoverAlt0235.tif,-0.002,1.773,1.698,0.049,0.059,1874.4647701762872
0.00469,234,074_AlSiMg_200W_500mms_M0_G13_Test_Crossflow_StepoverAlt0235.tif,-0.002,1.775,1.668,0.051,0.06,1862.7874744007354
0.004695,234,074_AlSiMg_200W_500mms_M0_G13_Test_Crossflow_StepoverAlt0235.tif,0.0,1.779,1.781,0.051,0.061,1811.2145258735138
0.0047,235,074_AlSiMg_200W_500mms_M0_G13_Test_Crossflow_StepoverAlt0236.tif,-0.002,1.795,1.707,0.05,0.059,1780.5005944993823
0.004705,235,074_AlSiMg_200W_500mms_M0_G13_Test_Crossflow_StepoverAlt0236.tif,-0.002,1.808,1.681,0.047,0.058,1718.7859213704494
0.00471,235,074_AlSiMg_200W_500mms_M0_G13_Test_Crossflow_StepoverAlt0236.tif,-0.001,1.812,1.689,0.048,0.06,1734.8165582788788
0.004715,235,074_AlSiMg_200W_500mms_M0_G13_Test_Crossflow_StepoverAlt0236.tif,0.0,1.809,1.686,0.049,0.062,1737.8259010013783
0.00472,236,074_AlSiMg_200W_500mms_M0_G13_Test_Crossflow_StepoverAlt0237.tif,0.0,1.808,1.712,0.051,0.06,1777.7215537530483
0.004725,236,074_AlSiMg_200W_500mms_M0_G13_Test_Crossflow_StepoverAlt0237.tif,-0.001,1.804,1.73,0.051,0.06,1793.9563334122754
0.00473,236,074_AlSiMg_200W_500mms_M0_G13_Test_Crossflow_StepoverAlt0237.tif,-0.001,1.802,1.738,0.05,0.059,1873.4909928725003
0.004735,236,074_AlSiMg_200W_500mms_M0_G13_Test_Crossflow_StepoverAlt0237.tif,0.0,1.79,1.777,0.049,0.06,1854.445288817496
0.00474,237,074_AlSiMg_200W_500mms_M0_G13_Test_Crossflow_StepoverAlt0238.tif,0.001,1.783,1.784,0.051,0.059,1832.3243717528326
0.004745,237,074_AlSiMg_200W_500mms_M0_G13_Test_Crossflow_StepoverAlt0238.tif,0.0,1.781,1.779,0.05,0.06,1853.1537008066248
0.00475,237,074_AlSiMg_200W_500mms_M0_G13_Test_Crossflow_StepoverAlt0238.tif,-0.001,1.78,1.741,0.049,0.059,1853.1537008066248
0.004755,237,074_AlSiMg_200W_500mms_M0_G13_Test_Crossflow_StepoverAlt0238.tif,0.0,1.781,1.73,0.051,0.059,1813.212797410669
0.00476,238,074_AlSiMg_200W_500mms_M0_G13_Test_Crossflow_StepoverAlt0239.tif,0.001,1.783,1.726,0.049,0.06,1789.3535059915037
0.004765,238,074_AlSiMg_200W_500mms_M0_G13_Test_Crossflow_StepoverAlt0239.tif,0.001,1.788,1.788,0.049,0.059,1823.2606897832204
0.00477,238,074_AlSiMg_200W_500mms_M0_G13_Test_Crossflow_StepoverAlt0239.tif,0.0,1.801,1.773,0.047,0.058,1789.4100665434985
0.004775,238,074_AlSiMg_200W_500mms_M0_G13_Test_Crossflow_StepoverAlt0239.tif,0.001,1.804,1.744,0.049,0.057,1783.105139848897
0.00478,239,074_AlSiMg_200W_500mms_M0_G13_Test_Crossflow_StepoverAlt0240.tif,-0.001,1.804,1.735,0.051,0.061,1779.96794484025
0.004785,239,074_AlSiMg_200W_500mms_M0_G13_Test_Crossflow_StepoverAlt0240.tif,0.001,1.801,1.705,0.047,0.058,1794.4137381503085
0.00479,239,074_AlSiMg_200W_500mms_M0_G13_Test_Crossflow_StepoverAlt0240.tif,-0.002,1.8,1.698,0.048,0.058,1739.7224759490855
0.004795,239,074_AlSiMg_200W_500mms_M0_G13_Test_Crossflow_StepoverAlt0240.tif,0.0,1.798,1.712,0.047,0.057,1749.671243536363
0.0048,240,074_AlSiMg_200W_500mms_M0_G13_Test_Crossflow_StepoverAlt0241.tif,-0.002,1.791,1.699,0.047,0.058,1786.49436968938
0.004805,240,074_AlSiMg_200W_500mms_M0_G13_Test_Crossflow_StepoverAlt0241.tif,0.0,1.777,1.758,0.049,0.058,1772.0302195678237
0.00481,240,074_AlSiMg_200W_500mms_M0_G13_Test_Crossflow_StepoverAlt0241.tif,0.001,1.773,1.754,0.049,0.058,2041.3176664604828
0.004815,240,074_AlSiMg_200W_500mms_M0_G13_Test_Crossflow_StepoverAlt0241.tif,0.001,1.777,1.793,0.048,0.059,2242.6501370323344
0.00482,241,074_AlSiMg_200W_500mms_M0_G13_Test_Crossflow_StepoverAlt0242.tif,0.0,1.777,1.795,0.058,0.059,2266.551992684779
0.004825,241,074_AlSiMg_200W_500mms_M0_G13_Test_Crossflow_StepoverAlt0242.tif,-0.001,1.781,1.787,0.056,0.059,2219.7990135671366
0.00483,241,074_AlSiMg_200W_500mms_M0_G13_Test_Crossflow_StepoverAlt0242.tif,-0.002,1.79,1.798,0.051,0.059,2253.4394064408507
0.004835,241,074_AlSiMg_200W_500mms_M0_G13_Test_Crossflow_StepoverAlt0242.tif,0.0,1.8,1.773,0.048,0.06,2012.611161712303
0.00484,242,074_AlSiMg_200W_500mms_M0_G13_Test_Crossflow_StepoverAlt0243.tif,0.001,1.809,1.748,0.049,0.058,1789.4052198402624
0.004845,242,074_AlSiMg_200W_500mms_M0_G13_Test_Crossflow_StepoverAlt0243.tif,-0.002,1.809,1.745,0.051,0.06,1789.4052198402624
0.00485,242,074_AlSiMg_200W_500mms_M0_G13_Test_Crossflow_StepoverAlt0243.tif,0.001,1.809,1.791,0.048,0.061,1795.5429578180003
0.004855,242,074_AlSiMg_200W_500mms_M0_G13_Test_Crossflow_StepoverAlt0243.tif,0.0,1.804,1.747,0.051,0.059,1736.8463603647942
0.00486,243,074_AlSiMg_200W_500mms_M0_G13_Test_Crossflow_StepoverAlt0244.tif,0.001,1.8,1.773,0.05,0.062,1851.6442104532252
0.004865,243,074_AlSiMg_200W_500mms_M0_G13_Test_Crossflow_StepoverAlt0244.tif,0.0,1.794,1.723,0.048,0.061,1928.2089439546367
0.00487,243,074_AlSiMg_200W_500mms_M0_G13_Test_Crossflow_StepoverAlt0244.tif,-0.001,1.779,1.71,0.051,0.055,1942.2074643491082
0.004875,243,074_AlSiMg_200W_500mms_M0_G13_Test_Crossflow_StepoverAlt0244.tif,-0.002,1.772,1.713,0.049,0.057,1932.9156622210692
0.00488,244,074_AlSiMg_200W_500mms_M0_G13_Test_Crossflow_StepoverAlt0245.tif,0.0,1.77,1.703,0.049,0.056,2029.5126357211916
0.004885,244,074_AlSiMg_200W_500mms_M0_G13_Test_Crossflow_StepoverAlt0245.tif,0.0,1.773,1.703,0.047,0.059,1871.809790158591
0.00489,244,074_AlSiMg_200W_500mms_M0_G13_Test_Crossflow_StepoverAlt0245.tif,0.0,1.775,1.692,0.049,0.056,1837.9026063668746
0.004895,244,074_AlSiMg_200W_500mms_M0_G13_Test_Crossflow_StepoverAlt0245.tif,-0.001,1.779,1.689,0.047,0.058,1796.8644935006573
0.0049,245,074_AlSiMg_200W_500mms_M0_G13_Test_Crossflow_StepoverAlt0246.tif,-0.001,1.79,1.712,0.049,0.059,1796.8644935006573
0.004905,245,074_AlSiMg_200W_500mms_M0_G13_Test_Crossflow_StepoverAlt0246.tif,0.0,1.798,1.709,0.048,0.057,1758.9641174537405
0.00491,245,074_AlSiMg_200W_500mms_M0_G13_Test_Crossflow_StepoverAlt0246.tif,0.001,1.808,1.695,0.047,0.059,1813.6553796549638
0.004915,245,074_AlSiMg_200W_500mms_M0_G13_Test_Crossflow_StepoverAlt0246.tif,-0.002,1.804,1.699,0.049,0.058,1847.56256344668
0.00492,246,074_AlSiMg_200W_500mms_M0_G13_Test_Crossflow_StepoverAlt0247.tif,0.001,1.804,1.727,0.049,0.057,1800.7932569980367
0.004925,246,074_AlSiMg_200W_500mms_M0_G13_Test_Crossflow_StepoverAlt0247.tif,0.0,1.797,1.703,0.049,0.057,1792.0037028127747
0.00493,246,074_AlSiMg_200W_500mms_M0_G13_Test_Crossflow_StepoverAlt0247.tif,-0.002,1.798,1.693,0.047,0.059,1745.2507236951321
0.004935,246,074_AlSiMg_200W_500mms_M0_G13_Test_Crossflow_StepoverAlt0247.tif,0.0,1.791,1.686,0.048,0.061,1708.2063448947688
0.00494,247,074_AlSiMg_200W_500mms_M0_G13_Test_Crossflow_StepoverAlt0248.tif,0.001,1.78,1.713,0.048,0.06,1628.5235461067105
0.004945,247,074_AlSiMg_200W_500mms_M0_G13_Test_Crossflow_StepoverAlt0248.tif,-0.002,1.775,1.703,0.048,0.058,1722.262063510021
0.00495,247,074_AlSiMg_200W_500mms_M0_G13_Test_Crossflow_StepoverAlt0248.tif,0.001,1.775,1.703,0.047,0.06,1787.0405302843797
0.004955,247,074_AlSiMg_200W_500mms_M0_G13_Test_Crossflow_StepoverAlt0248.tif,0.0,1.775,1.705,0.051,0.058,1833.793509402022
0.00496,248,074_AlSiMg_200W_500mms_M0_G13_Test_Crossflow_StepoverAlt0249.tif,-0.002,1.784,1.702,0.051,0.06,1836.9307044106688
0.004965,248,074_AlSiMg_200W_500mms_M0_G13_Test_Crossflow_StepoverAlt0249.tif,-0.002,1.787,1.776,0.049,0.058,1851.9923880328793
0.00497,248,074_AlSiMg_200W_500mms_M0_G13_Test_Crossflow_StepoverAlt0249.tif,0.0,1.8,1.751,0.049,0.059,1826.029049945718
0.004975,248,074_AlSiMg_200W_500mms_M0_G13_Test_Crossflow_StepoverAlt0249.tif,-0.001,1.804,1.73,0.048,0.06,1773.194201506923
0.00498,249,074_AlSiMg_200W_500mms_M0_G13_Test_Crossflow_StepoverAlt0250.tif,0.0,1.807,1.71,0.049,0.057,1773.194201506923
0.004985,249,074_AlSiMg_200W_500mms_M0_G13_Test_Crossflow_StepoverAlt0250.tif,-0.001,1.804,1.727,0.048,0.06,1770.0570064982762
0.00499,249,074_AlSiMg_200W_500mms_M0_G13_Test_Crossflow_StepoverAlt0250.tif,0.001,1.801,1.717,0.049,0.058,1786.2917861575036
0.004995,249,074_AlSiMg_200W_500mms_M0_G13_Test_Crossflow_StepoverAlt0250.tif,0.0,1.801,1.754,0.048,0.058,1752.3846023657868
0.005,250,074_AlSiMg_200W_500mms_M0_G13_Test_Crossflow_StepoverAlt0251.tif,0.0,1.791,1.755,0.049,0.06,2226.163367195927
0.005005,250,074_AlSiMg_200W_500mms_M0_G13_Test_Crossflow_StepoverAlt0251.tif,0.001,1.783,1.728,0.049,0.059,2182.5071308632423
0.00501,250,074_AlSiMg_200W_500mms_M0_G13_Test_Crossflow_StepoverAlt0251.tif,0.0,1.779,1.748,0.063,0.06,2201.6833736153994
0.005015,250,074_AlSiMg_200W_500mms_M0_G13_Test_Crossflow_StepoverAlt0251.tif,-0.001,1.773,1.775,0.049,0.061,2201.6833736153994
0.00502,251,074_AlSiMg_200W_500mms_M0_G13_Test_Crossflow_StepoverAlt0252.tif,0.0,1.779,1.733,0.049,0.058,2167.815378090966
0.005025,251,074_AlSiMg_200W_500mms_M0_G13_Test_Crossflow_StepoverAlt0252.tif,0.001,1.779,1.742,0.049,0.06,1749.8195627946534
0.00503,251,074_AlSiMg_200W_500mms_M0_G13_Test_Crossflow_StepoverAlt0252.tif,0.001,1.78,1.748,0.047,0.059,1769.0272323075337
0.005035,251,074_AlSiMg_200W_500mms_M0_G13_Test_Crossflow_StepoverAlt0252.tif,0.001,1.794,1.733,0.052,0.061,1722.2742531898907
0.00504,252,074_AlSiMg_200W_500mms_M0_G13_Test_Crossflow_StepoverAlt0253.tif,0.0,1.802,1.776,0.051,0.062,1702.8854093803625
0.005045,252,074_AlSiMg_200W_500mms_M0_G13_Test_Crossflow_StepoverAlt0253.tif,0.0,1.802,1.74,0.048,0.06,1722.2742531898907
0.00505,252,074_AlSiMg_200W_500mms_M0_G13_Test_Crossflow_StepoverAlt0253.tif,0.001,1.801,1.709,0.047,0.059,1719.3261520948588
0.005055,252,074_AlSiMg_200W_500mms_M0_G13_Test_Crossflow_StepoverAlt0253.tif,-0.002,1.798,1.692,0.049,0.06,1749.8565882358157
0.00506,253,074_AlSiMg_200W_500mms_M0_G13_Test_Crossflow_StepoverAlt0254.tif,-0.001,1.798,1.745,0.051,0.06,1749.8565882358157
0.005065,253,074_AlSiMg_200W_500mms_M0_G13_Test_Crossflow_StepoverAlt0254.tif,-0.002,1.793,1.73,0.051,0.06,1799.7636315037603
0.00507,253,074_AlSiMg_200W_500mms_M0_G13_Test_Crossflow_StepoverAlt0254.tif,-0.002,1.78,1.723,0.048,0.06,1796.6414380884617
0.005075,253,074_AlSiMg_200W_500mms_M0_G13_Test_Crossflow_StepoverAlt0254.tif,0.0,1.773,1.721,0.049,0.058,1793.632095365962
0.00508,254,074_AlSiMg_200W_500mms_M0_G13_Test_Crossflow_StepoverAlt0255.tif,0.0,1.77,1.698,0.048,0.059,1777.6014584575328
0.005085,254,074_AlSiMg_200W_500mms_M0_G13_Test_Crossflow_StepoverAlt0255.tif,-0.001,1.77,1.712,0.05,0.059,1854.0338984780672
0.00509,254,074_AlSiMg_200W_500mms_M0_G13_Test_Crossflow_StepoverAlt0255.tif,-0.001,1.775,1.719,0.051,0.061,1854.033898478067
0.005095,254,074_AlSiMg_200W_500mms_M0_G13_Test_Crossflow_StepoverAlt0255.tif,0.0,1.781,1.735,0.053,0.061,1911.5761470042257
0.0051,255,074_AlSiMg_200W_500mms_M0_G13_Test_Crossflow_StepoverAlt0256.tif,0.0,1.793,1.808,0.049,0.058,1889.3273776534156
0.005105,255,074_AlSiMg_200W_500mms_M0_G13_Test_Crossflow_StepoverAlt0256.tif,0.0,1.802,1.829,0.051,0.059,1837.4614825008398
0.00511,255,074_AlSiMg_200W_500mms_M0_G13_Test_Crossflow_StepoverAlt0256.tif,-0.002,1.807,1.846,0.048,0.058,1788.6057788457904
0.005115,255,074_AlSiMg_200W_500mms_M0_G13_Test_Crossflow_StepoverAlt0256.tif,-0.001,1.812,1.809,0.047,0.06,1744.9495425131056
0.00512,256,074_AlSiMg_200W_500mms_M0_G13_Test_Crossflow_StepoverAlt0257.tif,0.0,1.809,1.808,0.048,0.058,1735.7975092348654
0.005125,256,074_AlSiMg_200W_500mms_M0_G13_Test_Crossflow_StepoverAlt0257.tif,-0.002,1.809,1.786,0.049,0.061,1738.9347042435118
0.00513,256,074_AlSiMg_200W_500mms_M0_G13_Test_Crossflow_StepoverAlt0257.tif,0.001,1.802,1.78,0.048,0.056,1844.580841118731
0.005135,256,074_AlSiMg_200W_500mms_M0_G13_Test_Crossflow_StepoverAlt0257.tif,0.0,1.795,1.74,0.049,0.059,1847.718036127378
0.00514,257,074_AlSiMg_200W_500mms_M0_G13_Test_Crossflow_StepoverAlt0258.tif,-0.001,1.779,1.772,0.051,0.058,1850.759031320158
0.005145,257,074_AlSiMg_200W_500mms_M0_G13_Test_Crossflow_StepoverAlt0258.tif,0.001,1.773,1.751,0.049,0.059,1836.0092089459536
0.00515,257,074_AlSiMg_200W_500mms_M0_G13_Test_Crossflow_StepoverAlt0258.tif,-0.001,1.777,1.738,0.05,0.062,1805.2952775718222
0.005155,257,074_AlSiMg_200W_500mms_M0_G13_Test_Crossflow_StepoverAlt0258.tif,0.0,1.777,1.751,0.049,0.058,1761.4638034364557
0.00516,258,074_AlSiMg_200W_500mms_M0_G13_Test_Crossflow_StepoverAlt0259.tif,-0.002,1.781,1.759,0.048,0.06,1761.4638034364557
0.005165,258,074_AlSiMg_200W_500mms_M0_G13_Test_Crossflow_StepoverAlt0259.tif,-0.002,1.786,1.763,0.049,0.058,1782.9028018242025
0.00517,258,074_AlSiMg_200W_500mms_M0_G13_Test_Crossflow_StepoverAlt0259.tif,0.001,1.798,1.749,0.049,0.059,1772.954034236926
0.005175,258,074_AlSiMg_200W_500mms_M0_G13_Test_Crossflow_StepoverAlt0259.tif,-0.001,1.802,1.728,0.048,0.058,1819.7070133545683
0.00518,259,074_AlSiMg_200W_500mms_M0_G13_Test_Crossflow_StepoverAlt0260.tif,-0.002,1.807,1.706,0.051,0.061,1822.779539953221
0.005185,259,074_AlSiMg_200W_500mms_M0_G13_Test_Crossflow_StepoverAlt0260.tif,-0.002,1.801,1.726,0.049,0.058,1808.3003882383168
0.00519,259,074_AlSiMg_200W_500mms_M0_G13_Test_Crossflow_StepoverAlt0260.tif,-0.001,1.798,1.703,0.05,0.059,1796.9584315320585
0.005195,259,074_AlSiMg_200W_500mms_M0_G13_Test_Crossflow_StepoverAlt0260.tif,-0.001,1.798,1.72,0.049,0.06,1776.38899966092
0.0052,260,074_AlSiMg_200W_500mms_M0_G13_Test_Crossflow_StepoverAlt0261.tif,-0.001,1.79,1.695,0.049,0.06,1760.3499519174088
0.005205,260,074_AlSiMg_200W_500mms_M0_G13_Test_Crossflow_StepoverAlt0261.tif,-0.001,1.777,1.791,0.049,0.06,1757.2774253187563
0.00521,260,074_AlSiMg_200W_500mms_M0_G13_Test_Crossflow_StepoverAlt0261.tif,-0.002,1.775,1.759,0.049,0.059,1793.877494098324
0.005215,260,074_AlSiMg_200W_500mms_M0_G13_Test_Crossflow_StepoverAlt0261.tif,0.0,1.77,1.734,0.049,0.058,1808.3566458132286
0.00522,261,074_AlSiMg_200W_500mms_M0_G13_Test_Crossflow_StepoverAlt0262.tif,-0.002,1.775,1.731,0.051,0.06,1862.7767009240888
0.005225,261,074_AlSiMg_200W_500mms_M0_G13_Test_Crossflow_StepoverAlt0262.tif,0.001,1.777,1.784,0.049,0.059,1878.8157486676002
0.00523,261,074_AlSiMg_200W_500mms_M0_G13_Test_Crossflow_StepoverAlt0262.tif,-0.001,1.783,1.734,0.051,0.059,1868.8669810803228
0.005235,261,074_AlSiMg_200W_500mms_M0_G13_Test_Crossflow_StepoverAlt0262.tif,-0.001,1.795,1.744,0.049,0.058,1868.8669810803233
0.00524,262,074_AlSiMg_200W_500mms_M0_G13_Test_Crossflow_StepoverAlt0263.tif,0.0,1.809,1.717,0.051,0.061,1854.3878293654186
0.005245,262,074_AlSiMg_200W_500mms_M0_G13_Test_Crossflow_StepoverAlt0263.tif,-0.001,1.812,1.699,0.051,0.06,1783.732994595331
0.00525,262,074_AlSiMg_200W_500mms_M0_G13_Test_Crossflow_StepoverAlt0263.tif,-0.002,1.811,1.709,0.049,0.06,1773.7842270080541
0.005255,262,074_AlSiMg_200W_500mms_M0_G13_Test_Crossflow_StepoverAlt0263.tif,-0.001,1.811,1.699,0.048,0.06,1789.8148639164835
0.00526,263,074_AlSiMg_200W_500mms_M0_G13_Test_Crossflow_StepoverAlt0264.tif,-0.002,1.802,1.696,0.051,0.061,1789.8148639164833
0.005265,263,074_AlSiMg_200W_500mms_M0_G13_Test_Crossflow_StepoverAlt0264.tif,0.0,1.8,1.724,0.051,0.06,1773.5800842572564
0.00527,263,074_AlSiMg_200W_500mms_M0_G13_Test_Crossflow_StepoverAlt0264.tif,0.0,1.784,1.755,0.051,0.06,1773.5800842572564
0.005275,263,074_AlSiMg_200W_500mms_M0_G13_Test_Crossflow_StepoverAlt0264.tif,-0.001,1.775,1.709,0.048,0.06,1746.705725691516
0.00528,264,074_AlSiMg_200W_500mms_M0_G13_Test_Crossflow_StepoverAlt0265.tif,0.0,1.777,1.737,0.048,0.06,1684.9910525625833
0.005285,264,074_AlSiMg_200W_500mms_M0_G13_Test_Crossflow_StepoverAlt0265.tif,-0.002,1.779,1.726,0.047,0.058,1678.9091832414313
0.00529,264,074_AlSiMg_200W_500mms_M0_G13_Test_Crossflow_StepoverAlt0265.tif,0.001,1.776,1.737,0.049,0.062,2152.687948071571
0.005295,264,074_AlSiMg_200W_500mms_M0_G13_Test_Crossflow_StepoverAlt0265.tif,-0.001,1.783,1.726,0.049,0.058,2183.401879445703
0.0053,265,074_AlSiMg_200W_500mms_M0_G13_Test_Crossflow_StepoverAlt0266.tif,0.001,1.795,1.712,0.064,0.061,2204.185957855209
0.005305,265,074_AlSiMg_200W_500mms_M0_G13_Test_Crossflow_StepoverAlt0266.tif,-0.002,1.807,1.709,0.049,0.059,2265.9006309841416
0.00531,265,074_AlSiMg_200W_500mms_M0_G13_Test_Crossflow_StepoverAlt0266.tif,0.0,1.812,1.717,0.049,0.059,2246.724388231984
0.005315,265,074_AlSiMg_200W_500mms_M0_G13_Test_Crossflow_StepoverAlt0266.tif,-0.002,1.812,1.716,0.051,0.06,1789.1804030610706
0.00532,266,074_AlSiMg_200W_500mms_M0_G13_Test_Crossflow_StepoverAlt0267.tif,-0.002,1.809,1.703,0.048,0.058,1774.7012513461661
0.005325,266,074_AlSiMg_200W_500mms_M0_G13_Test_Crossflow_StepoverAlt0267.tif,0.0,1.807,1.695,0.049,0.06,1753.1118204912182
0.00533,266,074_AlSiMg_200W_500mms_M0_G13_Test_Crossflow_StepoverAlt0267.tif,-0.001,1.802,1.695,0.049,0.06,1716.5117517116505
0.005335,266,074_AlSiMg_200W_500mms_M0_G13_Test_Crossflow_StepoverAlt0267.tif,0.0,1.787,1.726,0.051,0.063,1705.1697950053926
0.00534,267,074_AlSiMg_200W_500mms_M0_G13_Test_Crossflow_StepoverAlt0268.tif,0.0,1.776,1.765,0.049,0.06,1725.7392268765313
0.005345,267,074_AlSiMg_200W_500mms_M0_G13_Test_Crossflow_StepoverAlt0268.tif,-0.001,1.768,1.723,0.049,0.06,1740.218378591436
0.00535,267,074_AlSiMg_200W_500mms_M0_G13_Test_Crossflow_StepoverAlt0268.tif,0.0,1.773,1.7,0.051,0.061,1777.846857189895
0.005355,267,074_AlSiMg_200W_500mms_M0_G13_Test_Crossflow_StepoverAlt0268.tif,-0.002,1.772,1.703,0.049,0.059,1777.846857189895
0.00536,268,074_AlSiMg_200W_500mms_M0_G13_Test_Crossflow_StepoverAlt0269.tif,0.0,1.775,1.709,0.049,0.058,1795.4012219144583
0.005365,268,074_AlSiMg_200W_500mms_M0_G13_Test_Crossflow_StepoverAlt0269.tif,0.001,1.783,1.689,0.049,0.06,1829.25184515418
0.00537,268,074_AlSiMg_200W_500mms_M0_G13_Test_Crossflow_StepoverAlt0269.tif,-0.001,1.794,1.737,0.05,0.06,1869.192748550136
0.005375,268,074_AlSiMg_200W_500mms_M0_G13_Test_Crossflow_StepoverAlt0269.tif,-0.001,1.801,1.731,0.051,0.059,1875.2746178712882
0.00538,269,074_AlSiMg_200W_500mms_M0_G13_Test_Crossflow_StepoverAlt0270.tif,0.0,1.801,1.717,0.051,0.059,1914.8227877458878
0.005385,269,074_AlSiMg_200W_500mms_M0_G13_Test_Crossflow_StepoverAlt0270.tif,-0.001,1.801,1.744,0.051,0.06,1954.6082599134727
0.00539,269,074_AlSiMg_200W_500mms_M0_G13_Test_Crossflow_StepoverAlt0270.tif,0.001,1.8,1.747,0.052,0.061,1951.6244725431275
0.005395,269,074_AlSiMg_200W_500mms_M0_G13_Test_Crossflow_StepoverAlt0270.tif,0.001,1.797,1.703,0.052,0.06,1903.274050070878
0.0054,270,074_AlSiMg_200W_500mms_M0_G13_Test_Crossflow_StepoverAlt0271.tif,-0.002,1.79,1.699,0.05,0.058,1941.0236548850924
0.005405,270,074_AlSiMg_200W_500mms_M0_G13_Test_Crossflow_StepoverAlt0271.tif,0.0,1.777,1.689,0.051,0.062,1935.066211067561
0.00541,270,074_AlSiMg_200W_500mms_M0_G13_Test_Crossflow_StepoverAlt0271.tif,-0.001,1.776,1.693,0.051,0.058,1877.7263741754127
0.005415,270,074_AlSiMg_200W_500mms_M0_G13_Test_Crossflow_StepoverAlt0271.tif,0.001,1.773,1.695,0.05,0.059,1843.8444711594607
0.00542,271,074_AlSiMg_200W_500mms_M0_G13_Test_Crossflow_StepoverAlt0272.tif,0.0,1.776,1.689,0.049,0.06,1837.77483852085
0.005425,271,074_AlSiMg_200W_500mms_M0_G13_Test_Crossflow_StepoverAlt0272.tif,-0.001,1.779,1.726,0.05,0.06,1814.8614326675834
0.00543,271,074_AlSiMg_200W_500mms_M0_G13_Test_Crossflow_StepoverAlt0272.tif,-0.002,1.786,1.692,0.049,0.06,1781.2707066105152
0.005435,271,074_AlSiMg_200W_500mms_M0_G13_Test_Crossflow_StepoverAlt0272.tif,-0.001,1.801,1.684,0.05,0.058,1829.6570421171364
0.00544,272,074_AlSiMg_200W_500mms_M0_G13_Test_Crossflow_StepoverAlt0273.tif,0.001,1.809,1.72,0.049,0.06,1823.4446340988302
0.005445,272,074_AlSiMg_200W_500mms_M0_G13_Test_Crossflow_StepoverAlt0273.tif,-0.002,1.809,1.733,0.049,0.057,1829.5142667374414
0.00545,272,074_AlSiMg_200W_500mms_M0_G13_Test_Crossflow_StepoverAlt0273.tif,-0.001,1.812,1.733,0.048,0.058,1795.6323637214894
0.005455,272,074_AlSiMg_200W_500mms_M0_G13_Test_Crossflow_StepoverAlt0273.tif,-0.001,1.811,1.703,0.051,0.062,1832.2324325010572
0.00546,273,074_AlSiMg_200W_500mms_M0_G13_Test_Crossflow_StepoverAlt0274.tif,0.0,1.808,1.759,0.05,0.06,1795.188053700694
0.005465,273,074_AlSiMg_200W_500mms_M0_G13_Test_Crossflow_StepoverAlt0274.tif,0.0,1.805,1.756,0.051,0.06,1814.3642964528517
0.00547,273,074_AlSiMg_200W_500mms_M0_G13_Test_Crossflow_StepoverAlt0274.tif,0.001,1.79,1.714,0.048,0.058,1853.5626856468612
0.005475,273,074_AlSiMg_200W_500mms_M0_G13_Test_Crossflow_StepoverAlt0274.tif,0.0,1.781,1.737,0.049,0.058,1829.7033942276953
0.00548,274,074_AlSiMg_200W_500mms_M0_G13_Test_Crossflow_StepoverAlt0275.tif,-0.002,1.777,1.712,0.048,0.056,1823.6215249065438
0.005485,274,074_AlSiMg_200W_500mms_M0_G13_Test_Crossflow_StepoverAlt0275.tif,0.0,1.779,1.689,0.047,0.058,1826.75871991519
0.00549,274,074_AlSiMg_200W_500mms_M0_G13_Test_Crossflow_StepoverAlt0275.tif,0.0,1.777,1.703,0.049,0.058,1870.5901940505566
0.005495,274,074_AlSiMg_200W_500mms_M0_G13_Test_Crossflow_StepoverAlt0275.tif,0.0,1.781,1.709,0.049,0.059,1819.0172455233346
0.0055,275,074_AlSiMg_200W_500mms_M0_G13_Test_Crossflow_StepoverAlt0276.tif,0.0,1.793,1.689,0.051,0.058,1836.6641289241943
0.005505,275,074_AlSiMg_200W_500mms_M0_G13_Test_Crossflow_StepoverAlt0276.tif,0.0,1.802,1.74,0.047,0.058,1836.6641289241943
0.00551,275,074_AlSiMg_200W_500mms_M0_G13_Test_Crossflow_StepoverAlt0276.tif,0.001,1.805,1.721,0.048,0.058,1833.526933915548
0.005515,275,074_AlSiMg_200W_500mms_M0_G13_Test_Crossflow_StepoverAlt0276.tif,-0.002,1.802,1.699,0.049,0.058,1850.214454215231
0.00552,276,074_AlSiMg_200W_500mms_M0_G13_Test_Crossflow_StepoverAlt0277.tif,0.001,1.8,1.693,0.048,0.058,1887.037580368248
0.005525,276,074_AlSiMg_200W_500mms_M0_G13_Test_Crossflow_StepoverAlt0277.tif,-0.001,1.801,1.685,0.049,0.055,1869.3906969673887
0.00553,276,074_AlSiMg_200W_500mms_M0_G13_Test_Crossflow_StepoverAlt0277.tif,0.0,1.797,1.719,0.049,0.058,1807.576034227536
0.005535,276,074_AlSiMg_200W_500mms_M0_G13_Test_Crossflow_StepoverAlt0277.tif,0.0,1.786,1.72,0.047,0.058,1841.5020993538978
0.00554,277,074_AlSiMg_200W_500mms_M0_G13_Test_Crossflow_StepoverAlt0278.tif,0.001,1.773,1.693,0.047,0.06,1744.1599787658313
0.005545,277,074_AlSiMg_200W_500mms_M0_G13_Test_Crossflow_StepoverAlt0278.tif,0.0,1.773,1.703,0.048,0.056,1737.8171797572054
0.00555,277,074_AlSiMg_200W_500mms_M0_G13_Test_Crossflow_StepoverAlt0278.tif,0.001,1.776,1.727,0.047,0.058,1840.9127122053694
0.005555,277,074_AlSiMg_200W_500mms_M0_G13_Test_Crossflow_StepoverAlt0278.tif,-0.001,1.779,1.686,0.047,0.056,1902.727374945222
0.00556,278,074_AlSiMg_200W_500mms_M0_G13_Test_Crossflow_StepoverAlt0279.tif,0.001,1.783,1.691,0.051,0.057,1881.6347535623922
0.005565,278,074_AlSiMg_200W_500mms_M0_G13_Test_Crossflow_StepoverAlt0279.tif,0.0,1.79,1.695,0.049,0.058,1956.358255762326
0.00557,278,074_AlSiMg_200W_500mms_M0_G13_Test_Crossflow_StepoverAlt0279.tif,-0.002,1.805,1.719,0.047,0.056,1925.8779286179342
0.005575,278,074_AlSiMg_200W_500mms_M0_G13_Test_Crossflow_StepoverAlt0279.tif,0.001,1.811,1.703,0.049,0.056,1840.4292795706301
0.00558,279,074_AlSiMg_200W_500mms_M0_G13_Test_Crossflow_StepoverAlt0280.tif,-0.002,1.807,1.686,0.047,0.058,1821.2530368184725
0.005585,279,074_AlSiMg_200W_500mms_M0_G13_Test_Crossflow_StepoverAlt0280.tif,0.001,1.805,1.706,0.048,0.058,1808.4195930749404
0.00559,279,074_AlSiMg_200W_500mms_M0_G13_Test_Crossflow_StepoverAlt0280.tif,-0.001,1.802,1.692,0.048,0.058,1770.5192170280236
0.005595,279,074_AlSiMg_200W_500mms_M0_G13_Test_Crossflow_StepoverAlt0280.tif,0.0,1.8,1.681,0.048,0.058,1788.1661004288835
0.0056,280,074_AlSiMg_200W_500mms_M0_G13_Test_Crossflow_StepoverAlt0281.tif,0.001,1.791,1.675,0.049,0.058,2007.6112267610424
0.005605,280,074_AlSiMg_200W_500mms_M0_G13_Test_Crossflow_StepoverAlt0281.tif,0.0,1.78,1.67,0.048,0.058,2007.6112267610429
0.00561,280,074_AlSiMg_200W_500mms_M0_G13_Test_Crossflow_StepoverAlt0281.tif,0.0,1.772,1.781,0.055,0.057,2017.1700739489593
0.005615,280,074_AlSiMg_200W_500mms_M0_G13_Test_Crossflow_StepoverAlt0281.tif,0.0,1.773,1.874,0.048,0.058,2010.8272749403332
0.00562,281,074_AlSiMg_200W_500mms_M0_G13_Test_Crossflow_StepoverAlt0282.tif,0.0,1.78,1.913,0.046,0.055,2020.3861221282502
0.005625,281,074_AlSiMg_200W_500mms_M0_G13_Test_Crossflow_StepoverAlt0282.tif,-0.002,1.776,1.9,0.047,0.056,1791.1379776073481
0.00563,281,074_AlSiMg_200W_500mms_M0_G13_Test_Crossflow_StepoverAlt0282.tif,-0.001,1.784,1.83,0.046,0.055,1773.4910942064882
0.005635,281,074_AlSiMg_200W_500mms_M0_G13_Test_Crossflow_StepoverAlt0282.tif,0.001,1.798,1.795,0.045,0.055,1729.9884253151408
0.00564,282,074_AlSiMg_200W_500mms_M0_G13_Test_Crossflow_StepoverAlt0283.tif,-0.001,1.808,1.726,0.047,0.058,1729.9884253151408
0.005645,282,074_AlSiMg_200W_500mms_M0_G13_Test_Crossflow_StepoverAlt0283.tif,0.0,1.809,1.719,0.046,0.058,1729.9884253151408
0.00565,282,074_AlSiMg_200W_500mms_M0_G13_Test_Crossflow_StepoverAlt0283.tif,0.0,1.808,1.717,0.047,0.056,1722.1445601030246
0.005655,282,074_AlSiMg_200W_500mms_M0_G13_Test_Crossflow_StepoverAlt0283.tif,-0.002,1.802,1.703,0.046,0.055,1739.7914435038838
0.00566,283,074_AlSiMg_200W_500mms_M0_G13_Test_Crossflow_StepoverAlt0284.tif,-0.002,1.801,1.752,0.047,0.058,1743.004464691528
0.005665,283,074_AlSiMg_200W_500mms_M0_G13_Test_Crossflow_StepoverAlt0284.tif,0.001,1.797,1.754,0.048,0.058,1749.3472637001537
0.00567,283,074_AlSiMg_200W_500mms_M0_G13_Test_Crossflow_StepoverAlt0284.tif,-0.001,1.781,1.721,0.047,0.059,1722.1415331113778
0.005675,283,074_AlSiMg_200W_500mms_M0_G13_Test_Crossflow_StepoverAlt0284.tif,0.001,1.773,1.705,0.049,0.058,1722.1415331113774
0.00568,284,074_AlSiMg_200W_500mms_M0_G13_Test_Crossflow_StepoverAlt0285.tif,-0.002,1.773,1.71,0.047,0.058,1734.9749768549095
0.005685,284,074_AlSiMg_200W_500mms_M0_G13_Test_Crossflow_StepoverAlt0285.tif,-0.001,1.777,1.726,0.047,0.058,1778.5392211142284
0.00569,284,074_AlSiMg_200W_500mms_M0_G13_Test_Crossflow_StepoverAlt0285.tif,0.001,1.777,1.702,0.047,0.056,1741.716094961211
0.005695,284,074_AlSiMg_200W_500mms_M0_G13_Test_Crossflow_StepoverAlt0285.tif,0.001,1.781,1.706,0.047,0.056,1778.5392211142284
0.0057,285,074_AlSiMg_200W_500mms_M0_G13_Test_Crossflow_StepoverAlt0286.tif,0.0,1.794,1.699,0.047,0.058,1833.2304833154515
0.005705,285,074_AlSiMg_200W_500mms_M0_G13_Test_Crossflow_StepoverAlt0286.tif,0.001,1.805,1.698,0.049,0.058,1802.7501561710592
0.00571,285,074_AlSiMg_200W_500mms_M0_G13_Test_Crossflow_StepoverAlt0286.tif,-0.002,1.811,1.695,0.049,0.057,1869.6119496147344
0.005715,285,074_AlSiMg_200W_500mms_M0_G13_Test_Crossflow_StepoverAlt0286.tif,0.001,1.809,1.71,0.047,0.058,1914.7336591319813
0.00572,286,074_AlSiMg_200W_500mms_M0_G13_Test_Crossflow_StepoverAlt0287.tif,-0.002,1.805,1.707,0.049,0.055,1874.6654560812792
0.005725,286,074_AlSiMg_200W_500mms_M0_G13_Test_Crossflow_StepoverAlt0287.tif,-0.002,1.808,1.703,0.046,0.054,1868.3581077294007
0.00573,286,074_AlSiMg_200W_500mms_M0_G13_Test_Crossflow_StepoverAlt0287.tif,-0.002,1.804,1.726,0.046,0.057,1868.3581077294007
0.005735,286,074_AlSiMg_200W_500mms_M0_G13_Test_Crossflow_StepoverAlt0287.tif,-0.002,1.794,1.692,0.047,0.055,1771.0159871413337
0.00574,287,074_AlSiMg_200W_500mms_M0_G13_Test_Crossflow_StepoverAlt0288.tif,0.001,1.783,1.674,0.047,0.058,1800.6177798240205
0.005745,287,074_AlSiMg_200W_500mms_M0_G13_Test_Crossflow_StepoverAlt0288.tif,0.0,1.781,1.663,0.047,0.058,1852.24677057105
0.00575,287,074_AlSiMg_200W_500mms_M0_G13_Test_Crossflow_StepoverAlt0288.tif,-0.002,1.776,1.664,0.049,0.056,1824.646935131212
0.005755,287,074_AlSiMg_200W_500mms_M0_G13_Test_Crossflow_StepoverAlt0288.tif,-0.001,1.779,1.681,0.047,0.055,1835.8257490206859
0.00576,288,074_AlSiMg_200W_500mms_M0_G13_Test_Crossflow_StepoverAlt0289.tif,0.001,1.779,1.674,0.049,0.059,1884.2096628700303
0.005765,288,074_AlSiMg_200W_500mms_M0_G13_Test_Crossflow_StepoverAlt0289.tif,-0.001,1.787,1.66,0.046,0.056,1793.1892223675247
0.00577,288,074_AlSiMg_200W_500mms_M0_G13_Test_Crossflow_StepoverAlt0289.tif,-0.002,1.8,1.667,0.047,0.055,1793.1892223675247
0.005775,288,074_AlSiMg_200W_500mms_M0_G13_Test_Crossflow_StepoverAlt0289.tif,0.001,1.8,1.664,0.046,0.058,1809.2282701110357
0.00578,289,074_AlSiMg_200W_500mms_M0_G13_Test_Crossflow_StepoverAlt0290.tif,0.001,1.801,1.649,0.047,0.055,1805.8933214336787
0.005785,289,074_AlSiMg_200W_500mms_M0_G13_Test_Crossflow_StepoverAlt0290.tif,0.001,1.802,1.651,0.049,0.058,1754.2643306866496
0.00579,289,074_AlSiMg_200W_500mms_M0_G13_Test_Crossflow_StepoverAlt0290.tif,-0.001,1.795,1.706,0.045,0.055,1797.7669995779972
0.005795,289,074_AlSiMg_200W_500mms_M0_G13_Test_Crossflow_StepoverAlt0290.tif,-0.001,1.788,1.664,0.046,0.057,1840.6769137841518
0.0058,290,074_AlSiMg_200W_500mms_M0_G13_Test_Crossflow_StepoverAlt0291.tif,-0.002,1.781,1.695,0.046,0.055,1852.2377014804783
0.005805,290,074_AlSiMg_200W_500mms_M0_G13_Test_Crossflow_StepoverAlt0291.tif,0.0,1.772,1.678,0.047,0.053,1824.823218888509
0.00581,290,074_AlSiMg_200W_500mms_M0_G13_Test_Crossflow_StepoverAlt0291.tif,-0.001,1.768,1.675,0.047,0.055,1879.6412443134154
0.005815,290,074_AlSiMg_200W_500mms_M0_G13_Test_Crossflow_StepoverAlt0291.tif,-0.002,1.768,1.692,0.045,0.057,1836.1385754220682
0.00582,291,074_AlSiMg_200W_500mms_M0_G13_Test_Crossflow_StepoverAlt0292.tif,-0.001,1.77,1.656,0.048,0.056,1759.2905406766276
0.005825,291,074_AlSiMg_200W_500mms_M0_G13_Test_Crossflow_StepoverAlt0292.tif,0.0,1.777,1.64,0.046,0.058,1710.9066268272832
0.00583,291,074_AlSiMg_200W_500mms_M0_G13_Test_Crossflow_StepoverAlt0292.tif,-0.001,1.784,1.653,0.047,0.057,1778.8611580564807
0.005835,291,074_AlSiMg_200W_500mms_M0_G13_Test_Crossflow_StepoverAlt0292.tif,-0.002,1.8,1.685,0.047,0.058,1733.5931362238603
0.00584,292,074_AlSiMg_200W_500mms_M0_G13_Test_Crossflow_StepoverAlt0293.tif,0.0,1.811,1.671,0.047,0.055,1761.0688884159056
0.005845,292,074_AlSiMg_200W_500mms_M0_G13_Test_Crossflow_StepoverAlt0293.tif,0.0,1.811,1.67,0.049,0.06,1754.4669603179639
0.00585,292,074_AlSiMg_200W_500mms_M0_G13_Test_Crossflow_StepoverAlt0293.tif,0.0,1.809,1.737,0.046,0.056,1799.588669835211
0.005855,292,074_AlSiMg_200W_500mms_M0_G13_Test_Crossflow_StepoverAlt0293.tif,-0.002,1.808,1.713,0.045,0.055,1799.588669835211
0.00586,293,074_AlSiMg_200W_500mms_M0_G13_Test_Crossflow_StepoverAlt0294.tif,-0.001,1.804,1.804,0.046,0.054,1826.969132474326
0.005865,293,074_AlSiMg_200W_500mms_M0_G13_Test_Crossflow_StepoverAlt0294.tif,-0.001,1.798,1.731,0.047,0.055,1890.513820784786
0.00587,293,074_AlSiMg_200W_500mms_M0_G13_Test_Crossflow_StepoverAlt0294.tif,-0.002,1.786,1.709,0.048,0.057,1931.0538694220136
0.005875,293,074_AlSiMg_200W_500mms_M0_G13_Test_Crossflow_StepoverAlt0294.tif,0.0,1.777,1.707,0.049,0.056,1900.3779532148249
0.00588,294,074_AlSiMg_200W_500mms_M0_G13_Test_Crossflow_StepoverAlt0295.tif,-0.001,1.773,1.71,0.047,0.055,1848.7489624677958
0.005885,294,074_AlSiMg_200W_500mms_M0_G13_Test_Crossflow_StepoverAlt0295.tif,-0.002,1.776,1.721,0.047,0.057,1842.269303722855
0.00589,294,074_AlSiMg_200W_500mms_M0_G13_Test_Crossflow_StepoverAlt0295.tif,-0.001,1.78,1.688,0.046,0.057,1815.9297153722655
0.005895,294,074_AlSiMg_200W_500mms_M0_G13_Test_Crossflow_StepoverAlt0295.tif,-0.002,1.784,1.67,0.046,0.055,1747.975184143068
0.0059,295,074_AlSiMg_200W_500mms_M0_G13_Test_Crossflow_StepoverAlt0296.tif,-0.002,1.795,1.665,0.047,0.055,1764.0097179774014
0.005905,295,074_AlSiMg_200W_500mms_M0_G13_Test_Crossflow_StepoverAlt0296.tif,-0.002,1.807,1.664,0.045,0.057,1781.7005881851449
0.00591,295,074_AlSiMg_200W_500mms_M0_G13_Test_Crossflow_StepoverAlt0296.tif,0.001,1.811,1.674,0.047,0.056,1826.1470780802679
0.005915,295,074_AlSiMg_200W_500mms_M0_G13_Test_Crossflow_StepoverAlt0296.tif,-0.001,1.805,1.713,0.047,0.057,1761.4662259283523
0.00592,296,074_AlSiMg_200W_500mms_M0_G13_Test_Crossflow_StepoverAlt0297.tif,-0.002,1.808,1.693,0.048,0.055,1788.8807085203225
0.005925,296,074_AlSiMg_200W_500mms_M0_G13_Test_Crossflow_StepoverAlt0297.tif,-0.001,1.805,1.696,0.046,0.058,1830.0526018598296
0.00593,296,074_AlSiMg_200W_500mms_M0_G13_Test_Crossflow_StepoverAlt0297.tif,-0.001,1.805,1.699,0.045,0.055,1846.0871356941632
0.005935,296,074_AlSiMg_200W_500mms_M0_G13_Test_Crossflow_StepoverAlt0297.tif,-0.001,1.793,1.675,0.048,0.055,1788.8807085203225
0.00594,297,074_AlSiMg_200W_500mms_M0_G13_Test_Crossflow_StepoverAlt0298.tif,-0.001,1.781,1.67,0.047,0.056,1859.8689090241162
0.005945,297,074_AlSiMg_200W_500mms_M0_G13_Test_Crossflow_StepoverAlt0298.tif,0.0,1.776,1.66,0.047,0.057,1909.7662382471167
0.00595,297,074_AlSiMg_200W_500mms_M0_G13_Test_Crossflow_StepoverAlt0298.tif,-0.002,1.775,1.682,0.049,0.057,1858.8980961727236
0.005955,297,074_AlSiMg_200W_500mms_M0_G13_Test_Crossflow_StepoverAlt0298.tif,0.001,1.773,1.671,0.05,0.058,1831.6005023076352
0.00596,298,074_AlSiMg_200W_500mms_M0_G13_Test_Crossflow_StepoverAlt0299.tif,0.001,1.777,1.664,0.049,0.059,1834.8015923984362
0.005965,298,074_AlSiMg_200W_500mms_M0_G13_Test_Crossflow_StepoverAlt0299.tif,-0.002,1.784,1.678,0.048,0.059,1797.7572135980731
0.00597,298,074_AlSiMg_200W_500mms_M0_G13_Test_Crossflow_StepoverAlt0299.tif,0.001,1.798,1.67,0.048,0.058,1843.1115516111197
0.005975,298,074_AlSiMg_200W_500mms_M0_G13_Test_Crossflow_StepoverAlt0299.tif,0.0,1.801,1.675,0.048,0.058,1859.1505993546307
0.00598,299,074_AlSiMg_200W_500mms_M0_G13_Test_Crossflow_StepoverAlt0300.tif,-0.001,1.801,1.668,0.051,0.057,1873.614749476187
0.005985,299,074_AlSiMg_200W_500mms_M0_G13_Test_Crossflow_StepoverAlt0300.tif,0.0,1.8,1.675,0.049,0.058,1910.6591282765505
0.00599,299,074_AlSiMg_200W_500mms_M0_G13_Test_Crossflow_StepoverAlt0300.tif,-0.002,1.795,1.665,0.048,0.058,1926.6976342094072
0.005995,299,074_AlSiMg_200W_500mms_M0_G13_Test_Crossflow_StepoverAlt0300.tif,-0.002,1.795,1.7,0.049,0.057,1857.2874910949606
0.006,300,074_AlSiMg_200W_500mms_M0_G13_Test_Crossflow_StepoverAlt0301.tif,-0.002,1.787,1.745,0.048,0.057,1834.910158252001
0.006005,300,074_AlSiMg_200W_500mms_M0_G13_Test_Crossflow_StepoverAlt0301.tif,-0.001,1.776,1.733,0.048,0.057,1847.7436019955335
0.00601,300,074_AlSiMg_200W_500mms_M0_G13_Test_Crossflow_StepoverAlt0301.tif,-0.002,1.769,1.7,0.047,0.057,1807.4981331043687
0.006015,300,074_AlSiMg_200W_500mms_M0_G13_Test_Crossflow_StepoverAlt0301.tif,-0.002,1.769,1.681,0.047,0.056,1810.6358699236698
0.00602,301,074_AlSiMg_200W_500mms_M0_G13_Test_Crossflow_StepoverAlt0302.tif,0.0,1.775,1.657,0.047,0.057,1818.734251833192
0.006025,301,074_AlSiMg_200W_500mms_M0_G13_Test_Crossflow_StepoverAlt0302.tif,0.0,1.779,1.766,0.049,0.058,1812.1323237352503
0.00603,301,074_AlSiMg_200W_500mms_M0_G13_Test_Crossflow_StepoverAlt0302.tif,-0.002,1.783,1.706,0.045,0.053,1792.8308104803323
0.006035,301,074_AlSiMg_200W_500mms_M0_G13_Test_Crossflow_StepoverAlt0302.tif,0.001,1.8,1.706,0.045,0.055,1775.1399402725892
0.00604,302,074_AlSiMg_200W_500mms_M0_G13_Test_Crossflow_StepoverAlt0303.tif,-0.001,1.808,1.706,0.046,0.056,1744.6217408141736
0.006045,302,074_AlSiMg_200W_500mms_M0_G13_Test_Crossflow_StepoverAlt0303.tif,-0.001,1.808,1.674,0.046,0.057,1834.0268497787256
0.00605,302,074_AlSiMg_200W_500mms_M0_G13_Test_Crossflow_StepoverAlt0303.tif,-0.002,1.809,1.66,0.049,0.06,1954.7414634622055
0.006055,302,074_AlSiMg_200W_500mms_M0_G13_Test_Crossflow_StepoverAlt0303.tif,-0.002,1.802,1.66,0.052,0.057,1933.6327966081062
0.00606,303,074_AlSiMg_200W_500mms_M0_G13_Test_Crossflow_StepoverAlt0304.tif,0.0,1.807,1.667,0.051,0.056,1951.3236668158497
0.006065,303,074_AlSiMg_200W_500mms_M0_G13_Test_Crossflow_StepoverAlt0304.tif,-0.002,1.797,1.65,0.044,0.055,1975.4990672656397
0.00607,303,074_AlSiMg_200W_500mms_M0_G13_Test_Crossflow_StepoverAlt0304.tif,-0.001,1.781,1.64,0.047,0.057,1858.755980367907
0.006075,303,074_AlSiMg_200W_500mms_M0_G13_Test_Crossflow_StepoverAlt0304.tif,0.0,1.777,1.689,0.047,0.056,1778.5814153216547
0.00608,304,074_AlSiMg_200W_500mms_M0_G13_Test_Crossflow_StepoverAlt0305.tif,0.001,1.777,1.665,0.047,0.057,1796.3551334983968
0.006085,304,074_AlSiMg_200W_500mms_M0_G13_Test_Crossflow_StepoverAlt0305.tif,-0.001,1.776,1.642,0.047,0.055,1789.753205400455
0.00609,304,074_AlSiMg_200W_500mms_M0_G13_Test_Crossflow_StepoverAlt0305.tif,-0.001,1.779,1.637,0.045,0.055,1807.6567921054077
0.006095,304,074_AlSiMg_200W_500mms_M0_G13_Test_Crossflow_StepoverAlt0305.tif,-0.001,1.787,1.636,0.045,0.055,1844.783947322571
0.0061,305,074_AlSiMg_200W_500mms_M0_G13_Test_Crossflow_StepoverAlt0306.tif,-0.002,1.798,1.637,0.047,0.055,1804.2438986853435
0.006105,305,074_AlSiMg_200W_500mms_M0_G13_Test_Crossflow_StepoverAlt0306.tif,0.0,1.811,1.64,0.048,0.056,1844.783947322571
0.00611,305,074_AlSiMg_200W_500mms_M0_G13_Test_Crossflow_StepoverAlt0306.tif,-0.001,1.812,1.636,0.045,0.055,1885.3239959597988
0.006115,305,074_AlSiMg_200W_500mms_M0_G13_Test_Crossflow_StepoverAlt0306.tif,0.0,1.811,1.651,0.047,0.055,1885.3239959597988
0.00612,306,074_AlSiMg_200W_500mms_M0_G13_Test_Crossflow_StepoverAlt0307.tif,-0.001,1.809,1.665,0.047,0.055,1914.4056477209604
0.006125,306,074_AlSiMg_200W_500mms_M0_G13_Test_Crossflow_StepoverAlt0307.tif,0.001,1.802,1.647,0.047,0.055,1954.9456963581883
0.00613,306,074_AlSiMg_200W_500mms_M0_G13_Test_Crossflow_StepoverAlt0307.tif,0.001,1.801,1.664,0.051,0.058,1921.007575818902
0.006135,306,074_AlSiMg_200W_500mms_M0_G13_Test_Crossflow_StepoverAlt0307.tif,-0.001,1.787,1.668,0.047,0.055,1921.007575818902
0.00614,307,074_AlSiMg_200W_500mms_M0_G13_Test_Crossflow_StepoverAlt0308.tif,-0.001,1.772,1.693,0.047,0.057,1872.6236619695578
0.006145,307,074_AlSiMg_200W_500mms_M0_G13_Test_Crossflow_StepoverAlt0308.tif,-0.001,1.77,1.703,0.047,0.055,1883.2628897366733
0.00615,307,074_AlSiMg_200W_500mms_M0_G13_Test_Crossflow_StepoverAlt0308.tif,0.001,1.772,1.705,0.047,0.058,1852.5258592881887
0.006155,307,074_AlSiMg_200W_500mms_M0_G13_Test_Crossflow_StepoverAlt0308.tif,0.001,1.775,1.726,0.047,0.053,1874.9031921311478
0.00616,308,074_AlSiMg_200W_500mms_M0_G13_Test_Crossflow_StepoverAlt0309.tif,0.0,1.776,1.728,0.048,0.058,1856.999605426195
0.006165,308,074_AlSiMg_200W_500mms_M0_G13_Test_Crossflow_StepoverAlt0309.tif,0.0,1.786,1.706,0.049,0.058,1928.6518259100944
0.00617,308,074_AlSiMg_200W_500mms_M0_G13_Test_Crossflow_StepoverAlt0309.tif,-0.002,1.797,1.705,0.047,0.056,1871.043387188312
0.006175,308,074_AlSiMg_200W_500mms_M0_G13_Test_Crossflow_StepoverAlt0309.tif,0.0,1.804,1.67,0.048,0.055,1871.043387188312
0.00618,309,074_AlSiMg_200W_500mms_M0_G13_Test_Crossflow_StepoverAlt0310.tif,0.0,1.802,1.642,0.048,0.057,1834.2202610352947
0.006185,309,074_AlSiMg_200W_500mms_M0_G13_Test_Crossflow_StepoverAlt0310.tif,0.001,1.801,1.623,0.048,0.058,1840.5630600439204
0.00619,309,074_AlSiMg_200W_500mms_M0_G13_Test_Crossflow_StepoverAlt0310.tif,-0.002,1.801,1.625,0.047,0.058,1826.652033995138
0.006195,309,074_AlSiMg_200W_500mms_M0_G13_Test_Crossflow_StepoverAlt0310.tif,-0.002,1.802,1.64,0.049,0.058,1847.6579068626445
0.0062,310,074_AlSiMg_200W_500mms_M0_G13_Test_Crossflow_StepoverAlt0311.tif,0.0,1.793,1.665,0.05,0.058,1823.177913282117
0.006205,310,074_AlSiMg_200W_500mms_M0_G13_Test_Crossflow_StepoverAlt0311.tif,-0.002,1.779,1.665,0.049,0.057,1837.6237065921755
0.00621,310,074_AlSiMg_200W_500mms_M0_G13_Test_Crossflow_StepoverAlt0311.tif,0.0,1.772,1.654,0.049,0.061,1824.6598718583234
0.006215,310,074_AlSiMg_200W_500mms_M0_G13_Test_Crossflow_StepoverAlt0311.tif,0.001,1.775,1.73,0.047,0.057,1958.3138057901874
0.00622,311,074_AlSiMg_200W_500mms_M0_G13_Test_Crossflow_StepoverAlt0312.tif,-0.002,1.775,1.754,0.045,0.054,1914.8013574784381
0.006225,311,074_AlSiMg_200W_500mms_M0_G13_Test_Crossflow_StepoverAlt0312.tif,-0.002,1.777,1.773,0.051,0.054,1948.8401982468822
0.00623,311,074_AlSiMg_200W_500mms_M0_G13_Test_Crossflow_StepoverAlt0312.tif,0.001,1.787,1.726,0.046,0.056,1948.8401982468822
0.006235,311,074_AlSiMg_200W_500mms_M0_G13_Test_Crossflow_StepoverAlt0312.tif,0.0,1.804,1.702,0.046,0.055,1973.3648206770608
0.00624,312,074_AlSiMg_200W_500mms_M0_G13_Test_Crossflow_StepoverAlt0313.tif,-0.003,1.809,1.67,0.047,0.057,1781.96969231008
0.006245,312,074_AlSiMg_200W_500mms_M0_G13_Test_Crossflow_StepoverAlt0313.tif,0.0,1.815,1.721,0.047,0.055,1788.4377618214658
0.00625,312,074_AlSiMg_200W_500mms_M0_G13_Test_Crossflow_StepoverAlt0313.tif,-0.001,1.809,1.664,0.047,0.058,1785.0913226518546
0.006255,312,074_AlSiMg_200W_500mms_M0_G13_Test_Crossflow_StepoverAlt0313.tif,-0.001,1.807,1.693,0.048,0.058,1807.4686554948137
0.00626,313,074_AlSiMg_200W_500mms_M0_G13_Test_Crossflow_StepoverAlt0314.tif,-0.001,1.807,1.658,0.05,0.06,1833.8082438454035
0.006265,313,074_AlSiMg_200W_500mms_M0_G13_Test_Crossflow_StepoverAlt0314.tif,-0.002,1.798,1.651,0.049,0.058,1848.254037155462
0.00627,313,074_AlSiMg_200W_500mms_M0_G13_Test_Crossflow_StepoverAlt0314.tif,0.001,1.781,1.637,0.049,0.056,1854.4664451737674
0.006275,313,074_AlSiMg_200W_500mms_M0_G13_Test_Crossflow_StepoverAlt0314.tif,-0.002,1.775,1.65,0.047,0.057,1836.9120804492038
0.00628,314,074_AlSiMg_200W_500mms_M0_G13_Test_Crossflow_StepoverAlt0315.tif,-0.001,1.775,1.647,0.05,0.06,1787.00503718126
0.006285,314,074_AlSiMg_200W_500mms_M0_G13_Test_Crossflow_StepoverAlt0315.tif,-0.002,1.775,1.66,0.049,0.06,1729.928418382185
0.00629,314,074_AlSiMg_200W_500mms_M0_G13_Test_Crossflow_StepoverAlt0315.tif,0.0,1.779,1.692,0.047,0.059,1796.1372253605107
0.006295,314,074_AlSiMg_200W_500mms_M0_G13_Test_Crossflow_StepoverAlt0315.tif,-0.001,1.78,1.682,0.048,0.058,1772.2779339413457
0.0063,315,074_AlSiMg_200W_500mms_M0_G13_Test_Crossflow_StepoverAlt0316.tif,0.0,1.798,1.677,0.051,0.058,1744.0995359465553
0.006305,315,074_AlSiMg_200W_500mms_M0_G13_Test_Crossflow_StepoverAlt0316.tif,0.0,1.807,1.717,0.047,0.058,1794.0065792144992
0.00631,315,074_AlSiMg_200W_500mms_M0_G13_Test_Crossflow_StepoverAlt0316.tif,0.0,1.808,1.692,0.048,0.061,1800.218987232805
0.006315,315,074_AlSiMg_200W_500mms_M0_G13_Test_Crossflow_StepoverAlt0316.tif,-0.002,1.808,1.674,0.049,0.058,1774.2556491456442
0.00632,316,074_AlSiMg_200W_500mms_M0_G13_Test_Crossflow_StepoverAlt0317.tif,-0.001,1.807,1.647,0.05,0.06,1822.6395629949886
0.006325,316,074_AlSiMg_200W_500mms_M0_G13_Test_Crossflow_StepoverAlt0317.tif,-0.001,1.804,1.664,0.049,0.057,1865.2971127046833
0.00633,316,074_AlSiMg_200W_500mms_M0_G13_Test_Crossflow_StepoverAlt0317.tif,0.0,1.8,1.67,0.047,0.055,1865.2971127046833
0.006335,316,074_AlSiMg_200W_500mms_M0_G13_Test_Crossflow_StepoverAlt0317.tif,0.0,1.784,1.692,0.049,0.059,1859.0847046863776
0.00634,317,074_AlSiMg_200W_500mms_M0_G13_Test_Crossflow_StepoverAlt0318.tif,-0.002,1.775,1.686,0.049,0.058,1822.0403258860144
0.006345,317,074_AlSiMg_200W_500mms_M0_G13_Test_Crossflow_StepoverAlt0318.tif,0.0,1.775,1.665,0.048,0.058,1791.3032954375299
0.00635,317,074_AlSiMg_200W_500mms_M0_G13_Test_Crossflow_StepoverAlt0318.tif,-0.002,1.775,1.637,0.048,0.058,1937.5093706130356
0.006355,317,074_AlSiMg_200W_500mms_M0_G13_Test_Crossflow_StepoverAlt0318.tif,-0.002,1.777,1.644,0.048,0.058,1958.4274388951355
0.00636,318,074_AlSiMg_200W_500mms_M0_G13_Test_Crossflow_StepoverAlt0319.tif,-0.002,1.781,1.67,0.055,0.059,1974.4659448279922
0.006365,318,074_AlSiMg_200W_500mms_M0_G13_Test_Crossflow_StepoverAlt0319.tif,-0.002,1.79,1.671,0.05,0.058,1971.2648547371912
0.00637,318,074_AlSiMg_200W_500mms_M0_G13_Test_Crossflow_StepoverAlt0319.tif,0.001,1.804,1.667,0.048,0.057,1996.522966810501
0.006375,318,074_AlSiMg_200W_500mms_M0_G13_Test_Crossflow_StepoverAlt0319.tif,-0.002,1.804,1.639,0.047,0.057,1847.1796966263487
0.00638,319,074_AlSiMg_200W_500mms_M0_G13_Test_Crossflow_StepoverAlt0320.tif,-0.002,1.808,1.682,0.051,0.06,1826.2616283442487
0.006385,319,074_AlSiMg_200W_500mms_M0_G13_Test_Crossflow_StepoverAlt0320.tif,-0.002,1.808,1.677,0.048,0.058,1829.3993651635494
0.00639,319,074_AlSiMg_200W_500mms_M0_G13_Test_Crossflow_StepoverAlt0320.tif,-0.002,1.809,1.682,0.049,0.058,1883.460616876527
0.006395,319,074_AlSiMg_200W_500mms_M0_G13_Test_Crossflow_StepoverAlt0320.tif,0.0,1.804,1.657,0.049,0.058,1871.0359485467495
0.0064,320,074_AlSiMg_200W_500mms_M0_G13_Test_Crossflow_StepoverAlt0321.tif,0.0,1.795,1.637,0.047,0.054,1890.212191298907
0.006405,320,074_AlSiMg_200W_500mms_M0_G13_Test_Crossflow_StepoverAlt0321.tif,-0.002,1.779,1.618,0.047,0.056,1904.9620136731114
0.00641,320,074_AlSiMg_200W_500mms_M0_G13_Test_Crossflow_StepoverAlt0321.tif,0.0,1.777,1.642,0.049,0.058,1971.234419968258
0.006415,320,074_AlSiMg_200W_500mms_M0_G13_Test_Crossflow_StepoverAlt0321.tif,0.001,1.775,1.64,0.048,0.056,1945.6323704193917
0.00642,321,074_AlSiMg_200W_500mms_M0_G13_Test_Crossflow_StepoverAlt0322.tif,-0.001,1.775,1.674,0.051,0.057,2305.6238647905293
0.006425,321,074_AlSiMg_200W_500mms_M0_G13_Test_Crossflow_StepoverAlt0322.tif,0.001,1.777,1.657,0.051,0.06,2275.105665332114
0.00643,321,074_AlSiMg_200W_500mms_M0_G13_Test_Crossflow_StepoverAlt0322.tif,0.001,1.783,1.663,0.061,0.06,2229.837643499494
0.006435,321,074_AlSiMg_200W_500mms_M0_G13_Test_Crossflow_StepoverAlt0322.tif,-0.001,1.795,1.63,0.049,0.06,2126.74211105133
0.00644,322,074_AlSiMg_200W_500mms_M0_G13_Test_Crossflow_StepoverAlt0323.tif,0.001,1.804,1.689,0.049,0.06,2083.837115577161
0.006445,322,074_AlSiMg_200W_500mms_M0_G13_Test_Crossflow_StepoverAlt0323.tif,-0.002,1.802,1.656,0.047,0.058,1693.365294061631
0.00645,322,074_AlSiMg_200W_500mms_M0_G13_Test_Crossflow_StepoverAlt0323.tif,0.0,1.805,1.67,0.047,0.058,1687.0603673670291
0.006455,322,074_AlSiMg_200W_500mms_M0_G13_Test_Crossflow_StepoverAlt0323.tif,-0.001,1.801,1.646,0.047,0.058,1644.8793039258921
0.00646,323,074_AlSiMg_200W_500mms_M0_G13_Test_Crossflow_StepoverAlt0324.tif,0.0,1.797,1.664,0.047,0.058,1716.5315244097915
0.006465,323,074_AlSiMg_200W_500mms_M0_G13_Test_Crossflow_StepoverAlt0324.tif,0.001,1.793,1.636,0.047,0.061,1759.436519883961
0.00647,323,074_AlSiMg_200W_500mms_M0_G13_Test_Crossflow_StepoverAlt0324.tif,0.0,1.78,1.646,0.048,0.055,1746.3526027690339
0.006475,323,074_AlSiMg_200W_500mms_M0_G13_Test_Crossflow_StepoverAlt0324.tif,0.001,1.775,1.66,0.051,0.06,1746.3526027690339
0.00648,324,074_AlSiMg_200W_500mms_M0_G13_Test_Crossflow_StepoverAlt0325.tif,0.001,1.772,1.65,0.047,0.059,1803.0128179250758
0.006485,324,074_AlSiMg_200W_500mms_M0_G13_Test_Crossflow_StepoverAlt0325.tif,0.001,1.776,1.625,0.047,0.058,1812.0151977295602
0.00649,324,074_AlSiMg_200W_500mms_M0_G13_Test_Crossflow_StepoverAlt0325.tif,-0.002,1.779,1.621,0.049,0.059,1759.1803492907652
0.006495,324,074_AlSiMg_200W_500mms_M0_G13_Test_Crossflow_StepoverAlt0325.tif,0.001,1.783,1.615,0.051,0.058,1815.1692618798618
0.0065,325,074_AlSiMg_200W_500mms_M0_G13_Test_Crossflow_StepoverAlt0326.tif,0.0,1.797,1.609,0.048,0.06,1842.0436204456018
0.006505,325,074_AlSiMg_200W_500mms_M0_G13_Test_Crossflow_StepoverAlt0326.tif,-0.001,1.807,1.615,0.051,0.06,1898.983016131493
0.00651,325,074_AlSiMg_200W_500mms_M0_G13_Test_Crossflow_StepoverAlt0326.tif,0.0,1.815,1.65,0.051,0.061,1842.1877072622744
0.006515,325,074_AlSiMg_200W_500mms_M0_G13_Test_Crossflow_StepoverAlt0326.tif,-0.002,1.808,1.677,0.05,0.057,1827.1260236400644
0.00652,326,074_AlSiMg_200W_500mms_M0_G13_Test_Crossflow_StepoverAlt0327.tif,-0.001,1.808,1.66,0.05,0.06,1821.0441543189122
0.006525,326,074_AlSiMg_200W_500mms_M0_G13_Test_Crossflow_StepoverAlt0327.tif,0.0,1.808,1.7,0.047,0.06,1811.8166791540316
0.00653,326,074_AlSiMg_200W_500mms_M0_G13_Test_Crossflow_StepoverAlt0327.tif,0.001,1.801,1.663,0.049,0.058,1767.7785943923511
0.006535,326,074_AlSiMg_200W_500mms_M0_G13_Test_Crossflow_StepoverAlt0327.tif,0.0,1.793,1.663,0.048,0.058,1764.7033813826918
0.00654,327,074_AlSiMg_200W_500mms_M0_G13_Test_Crossflow_StepoverAlt0328.tif,0.0,1.783,1.663,0.048,0.057,1823.3803073032439
0.006545,327,074_AlSiMg_200W_500mms_M0_G13_Test_Crossflow_StepoverAlt0328.tif,-0.002,1.779,1.681,0.049,0.059,1786.5571811502264
0.00655,327,074_AlSiMg_200W_500mms_M0_G13_Test_Crossflow_StepoverAlt0328.tif,-0.001,1.779,1.647,0.048,0.057,1755.8263806344398
0.006555,327,074_AlSiMg_200W_500mms_M0_G13_Test_Crossflow_StepoverAlt0328.tif,-0.002,1.777,1.639,0.047,0.058,1739.7878747015827
0.00656,328,074_AlSiMg_200W_500mms_M0_G13_Test_Crossflow_StepoverAlt0329.tif,0.001,1.78,1.619,0.047,0.059,1752.6891856257935
0.006565,328,074_AlSiMg_200W_500mms_M0_G13_Test_Crossflow_StepoverAlt0329.tif,-0.001,1.791,1.618,0.048,0.058,1755.8269224450942
0.00657,328,074_AlSiMg_200W_500mms_M0_G13_Test_Crossflow_StepoverAlt0329.tif,0.0,1.804,1.621,0.048,0.057,1755.8269224450937
0.006575,328,074_AlSiMg_200W_500mms_M0_G13_Test_Crossflow_StepoverAlt0329.tif,-0.001,1.805,1.602,0.049,0.058,1775.2157662546228
0.00658,329,074_AlSiMg_200W_500mms_M0_G13_Test_Crossflow_StepoverAlt0330.tif,-0.001,1.805,1.644,0.047,0.058,1794.3920090067804
0.006585,329,074_AlSiMg_200W_500mms_M0_G13_Test_Crossflow_StepoverAlt0330.tif,0.0,1.804,1.639,0.049,0.06,1797.5297458260811
0.00659,329,074_AlSiMg_200W_500mms_M0_G13_Test_Crossflow_StepoverAlt0330.tif,-0.001,1.797,1.636,0.049,0.058,1797.5297458260811
0.006595,329,074_AlSiMg_200W_500mms_M0_G13_Test_Crossflow_StepoverAlt0330.tif,0.001,1.795,1.692,0.049,0.058,1803.834672520683
0.0066,330,074_AlSiMg_200W_500mms_M0_G13_Test_Crossflow_StepoverAlt0331.tif,-0.002,1.787,1.664,0.049,0.058,1831.215135159798
0.006605,330,074_AlSiMg_200W_500mms_M0_G13_Test_Crossflow_StepoverAlt0331.tif,0.001,1.776,1.658,0.049,0.06,1794.3920090067804
0.00661,330,074_AlSiMg_200W_500mms_M0_G13_Test_Crossflow_StepoverAlt0331.tif,-0.001,1.77,1.675,0.048,0.057,1794.3920090067804
0.006615,330,074_AlSiMg_200W_500mms_M0_G13_Test_Crossflow_StepoverAlt0331.tif,-0.001,1.772,1.653,0.047,0.058,1812.260145054986
0.00662,331,074_AlSiMg_200W_500mms_M0_G13_Test_Crossflow_StepoverAlt0332.tif,0.0,1.773,1.665,0.049,0.058,1863.6964127955016
0.006625,331,074_AlSiMg_200W_500mms_M0_G13_Test_Crossflow_StepoverAlt0332.tif,-0.002,1.776,1.67,0.049,0.057,1853.8703148809502
0.00663,331,074_AlSiMg_200W_500mms_M0_G13_Test_Crossflow_StepoverAlt0332.tif,-0.001,1.784,1.686,0.05,0.058,1877.7296063001152
0.006635,331,074_AlSiMg_200W_500mms_M0_G13_Test_Crossflow_StepoverAlt0332.tif,0.0,1.801,1.693,0.05,0.06,1864.765771566263
0.00664,332,074_AlSiMg_200W_500mms_M0_G13_Test_Crossflow_StepoverAlt0333.tif,-0.002,1.809,1.677,0.05,0.06,1830.8585877745468
0.006645,332,074_AlSiMg_200W_500mms_M0_G13_Test_Crossflow_StepoverAlt0333.tif,-0.001,1.811,1.693,0.05,0.06,1853.7719936278131
0.00665,332,074_AlSiMg_200W_500mms_M0_G13_Test_Crossflow_StepoverAlt0333.tif,0.0,1.812,1.709,0.049,0.059,2068.4599622952423
0.006655,332,074_AlSiMg_200W_500mms_M0_G13_Test_Crossflow_StepoverAlt0333.tif,0.001,1.808,1.671,0.051,0.058,2068.459962295242
0.00666,333,074_AlSiMg_200W_500mms_M0_G13_Test_Crossflow_StepoverAlt0334.tif,-0.001,1.807,1.671,0.056,0.058,2081.423797029094
0.006665,333,074_AlSiMg_200W_500mms_M0_G13_Test_Crossflow_StepoverAlt0334.tif,0.0,1.801,1.677,0.05,0.06,2087.5140771853285
0.00667,333,074_AlSiMg_200W_500mms_M0_G13_Test_Crossflow_StepoverAlt0334.tif,0.0,1.786,1.693,0.049,0.058,2013.1644035915465
0.006675,333,074_AlSiMg_200W_500mms_M0_G13_Test_Crossflow_StepoverAlt0334.tif,-0.002,1.777,1.682,0.051,0.061,1795.4012219144583
0.00668,334,074_AlSiMg_200W_500mms_M0_G13_Test_Crossflow_StepoverAlt0335.tif,0.0,1.773,1.672,0.049,0.06,1789.1888138961526
0.006685,334,074_AlSiMg_200W_500mms_M0_G13_Test_Crossflow_StepoverAlt0335.tif,-0.001,1.776,1.681,0.049,0.059,1776.2249791623005
0.00669,334,074_AlSiMg_200W_500mms_M0_G13_Test_Crossflow_StepoverAlt0335.tif,-0.001,1.776,1.661,0.048,0.058,1770.1346990060665
0.006695,334,074_AlSiMg_200W_500mms_M0_G13_Test_Crossflow_StepoverAlt0335.tif,-0.002,1.783,1.658,0.05,0.06,1781.4766557123244
0.0067,335,074_AlSiMg_200W_500mms_M0_G13_Test_Crossflow_StepoverAlt0336.tif,-0.002,1.794,1.714,0.049,0.059,1812.2655258300401
0.006705,335,074_AlSiMg_200W_500mms_M0_G13_Test_Crossflow_StepoverAlt0336.tif,0.0,1.805,1.731,0.048,0.058,1831.4417685821977
0.00671,335,074_AlSiMg_200W_500mms_M0_G13_Test_Crossflow_StepoverAlt0336.tif,0.001,1.805,1.695,0.048,0.056,1822.0282704730907
0.006715,335,074_AlSiMg_200W_500mms_M0_G13_Test_Crossflow_StepoverAlt0336.tif,0.0,1.805,1.675,0.049,0.058,1815.6899853736427
0.00672,336,074_AlSiMg_200W_500mms_M0_G13_Test_Crossflow_StepoverAlt0337.tif,0.0,1.804,1.672,0.047,0.057,1834.8662281258007
0.006725,336,074_AlSiMg_200W_500mms_M0_G13_Test_Crossflow_StepoverAlt0337.tif,-0.002,1.797,1.681,0.047,0.057,1758.301743011743
0.00673,336,074_AlSiMg_200W_500mms_M0_G13_Test_Crossflow_StepoverAlt0337.tif,0.001,1.795,1.702,0.049,0.058,2004.407735196238
0.006735,336,074_AlSiMg_200W_500mms_M0_G13_Test_Crossflow_StepoverAlt0337.tif,0.0,1.787,1.688,0.047,0.06,2047.7031363212968
0.00674,337,074_AlSiMg_200W_500mms_M0_G13_Test_Crossflow_StepoverAlt0338.tif,0.0,1.776,1.696,0.057,0.058,2070.080469164256
0.006745,337,074_AlSiMg_200W_500mms_M0_G13_Test_Crossflow_StepoverAlt0338.tif,0.001,1.773,1.698,0.05,0.058,2070.080469164256
0.00675,337,074_AlSiMg_200W_500mms_M0_G13_Test_Crossflow_StepoverAlt0338.tif,-0.001,1.773,1.726,0.049,0.058,2115.8560841605977
0.006755,337,074_AlSiMg_200W_500mms_M0_G13_Test_Crossflow_StepoverAlt0338.tif,0.0,1.775,1.721,0.049,0.058,1842.295279185369
0.00676,338,074_AlSiMg_200W_500mms_M0_G13_Test_Crossflow_StepoverAlt0339.tif,-0.002,1.78,1.703,0.049,0.059,1808.413376169417
0.006765,338,074_AlSiMg_200W_500mms_M0_G13_Test_Crossflow_StepoverAlt0339.tif,-0.002,1.793,1.707,0.05,0.061,1835.2350136031496
0.00677,338,074_AlSiMg_200W_500mms_M0_G13_Test_Crossflow_StepoverAlt0339.tif,-0.002,1.802,1.702,0.05,0.06,1804.716814144734
0.006775,338,074_AlSiMg_200W_500mms_M0_G13_Test_Crossflow_StepoverAlt0339.tif,0.001,1.812,1.663,0.052,0.06,1804.716814144734
0.00678,339,074_AlSiMg_200W_500mms_M0_G13_Test_Crossflow_StepoverAlt0340.tif,-0.002,1.811,1.647,0.049,0.06,1819.2077922016156
0.006785,339,074_AlSiMg_200W_500mms_M0_G13_Test_Crossflow_StepoverAlt0340.tif,0.001,1.811,1.647,0.049,0.059,1835.2441535341204
0.00679,339,074_AlSiMg_200W_500mms_M0_G13_Test_Crossflow_StepoverAlt0340.tif,0.0,1.808,1.647,0.05,0.06,1808.422516100388
0.006795,339,074_AlSiMg_200W_500mms_M0_G13_Test_Crossflow_StepoverAlt0340.tif,-0.002,1.801,1.642,0.05,0.059,1819.7644728066457
0.0068,340,074_AlSiMg_200W_500mms_M0_G13_Test_Crossflow_StepoverAlt0341.tif,-0.002,1.79,1.632,0.049,0.058,1822.839685816305
0.006805,340,074_AlSiMg_200W_500mms_M0_G13_Test_Crossflow_StepoverAlt0341.tif,-0.001,1.78,1.681,0.048,0.058,1792.1472842174721
0.00681,340,074_AlSiMg_200W_500mms_M0_G13_Test_Crossflow_StepoverAlt0341.tif,-0.002,1.775,1.66,0.05,0.06,1779.1259900315424
0.006815,340,074_AlSiMg_200W_500mms_M0_G13_Test_Crossflow_StepoverAlt0341.tif,0.0,1.775,1.686,0.049,0.061,1763.0869422880314
0.00682,341,074_AlSiMg_200W_500mms_M0_G13_Test_Crossflow_StepoverAlt0342.tif,0.001,1.773,1.668,0.051,0.061,1800.1313210883945
0.006825,341,074_AlSiMg_200W_500mms_M0_G13_Test_Crossflow_StepoverAlt0342.tif,-0.001,1.775,1.677,0.049,0.059,1830.963291870452
0.00683,341,074_AlSiMg_200W_500mms_M0_G13_Test_Crossflow_StepoverAlt0342.tif,0.0,1.783,1.709,0.049,0.057,1918.4510023385033
0.006835,341,074_AlSiMg_200W_500mms_M0_G13_Test_Crossflow_StepoverAlt0342.tif,-0.001,1.797,1.721,0.049,0.057,1912.360722182269
0.00684,342,074_AlSiMg_200W_500mms_M0_G13_Test_Crossflow_StepoverAlt0343.tif,0.0,1.804,1.693,0.051,0.058,1912.360722182269
0.006845,342,074_AlSiMg_200W_500mms_M0_G13_Test_Crossflow_StepoverAlt0343.tif,0.0,1.807,1.677,0.049,0.059,1872.1152532911044
0.00685,342,074_AlSiMg_200W_500mms_M0_G13_Test_Crossflow_StepoverAlt0343.tif,0.0,1.809,1.661,0.049,0.059,1792.4324545030463
0.006855,342,074_AlSiMg_200W_500mms_M0_G13_Test_Crossflow_StepoverAlt0343.tif,0.0,1.804,1.632,0.047,0.057,1718.0827809092643
0.00686,343,074_AlSiMg_200W_500mms_M0_G13_Test_Crossflow_StepoverAlt0344.tif,-0.002,1.8,1.625,0.047,0.06,1706.6670158620414
0.006865,343,074_AlSiMg_200W_500mms_M0_G13_Test_Crossflow_StepoverAlt0344.tif,-0.002,1.788,1.633,0.049,0.06,1692.187864147137
0.00687,343,074_AlSiMg_200W_500mms_M0_G13_Test_Crossflow_StepoverAlt0344.tif,-0.002,1.776,1.642,0.05,0.061,1698.5261492465847
0.006875,343,074_AlSiMg_200W_500mms_M0_G13_Test_Crossflow_StepoverAlt0344.tif,-0.001,1.773,1.682,0.049,0.06,1766.42268130759
0.00688,344,074_AlSiMg_200W_500mms_M0_G13_Test_Crossflow_StepoverAlt0345.tif,0.0,1.776,1.681,0.049,0.059,1786.9921131787287
0.006885,344,074_AlSiMg_200W_500mms_M0_G13_Test_Crossflow_StepoverAlt0345.tif,0.001,1.773,1.684,0.051,0.06,1823.4768963856466
0.00689,344,074_AlSiMg_200W_500mms_M0_G13_Test_Crossflow_StepoverAlt0345.tif,-0.002,1.777,1.688,0.051,0.061,1810.3388595113774
0.006895,344,074_AlSiMg_200W_500mms_M0_G13_Test_Crossflow_StepoverAlt0345.tif,0.0,1.781,1.686,0.052,0.061,1782.7216709222037
0.0069,345,074_AlSiMg_200W_500mms_M0_G13_Test_Crossflow_StepoverAlt0346.tif,-0.001,1.795,1.688,0.049,0.061,1782.7216709222037
0.006905,345,074_AlSiMg_200W_500mms_M0_G13_Test_Crossflow_StepoverAlt0346.tif,-0.001,1.805,1.653,0.049,0.061,1762.152239051065
0.00691,345,074_AlSiMg_200W_500mms_M0_G13_Test_Crossflow_StepoverAlt0346.tif,0.001,1.808,1.688,0.051,0.06,1725.6674558441468
0.006915,345,074_AlSiMg_200W_500mms_M0_G13_Test_Crossflow_StepoverAlt0346.tif,0.0,1.809,1.689,0.049,0.06,1790.2417604589318
0.00692,346,074_AlSiMg_200W_500mms_M0_G13_Test_Crossflow_StepoverAlt0347.tif,0.0,1.807,1.66,0.05,0.061,1787.145017673974
0.006925,346,074_AlSiMg_200W_500mms_M0_G13_Test_Crossflow_StepoverAlt0347.tif,0.001,1.805,1.661,0.05,0.058,1747.4227554791073
0.00693,346,074_AlSiMg_200W_500mms_M0_G13_Test_Crossflow_StepoverAlt0347.tif,-0.002,1.801,1.656,0.048,0.06,1781.0134815361757
0.006935,346,074_AlSiMg_200W_500mms_M0_G13_Test_Crossflow_StepoverAlt0347.tif,-0.001,1.788,1.665,0.048,0.059,1758.5612510589658
0.00694,347,074_AlSiMg_200W_500mms_M0_G13_Test_Crossflow_StepoverAlt0348.tif,0.001,1.781,1.728,0.05,0.059,1737.6431827768654
0.006945,347,074_AlSiMg_200W_500mms_M0_G13_Test_Crossflow_StepoverAlt0348.tif,0.0,1.783,1.714,0.047,0.059,1725.6995644413023
0.00695,347,074_AlSiMg_200W_500mms_M0_G13_Test_Crossflow_StepoverAlt0348.tif,-0.002,1.783,1.672,0.049,0.058,1740.1637145628586
0.006955,347,074_AlSiMg_200W_500mms_M0_G13_Test_Crossflow_StepoverAlt0348.tif,-0.001,1.788,1.672,0.048,0.061,1690.3382088465635
0.00696,348,074_AlSiMg_200W_500mms_M0_G13_Test_Crossflow_StepoverAlt0349.tif,-0.002,1.787,1.689,0.048,0.058,1758.1133881627131
0.006965,348,074_AlSiMg_200W_500mms_M0_G13_Test_Crossflow_StepoverAlt0349.tif,0.001,1.795,1.658,0.048,0.06,1724.4729952889986
0.00697,348,074_AlSiMg_200W_500mms_M0_G13_Test_Crossflow_StepoverAlt0349.tif,0.001,1.807,1.651,0.049,0.057,1736.4166136245622
0.006975,348,074_AlSiMg_200W_500mms_M0_G13_Test_Crossflow_StepoverAlt0349.tif,0.001,1.809,1.658,0.048,0.059,1725.0746569183043
0.00698,349,074_AlSiMg_200W_500mms_M0_G13_Test_Crossflow_StepoverAlt0350.tif,0.0,1.811,1.665,0.048,0.06,1786.5774584101514
0.006985,349,074_AlSiMg_200W_500mms_M0_G13_Test_Crossflow_StepoverAlt0350.tif,-0.002,1.808,1.653,0.049,0.06,1749.5330796097883
0.00699,349,074_AlSiMg_200W_500mms_M0_G13_Test_Crossflow_StepoverAlt0350.tif,-0.002,1.801,1.661,0.048,0.056,1801.0416085317079
0.006995,349,074_AlSiMg_200W_500mms_M0_G13_Test_Crossflow_StepoverAlt0350.tif,0.002,1.798,1.654,0.048,0.058,1810.9714614963334
0.007,350,074_AlSiMg_200W_500mms_M0_G13_Test_Crossflow_StepoverAlt0351.tif,0.0,1.781,1.644,0.049,0.057,1810.9714614963334
0.007005,350,074_AlSiMg_200W_500mms_M0_G13_Test_Crossflow_StepoverAlt0351.tif,0.0,1.776,1.667,0.047,0.058,1796.2216391221289
0.00701,350,074_AlSiMg_200W_500mms_M0_G13_Test_Crossflow_StepoverAlt0351.tif,-0.002,1.772,1.671,0.049,0.06,1786.4186209333857
0.007015,350,074_AlSiMg_200W_500mms_M0_G13_Test_Crossflow_StepoverAlt0351.tif,0.001,1.768,1.668,0.049,0.058,1783.3003072593851
0.00702,351,074_AlSiMg_200W_500mms_M0_G13_Test_Crossflow_StepoverAlt0352.tif,-0.001,1.772,1.67,0.045,0.055,1767.003368956814
0.007025,351,074_AlSiMg_200W_500mms_M0_G13_Test_Crossflow_StepoverAlt0352.tif,0.001,1.777,1.677,0.048,0.056,1768.542307474329
0.00703,351,074_AlSiMg_200W_500mms_M0_G13_Test_Crossflow_StepoverAlt0352.tif,-0.001,1.783,1.685,0.046,0.058,1746.16497463137
0.007035,351,074_AlSiMg_200W_500mms_M0_G13_Test_Crossflow_StepoverAlt0352.tif,0.0,1.8,1.681,0.045,0.055,1793.0123716204757
0.00704,352,074_AlSiMg_200W_500mms_M0_G13_Test_Crossflow_StepoverAlt0353.tif,0.0,1.804,1.639,0.047,0.057,1813.091643577153
0.007045,352,074_AlSiMg_200W_500mms_M0_G13_Test_Crossflow_StepoverAlt0353.tif,-0.001,1.807,1.719,0.049,0.057,1829.3885818797244
0.00705,352,074_AlSiMg_200W_500mms_M0_G13_Test_Crossflow_StepoverAlt0353.tif,0.0,1.809,1.654,0.048,0.055,1821.5447166676076
0.007055,352,074_AlSiMg_200W_500mms_M0_G13_Test_Crossflow_StepoverAlt0353.tif,-0.002,1.804,1.65,0.047,0.058,1824.7458067584091
0.00706,353,074_AlSiMg_200W_500mms_M0_G13_Test_Crossflow_StepoverAlt0354.tif,-0.001,1.8,1.642,0.047,0.058,1821.627493084408
0.007065,353,074_AlSiMg_200W_500mms_M0_G13_Test_Crossflow_StepoverAlt0354.tif,-0.001,1.795,1.642,0.048,0.058,1743.4208969717947
0.00707,353,074_AlSiMg_200W_500mms_M0_G13_Test_Crossflow_StepoverAlt0354.tif,-0.002,1.779,1.642,0.048,0.056,1718.4293603849594
0.007075,353,074_AlSiMg_200W_500mms_M0_G13_Test_Crossflow_StepoverAlt0354.tif,0.0,1.775,1.664,0.045,0.056,1666.3481008705178
0.00708,354,074_AlSiMg_200W_500mms_M0_G13_Test_Crossflow_StepoverAlt0355.tif,-0.002,1.775,1.66,0.047,0.06,1679.18154461405
0.007085,354,074_AlSiMg_200W_500mms_M0_G13_Test_Crossflow_StepoverAlt0355.tif,-0.002,1.777,1.678,0.045,0.06,1621.054220458114
0.00709,354,074_AlSiMg_200W_500mms_M0_G13_Test_Crossflow_StepoverAlt0355.tif,-0.002,1.779,1.681,0.047,0.056,1664.4317222398454
0.007095,354,074_AlSiMg_200W_500mms_M0_G13_Test_Crossflow_StepoverAlt0355.tif,-0.001,1.788,1.702,0.045,0.056,1757.930303849717
0.0071,355,074_AlSiMg_200W_500mms_M0_G13_Test_Crossflow_StepoverAlt0356.tif,-0.001,1.795,1.741,0.049,0.058,1814.4503401959798
0.007105,355,074_AlSiMg_200W_500mms_M0_G13_Test_Crossflow_StepoverAlt0356.tif,-0.002,1.807,1.763,0.047,0.054,1791.8138782637047
0.00711,355,074_AlSiMg_200W_500mms_M0_G13_Test_Crossflow_StepoverAlt0356.tif,0.0,1.809,1.728,0.044,0.054,1791.8138782637047
0.007115,355,074_AlSiMg_200W_500mms_M0_G13_Test_Crossflow_StepoverAlt0356.tif,0.0,1.807,1.705,0.045,0.055,1785.471079255079
0.00712,356,074_AlSiMg_200W_500mms_M0_G13_Test_Crossflow_StepoverAlt0357.tif,0.0,1.807,1.685,0.045,0.056,1710.4096586033295
0.007125,356,074_AlSiMg_200W_500mms_M0_G13_Test_Crossflow_StepoverAlt0357.tif,0.001,1.805,1.671,0.047,0.056,1839.7235166153666
0.00713,356,074_AlSiMg_200W_500mms_M0_G13_Test_Crossflow_StepoverAlt0357.tif,0.0,1.8,1.689,0.045,0.056,1839.7235166153666
0.007135,356,074_AlSiMg_200W_500mms_M0_G13_Test_Crossflow_StepoverAlt0357.tif,0.0,1.788,1.695,0.053,0.058,1836.3480392794554
0.00714,357,074_AlSiMg_200W_500mms_M0_G13_Test_Crossflow_StepoverAlt0358.tif,-0.002,1.777,1.691,0.045,0.055,1854.251625984408
0.007145,357,074_AlSiMg_200W_500mms_M0_G13_Test_Crossflow_StepoverAlt0358.tif,0.001,1.776,1.681,0.044,0.055,1888.0117322018978
0.00715,357,074_AlSiMg_200W_500mms_M0_G13_Test_Crossflow_StepoverAlt0358.tif,-0.003,1.776,1.651,0.047,0.055,1762.1029625701558
0.007155,357,074_AlSiMg_200W_500mms_M0_G13_Test_Crossflow_StepoverAlt0358.tif,0.0,1.779,1.639,0.046,0.055,1731.3523734617152
0.00716,358,074_AlSiMg_200W_500mms_M0_G13_Test_Crossflow_StepoverAlt0359.tif,-0.002,1.779,1.661,0.045,0.055,1771.7625535707325
0.007165,358,074_AlSiMg_200W_500mms_M0_G13_Test_Crossflow_StepoverAlt0359.tif,0.0,1.79,1.681,0.044,0.056,1700.4719158250646
0.00717,358,074_AlSiMg_200W_500mms_M0_G13_Test_Crossflow_StepoverAlt0359.tif,-0.001,1.8,1.668,0.047,0.056,1700.4719158250646
0.007175,358,074_AlSiMg_200W_500mms_M0_G13_Test_Crossflow_StepoverAlt0359.tif,0.001,1.805,1.689,0.044,0.056,1789.9701712010144
0.00718,359,074_AlSiMg_200W_500mms_M0_G13_Test_Crossflow_StepoverAlt0360.tif,-0.001,1.804,1.665,0.046,0.055,1833.3154914337415
0.007185,359,074_AlSiMg_200W_500mms_M0_G13_Test_Crossflow_StepoverAlt0360.tif,0.001,1.8,1.677,0.049,0.055,1900.1772848774162
0.00719,359,074_AlSiMg_200W_500mms_M0_G13_Test_Crossflow_StepoverAlt0360.tif,-0.002,1.8,1.681,0.044,0.053,1946.9433001929053
0.007195,359,074_AlSiMg_200W_500mms_M0_G13_Test_Crossflow_StepoverAlt0360.tif,-0.001,1.795,1.674,0.049,0.055,1927.5814348162457
0.0072,360,074_AlSiMg_200W_500mms_M0_G13_Test_Crossflow_StepoverAlt0361.tif,-0.001,1.784,1.712,0.045,0.054,1872.023085471418
0.007205,360,074_AlSiMg_200W_500mms_M0_G13_Test_Crossflow_StepoverAlt0361.tif,0.001,1.773,1.695,0.045,0.055,1875.4437805541802
0.00721,360,074_AlSiMg_200W_500mms_M0_G13_Test_Crossflow_StepoverAlt0361.tif,0.001,1.772,1.66,0.045,0.053,1774.8565830684286
0.007215,360,074_AlSiMg_200W_500mms_M0_G13_Test_Crossflow_StepoverAlt0361.tif,0.0,1.772,1.67,0.045,0.054,1758.84115686138
0.00722,361,074_AlSiMg_200W_500mms_M0_G13_Test_Crossflow_StepoverAlt0362.tif,0.002,1.773,1.688,0.046,0.057,1781.477618793655
0.007225,361,074_AlSiMg_200W_500mms_M0_G13_Test_Crossflow_StepoverAlt0362.tif,-0.002,1.777,1.665,0.045,0.055,1747.5377127625331
0.00723,361,074_AlSiMg_200W_500mms_M0_G13_Test_Crossflow_StepoverAlt0362.tif,0.001,1.784,1.674,0.047,0.056,1772.062335192712
0.007235,361,074_AlSiMg_200W_500mms_M0_G13_Test_Crossflow_StepoverAlt0362.tif,0.0,1.797,1.656,0.045,0.055,1783.1512773025138
0.00724,362,074_AlSiMg_200W_500mms_M0_G13_Test_Crossflow_StepoverAlt0363.tif,-0.002,1.804,1.685,0.047,0.055,1823.6913259397413
0.007245,362,074_AlSiMg_200W_500mms_M0_G13_Test_Crossflow_StepoverAlt0363.tif,-0.001,1.809,1.672,0.045,0.055,1841.5949126446935
0.00725,362,074_AlSiMg_200W_500mms_M0_G13_Test_Crossflow_StepoverAlt0363.tif,0.0,1.808,1.646,0.047,0.055,1823.8211944679515
0.007255,362,074_AlSiMg_200W_500mms_M0_G13_Test_Crossflow_StepoverAlt0363.tif,-0.001,1.804,1.632,0.047,0.055,1802.6430112073836
0.00726,363,074_AlSiMg_200W_500mms_M0_G13_Test_Crossflow_StepoverAlt0364.tif,-0.001,1.804,1.639,0.044,0.055,1788.244770366553
0.007265,363,074_AlSiMg_200W_500mms_M0_G13_Test_Crossflow_StepoverAlt0364.tif,-0.002,1.795,1.635,0.046,0.055,1744.29963334903
0.00727,363,074_AlSiMg_200W_500mms_M0_G13_Test_Crossflow_StepoverAlt0364.tif,-0.002,1.78,1.615,0.045,0.056,1723.121450088462
0.007275,363,074_AlSiMg_200W_500mms_M0_G13_Test_Crossflow_StepoverAlt0364.tif,-0.001,1.775,1.629,0.044,0.054,1781.4352169024319
0.00728,364,074_AlSiMg_200W_500mms_M0_G13_Test_Crossflow_StepoverAlt0365.tif,-0.002,1.773,1.626,0.046,0.055,1744.29963334903
0.007285,364,074_AlSiMg_200W_500mms_M0_G13_Test_Crossflow_StepoverAlt0365.tif,-0.001,1.78,1.637,0.047,0.055,1778.0597395665202
0.00729,364,074_AlSiMg_200W_500mms_M0_G13_Test_Crossflow_StepoverAlt0365.tif,-0.002,1.783,1.636,0.044,0.055,1838.9062273687807
0.007295,364,074_AlSiMg_200W_500mms_M0_G13_Test_Crossflow_StepoverAlt0365.tif,-0.002,1.781,1.661,0.046,0.055,1819.5443619921214
0.0073,365,074_AlSiMg_200W_500mms_M0_G13_Test_Crossflow_StepoverAlt0366.tif,-0.001,1.798,1.663,0.046,0.053,1791.59904447918
0.007305,365,074_AlSiMg_200W_500mms_M0_G13_Test_Crossflow_StepoverAlt0366.tif,0.0,1.808,1.654,0.045,0.055,1791.59904447918
0.00731,365,074_AlSiMg_200W_500mms_M0_G13_Test_Crossflow_StepoverAlt0366.tif,-0.001,1.812,1.629,0.044,0.053,1809.5150234076511
0.007315,365,074_AlSiMg_200W_500mms_M0_G13_Test_Crossflow_StepoverAlt0366.tif,0.0,1.814,1.619,0.044,0.055,1755.4085726630426
0.00732,366,074_AlSiMg_200W_500mms_M0_G13_Test_Crossflow_StepoverAlt0367.tif,-0.002,1.808,1.623,0.046,0.054,1716.1682169976382
0.007325,366,074_AlSiMg_200W_500mms_M0_G13_Test_Crossflow_StepoverAlt0367.tif,0.0,1.804,1.657,0.046,0.056,1719.5889120804
0.00733,366,074_AlSiMg_200W_500mms_M0_G13_Test_Crossflow_StepoverAlt0367.tif,-0.001,1.795,1.67,0.045,0.058,1749.9573613814287
0.007335,366,074_AlSiMg_200W_500mms_M0_G13_Test_Crossflow_StepoverAlt0367.tif,0.0,1.781,1.692,0.045,0.054,1709.2744286960028
0.00734,367,074_AlSiMg_200W_500mms_M0_G13_Test_Crossflow_StepoverAlt0368.tif,-0.001,1.772,1.709,0.044,0.053,1688.1657618419038
0.007345,367,074_AlSiMg_200W_500mms_M0_G13_Test_Crossflow_StepoverAlt0368.tif,0.0,1.773,1.685,0.044,0.054,1743.4215437143569
0.00735,367,074_AlSiMg_200W_500mms_M0_G13_Test_Crossflow_StepoverAlt0368.tif,-0.001,1.773,1.664,0.044,0.055,1778.1626115523563
0.007355,367,074_AlSiMg_200W_500mms_M0_G13_Test_Crossflow_StepoverAlt0368.tif,-0.001,1.776,1.665,0.045,0.054,1762.162792047775
0.00736,368,074_AlSiMg_200W_500mms_M0_G13_Test_Crossflow_StepoverAlt0369.tif,0.001,1.779,1.668,0.044,0.051,1768.9028291054274
0.007365,368,074_AlSiMg_200W_500mms_M0_G13_Test_Crossflow_StepoverAlt0369.tif,-0.001,1.787,1.651,0.044,0.054,1752.5255821956143
0.00737,368,074_AlSiMg_200W_500mms_M0_G13_Test_Crossflow_StepoverAlt0369.tif,0.0,1.801,1.681,0.046,0.056,1770.450062019688
0.007375,368,074_AlSiMg_200W_500mms_M0_G13_Test_Crossflow_StepoverAlt0369.tif,-0.001,1.805,1.699,0.043,0.055,1709.2587177837497
0.00738,369,074_AlSiMg_200W_500mms_M0_G13_Test_Crossflow_StepoverAlt0370.tif,-0.002,1.801,1.702,0.045,0.053,1709.2587177837497
0.007385,369,074_AlSiMg_200W_500mms_M0_G13_Test_Crossflow_StepoverAlt0370.tif,0.001,1.802,1.671,0.042,0.052,1746.4638177436204
0.00739,369,074_AlSiMg_200W_500mms_M0_G13_Test_Crossflow_StepoverAlt0370.tif,-0.002,1.801,1.661,0.044,0.054,1834.7549504662904
0.007395,369,074_AlSiMg_200W_500mms_M0_G13_Test_Crossflow_StepoverAlt0370.tif,-0.001,1.797,1.654,0.047,0.055,1776.0835892005434
0.0074,370,074_AlSiMg_200W_500mms_M0_G13_Test_Crossflow_StepoverAlt0371.tif,0.0,1.791,1.653,0.045,0.052,1776.083589200543
0.007405,370,074_AlSiMg_200W_500mms_M0_G13_Test_Crossflow_StepoverAlt0371.tif,0.001,1.78,1.628,0.042,0.053,1792.0834087051248
0.00741,370,074_AlSiMg_200W_500mms_M0_G13_Test_Crossflow_StepoverAlt0371.tif,0.0,1.78,1.632,0.042,0.052,1726.8119048332724
0.007415,370,074_AlSiMg_200W_500mms_M0_G13_Test_Crossflow_StepoverAlt0371.tif,-0.002,1.775,1.632,0.044,0.053,1662.2368870062674
0.00742,371,074_AlSiMg_200W_500mms_M0_G13_Test_Crossflow_StepoverAlt0372.tif,0.0,1.78,1.622,0.042,0.053,1706.3302076175519
0.007425,371,074_AlSiMg_200W_500mms_M0_G13_Test_Crossflow_StepoverAlt0372.tif,0.0,1.78,1.629,0.042,0.052,1750.7049638395638
0.00743,371,074_AlSiMg_200W_500mms_M0_G13_Test_Crossflow_StepoverAlt0372.tif,-0.001,1.788,1.653,0.046,0.055,1781.8393160303826
0.007435,371,074_AlSiMg_200W_500mms_M0_G13_Test_Crossflow_StepoverAlt0372.tif,-0.002,1.8,1.661,0.045,0.053,1819.165502389294
0.00744,372,074_AlSiMg_200W_500mms_M0_G13_Test_Crossflow_StepoverAlt0373.tif,0.0,1.807,1.643,0.048,0.056,1842.19508370447
0.007445,372,074_AlSiMg_200W_500mms_M0_G13_Test_Crossflow_StepoverAlt0373.tif,-0.001,1.809,1.63,0.044,0.053,1805.0595001510683
0.00745,372,074_AlSiMg_200W_500mms_M0_G13_Test_Crossflow_StepoverAlt0373.tif,-0.002,1.802,1.658,0.044,0.053,1746.3881388853213
0.007455,372,074_AlSiMg_200W_500mms_M0_G13_Test_Crossflow_StepoverAlt0373.tif,0.0,1.802,1.67,0.044,0.055,1684.885337393474
0.00746,373,074_AlSiMg_200W_500mms_M0_G13_Test_Crossflow_StepoverAlt0374.tif,-0.001,1.798,1.65,0.042,0.053,1684.885337393474
0.007465,373,074_AlSiMg_200W_500mms_M0_G13_Test_Crossflow_StepoverAlt0374.tif,-0.002,1.79,1.65,0.044,0.055,1641.5400171607475
0.00747,373,074_AlSiMg_200W_500mms_M0_G13_Test_Crossflow_StepoverAlt0374.tif,0.0,1.777,1.663,0.044,0.053,1678.6756007141491
0.007475,373,074_AlSiMg_200W_500mms_M0_G13_Test_Crossflow_StepoverAlt0374.tif,0.0,1.773,1.671,0.044,0.056,1685.6333377720318
0.00748,374,074_AlSiMg_200W_500mms_M0_G13_Test_Crossflow_StepoverAlt0375.tif,0.001,1.776,1.686,0.046,0.055,1770.2866929365914
0.007485,374,074_AlSiMg_200W_500mms_M0_G13_Test_Crossflow_StepoverAlt0375.tif,0.0,1.775,1.681,0.044,0.055,1780.3284237445805
0.00749,374,074_AlSiMg_200W_500mms_M0_G13_Test_Crossflow_StepoverAlt0375.tif,-0.002,1.779,1.681,0.049,0.056,1811.0790128530207
0.007495,374,074_AlSiMg_200W_500mms_M0_G13_Test_Crossflow_StepoverAlt0375.tif,0.0,1.783,1.714,0.047,0.056,1780.6282053665595
0.0075,375,074_AlSiMg_200W_500mms_M0_G13_Test_Crossflow_StepoverAlt0376.tif,-0.001,1.794,1.696,0.045,0.055,1865.2815605311189
0.007505,375,074_AlSiMg_200W_500mms_M0_G13_Test_Crossflow_StepoverAlt0376.tif,0.0,1.807,1.698,0.046,0.057,1801.7368722206586
0.00751,375,074_AlSiMg_200W_500mms_M0_G13_Test_Crossflow_StepoverAlt0376.tif,0.0,1.807,1.717,0.049,0.056,1761.3266921116417
0.007515,375,074_AlSiMg_200W_500mms_M0_G13_Test_Crossflow_StepoverAlt0376.tif,0.002,1.807,1.663,0.046,0.056,1798.604536416772
0.00752,376,074_AlSiMg_200W_500mms_M0_G13_Test_Crossflow_StepoverAlt0377.tif,-0.002,1.805,1.64,0.044,0.055,1791.9197603498317
0.007525,376,074_AlSiMg_200W_500mms_M0_G13_Test_Crossflow_StepoverAlt0377.tif,-0.002,1.805,1.64,0.046,0.054,1725.0401233620141
0.00753,376,074_AlSiMg_200W_500mms_M0_G13_Test_Crossflow_StepoverAlt0377.tif,-0.002,1.8,1.657,0.044,0.055,1805.1551375280392
0.007535,376,074_AlSiMg_200W_500mms_M0_G13_Test_Crossflow_StepoverAlt0377.tif,-0.001,1.787,1.63,0.045,0.055,1805.1551375280392
0.00754,377,074_AlSiMg_200W_500mms_M0_G13_Test_Crossflow_StepoverAlt0378.tif,0.0,1.776,1.651,0.047,0.053,1805.1551375280392
0.007545,377,074_AlSiMg_200W_500mms_M0_G13_Test_Crossflow_StepoverAlt0378.tif,-0.002,1.773,1.643,0.044,0.055,1780.398460497208
0.00755,377,074_AlSiMg_200W_500mms_M0_G13_Test_Crossflow_StepoverAlt0378.tif,0.001,1.776,1.64,0.046,0.054,1820.9385091344352
0.007555,377,074_AlSiMg_200W_500mms_M0_G13_Test_Crossflow_StepoverAlt0378.tif,0.0,1.777,1.628,0.044,0.057,1753.5039724981016
0.00756,378,074_AlSiMg_200W_500mms_M0_G13_Test_Crossflow_StepoverAlt0379.tif,0.0,1.783,1.637,0.047,0.055,1753.5039724981016
0.007565,378,074_AlSiMg_200W_500mms_M0_G13_Test_Crossflow_StepoverAlt0379.tif,0.0,1.795,1.626,0.045,0.054,1719.5610768703286
0.00757,378,074_AlSiMg_200W_500mms_M0_G13_Test_Crossflow_StepoverAlt0379.tif,-0.001,1.802,1.612,0.044,0.055,1762.0914720779024
0.007575,378,074_AlSiMg_200W_500mms_M0_G13_Test_Crossflow_StepoverAlt0379.tif,-0.001,1.809,1.66,0.046,0.056,1721.5514234406746
0.00758,379,074_AlSiMg_200W_500mms_M0_G13_Test_Crossflow_StepoverAlt0380.tif,-0.002,1.811,1.66,0.045,0.055,1691.1377563927956
0.007585,379,074_AlSiMg_200W_500mms_M0_G13_Test_Crossflow_StepoverAlt0380.tif,0.0,1.815,1.637,0.045,0.055,1749.4515232067654
0.00759,379,074_AlSiMg_200W_500mms_M0_G13_Test_Crossflow_StepoverAlt0380.tif,0.0,1.809,1.623,0.045,0.056,1746.116574529408
0.007595,379,074_AlSiMg_200W_500mms_M0_G13_Test_Crossflow_StepoverAlt0380.tif,-0.002,1.802,1.636,0.047,0.055,1735.0276324196063
0.0076,380,074_AlSiMg_200W_500mms_M0_G13_Test_Crossflow_StepoverAlt0381.tif,0.001,1.794,1.622,0.045,0.055,1757.664094351881
0.007605,380,074_AlSiMg_200W_500mms_M0_G13_Test_Crossflow_StepoverAlt0381.tif,0.001,1.779,1.616,0.046,0.057,1812.6023838299395
0.00761,380,074_AlSiMg_200W_500mms_M0_G13_Test_Crossflow_StepoverAlt0381.tif,0.0,1.776,1.647,0.047,0.056,1794.6987971249869
0.007615,380,074_AlSiMg_200W_500mms_M0_G13_Test_Crossflow_StepoverAlt0381.tif,-0.001,1.773,1.636,0.047,0.055,1773.7710147979433
0.00762,381,074_AlSiMg_200W_500mms_M0_G13_Test_Crossflow_StepoverAlt0382.tif,0.0,1.775,1.64,0.047,0.056,1810.7014810293447
0.007625,381,074_AlSiMg_200W_500mms_M0_G13_Test_Crossflow_StepoverAlt0382.tif,0.001,1.776,1.684,0.047,0.059,1794.6669471950113
0.00763,381,074_AlSiMg_200W_500mms_M0_G13_Test_Crossflow_StepoverAlt0382.tif,-0.001,1.779,1.675,0.048,0.057,1763.9299167465265
0.007635,381,074_AlSiMg_200W_500mms_M0_G13_Test_Crossflow_StepoverAlt0382.tif,-0.001,1.793,1.674,0.047,0.057,1971.9968496887293
0.00764,382,074_AlSiMg_200W_500mms_M0_G13_Test_Crossflow_StepoverAlt0383.tif,-0.001,1.797,1.672,0.048,0.058,2021.9038929566736
0.007645,382,074_AlSiMg_200W_500mms_M0_G13_Test_Crossflow_StepoverAlt0383.tif,0.001,1.8,1.671,0.056,0.058,1981.3853934432896
0.00765,382,074_AlSiMg_200W_500mms_M0_G13_Test_Crossflow_StepoverAlt0383.tif,0.0,1.8,1.748,0.049,0.058,2009.844595607401
0.007655,382,074_AlSiMg_200W_500mms_M0_G13_Test_Crossflow_StepoverAlt0383.tif,0.001,1.793,1.674,0.049,0.061,2032.0933649582112
0.00766,383,074_AlSiMg_200W_500mms_M0_G13_Test_Crossflow_StepoverAlt0384.tif,-0.002,1.794,1.674,0.051,0.06,1820.420463437357
0.007665,383,074_AlSiMg_200W_500mms_M0_G13_Test_Crossflow_StepoverAlt0384.tif,-0.002,1.784,1.733,0.05,0.059,1826.5023327585095
0.00767,383,074_AlSiMg_200W_500mms_M0_G13_Test_Crossflow_StepoverAlt0384.tif,0.0,1.776,1.702,0.051,0.061,1879.1885395073782
0.007675,383,074_AlSiMg_200W_500mms_M0_G13_Test_Crossflow_StepoverAlt0384.tif,-0.002,1.769,1.692,0.051,0.06,1863.1579025989492
0.00768,384,074_AlSiMg_200W_500mms_M0_G13_Test_Crossflow_StepoverAlt0385.tif,0.0,1.77,1.696,0.052,0.061,1850.1366084130198
0.007685,384,074_AlSiMg_200W_500mms_M0_G13_Test_Crossflow_StepoverAlt0385.tif,-0.002,1.775,1.686,0.051,0.061,1822.4568974018373
0.00769,384,074_AlSiMg_200W_500mms_M0_G13_Test_Crossflow_StepoverAlt0385.tif,0.0,1.779,1.671,0.051,0.061,1806.4262604934083
0.007695,384,074_AlSiMg_200W_500mms_M0_G13_Test_Crossflow_StepoverAlt0385.tif,0.001,1.78,1.692,0.051,0.063,1772.9477232574195
0.0077,385,074_AlSiMg_200W_500mms_M0_G13_Test_Crossflow_StepoverAlt0386.tif,-0.002,1.795,1.707,0.051,0.061,1806.7983464971414
0.007705,385,074_AlSiMg_200W_500mms_M0_G13_Test_Crossflow_StepoverAlt0386.tif,0.0,1.807,1.686,0.051,0.062,1806.7983464971414
0.00771,385,074_AlSiMg_200W_500mms_M0_G13_Test_Crossflow_StepoverAlt0386.tif,0.001,1.814,1.691,0.051,0.059,1831.4629903617479
0.007715,385,074_AlSiMg_200W_500mms_M0_G13_Test_Crossflow_StepoverAlt0386.tif,0.0,1.816,1.664,0.051,0.061,1825.3727102055138
0.00772,386,074_AlSiMg_200W_500mms_M0_G13_Test_Crossflow_StepoverAlt0387.tif,-0.002,1.807,1.702,0.05,0.06,1794.1884732175386
0.007725,386,074_AlSiMg_200W_500mms_M0_G13_Test_Crossflow_StepoverAlt0387.tif,0.001,1.807,1.678,0.049,0.059,1794.1884732175386
0.00773,386,074_AlSiMg_200W_500mms_M0_G13_Test_Crossflow_StepoverAlt0387.tif,-0.001,1.801,1.658,0.049,0.062,1788.0981930613045
0.007735,386,074_AlSiMg_200W_500mms_M0_G13_Test_Crossflow_StepoverAlt0387.tif,0.001,1.788,1.681,0.051,0.059,1807.1438971163086
0.00774,387,074_AlSiMg_200W_500mms_M0_G13_Test_Crossflow_StepoverAlt0388.tif,0.001,1.777,1.7,0.049,0.059,1792.6647454014042
0.007745,387,074_AlSiMg_200W_500mms_M0_G13_Test_Crossflow_StepoverAlt0388.tif,0.0,1.775,1.675,0.051,0.06,1789.6009517559783
0.00775,387,074_AlSiMg_200W_500mms_M0_G13_Test_Crossflow_StepoverAlt0388.tif,-0.001,1.776,1.772,0.049,0.06,1765.6990961035335
0.007755,387,074_AlSiMg_200W_500mms_M0_G13_Test_Crossflow_StepoverAlt0388.tif,0.001,1.78,1.77,0.048,0.061,1719.9234811071917
0.00776,388,074_AlSiMg_200W_500mms_M0_G13_Test_Crossflow_StepoverAlt0389.tif,0.0,1.786,1.74,0.049,0.058,1707.498812777414
0.007765,388,074_AlSiMg_200W_500mms_M0_G13_Test_Crossflow_StepoverAlt0389.tif,-0.001,1.797,1.716,0.047,0.06,1721.9779644923187
0.00777,388,074_AlSiMg_200W_500mms_M0_G13_Test_Crossflow_StepoverAlt0389.tif,0.001,1.808,1.717,0.047,0.056,1750.1563624871092
0.007775,388,074_AlSiMg_200W_500mms_M0_G13_Test_Crossflow_StepoverAlt0389.tif,-0.002,1.809,1.691,0.049,0.059,1716.5159696133946
0.00778,389,074_AlSiMg_200W_500mms_M0_G13_Test_Crossflow_StepoverAlt0390.tif,-0.002,1.811,1.716,0.049,0.06,1755.9532995102884
0.007785,389,074_AlSiMg_200W_500mms_M0_G13_Test_Crossflow_StepoverAlt0390.tif,-0.002,1.807,1.695,0.048,0.059,1773.856886215241
0.00779,389,074_AlSiMg_200W_500mms_M0_G13_Test_Crossflow_StepoverAlt0390.tif,-0.001,1.8,1.756,0.047,0.057,1759.3777345003364
0.007795,389,074_AlSiMg_200W_500mms_M0_G13_Test_Crossflow_StepoverAlt0390.tif,-0.002,1.797,1.728,0.047,0.055,1792.9684605574046
0.0078,390,074_AlSiMg_200W_500mms_M0_G13_Test_Crossflow_StepoverAlt0391.tif,-0.001,1.783,1.73,0.049,0.06,1826.608853431119
0.007805,390,074_AlSiMg_200W_500mms_M0_G13_Test_Crossflow_StepoverAlt0391.tif,0.002,1.772,1.705,0.05,0.059,1848.9861862740781
0.00781,390,074_AlSiMg_200W_500mms_M0_G13_Test_Crossflow_StepoverAlt0391.tif,-0.002,1.768,1.728,0.049,0.058,1800.602272424734
0.007815,390,074_AlSiMg_200W_500mms_M0_G13_Test_Crossflow_StepoverAlt0391.tif,0.0,1.768,1.713,0.049,0.058,1845.870294257354
0.00782,391,074_AlSiMg_200W_500mms_M0_G13_Test_Crossflow_StepoverAlt0392.tif,0.0,1.772,1.692,0.047,0.058,1823.6215249065433
0.007825,391,074_AlSiMg_200W_500mms_M0_G13_Test_Crossflow_StepoverAlt0392.tif,-0.001,1.772,1.705,0.048,0.056,1823.6215249065438
0.00783,391,074_AlSiMg_200W_500mms_M0_G13_Test_Crossflow_StepoverAlt0392.tif,-0.001,1.781,1.686,0.048,0.058,1761.8068621666905
0.007835,391,074_AlSiMg_200W_500mms_M0_G13_Test_Crossflow_StepoverAlt0392.tif,0.0,1.798,1.664,0.049,0.058,1733.6415009310163
0.00784,392,074_AlSiMg_200W_500mms_M0_G13_Test_Crossflow_StepoverAlt0393.tif,0.0,1.805,1.702,0.047,0.06,1685.2512856830976
0.007845,392,074_AlSiMg_200W_500mms_M0_G13_Test_Crossflow_StepoverAlt0393.tif,0.001,1.804,1.686,0.046,0.059,1748.2590025706218
0.00785,392,074_AlSiMg_200W_500mms_M0_G13_Test_Crossflow_StepoverAlt0393.tif,-0.001,1.8,1.714,0.048,0.059,1766.1271386188273
0.007855,392,074_AlSiMg_200W_500mms_M0_G13_Test_Crossflow_StepoverAlt0393.tif,0.0,1.802,1.741,0.051,0.058,1791.1186752056626
0.00786,393,074_AlSiMg_200W_500mms_M0_G13_Test_Crossflow_StepoverAlt0394.tif,0.0,1.801,1.737,0.049,0.057,1836.9309198421965
0.007865,393,074_AlSiMg_200W_500mms_M0_G13_Test_Crossflow_StepoverAlt0394.tif,-0.002,1.793,1.737,0.047,0.058,1848.1939798729516
0.00787,393,074_AlSiMg_200W_500mms_M0_G13_Test_Crossflow_StepoverAlt0394.tif,0.0,1.783,1.71,0.048,0.058,1767.539379584568
0.007875,393,074_AlSiMg_200W_500mms_M0_G13_Test_Crossflow_StepoverAlt0394.tif,0.001,1.779,1.73,0.047,0.057,1749.671243536363
0.00788,394,074_AlSiMg_200W_500mms_M0_G13_Test_Crossflow_StepoverAlt0395.tif,-0.001,1.775,1.696,0.047,0.058,1767.3181269372224
0.007885,394,074_AlSiMg_200W_500mms_M0_G13_Test_Crossflow_StepoverAlt0395.tif,0.0,1.777,1.684,0.049,0.058,1760.8500574258367
0.00789,394,074_AlSiMg_200W_500mms_M0_G13_Test_Crossflow_StepoverAlt0395.tif,0.0,1.779,1.698,0.048,0.058,1736.474411151153
0.007895,394,074_AlSiMg_200W_500mms_M0_G13_Test_Crossflow_StepoverAlt0395.tif,0.0,1.787,1.681,0.046,0.056,1750.920204461211
0.0079,395,074_AlSiMg_200W_500mms_M0_G13_Test_Crossflow_StepoverAlt0396.tif,0.0,1.797,1.686,0.048,0.06,1762.4809921575384
0.007905,395,074_AlSiMg_200W_500mms_M0_G13_Test_Crossflow_StepoverAlt0396.tif,0.0,1.805,1.686,0.047,0.057,1744.8341087566782
0.00791,395,074_AlSiMg_200W_500mms_M0_G13_Test_Crossflow_StepoverAlt0396.tif,0.0,1.809,1.706,0.047,0.055,1760.8610254559808
0.007915,395,074_AlSiMg_200W_500mms_M0_G13_Test_Crossflow_StepoverAlt0396.tif,0.001,1.808,1.678,0.047,0.058,1842.4430989045054
0.00792,396,074_AlSiMg_200W_500mms_M0_G13_Test_Crossflow_StepoverAlt0397.tif,-0.001,1.804,1.692,0.046,0.055,1811.7003672918759
0.007925,396,074_AlSiMg_200W_500mms_M0_G13_Test_Crossflow_StepoverAlt0397.tif,-0.002,1.805,1.688,0.048,0.055,1766.4991867218348
0.00793,396,074_AlSiMg_200W_500mms_M0_G13_Test_Crossflow_StepoverAlt0397.tif,0.0,1.801,1.667,0.046,0.058,1793.7049173106104
0.007935,396,074_AlSiMg_200W_500mms_M0_G13_Test_Crossflow_StepoverAlt0397.tif,-0.001,1.787,1.663,0.048,0.059,1756.569333757209
0.00794,397,074_AlSiMg_200W_500mms_M0_G13_Test_Crossflow_StepoverAlt0398.tif,0.0,1.779,1.686,0.046,0.055,1753.424158296346
0.007945,397,074_AlSiMg_200W_500mms_M0_G13_Test_Crossflow_StepoverAlt0398.tif,-0.001,1.777,1.696,0.044,0.055,1831.7051294471487
0.00795,397,074_AlSiMg_200W_500mms_M0_G13_Test_Crossflow_StepoverAlt0398.tif,0.0,1.781,1.751,0.047,0.054,1919.8162242233443
0.007955,397,074_AlSiMg_200W_500mms_M0_G13_Test_Crossflow_StepoverAlt0398.tif,-0.002,1.78,1.788,0.045,0.052,1873.0398762547152
0.00796,398,074_AlSiMg_200W_500mms_M0_G13_Test_Crossflow_StepoverAlt0399.tif,0.0,1.781,1.741,0.047,0.053,1882.9697292193407
0.007965,398,074_AlSiMg_200W_500mms_M0_G13_Test_Crossflow_StepoverAlt0399.tif,0.0,1.793,1.721,0.045,0.057,1798.1657458937339
0.00797,398,074_AlSiMg_200W_500mms_M0_G13_Test_Crossflow_StepoverAlt0399.tif,0.0,1.801,1.714,0.047,0.058,1784.5656268948464
0.007975,398,074_AlSiMg_200W_500mms_M0_G13_Test_Crossflow_StepoverAlt0399.tif,0.0,1.807,1.706,0.046,0.058,1741.6557126886917
0.00798,399,074_AlSiMg_200W_500mms_M0_G13_Test_Crossflow_StepoverAlt0400.tif,0.0,1.804,1.674,0.047,0.055,1761.226330068545
0.007985,399,074_AlSiMg_200W_500mms_M0_G13_Test_Crossflow_StepoverAlt0400.tif,0.001,1.802,1.646,0.047,0.055,1767.5312567631468
0.00799,399,074_AlSiMg_200W_500mms_M0_G13_Test_Crossflow_StepoverAlt0400.tif,-0.001,1.8,1.656,0.047,0.058,1817.5135843994344
0.007995,399,074_AlSiMg_200W_500mms_M0_G13_Test_Crossflow_StepoverAlt0400.tif,-0.002,1.797,1.651,0.049,0.06,1762.575294921376
0.008,400,074_AlSiMg_200W_500mms_M0_G13_Test_Crossflow_StepoverAlt0401.tif,-0.001,1.781,1.668,0.048,0.057,1785.843601555931
0.008005,400,074_AlSiMg_200W_500mms_M0_G13_Test_Crossflow_StepoverAlt0401.tif,0.0,1.773,1.738,0.045,0.056,1740.4143876416285
0.00801,400,074_AlSiMg_200W_500mms_M0_G13_Test_Crossflow_StepoverAlt0401.tif,-0.001,1.769,1.727,0.048,0.055,1767.7948502807435
0.008015,400,074_AlSiMg_200W_500mms_M0_G13_Test_Crossflow_StepoverAlt0401.tif,-0.001,1.772,1.695,0.044,0.058,1734.1094609470267
0.00802,401,074_AlSiMg_200W_500mms_M0_G13_Test_Crossflow_StepoverAlt0402.tif,-0.002,1.773,1.741,0.048,0.057,1777.4869627287583
0.008025,401,074_AlSiMg_200W_500mms_M0_G13_Test_Crossflow_StepoverAlt0402.tif,-0.001,1.777,1.728,0.047,0.058,1709.017475524162
0.00803,401,074_AlSiMg_200W_500mms_M0_G13_Test_Crossflow_StepoverAlt0402.tif,0.001,1.787,1.692,0.049,0.058,1802.8306032878088
0.008035,401,074_AlSiMg_200W_500mms_M0_G13_Test_Crossflow_StepoverAlt0402.tif,-0.001,1.8,1.677,0.048,0.059,1765.900137056407
0.00804,402,074_AlSiMg_200W_500mms_M0_G13_Test_Crossflow_StepoverAlt0403.tif,-0.002,1.811,1.703,0.047,0.055,1783.5470204572666
0.008045,402,074_AlSiMg_200W_500mms_M0_G13_Test_Crossflow_StepoverAlt0403.tif,-0.002,1.811,1.675,0.046,0.057,1783.5470204572666
0.00805,402,074_AlSiMg_200W_500mms_M0_G13_Test_Crossflow_StepoverAlt0403.tif,-0.001,1.807,1.644,0.048,0.058,1780.3642871779637
0.008055,402,074_AlSiMg_200W_500mms_M0_G13_Test_Crossflow_StepoverAlt0403.tif,-0.001,1.805,1.665,0.049,0.058,1765.665762662336
0.00806,403,074_AlSiMg_200W_500mms_M0_G13_Test_Crossflow_StepoverAlt0404.tif,-0.002,1.802,1.678,0.047,0.058,1768.910839560021
0.008065,403,074_AlSiMg_200W_500mms_M0_G13_Test_Crossflow_StepoverAlt0404.tif,-0.001,1.794,1.677,0.048,0.057,1738.1800390442345
0.00807,403,074_AlSiMg_200W_500mms_M0_G13_Test_Crossflow_StepoverAlt0404.tif,-0.002,1.781,1.665,0.047,0.058,1722.1409913007235
0.008075,403,074_AlSiMg_200W_500mms_M0_G13_Test_Crossflow_StepoverAlt0404.tif,0.0,1.779,1.66,0.047,0.059,1770.5249051500675
0.00808,404,074_AlSiMg_200W_500mms_M0_G13_Test_Crossflow_StepoverAlt0405.tif,-0.001,1.775,1.658,0.049,0.059,1785.2234296656952
0.008085,404,074_AlSiMg_200W_500mms_M0_G13_Test_Crossflow_StepoverAlt0405.tif,-0.002,1.777,1.705,0.047,0.055,1789.6622064975168
0.00809,404,074_AlSiMg_200W_500mms_M0_G13_Test_Crossflow_StepoverAlt0405.tif,-0.002,1.779,1.664,0.047,0.055,1829.95185420122
0.008095,404,074_AlSiMg_200W_500mms_M0_G13_Test_Crossflow_StepoverAlt0405.tif,0.0,1.79,1.651,0.044,0.054,1850.9515470349525
0.0081,405,074_AlSiMg_200W_500mms_M0_G13_Test_Crossflow_StepoverAlt0406.tif,-0.002,1.801,1.643,0.046,0.055,1826.4269246047734
0.008105,405,074_AlSiMg_200W_500mms_M0_G13_Test_Crossflow_StepoverAlt0406.tif,-0.002,1.812,1.682,0.045,0.053,1782.4817875872504
0.00811,405,074_AlSiMg_200W_500mms_M0_G13_Test_Crossflow_StepoverAlt0406.tif,0.001,1.815,1.651,0.045,0.054,1785.8868759675456
0.008115,405,074_AlSiMg_200W_500mms_M0_G13_Test_Crossflow_StepoverAlt0406.tif,-0.002,1.811,1.629,0.044,0.054,1748.7512924141442
0.00812,406,074_AlSiMg_200W_500mms_M0_G13_Test_Crossflow_StepoverAlt0407.tif,0.0,1.807,1.623,0.045,0.055,1734.1732517596815
0.008125,406,074_AlSiMg_200W_500mms_M0_G13_Test_Crossflow_StepoverAlt0407.tif,-0.001,1.802,1.616,0.044,0.055,1718.1578255526333
0.00813,406,074_AlSiMg_200W_500mms_M0_G13_Test_Crossflow_StepoverAlt0407.tif,-0.002,1.794,1.635,0.046,0.055,1782.2260937438473
0.008135,406,074_AlSiMg_200W_500mms_M0_G13_Test_Crossflow_StepoverAlt0407.tif,0.0,1.781,1.656,0.045,0.055,1865.6760565872296
0.00814,407,074_AlSiMg_200W_500mms_M0_G13_Test_Crossflow_StepoverAlt0408.tif,0.0,1.77,1.658,0.047,0.054,1896.0445058882578
0.008145,407,074_AlSiMg_200W_500mms_M0_G13_Test_Crossflow_StepoverAlt0408.tif,-0.002,1.768,1.685,0.047,0.053,1876.6826405115985
0.00815,407,074_AlSiMg_200W_500mms_M0_G13_Test_Crossflow_StepoverAlt0408.tif,0.001,1.768,1.678,0.044,0.053,1858.9089223348565
0.008155,407,074_AlSiMg_200W_500mms_M0_G13_Test_Crossflow_StepoverAlt0408.tif,0.0,1.769,1.646,0.045,0.055,1764.0947774373824
0.00816,408,074_AlSiMg_200W_500mms_M0_G13_Test_Crossflow_StepoverAlt0409.tif,0.001,1.773,1.636,0.044,0.055,1683.979763271357
0.008165,408,074_AlSiMg_200W_500mms_M0_G13_Test_Crossflow_StepoverAlt0409.tif,0.001,1.786,1.629,0.043,0.055,1628.8546369394971
0.00817,408,074_AlSiMg_200W_500mms_M0_G13_Test_Crossflow_StepoverAlt0409.tif,0.001,1.797,1.636,0.046,0.056,1712.3045997828794
0.008175,408,074_AlSiMg_200W_500mms_M0_G13_Test_Crossflow_StepoverAlt0409.tif,-0.002,1.802,1.653,0.044,0.057,1749.4401833362808
0.00818,409,074_AlSiMg_200W_500mms_M0_G13_Test_Crossflow_StepoverAlt0410.tif,0.001,1.802,1.639,0.047,0.053,1793.3941666115788
0.008185,409,074_AlSiMg_200W_500mms_M0_G13_Test_Crossflow_StepoverAlt0410.tif,-0.001,1.8,1.663,0.046,0.055,1830.5992665714498
0.00819,409,074_AlSiMg_200W_500mms_M0_G13_Test_Crossflow_StepoverAlt0410.tif,0.001,1.798,1.658,0.048,0.058,1930.5710612009887
0.008195,409,074_AlSiMg_200W_500mms_M0_G13_Test_Crossflow_StepoverAlt0410.tif,-0.002,1.795,1.661,0.047,0.055,1859.7158294818923
0.0082,410,074_AlSiMg_200W_500mms_M0_G13_Test_Crossflow_StepoverAlt0411.tif,0.0,1.786,1.663,0.046,0.053,1870.8775109518879
0.008205,410,074_AlSiMg_200W_500mms_M0_G13_Test_Crossflow_StepoverAlt0411.tif,0.0,1.779,1.663,0.044,0.053,1944.5244556065275
0.00821,410,074_AlSiMg_200W_500mms_M0_G13_Test_Crossflow_StepoverAlt0411.tif,0.001,1.77,1.661,0.044,0.052,1954.7409010143479
0.008215,410,074_AlSiMg_200W_500mms_M0_G13_Test_Crossflow_StepoverAlt0411.tif,-0.001,1.773,1.642,0.047,0.053,1872.5680463577573
0.00822,411,074_AlSiMg_200W_500mms_M0_G13_Test_Crossflow_StepoverAlt0412.tif,0.001,1.777,1.672,0.044,0.051,1863.3082639108281
0.008225,411,074_AlSiMg_200W_500mms_M0_G13_Test_Crossflow_StepoverAlt0412.tif,0.0,1.781,1.658,0.042,0.053,2288.789763717571
0.00823,411,074_AlSiMg_200W_500mms_M0_G13_Test_Crossflow_StepoverAlt0412.tif,0.001,1.786,1.66,0.046,0.056,2187.5660826974463
0.008235,411,074_AlSiMg_200W_500mms_M0_G13_Test_Crossflow_StepoverAlt0412.tif,0.0,1.807,1.651,0.061,0.055,2152.825014859447
0.00824,412,074_AlSiMg_200W_500mms_M0_G13_Test_Crossflow_StepoverAlt0413.tif,0.0,1.812,1.671,0.044,0.055,2211.4963761251943
0.008245,412,074_AlSiMg_200W_500mms_M0_G13_Test_Crossflow_StepoverAlt0413.tif,-0.002,1.808,1.731,0.045,0.054,2190.387709271095
0.00825,412,074_AlSiMg_200W_500mms_M0_G13_Test_Crossflow_StepoverAlt0413.tif,-0.001,1.808,1.772,0.045,0.053,1716.608944440955
0.008255,412,074_AlSiMg_200W_500mms_M0_G13_Test_Crossflow_StepoverAlt0413.tif,0.0,1.805,1.714,0.044,0.055,1700.2316975311423
0.00826,413,074_AlSiMg_200W_500mms_M0_G13_Test_Crossflow_StepoverAlt0414.tif,-0.002,1.802,1.738,0.044,0.055,1700.231697531142
0.008265,413,074_AlSiMg_200W_500mms_M0_G13_Test_Crossflow_StepoverAlt0414.tif,0.0,1.795,1.728,0.043,0.055,1678.8865226243063
0.00827,413,074_AlSiMg_200W_500mms_M0_G13_Test_Crossflow_StepoverAlt0414.tif,-0.002,1.781,1.703,0.045,0.054,1647.366289761323
0.008275,413,074_AlSiMg_200W_500mms_M0_G13_Test_Crossflow_StepoverAlt0414.tif,0.0,1.779,1.709,0.044,0.053,1647.366289761323
0.00828,414,074_AlSiMg_200W_500mms_M0_G13_Test_Crossflow_StepoverAlt0415.tif,-0.001,1.781,1.714,0.042,0.055,1694.1119859721646
0.008285,414,074_AlSiMg_200W_500mms_M0_G13_Test_Crossflow_StepoverAlt0415.tif,-0.002,1.779,1.693,0.044,0.055,1694.1119859721646
0.00829,414,074_AlSiMg_200W_500mms_M0_G13_Test_Crossflow_StepoverAlt0415.tif,0.001,1.783,1.692,0.044,0.053,1678.112166467583
0.008295,414,074_AlSiMg_200W_500mms_M0_G13_Test_Crossflow_StepoverAlt0415.tif,-0.001,1.784,1.709,0.045,0.054,1724.0010291270132
0.0083,415,074_AlSiMg_200W_500mms_M0_G13_Test_Crossflow_StepoverAlt0416.tif,0.0,1.798,1.727,0.044,0.054,1738.3696589234598
0.008305,415,074_AlSiMg_200W_500mms_M0_G13_Test_Crossflow_StepoverAlt0416.tif,0.001,1.802,1.727,0.044,0.054,1756.2984746458285
0.00831,415,074_AlSiMg_200W_500mms_M0_G13_Test_Crossflow_StepoverAlt0416.tif,0.0,1.805,1.734,0.044,0.054,1780.8230970760076
0.008315,415,074_AlSiMg_200W_500mms_M0_G13_Test_Crossflow_StepoverAlt0416.tif,0.001,1.8,1.717,0.044,0.052,1753.477596347862
0.00832,416,074_AlSiMg_200W_500mms_M0_G13_Test_Crossflow_StepoverAlt0417.tif,-0.002,1.8,1.693,0.047,0.055,1901.6987385684865
0.008325,416,074_AlSiMg_200W_500mms_M0_G13_Test_Crossflow_StepoverAlt0417.tif,-0.001,1.794,1.703,0.044,0.056,1910.6241838476376
0.00833,416,074_AlSiMg_200W_500mms_M0_G13_Test_Crossflow_StepoverAlt0417.tif,0.001,1.787,1.703,0.049,0.053,1963.5505998443653
0.008335,416,074_AlSiMg_200W_500mms_M0_G13_Test_Crossflow_StepoverAlt0417.tif,-0.001,1.776,1.675,0.042,0.051,1898.86974769245
0.00834,417,074_AlSiMg_200W_500mms_M0_G13_Test_Crossflow_StepoverAlt0418.tif,-0.001,1.77,1.738,0.047,0.053,1942.2150679251765
0.008345,417,074_AlSiMg_200W_500mms_M0_G13_Test_Crossflow_StepoverAlt0418.tif,0.0,1.768,1.693,0.046,0.058,1797.3990140848473
0.00835,417,074_AlSiMg_200W_500mms_M0_G13_Test_Crossflow_StepoverAlt0418.tif,0.0,1.77,1.661,0.044,0.053,1788.4735688056965
0.008355,417,074_AlSiMg_200W_500mms_M0_G13_Test_Crossflow_StepoverAlt0418.tif,0.0,1.781,1.647,0.045,0.055,1667.4060768800196
0.00836,418,074_AlSiMg_200W_500mms_M0_G13_Test_Crossflow_StepoverAlt0419.tif,-0.001,1.781,1.656,0.044,0.054,1725.4867864258297
0.008365,418,074_AlSiMg_200W_500mms_M0_G13_Test_Crossflow_StepoverAlt0419.tif,0.0,1.8,1.644,0.042,0.054,1688.1606000669185
0.00837,418,074_AlSiMg_200W_500mms_M0_G13_Test_Crossflow_StepoverAlt0419.tif,-0.001,1.805,1.623,0.045,0.053,1700.7553311912045
0.008375,418,074_AlSiMg_200W_500mms_M0_G13_Test_Crossflow_StepoverAlt0419.tif,0.001,1.815,1.619,0.042,0.053,1707.495368248857
0.00838,419,074_AlSiMg_200W_500mms_M0_G13_Test_Crossflow_StepoverAlt0420.tif,-0.002,1.811,1.639,0.044,0.053,1748.4478460085088
0.008385,419,074_AlSiMg_200W_500mms_M0_G13_Test_Crossflow_StepoverAlt0420.tif,0.001,1.808,1.668,0.046,0.056,1696.7342218006445
0.00839,419,074_AlSiMg_200W_500mms_M0_G13_Test_Crossflow_StepoverAlt0420.tif,0.0,1.8,1.67,0.046,0.056,1740.8275424119288
0.008395,419,074_AlSiMg_200W_500mms_M0_G13_Test_Crossflow_StepoverAlt0420.tif,-0.001,1.798,1.681,0.044,0.055,1762.1727173187646
0.0084,420,074_AlSiMg_200W_500mms_M0_G13_Test_Crossflow_StepoverAlt0421.tif,-0.002,1.787,1.695,0.046,0.055,1758.8377686414074
0.008405,420,074_AlSiMg_200W_500mms_M0_G13_Test_Crossflow_StepoverAlt0421.tif,-0.001,1.776,1.685,0.045,0.053,1845.0010753400006
0.00841,420,074_AlSiMg_200W_500mms_M0_G13_Test_Crossflow_StepoverAlt0421.tif,-0.002,1.768,1.672,0.045,0.055,1903.3148421539704
0.008415,420,074_AlSiMg_200W_500mms_M0_G13_Test_Crossflow_StepoverAlt0421.tif,0.0,1.77,1.668,0.049,0.055,1903.31484215397
0.00842,421,074_AlSiMg_200W_500mms_M0_G13_Test_Crossflow_StepoverAlt0422.tif,0.0,1.772,1.674,0.047,0.055,1838.6243470144077
0.008425,421,074_AlSiMg_200W_500mms_M0_G13_Test_Crossflow_StepoverAlt0422.tif,-0.002,1.775,1.681,0.046,0.055,1807.873757905967
0.00843,421,074_AlSiMg_200W_500mms_M0_G13_Test_Crossflow_StepoverAlt0422.tif,0.001,1.783,1.706,0.044,0.056,1734.3909287370655
0.008435,421,074_AlSiMg_200W_500mms_M0_G13_Test_Crossflow_StepoverAlt0422.tif,0.0,1.797,1.677,0.044,0.056,1693.8508800998382
0.00844,422,074_AlSiMg_200W_500mms_M0_G13_Test_Crossflow_StepoverAlt0423.tif,-0.002,1.802,1.698,0.045,0.054,1677.8239634005356
0.008445,422,074_AlSiMg_200W_500mms_M0_G13_Test_Crossflow_StepoverAlt0423.tif,0.001,1.805,1.745,0.045,0.055,1708.5745525089762
0.00845,422,074_AlSiMg_200W_500mms_M0_G13_Test_Crossflow_StepoverAlt0423.tif,0.0,1.804,1.705,0.046,0.056,1761.9616035496917
0.008455,422,074_AlSiMg_200W_500mms_M0_G13_Test_Crossflow_StepoverAlt0423.tif,0.0,1.802,1.692,0.045,0.055,1745.9461773426433
0.00846,423,074_AlSiMg_200W_500mms_M0_G13_Test_Crossflow_StepoverAlt0424.tif,0.001,1.801,1.671,0.047,0.056,1761.9616035496917
0.008465,423,074_AlSiMg_200W_500mms_M0_G13_Test_Crossflow_StepoverAlt0424.tif,-0.002,1.791,1.649,0.045,0.055,1751.7440722482843
0.00847,423,074_AlSiMg_200W_500mms_M0_G13_Test_Crossflow_StepoverAlt0424.tif,-0.001,1.78,1.664,0.045,0.054,1792.2841208855116
0.008475,423,074_AlSiMg_200W_500mms_M0_G13_Test_Crossflow_StepoverAlt0424.tif,0.001,1.776,1.672,0.043,0.053,1769.6476589532365
0.00848,424,074_AlSiMg_200W_500mms_M0_G13_Test_Crossflow_StepoverAlt0425.tif,0.0,1.775,1.67,0.047,0.055,1758.5587168434347
0.008485,424,074_AlSiMg_200W_500mms_M0_G13_Test_Crossflow_StepoverAlt0425.tif,0.001,1.779,1.667,0.045,0.055,1715.1288080444167
0.00849,424,074_AlSiMg_200W_500mms_M0_G13_Test_Crossflow_StepoverAlt0425.tif,-0.001,1.776,1.675,0.046,0.057,1811.509646044417
0.008495,424,074_AlSiMg_200W_500mms_M0_G13_Test_Crossflow_StepoverAlt0425.tif,-0.002,1.781,1.71,0.045,0.057,1811.5096460444172
0.0085,425,074_AlSiMg_200W_500mms_M0_G13_Test_Crossflow_StepoverAlt0426.tif,0.001,1.8,1.71,0.049,0.055,1821.3126642331597
0.008505,425,074_AlSiMg_200W_500mms_M0_G13_Test_Crossflow_StepoverAlt0426.tif,0.001,1.808,1.727,0.047,0.055,1872.9416549801892
0.00851,425,074_AlSiMg_200W_500mms_M0_G13_Test_Crossflow_StepoverAlt0426.tif,-0.002,1.808,1.728,0.048,0.058,1889.2671954623572
0.008515,425,074_AlSiMg_200W_500mms_M0_G13_Test_Crossflow_StepoverAlt0426.tif,0.0,1.809,1.705,0.047,0.055,1806.3708681843486
0.00852,426,074_AlSiMg_200W_500mms_M0_G13_Test_Crossflow_StepoverAlt0427.tif,0.0,1.808,1.726,0.046,0.057,1823.2722189690867
0.008525,426,074_AlSiMg_200W_500mms_M0_G13_Test_Crossflow_StepoverAlt0427.tif,0.002,1.802,1.699,0.047,0.057,1813.4692007803437
0.00853,426,074_AlSiMg_200W_500mms_M0_G13_Test_Crossflow_StepoverAlt0427.tif,0.0,1.797,1.748,0.046,0.053,1779.531080241058
0.008535,426,074_AlSiMg_200W_500mms_M0_G13_Test_Crossflow_StepoverAlt0427.tif,-0.002,1.784,1.72,0.045,0.055,1831.1600709880872
0.00854,427,074_AlSiMg_200W_500mms_M0_G13_Test_Crossflow_StepoverAlt0428.tif,0.001,1.775,1.705,0.047,0.057,1824.5581428901455
0.008545,427,074_AlSiMg_200W_500mms_M0_G13_Test_Crossflow_StepoverAlt0428.tif,0.0,1.776,1.688,0.047,0.055,1773.7186715661217
0.00855,427,074_AlSiMg_200W_500mms_M0_G13_Test_Crossflow_StepoverAlt0428.tif,-0.001,1.779,1.689,0.045,0.055,1777.053620243479
0.008555,427,074_AlSiMg_200W_500mms_M0_G13_Test_Crossflow_StepoverAlt0428.tif,0.0,1.783,1.717,0.047,0.057,1770.4516921455374
0.00856,428,074_AlSiMg_200W_500mms_M0_G13_Test_Crossflow_StepoverAlt0429.tif,0.001,1.783,1.74,0.046,0.056,1752.548105440585
0.008565,428,074_AlSiMg_200W_500mms_M0_G13_Test_Crossflow_StepoverAlt0429.tif,-0.001,1.798,1.749,0.045,0.055,1771.9099708172441
0.00857,428,074_AlSiMg_200W_500mms_M0_G13_Test_Crossflow_StepoverAlt0429.tif,0.001,1.807,1.748,0.047,0.056,1784.6699080959625
0.008575,428,074_AlSiMg_200W_500mms_M0_G13_Test_Crossflow_StepoverAlt0429.tif,0.0,1.812,1.772,0.046,0.055,1821.8750080558325
0.00858,429,074_AlSiMg_200W_500mms_M0_G13_Test_Crossflow_StepoverAlt0430.tif,-0.002,1.808,1.706,0.046,0.055,1768.6019289294134
0.008585,429,074_AlSiMg_200W_500mms_M0_G13_Test_Crossflow_StepoverAlt0430.tif,0.0,1.807,1.699,0.047,0.055,1786.505515634366
0.00859,429,074_AlSiMg_200W_500mms_M0_G13_Test_Crossflow_StepoverAlt0430.tif,0.001,1.798,1.741,0.044,0.058,1786.505515634366
0.008595,429,074_AlSiMg_200W_500mms_M0_G13_Test_Crossflow_StepoverAlt0430.tif,0.0,1.793,1.698,0.047,0.055,1807.683698894934
0.0086,430,074_AlSiMg_200W_500mms_M0_G13_Test_Crossflow_StepoverAlt0431.tif,-0.001,1.784,1.692,0.046,0.055,1807.683698894934
0.008605,430,074_AlSiMg_200W_500mms_M0_G13_Test_Crossflow_StepoverAlt0431.tif,0.001,1.772,1.667,0.047,0.055,1901.4968266585806
0.00861,430,074_AlSiMg_200W_500mms_M0_G13_Test_Crossflow_StepoverAlt0431.tif,0.0,1.769,1.685,0.047,0.055,1927.8364150091704
0.008615,430,074_AlSiMg_200W_500mms_M0_G13_Test_Crossflow_StepoverAlt0431.tif,0.0,1.772,1.664,0.047,0.055,1890.7008314557686
0.00862,431,074_AlSiMg_200W_500mms_M0_G13_Test_Crossflow_StepoverAlt0432.tif,-0.001,1.773,1.667,0.049,0.056,1843.2782001944906
0.008625,431,074_AlSiMg_200W_500mms_M0_G13_Test_Crossflow_StepoverAlt0432.tif,0.0,1.777,1.661,0.044,0.055,1778.0066963226382
0.00863,431,074_AlSiMg_200W_500mms_M0_G13_Test_Crossflow_StepoverAlt0432.tif,0.001,1.784,1.65,0.043,0.053,1706.71605857697
0.008635,431,074_AlSiMg_200W_500mms_M0_G13_Test_Crossflow_StepoverAlt0432.tif,-0.002,1.795,1.647,0.042,0.053,1636.4313332088575
0.00864,432,074_AlSiMg_200W_500mms_M0_G13_Test_Crossflow_StepoverAlt0433.tif,0.0,1.805,1.642,0.044,0.056,1688.1449574167218
0.008645,432,074_AlSiMg_200W_500mms_M0_G13_Test_Crossflow_StepoverAlt0433.tif,0.001,1.802,1.616,0.044,0.054,1717.664001973047
0.00865,432,074_AlSiMg_200W_500mms_M0_G13_Test_Crossflow_StepoverAlt0433.tif,-0.001,1.801,1.626,0.045,0.053,1745.7304058850295
0.008655,432,074_AlSiMg_200W_500mms_M0_G13_Test_Crossflow_StepoverAlt0433.tif,0.001,1.801,1.63,0.047,0.056,1823.328391982576
0.00866,433,074_AlSiMg_200W_500mms_M0_G13_Test_Crossflow_StepoverAlt0434.tif,0.001,1.797,1.646,0.046,0.056,1812.3352395220404
0.008665,433,074_AlSiMg_200W_500mms_M0_G13_Test_Crossflow_StepoverAlt0434.tif,-0.002,1.786,1.636,0.049,0.057,1781.7302821682758
0.00867,433,074_AlSiMg_200W_500mms_M0_G13_Test_Crossflow_StepoverAlt0434.tif,0.001,1.779,1.65,0.045,0.056,1781.7302821682758
0.008675,433,074_AlSiMg_200W_500mms_M0_G13_Test_Crossflow_StepoverAlt0434.tif,-0.002,1.773,1.668,0.046,0.056,1770.551468278802
0.00868,434,074_AlSiMg_200W_500mms_M0_G13_Test_Crossflow_StepoverAlt0435.tif,0.0,1.772,1.727,0.047,0.056,1752.6833322305968
0.008685,434,074_AlSiMg_200W_500mms_M0_G13_Test_Crossflow_StepoverAlt0435.tif,0.0,1.776,1.692,0.047,0.058,1827.7447528823463
0.00869,434,074_AlSiMg_200W_500mms_M0_G13_Test_Crossflow_StepoverAlt0435.tif,-0.001,1.776,1.681,0.049,0.058,1793.6592150965485
0.008695,434,074_AlSiMg_200W_500mms_M0_G13_Test_Crossflow_StepoverAlt0435.tif,-0.002,1.783,1.713,0.047,0.054,1793.6592150965487
0.0087,435,074_AlSiMg_200W_500mms_M0_G13_Test_Crossflow_StepoverAlt0436.tif,0.0,1.8,1.737,0.044,0.056,1842.0431289458927
0.008705,435,074_AlSiMg_200W_500mms_M0_G13_Test_Crossflow_StepoverAlt0436.tif,-0.001,1.808,1.713,0.047,0.056,1853.6039166422197
0.00871,435,074_AlSiMg_200W_500mms_M0_G13_Test_Crossflow_StepoverAlt0436.tif,-0.002,1.814,1.703,0.047,0.055,1882.4389922072507
0.008715,435,074_AlSiMg_200W_500mms_M0_G13_Test_Crossflow_StepoverAlt0436.tif,-0.002,1.808,1.684,0.047,0.055,1935.8260432479663
0.00872,436,074_AlSiMg_200W_500mms_M0_G13_Test_Crossflow_StepoverAlt0437.tif,-0.002,1.808,1.682,0.049,0.055,1913.1895813156912
0.008725,436,074_AlSiMg_200W_500mms_M0_G13_Test_Crossflow_StepoverAlt0437.tif,0.001,1.807,1.663,0.047,0.056,1936.4578879502465
0.00873,436,074_AlSiMg_200W_500mms_M0_G13_Test_Crossflow_StepoverAlt0437.tif,-0.002,1.8,1.675,0.045,0.055,1899.252787990376
0.008735,436,074_AlSiMg_200W_500mms_M0_G13_Test_Crossflow_StepoverAlt0437.tif,0.0,1.791,1.692,0.048,0.055,1798.665590504624
0.00874,437,074_AlSiMg_200W_500mms_M0_G13_Test_Crossflow_StepoverAlt0438.tif,0.003,1.781,1.672,0.046,0.056,1788.6238596966352
0.008745,437,074_AlSiMg_200W_500mms_M0_G13_Test_Crossflow_StepoverAlt0438.tif,-0.001,1.781,1.696,0.046,0.057,2244.6289063500326
0.00875,437,074_AlSiMg_200W_500mms_M0_G13_Test_Crossflow_StepoverAlt0438.tif,0.0,1.78,1.664,0.044,0.053,2214.7604571093725
0.008755,437,074_AlSiMg_200W_500mms_M0_G13_Test_Crossflow_StepoverAlt0438.tif,-0.002,1.779,1.672,0.058,0.055,2177.27454334546
0.00876,438,074_AlSiMg_200W_500mms_M0_G13_Test_Crossflow_StepoverAlt0439.tif,-0.002,1.781,1.667,0.045,0.053,2207.7253508319213
0.008765,438,074_AlSiMg_200W_500mms_M0_G13_Test_Crossflow_StepoverAlt0439.tif,0.001,1.788,1.72,0.043,0.055,2214.4924850842945
0.00877,438,074_AlSiMg_200W_500mms_M0_G13_Test_Crossflow_StepoverAlt0439.tif,0.001,1.801,1.741,0.046,0.055,1799.0274870681246
0.008775,438,074_AlSiMg_200W_500mms_M0_G13_Test_Crossflow_StepoverAlt0439.tif,-0.001,1.804,1.699,0.046,0.055,1799.0274870681242
0.00878,439,074_AlSiMg_200W_500mms_M0_G13_Test_Crossflow_StepoverAlt0440.tif,-0.001,1.804,1.702,0.047,0.055,1873.718500791907
0.008785,439,074_AlSiMg_200W_500mms_M0_G13_Test_Crossflow_StepoverAlt0440.tif,-0.001,1.8,1.668,0.045,0.053,1850.951547034952
0.00879,439,074_AlSiMg_200W_500mms_M0_G13_Test_Crossflow_StepoverAlt0440.tif,0.001,1.794,1.668,0.047,0.055,1882.3461757033408
0.008795,439,074_AlSiMg_200W_500mms_M0_G13_Test_Crossflow_StepoverAlt0440.tif,0.0,1.793,1.653,0.044,0.054,1834.9235444420628
0.0088,440,074_AlSiMg_200W_500mms_M0_G13_Test_Crossflow_StepoverAlt0441.tif,0.0,1.779,1.633,0.044,0.051,1806.5039953097967
0.008805,440,074_AlSiMg_200W_500mms_M0_G13_Test_Crossflow_StepoverAlt0441.tif,0.0,1.773,1.644,0.043,0.053,1748.190228495827
0.00881,440,074_AlSiMg_200W_500mms_M0_G13_Test_Crossflow_StepoverAlt0441.tif,-0.002,1.765,1.653,0.042,0.051,1764.1900480004085
0.008815,440,074_AlSiMg_200W_500mms_M0_G13_Test_Crossflow_StepoverAlt0441.tif,-0.002,1.768,1.728,0.044,0.055,1699.0353131145298
0.00882,441,074_AlSiMg_200W_500mms_M0_G13_Test_Crossflow_StepoverAlt0442.tif,0.0,1.775,1.762,0.044,0.053,1705.9178957385805
0.008825,441,074_AlSiMg_200W_500mms_M0_G13_Test_Crossflow_StepoverAlt0442.tif,-0.002,1.777,1.703,0.045,0.056,1716.412965046773
0.00883,441,074_AlSiMg_200W_500mms_M0_G13_Test_Crossflow_StepoverAlt0442.tif,-0.001,1.788,1.702,0.045,0.055,1716.412965046773
0.008835,441,074_AlSiMg_200W_500mms_M0_G13_Test_Crossflow_StepoverAlt0442.tif,0.0,1.804,1.689,0.045,0.054,1686.0445157457448
0.00884,442,074_AlSiMg_200W_500mms_M0_G13_Test_Crossflow_StepoverAlt0443.tif,-0.002,1.807,1.696,0.044,0.055,1697.0376682062802
0.008845,442,074_AlSiMg_200W_500mms_M0_G13_Test_Crossflow_StepoverAlt0443.tif,-0.001,1.807,1.748,0.044,0.055,1737.5777168435077
0.00885,442,074_AlSiMg_200W_500mms_M0_G13_Test_Crossflow_StepoverAlt0443.tif,0.001,1.808,1.745,0.044,0.054,1755.5021966675808
0.008855,442,074_AlSiMg_200W_500mms_M0_G13_Test_Crossflow_StepoverAlt0443.tif,0.0,1.804,1.702,0.047,0.055,1807.2158208754452
0.00886,443,074_AlSiMg_200W_500mms_M0_G13_Test_Crossflow_StepoverAlt0444.tif,0.0,1.802,1.78,0.045,0.053,1858.9294450833095
0.008865,443,074_AlSiMg_200W_500mms_M0_G13_Test_Crossflow_StepoverAlt0444.tif,0.0,1.793,1.728,0.045,0.053,1844.5608152868626
0.00887,443,074_AlSiMg_200W_500mms_M0_G13_Test_Crossflow_StepoverAlt0444.tif,0.0,1.784,1.709,0.045,0.053,1776.6062840576656
0.008875,443,074_AlSiMg_200W_500mms_M0_G13_Test_Crossflow_StepoverAlt0444.tif,-0.001,1.777,1.706,0.044,0.055,1776.606284057665
0.00888,444,074_AlSiMg_200W_500mms_M0_G13_Test_Crossflow_StepoverAlt0445.tif,0.0,1.779,1.699,0.045,0.057,1731.5774359167415
0.008885,444,074_AlSiMg_200W_500mms_M0_G13_Test_Crossflow_StepoverAlt0445.tif,0.001,1.779,1.682,0.045,0.053,1713.6529560926679
0.00889,444,074_AlSiMg_200W_500mms_M0_G13_Test_Crossflow_StepoverAlt0445.tif,0.001,1.784,1.672,0.046,0.057,1738.0286023673518
0.008895,444,074_AlSiMg_200W_500mms_M0_G13_Test_Crossflow_StepoverAlt0445.tif,-0.001,1.787,1.709,0.045,0.054,1802.7209292644518
0.0089,445,074_AlSiMg_200W_500mms_M0_G13_Test_Crossflow_StepoverAlt0446.tif,-0.002,1.802,1.735,0.047,0.057,1772.1159719106868
0.008905,445,074_AlSiMg_200W_500mms_M0_G13_Test_Crossflow_StepoverAlt0446.tif,0.0,1.815,1.705,0.046,0.054,1752.4543249120482
0.00891,445,074_AlSiMg_200W_500mms_M0_G13_Test_Crossflow_StepoverAlt0446.tif,-0.002,1.812,1.756,0.046,0.056,1728.5950334928827
0.008915,445,074_AlSiMg_200W_500mms_M0_G13_Test_Crossflow_StepoverAlt0446.tif,-0.001,1.811,1.756,0.044,0.056,1762.5331540321688
0.00892,446,074_AlSiMg_200W_500mms_M0_G13_Test_Crossflow_StepoverAlt0447.tif,-0.002,1.809,1.695,0.047,0.058,1744.6171751036977
0.008925,446,074_AlSiMg_200W_500mms_M0_G13_Test_Crossflow_StepoverAlt0447.tif,0.0,1.802,1.745,0.047,0.055,1698.7518312187672
0.00893,446,074_AlSiMg_200W_500mms_M0_G13_Test_Crossflow_StepoverAlt0447.tif,-0.002,1.794,1.71,0.046,0.055,1748.8642857038672
0.008935,446,074_AlSiMg_200W_500mms_M0_G13_Test_Crossflow_StepoverAlt0447.tif,0.001,1.781,1.723,0.044,0.057,1763.3100790139256
0.00894,447,074_AlSiMg_200W_500mms_M0_G13_Test_Crossflow_StepoverAlt0448.tif,-0.002,1.77,1.709,0.046,0.055,1711.6810882668965
0.008945,447,074_AlSiMg_200W_500mms_M0_G13_Test_Crossflow_StepoverAlt0448.tif,0.001,1.77,1.712,0.047,0.057,1736.048306205342
0.00895,447,074_AlSiMg_200W_500mms_M0_G13_Test_Crossflow_StepoverAlt0448.tif,-0.001,1.772,1.709,0.046,0.057,1706.422883272964
0.008955,447,074_AlSiMg_200W_500mms_M0_G13_Test_Crossflow_StepoverAlt0448.tif,0.001,1.775,1.712,0.048,0.056,1727.601066533532
0.00896,448,074_AlSiMg_200W_500mms_M0_G13_Test_Crossflow_StepoverAlt0449.tif,0.001,1.775,1.698,0.044,0.06,1787.878775423408
0.008965,448,074_AlSiMg_200W_500mms_M0_G13_Test_Crossflow_StepoverAlt0449.tif,-0.001,1.791,1.721,0.047,0.055,1839.507766170437
0.00897,448,074_AlSiMg_200W_500mms_M0_G13_Test_Crossflow_StepoverAlt0449.tif,-0.001,1.8,1.719,0.049,0.056,1856.4418626662512
0.008975,448,074_AlSiMg_200W_500mms_M0_G13_Test_Crossflow_StepoverAlt0449.tif,0.0,1.807,1.692,0.047,0.055,1938.4006989949455
0.00898,449,074_AlSiMg_200W_500mms_M0_G13_Test_Crossflow_StepoverAlt0450.tif,-0.001,1.802,1.681,0.047,0.054,2087.5456224708305
0.008985,449,074_AlSiMg_200W_500mms_M0_G13_Test_Crossflow_StepoverAlt0450.tif,-0.001,1.802,1.703,0.048,0.058,2030.4690036717561
0.00899,449,074_AlSiMg_200W_500mms_M0_G13_Test_Crossflow_StepoverAlt0450.tif,0.0,1.8,1.677,0.054,0.057,1999.7319732232718
0.008995,449,074_AlSiMg_200W_500mms_M0_G13_Test_Crossflow_StepoverAlt0450.tif,-0.002,1.797,1.653,0.048,0.058,1945.6707215102938
0.009,450,074_AlSiMg_200W_500mms_M0_G13_Test_Crossflow_StepoverAlt0451.tif,-0.002,1.784,1.642,0.048,0.058,1948.8079165189404
0.009005,450,074_AlSiMg_200W_500mms_M0_G13_Test_Crossflow_StepoverAlt0451.tif,0.001,1.775,1.675,0.047,0.057,1772.0631576032174
0.00901,450,074_AlSiMg_200W_500mms_M0_G13_Test_Crossflow_StepoverAlt0451.tif,0.001,1.772,1.667,0.049,0.059,1729.4247376155224
0.009015,450,074_AlSiMg_200W_500mms_M0_G13_Test_Crossflow_StepoverAlt0451.tif,-0.002,1.773,1.685,0.049,0.059,1735.637145633828
0.00902,451,074_AlSiMg_200W_500mms_M0_G13_Test_Crossflow_StepoverAlt0452.tif,0.001,1.777,1.689,0.047,0.06,1704.8944140211984
0.009025,451,074_AlSiMg_200W_500mms_M0_G13_Test_Crossflow_StepoverAlt0452.tif,-0.002,1.783,1.677,0.05,0.06,1684.1103356116923
0.00903,451,074_AlSiMg_200W_500mms_M0_G13_Test_Crossflow_StepoverAlt0452.tif,-0.001,1.79,1.754,0.046,0.058,1684.1103356116923
0.009035,451,074_AlSiMg_200W_500mms_M0_G13_Test_Crossflow_StepoverAlt0452.tif,-0.001,1.804,1.728,0.047,0.058,1763.7931343997504
0.00904,452,074_AlSiMg_200W_500mms_M0_G13_Test_Crossflow_StepoverAlt0453.tif,0.0,1.812,1.702,0.049,0.059,1794.6251051818078
0.009045,452,074_AlSiMg_200W_500mms_M0_G13_Test_Crossflow_StepoverAlt0453.tif,-0.001,1.809,1.691,0.049,0.057,1847.7451696373967
0.00905,452,074_AlSiMg_200W_500mms_M0_G13_Test_Crossflow_StepoverAlt0453.tif,0.001,1.808,1.7,0.049,0.057,1878.2254967817885
0.009055,452,074_AlSiMg_200W_500mms_M0_G13_Test_Crossflow_StepoverAlt0453.tif,-0.002,1.808,1.707,0.049,0.058,1894.2645445252995
0.00906,453,074_AlSiMg_200W_500mms_M0_G13_Test_Crossflow_StepoverAlt0454.tif,0.001,1.802,1.675,0.047,0.056,1857.2201657249366
0.009065,453,074_AlSiMg_200W_500mms_M0_G13_Test_Crossflow_StepoverAlt0454.tif,-0.001,1.788,1.661,0.049,0.058,1753.5811849329973
0.00907,453,074_AlSiMg_200W_500mms_M0_G13_Test_Crossflow_StepoverAlt0454.tif,0.001,1.783,1.654,0.048,0.058,1734.40494218084
0.009075,453,074_AlSiMg_200W_500mms_M0_G13_Test_Crossflow_StepoverAlt0454.tif,0.001,1.777,1.668,0.046,0.061,1718.370408346506
0.00908,454,074_AlSiMg_200W_500mms_M0_G13_Test_Crossflow_StepoverAlt0455.tif,0.0,1.781,1.658,0.048,0.058,1699.1941655943483
0.009085,454,074_AlSiMg_200W_500mms_M0_G13_Test_Crossflow_StepoverAlt0455.tif,-0.001,1.786,1.643,0.047,0.057,1718.370408346506
0.00909,454,074_AlSiMg_200W_500mms_M0_G13_Test_Crossflow_StepoverAlt0455.tif,-0.001,1.787,1.658,0.048,0.058,1770.5008602165253
0.009095,454,074_AlSiMg_200W_500mms_M0_G13_Test_Crossflow_StepoverAlt0455.tif,-0.001,1.791,1.696,0.049,0.058,1759.1589035102675
0.0091,455,074_AlSiMg_200W_500mms_M0_G13_Test_Crossflow_StepoverAlt0456.tif,0.001,1.802,1.661,0.048,0.059,1825.367710488593
0.009105,455,074_AlSiMg_200W_500mms_M0_G13_Test_Crossflow_StepoverAlt0456.tif,0.0,1.809,1.654,0.049,0.06,1807.7208270877331
0.00911,455,074_AlSiMg_200W_500mms_M0_G13_Test_Crossflow_StepoverAlt0456.tif,0.0,1.811,1.649,0.051,0.058,1825.5889631359387
0.009115,455,074_AlSiMg_200W_500mms_M0_G13_Test_Crossflow_StepoverAlt0456.tif,-0.002,1.804,1.647,0.047,0.058,1859.2293560096527
0.00912,456,074_AlSiMg_200W_500mms_M0_G13_Test_Crossflow_StepoverAlt0457.tif,-0.002,1.8,1.657,0.049,0.057,1913.6494111205132
0.009125,456,074_AlSiMg_200W_500mms_M0_G13_Test_Crossflow_StepoverAlt0457.tif,0.0,1.797,1.689,0.049,0.058,1887.6860730333524
0.00913,456,074_AlSiMg_200W_500mms_M0_G13_Test_Crossflow_StepoverAlt0457.tif,0.001,1.79,1.663,0.051,0.059,1859.5207117976781
0.009135,456,074_AlSiMg_200W_500mms_M0_G13_Test_Crossflow_StepoverAlt0457.tif,-0.002,1.775,1.681,0.049,0.057,1788.532511293884
0.00914,457,074_AlSiMg_200W_500mms_M0_G13_Test_Crossflow_StepoverAlt0458.tif,-0.002,1.768,1.67,0.046,0.059,1788.532511293884
0.009145,457,074_AlSiMg_200W_500mms_M0_G13_Test_Crossflow_StepoverAlt0458.tif,-0.002,1.765,1.651,0.046,0.058,1758.2878566328138
0.00915,457,074_AlSiMg_200W_500mms_M0_G13_Test_Crossflow_StepoverAlt0458.tif,-0.002,1.77,1.667,0.049,0.058,1778.3200966315248
0.009155,457,074_AlSiMg_200W_500mms_M0_G13_Test_Crossflow_StepoverAlt0458.tif,0.0,1.779,1.67,0.047,0.056,1854.8693717165436
0.00916,458,074_AlSiMg_200W_500mms_M0_G13_Test_Crossflow_StepoverAlt0459.tif,0.0,1.78,1.692,0.049,0.056,1907.9894361721322
0.009165,458,074_AlSiMg_200W_500mms_M0_G13_Test_Crossflow_StepoverAlt0459.tif,-0.002,1.791,1.758,0.047,0.055,1907.9894361721322
0.00917,458,074_AlSiMg_200W_500mms_M0_G13_Test_Crossflow_StepoverAlt0459.tif,0.001,1.802,1.703,0.049,0.058,1914.3322351807576
0.009175,458,074_AlSiMg_200W_500mms_M0_G13_Test_Crossflow_StepoverAlt0459.tif,0.001,1.804,1.703,0.049,0.058,1873.2941223145403
0.00918,459,074_AlSiMg_200W_500mms_M0_G13_Test_Crossflow_StepoverAlt0460.tif,0.001,1.805,1.681,0.049,0.058,1842.557091866056
0.009185,459,074_AlSiMg_200W_500mms_M0_G13_Test_Crossflow_StepoverAlt0460.tif,-0.001,1.804,1.688,0.048,0.057,1842.5570918660555
0.00919,459,074_AlSiMg_200W_500mms_M0_G13_Test_Crossflow_StepoverAlt0460.tif,-0.001,1.802,1.681,0.048,0.058,1842.5570918660555
0.009195,459,074_AlSiMg_200W_500mms_M0_G13_Test_Crossflow_StepoverAlt0460.tif,0.0,1.795,1.696,0.049,0.058,1829.5932571322035
0.0092,460,074_AlSiMg_200W_500mms_M0_G13_Test_Crossflow_StepoverAlt0461.tif,0.0,1.786,1.675,0.049,0.058,1832.7309939515042
0.009205,460,074_AlSiMg_200W_500mms_M0_G13_Test_Crossflow_StepoverAlt0461.tif,-0.002,1.777,1.661,0.05,0.06,1851.907236703662
0.00921,460,074_AlSiMg_200W_500mms_M0_G13_Test_Crossflow_StepoverAlt0461.tif,0.0,1.776,1.672,0.049,0.058,1851.907236703662
0.009215,460,074_AlSiMg_200W_500mms_M0_G13_Test_Crossflow_StepoverAlt0461.tif,-0.002,1.776,1.664,0.049,0.058,1832.7309939515042
0.00922,461,074_AlSiMg_200W_500mms_M0_G13_Test_Crossflow_StepoverAlt0462.tif,-0.002,1.78,1.661,0.049,0.058,1783.880165945504
0.009225,461,074_AlSiMg_200W_500mms_M0_G13_Test_Crossflow_StepoverAlt0462.tif,0.0,1.787,1.635,0.048,0.058,1780.7424291262028
0.00923,461,074_AlSiMg_200W_500mms_M0_G13_Test_Crossflow_StepoverAlt0462.tif,0.001,1.795,1.642,0.047,0.06,1824.5739032615693
0.009235,461,074_AlSiMg_200W_500mms_M0_G13_Test_Crossflow_StepoverAlt0462.tif,0.0,1.811,1.644,0.048,0.057,1787.7507771085518
0.00924,462,074_AlSiMg_200W_500mms_M0_G13_Test_Crossflow_StepoverAlt0463.tif,0.001,1.815,1.63,0.051,0.058,1806.9270198607096
0.009245,462,074_AlSiMg_200W_500mms_M0_G13_Test_Crossflow_StepoverAlt0463.tif,0.001,1.815,1.702,0.047,0.058,1889.6597508826624
0.00925,462,074_AlSiMg_200W_500mms_M0_G13_Test_Crossflow_StepoverAlt0463.tif,0.001,1.808,1.653,0.049,0.058,1830.9828249621103
0.009255,462,074_AlSiMg_200W_500mms_M0_G13_Test_Crossflow_StepoverAlt0463.tif,0.0,1.804,1.689,0.05,0.058,1808.0694191088437
0.00926,463,074_AlSiMg_200W_500mms_M0_G13_Test_Crossflow_StepoverAlt0464.tif,-0.002,1.801,1.65,0.047,0.06,1808.0694191088442
0.009265,463,074_AlSiMg_200W_500mms_M0_G13_Test_Crossflow_StepoverAlt0464.tif,0.001,1.79,1.646,0.05,0.058,2105.0107600515726
0.00927,463,074_AlSiMg_200W_500mms_M0_G13_Test_Crossflow_StepoverAlt0464.tif,0.0,1.777,1.65,0.047,0.058,2095.6534794657996
0.009275,463,074_AlSiMg_200W_500mms_M0_G13_Test_Crossflow_StepoverAlt0464.tif,0.0,1.772,1.647,0.058,0.058,2175.336278253858
0.00928,464,074_AlSiMg_200W_500mms_M0_G13_Test_Crossflow_StepoverAlt0465.tif,-0.002,1.768,1.65,0.047,0.055,2125.4389490308577
0.009285,464,074_AlSiMg_200W_500mms_M0_G13_Test_Crossflow_StepoverAlt0465.tif,-0.002,1.77,1.636,0.049,0.057,2200.1624512307912
0.00929,464,074_AlSiMg_200W_500mms_M0_G13_Test_Crossflow_StepoverAlt0465.tif,0.001,1.776,1.653,0.045,0.055,1853.314067020118
0.009295,464,074_AlSiMg_200W_500mms_M0_G13_Test_Crossflow_StepoverAlt0465.tif,-0.002,1.781,1.667,0.049,0.056,1819.3759464808325
0.0093,465,074_AlSiMg_200W_500mms_M0_G13_Test_Crossflow_StepoverAlt0466.tif,0.001,1.794,1.643,0.047,0.059,1801.507810432627
0.009305,465,074_AlSiMg_200W_500mms_M0_G13_Test_Crossflow_StepoverAlt0466.tif,-0.002,1.801,1.67,0.047,0.057,1811.3108286213696
0.00931,465,074_AlSiMg_200W_500mms_M0_G13_Test_Crossflow_StepoverAlt0466.tif,0.0,1.805,1.678,0.049,0.058,1791.2785886226586
0.009315,465,074_AlSiMg_200W_500mms_M0_G13_Test_Crossflow_StepoverAlt0466.tif,-0.001,1.805,1.681,0.048,0.058,1855.9354542648075
0.00932,466,074_AlSiMg_200W_500mms_M0_G13_Test_Crossflow_StepoverAlt0467.tif,0.0,1.801,1.7,0.049,0.057,1913.1418814386482
0.009325,466,074_AlSiMg_200W_500mms_M0_G13_Test_Crossflow_StepoverAlt0467.tif,0.001,1.8,1.677,0.048,0.056,1890.7645485956891
0.00933,466,074_AlSiMg_200W_500mms_M0_G13_Test_Crossflow_StepoverAlt0467.tif,0.0,1.793,1.681,0.048,0.055,2155.2163903602113
0.009335,466,074_AlSiMg_200W_500mms_M0_G13_Test_Crossflow_StepoverAlt0467.tif,-0.001,1.779,1.644,0.047,0.057,2100.525128158989
0.00934,467,074_AlSiMg_200W_500mms_M0_G13_Test_Crossflow_StepoverAlt0468.tif,0.001,1.775,1.681,0.056,0.057,2048.9521796317663
0.009345,467,074_AlSiMg_200W_500mms_M0_G13_Test_Crossflow_StepoverAlt0468.tif,0.0,1.776,1.65,0.047,0.058,1994.946842548727
0.00935,467,074_AlSiMg_200W_500mms_M0_G13_Test_Crossflow_StepoverAlt0468.tif,0.001,1.775,1.633,0.047,0.058,2017.324175391686
0.009355,467,074_AlSiMg_200W_500mms_M0_G13_Test_Crossflow_StepoverAlt0468.tif,-0.001,1.777,1.646,0.048,0.058,1710.233913639469
0.00936,468,074_AlSiMg_200W_500mms_M0_G13_Test_Crossflow_StepoverAlt0469.tif,-0.002,1.781,1.684,0.049,0.058,1674.3577768929335
0.009365,468,074_AlSiMg_200W_500mms_M0_G13_Test_Crossflow_StepoverAlt0469.tif,-0.002,1.795,1.628,0.047,0.06,1655.5480992381708
0.00937,468,074_AlSiMg_200W_500mms_M0_G13_Test_Crossflow_StepoverAlt0469.tif,-0.002,1.805,1.726,0.047,0.061,1637.0958633918694
0.009375,468,074_AlSiMg_200W_500mms_M0_G13_Test_Crossflow_StepoverAlt0469.tif,0.001,1.809,1.73,0.049,0.062,1643.1777327130217
0.00938,469,074_AlSiMg_200W_500mms_M0_G13_Test_Crossflow_StepoverAlt0470.tif,0.001,1.807,1.976,0.051,0.063,1714.0223658690581
0.009385,469,074_AlSiMg_200W_500mms_M0_G13_Test_Crossflow_StepoverAlt0470.tif,0.0,1.808,1.991,0.051,0.06,1795.7515991847952
0.00939,469,074_AlSiMg_200W_500mms_M0_G13_Test_Crossflow_StepoverAlt0470.tif,0.0,1.802,1.884,0.052,0.061,1844.3923198213033
0.009395,469,074_AlSiMg_200W_500mms_M0_G13_Test_Crossflow_StepoverAlt0470.tif,0.001,1.798,1.802,0.052,0.061,1908.842435853495
0.0094,470,074_AlSiMg_200W_500mms_M0_G13_Test_Crossflow_StepoverAlt0471.tif,0.001,1.788,1.756,0.052,0.062,1914.6792589717734
0.009405,470,074_AlSiMg_200W_500mms_M0_G13_Test_Crossflow_StepoverAlt0471.tif,-0.001,1.783,1.737,0.052,0.06,1938.126574849074
0.00941,470,074_AlSiMg_200W_500mms_M0_G13_Test_Crossflow_StepoverAlt0471.tif,0.001,1.776,1.724,0.053,0.062,1943.846426807094
0.009415,470,074_AlSiMg_200W_500mms_M0_G13_Test_Crossflow_StepoverAlt0471.tif,0.0,1.777,1.749,0.054,0.062,1986.055501405471
0.00942,471,074_AlSiMg_200W_500mms_M0_G13_Test_Crossflow_StepoverAlt0472.tif,0.001,1.775,1.726,0.054,0.063,1997.134240018655
0.009425,471,074_AlSiMg_200W_500mms_M0_G13_Test_Crossflow_StepoverAlt0472.tif,0.0,1.779,1.689,0.055,0.063,1966.6143993348196
0.00943,471,074_AlSiMg_200W_500mms_M0_G13_Test_Crossflow_StepoverAlt0472.tif,-0.002,1.787,1.657,0.056,0.064,1954.383212012211
0.009435,471,074_AlSiMg_200W_500mms_M0_G13_Test_Crossflow_StepoverAlt0472.tif,0.0,1.801,1.633,0.053,0.064,1941.177675543761
0.00944,472,074_AlSiMg_200W_500mms_M0_G13_Test_Crossflow_StepoverAlt0473.tif,-0.002,1.801,1.621,0.056,0.065,1926.2067830875326
0.009445,472,074_AlSiMg_200W_500mms_M0_G13_Test_Crossflow_StepoverAlt0473.tif,0.001,1.802,1.611,0.055,0.065,1908.552506011492
0.00945,472,074_AlSiMg_200W_500mms_M0_G13_Test_Crossflow_StepoverAlt0473.tif,0.0,1.8,1.667,0.056,0.065,1931.437389407724
0.009455,472,074_AlSiMg_200W_500mms_M0_G13_Test_Crossflow_StepoverAlt0473.tif,0.001,1.797,1.681,0.056,0.065,1918.1639342077874
0.00946,473,074_AlSiMg_200W_500mms_M0_G13_Test_Crossflow_StepoverAlt0474.tif,0.0,1.795,1.665,0.056,0.066,1911.7421806923169
0.009465,473,074_AlSiMg_200W_500mms_M0_G13_Test_Crossflow_StepoverAlt0474.tif,0.0,1.787,1.665,0.057,0.067,1917.0278071658838
0.00947,473,074_AlSiMg_200W_500mms_M0_G13_Test_Crossflow_StepoverAlt0474.tif,0.0,1.776,1.702,0.058,0.069,1903.7543519659473
0.009475,473,074_AlSiMg_200W_500mms_M0_G13_Test_Crossflow_StepoverAlt0474.tif,0.0,1.77,1.738,0.058,0.067,1942.5756332355686
0.00948,474,074_AlSiMg_200W_500mms_M0_G13_Test_Crossflow_StepoverAlt0475.tif,-0.001,1.77,1.737,0.057,0.067,2046.6474250661781
0.009485,474,074_AlSiMg_200W_500mms_M0_G13_Test_Crossflow_StepoverAlt0475.tif,-0.002,1.775,1.7,0.058,0.066,2041.3044665703724
0.00949,474,074_AlSiMg_200W_500mms_M0_G13_Test_Crossflow_StepoverAlt0475.tif,-0.001,1.781,1.712,0.059,0.064,2017.3170270316841
0.009495,474,074_AlSiMg_200W_500mms_M0_G13_Test_Crossflow_StepoverAlt0475.tif,0.0,1.786,1.71,0.056,0.067,2011.8886691664986
0.0095,475,074_AlSiMg_200W_500mms_M0_G13_Test_Crossflow_StepoverAlt0476.tif,-0.001,1.798,1.709,0.055,0.065,1989.0297517159258
0.009505,475,074_AlSiMg_200W_500mms_M0_G13_Test_Crossflow_StepoverAlt0476.tif,0.001,1.805,1.707,0.055,0.065,1932.898301906629
0.00951,475,074_AlSiMg_200W_500mms_M0_G13_Test_Crossflow_StepoverAlt0476.tif,-0.001,1.808,1.726,0.056,0.065,1911.306859182773
0.009515,475,074_AlSiMg_200W_500mms_M0_G13_Test_Crossflow_StepoverAlt0476.tif,-0.001,1.811,1.776,0.055,0.062,1944.9795647041233
0.00952,476,074_AlSiMg_200W_500mms_M0_G13_Test_Crossflow_StepoverAlt0477.tif,-0.002,1.808,1.717,0.053,0.065,1960.9603542901011
0.009525,476,074_AlSiMg_200W_500mms_M0_G13_Test_Crossflow_StepoverAlt0477.tif,-0.002,1.807,1.702,0.055,0.063,1916.26568849942
0.00953,476,074_AlSiMg_200W_500mms_M0_G13_Test_Crossflow_StepoverAlt0477.tif,-0.002,1.797,1.702,0.055,0.064,1896.5696941342728
0.009535,476,074_AlSiMg_200W_500mms_M0_G13_Test_Crossflow_StepoverAlt0477.tif,-0.001,1.786,1.712,0.051,0.062,1903.9329961438452
0.00954,477,074_AlSiMg_200W_500mms_M0_G13_Test_Crossflow_StepoverAlt0478.tif,0.001,1.78,1.693,0.055,0.063,1923.6289905089925
0.009545,477,074_AlSiMg_200W_500mms_M0_G13_Test_Crossflow_StepoverAlt0478.tif,-0.002,1.776,1.706,0.051,0.062,1907.6482009230144
0.00955,477,074_AlSiMg_200W_500mms_M0_G13_Test_Crossflow_StepoverAlt0478.tif,-0.002,1.775,1.702,0.055,0.062,1944.0154601822505
0.009555,477,074_AlSiMg_200W_500mms_M0_G13_Test_Crossflow_StepoverAlt0478.tif,0.0,1.776,1.719,0.055,0.065,1946.6988448020625
0.00956,478,074_AlSiMg_200W_500mms_M0_G13_Test_Crossflow_StepoverAlt0479.tif,-0.001,1.78,1.74,0.053,0.062,2026.060397414119
0.009565,478,074_AlSiMg_200W_500mms_M0_G13_Test_Crossflow_StepoverAlt0479.tif,-0.002,1.794,1.705,0.056,0.064,2003.6246979153518
0.00957,478,074_AlSiMg_200W_500mms_M0_G13_Test_Crossflow_StepoverAlt0479.tif,0.0,1.804,1.696,0.055,0.062,2000.8332589148945
0.009575,478,074_AlSiMg_200W_500mms_M0_G13_Test_Crossflow_StepoverAlt0479.tif,-0.002,1.805,1.681,0.054,0.062,2000.8332589148945
0.00958,479,074_AlSiMg_200W_500mms_M0_G13_Test_Crossflow_StepoverAlt0480.tif,-0.002,1.802,1.651,0.054,0.064,1958.8407952037335
0.009585,479,074_AlSiMg_200W_500mms_M0_G13_Test_Crossflow_StepoverAlt0480.tif,-0.002,1.802,1.66,0.053,0.062,2330.9535951239786
0.00959,479,074_AlSiMg_200W_500mms_M0_G13_Test_Crossflow_StepoverAlt0480.tif,0.0,1.8,1.661,0.053,0.063,2282.719359015721
0.009595,479,074_AlSiMg_200W_500mms_M0_G13_Test_Crossflow_StepoverAlt0480.tif,-0.002,1.794,1.664,0.067,0.064,2304.2126110813006
0.0096,480,074_AlSiMg_200W_500mms_M0_G13_Test_Crossflow_StepoverAlt0481.tif,-0.001,1.784,1.695,0.054,0.065,2260.4820498124927
0.009605,480,074_AlSiMg_200W_500mms_M0_G13_Test_Crossflow_StepoverAlt0481.tif,-0.001,1.776,1.689,0.056,0.065,2284.8202364476133
0.00961,480,074_AlSiMg_200W_500mms_M0_G13_Test_Crossflow_StepoverAlt0481.tif,0.001,1.77,1.7,0.053,0.065,1859.3387366408701
0.009615,480,074_AlSiMg_200W_500mms_M0_G13_Test_Crossflow_StepoverAlt0481.tif,-0.002,1.776,1.713,0.056,0.065,1828.3427073380003
0.00962,481,074_AlSiMg_200W_500mms_M0_G13_Test_Crossflow_StepoverAlt0482.tif,-0.002,1.779,1.735,0.055,0.065,1845.996984414041
0.009625,481,074_AlSiMg_200W_500mms_M0_G13_Test_Crossflow_StepoverAlt0482.tif,0.001,1.784,1.716,0.056,0.07,1898.0549522142944
0.00963,481,074_AlSiMg_200W_500mms_M0_G13_Test_Crossflow_StepoverAlt0482.tif,0.0,1.791,1.703,0.056,0.064,1898.0549522142944
0.009635,481,074_AlSiMg_200W_500mms_M0_G13_Test_Crossflow_StepoverAlt0482.tif,0.001,1.804,1.756,0.056,0.065,1911.2604886827444
0.00964,482,074_AlSiMg_200W_500mms_M0_G13_Test_Crossflow_StepoverAlt0483.tif,-0.002,1.814,1.699,0.056,0.065,1978.2595667712635
0.009645,482,074_AlSiMg_200W_500mms_M0_G13_Test_Crossflow_StepoverAlt0483.tif,0.0,1.811,1.731,0.054,0.063,1975.5761821514511
0.00965,482,074_AlSiMg_200W_500mms_M0_G13_Test_Crossflow_StepoverAlt0483.tif,-0.003,1.809,1.72,0.056,0.065,2010.243068972827
0.009655,482,074_AlSiMg_200W_500mms_M0_G13_Test_Crossflow_StepoverAlt0483.tif,-0.002,1.802,1.763,0.055,0.063,2025.2139614290554
0.00966,483,074_AlSiMg_200W_500mms_M0_G13_Test_Crossflow_StepoverAlt0484.tif,-0.002,1.805,1.724,0.055,0.062,1994.7071892400782
0.009665,483,074_AlSiMg_200W_500mms_M0_G13_Test_Crossflow_StepoverAlt0484.tif,0.0,1.794,1.744,0.055,0.063,2029.3740760614533
0.00967,483,074_AlSiMg_200W_500mms_M0_G13_Test_Crossflow_StepoverAlt0484.tif,0.0,1.78,1.737,0.054,0.065,2006.0757770737796
0.009675,483,074_AlSiMg_200W_500mms_M0_G13_Test_Crossflow_StepoverAlt0484.tif,0.0,1.776,1.742,0.055,0.062,1926.714224461723
0.00968,484,074_AlSiMg_200W_500mms_M0_G13_Test_Crossflow_StepoverAlt0485.tif,-0.001,1.777,1.758,0.053,0.062,1923.9745193281033
0.009685,484,074_AlSiMg_200W_500mms_M0_G13_Test_Crossflow_StepoverAlt0485.tif,0.0,1.781,1.745,0.051,0.062,1972.2087554363607
0.00969,484,074_AlSiMg_200W_500mms_M0_G13_Test_Crossflow_StepoverAlt0485.tif,-0.001,1.784,1.741,0.054,0.062,1929.21446208354
0.009695,484,074_AlSiMg_200W_500mms_M0_G13_Test_Crossflow_StepoverAlt0485.tif,0.0,1.793,1.74,0.054,0.062,1929.21446208354
0.0097,485,074_AlSiMg_200W_500mms_M0_G13_Test_Crossflow_StepoverAlt0486.tif,0.001,1.8,1.766,0.053,0.062,1952.4158758086414
0.009705,485,074_AlSiMg_200W_500mms_M0_G13_Test_Crossflow_StepoverAlt0486.tif,0.0,1.808,1.761,0.053,0.062,2346.964375227654
0.00971,485,074_AlSiMg_200W_500mms_M0_G13_Test_Crossflow_StepoverAlt0486.tif,-0.002,1.809,1.744,0.054,0.064,2323.517059350353
0.009715,485,074_AlSiMg_200W_500mms_M0_G13_Test_Crossflow_StepoverAlt0486.tif,0.0,1.805,1.768,0.066,0.062,2320.6283373271062
0.00972,486,074_AlSiMg_200W_500mms_M0_G13_Test_Crossflow_StepoverAlt0487.tif,-0.002,1.804,1.759,0.052,0.061,2317.73961530386
0.009725,486,074_AlSiMg_200W_500mms_M0_G13_Test_Crossflow_StepoverAlt0487.tif,0.001,1.797,1.731,0.052,0.061,2328.0167388147474
0.00973,486,074_AlSiMg_200W_500mms_M0_G13_Test_Crossflow_StepoverAlt0487.tif,-0.002,1.787,1.756,0.052,0.061,1918.5160285939826
0.009735,486,074_AlSiMg_200W_500mms_M0_G13_Test_Crossflow_StepoverAlt0487.tif,0.001,1.776,1.815,0.052,0.061,1918.5160285939824
0.00974,487,074_AlSiMg_200W_500mms_M0_G13_Test_Crossflow_StepoverAlt0488.tif,-0.001,1.775,1.797,0.055,0.064,1885.0374913579938
0.009745,487,074_AlSiMg_200W_500mms_M0_G13_Test_Crossflow_StepoverAlt0488.tif,0.0,1.77,1.797,0.052,0.061,1890.7573433160142
0.00975,487,074_AlSiMg_200W_500mms_M0_G13_Test_Crossflow_StepoverAlt0488.tif,-0.002,1.775,1.758,0.051,0.062,1874.7352897285577
0.009755,487,074_AlSiMg_200W_500mms_M0_G13_Test_Crossflow_StepoverAlt0488.tif,-0.002,1.776,1.791,0.054,0.063,1832.7616474170209
0.00976,488,074_AlSiMg_200W_500mms_M0_G13_Test_Crossflow_StepoverAlt0489.tif,-0.001,1.784,1.794,0.052,0.062,1878.6446627930884
0.009765,488,074_AlSiMg_200W_500mms_M0_G13_Test_Crossflow_StepoverAlt0489.tif,-0.001,1.793,1.762,0.051,0.062,1912.1232000290772
0.00977,488,074_AlSiMg_200W_500mms_M0_G13_Test_Crossflow_StepoverAlt0489.tif,-0.001,1.804,1.735,0.055,0.062,1946.8698655936664
0.009775,488,074_AlSiMg_200W_500mms_M0_G13_Test_Crossflow_StepoverAlt0489.tif,-0.001,1.807,1.72,0.052,0.061,1929.4133819451333
0.00978,489,074_AlSiMg_200W_500mms_M0_G13_Test_Crossflow_StepoverAlt0490.tif,-0.001,1.809,1.699,0.053,0.06,1929.4133819451338
0.009785,489,074_AlSiMg_200W_500mms_M0_G13_Test_Crossflow_StepoverAlt0490.tif,0.001,1.807,1.71,0.051,0.062,1906.9776824463665
0.00979,489,074_AlSiMg_200W_500mms_M0_G13_Test_Crossflow_StepoverAlt0490.tif,0.0,1.802,1.703,0.051,0.062,1999.814684380684
0.009795,489,074_AlSiMg_200W_500mms_M0_G13_Test_Crossflow_StepoverAlt0490.tif,0.0,1.801,1.709,0.054,0.062,1977.139833875623
0.0098,490,074_AlSiMg_200W_500mms_M0_G13_Test_Crossflow_StepoverAlt0491.tif,-0.002,1.784,1.733,0.055,0.06,1994.5963175241554
0.009805,490,074_AlSiMg_200W_500mms_M0_G13_Test_Crossflow_StepoverAlt0491.tif,-0.002,1.776,1.735,0.052,0.06,2028.0748547601445
0.00981,490,074_AlSiMg_200W_500mms_M0_G13_Test_Crossflow_StepoverAlt0491.tif,0.0,1.776,1.705,0.052,0.062,2004.627538882844
0.009815,490,074_AlSiMg_200W_500mms_M0_G13_Test_Crossflow_StepoverAlt0491.tif,-0.002,1.777,1.726,0.052,0.061,1929.5822039660754
0.00982,491,074_AlSiMg_200W_500mms_M0_G13_Test_Crossflow_StepoverAlt0492.tif,-0.001,1.776,1.714,0.052,0.061,1895.7684833610706
0.009825,491,074_AlSiMg_200W_500mms_M0_G13_Test_Crossflow_StepoverAlt0492.tif,-0.001,1.78,1.716,0.052,0.06,1908.842435853495
0.00983,491,074_AlSiMg_200W_500mms_M0_G13_Test_Crossflow_StepoverAlt0492.tif,0.001,1.791,1.73,0.052,0.062,1908.8424358534946
0.009835,491,074_AlSiMg_200W_500mms_M0_G13_Test_Crossflow_StepoverAlt0492.tif,-0.001,1.805,1.71,0.051,0.06,1844.1796616295305
0.00984,492,074_AlSiMg_200W_500mms_M0_G13_Test_Crossflow_StepoverAlt0493.tif,-0.002,1.811,1.751,0.052,0.061,1841.2598798482427
0.009845,492,074_AlSiMg_200W_500mms_M0_G13_Test_Crossflow_StepoverAlt0493.tif,0.001,1.815,1.745,0.049,0.062,1854.3338323406672
0.00985,492,074_AlSiMg_200W_500mms_M0_G13_Test_Crossflow_StepoverAlt0493.tif,-0.001,1.812,1.721,0.051,0.059,1835.2881282856627
0.009855,492,074_AlSiMg_200W_500mms_M0_G13_Test_Crossflow_StepoverAlt0493.tif,0.001,1.807,1.709,0.051,0.06,1826.2581578694785
0.00986,493,074_AlSiMg_200W_500mms_M0_G13_Test_Crossflow_StepoverAlt0494.tif,-0.002,1.802,1.706,0.05,0.06,1881.8909616772587
0.009865,493,074_AlSiMg_200W_500mms_M0_G13_Test_Crossflow_StepoverAlt0494.tif,0.0,1.791,1.72,0.049,0.058,1845.0252712909619
0.00987,493,074_AlSiMg_200W_500mms_M0_G13_Test_Crossflow_StepoverAlt0494.tif,-0.002,1.776,1.74,0.049,0.058,1845.0252712909623
0.009875,493,074_AlSiMg_200W_500mms_M0_G13_Test_Crossflow_StepoverAlt0494.tif,-0.002,1.773,1.726,0.05,0.06,1878.9071743069144
0.00988,494,074_AlSiMg_200W_500mms_M0_G13_Test_Crossflow_StepoverAlt0495.tif,-0.001,1.77,1.733,0.051,0.06,1848.3889748484985
0.009885,494,074_AlSiMg_200W_500mms_M0_G13_Test_Crossflow_StepoverAlt0495.tif,0.001,1.773,1.702,0.05,0.058,1814.7485819747842
0.00989,494,074_AlSiMg_200W_500mms_M0_G13_Test_Crossflow_StepoverAlt0495.tif,0.0,1.773,1.714,0.049,0.06,1811.673368965125
0.009895,494,074_AlSiMg_200W_500mms_M0_G13_Test_Crossflow_StepoverAlt0495.tif,0.0,1.781,1.72,0.048,0.059,1805.5914996439728
0.0099,495,074_AlSiMg_200W_500mms_M0_G13_Test_Crossflow_StepoverAlt0496.tif,0.001,1.791,1.706,0.049,0.059,1754.1552319034574
0.009905,495,074_AlSiMg_200W_500mms_M0_G13_Test_Crossflow_StepoverAlt0496.tif,-0.002,1.797,1.738,0.049,0.058,1879.0391854166464
0.00991,495,074_AlSiMg_200W_500mms_M0_G13_Test_Crossflow_StepoverAlt0496.tif,0.001,1.797,1.745,0.049,0.06,1879.039185416647
0.009915,495,074_AlSiMg_200W_500mms_M0_G13_Test_Crossflow_StepoverAlt0496.tif,0.001,1.801,1.843,0.052,0.057,1861.4378402864434
0.00992,496,074_AlSiMg_200W_500mms_M0_G13_Test_Crossflow_StepoverAlt0497.tif,0.0,1.794,1.854,0.048,0.059,1858.3001034671427
0.009925,496,074_AlSiMg_200W_500mms_M0_G13_Test_Crossflow_StepoverAlt0497.tif,0.001,1.794,1.821,0.048,0.059,1866.4409700825993
0.00993,496,074_AlSiMg_200W_500mms_M0_G13_Test_Crossflow_StepoverAlt0497.tif,-0.001,1.786,1.863,0.048,0.057,1792.9932843099255
0.009935,496,074_AlSiMg_200W_500mms_M0_G13_Test_Crossflow_StepoverAlt0497.tif,0.001,1.776,1.826,0.047,0.057,1796.1154777252243
0.00994,497,074_AlSiMg_200W_500mms_M0_G13_Test_Crossflow_StepoverAlt0498.tif,-0.002,1.769,1.786,0.05,0.058,1829.7558705989384
0.009945,497,074_AlSiMg_200W_500mms_M0_G13_Test_Crossflow_StepoverAlt0498.tif,-0.002,1.77,1.802,0.049,0.06,1813.717364666082
0.00995,497,074_AlSiMg_200W_500mms_M0_G13_Test_Crossflow_StepoverAlt0498.tif,0.0,1.773,1.793,0.049,0.058,1879.9261716444075
0.009955,497,074_AlSiMg_200W_500mms_M0_G13_Test_Crossflow_StepoverAlt0498.tif,-0.001,1.775,1.788,0.048,0.058,1855.8703665430064
0.00996,498,074_AlSiMg_200W_500mms_M0_G13_Test_Crossflow_StepoverAlt0499.tif,0.001,1.781,1.825,0.051,0.058,1904.2567020496276
0.009965,498,074_AlSiMg_200W_500mms_M0_G13_Test_Crossflow_StepoverAlt0499.tif,0.0,1.794,1.871,0.048,0.057,1842.4420393097746
0.00997,498,074_AlSiMg_200W_500mms_M0_G13_Test_Crossflow_StepoverAlt0499.tif,0.0,1.805,1.816,0.049,0.057,1848.6544473280803
0.009975,498,074_AlSiMg_200W_500mms_M0_G13_Test_Crossflow_StepoverAlt0499.tif,-0.001,1.811,1.851,0.047,0.06,1785.646730440556
0.00998,499,074_AlSiMg_200W_500mms_M0_G13_Test_Crossflow_StepoverAlt0500.tif,0.0,1.811,1.843,0.05,0.06,1788.7844672598571
0.009985,499,074_AlSiMg_200W_500mms_M0_G13_Test_Crossflow_StepoverAlt0500.tif,-0.001,1.807,1.879,0.048,0.058,1754.8772834681404
0.00999,499,074_AlSiMg_200W_500mms_M0_G13_Test_Crossflow_StepoverAlt0500.tif,0.0,1.804,1.819,0.049,0.058,1860.5234203433597
0.009995,499,074_AlSiMg_200W_500mms_M0_G13_Test_Crossflow_StepoverAlt0500.tif,0.0,1.801,1.788,0.049,0.059,1873.4872550772118
0.01,500,074_AlSiMg_200W_500mms_M0_G13_Test_Crossflow_StepoverAlt0501.tif,0.001,1.788,1.78,0.051,0.058,1876.6244500858581
0.010005,500,074_AlSiMg_200W_500mms_M0_G13_Test_Crossflow_StepoverAlt0501.tif,-0.002,1.779,1.819,0.049,0.058,1846.1062506274425
0.01001,500,074_AlSiMg_200W_500mms_M0_G13_Test_Crossflow_StepoverAlt0501.tif,0.001,1.781,1.826,0.049,0.059,1831.627098912538
0.010015,500,074_AlSiMg_200W_500mms_M0_G13_Test_Crossflow_StepoverAlt0501.tif,-0.001,1.781,1.821,0.049,0.06,1757.2774253187563
0.01002,501,074_AlSiMg_200W_500mms_M0_G13_Test_Crossflow_StepoverAlt0502.tif,0.0,1.787,1.794,0.049,0.06,1738.1011825665985
0.010025,501,074_AlSiMg_200W_500mms_M0_G13_Test_Crossflow_StepoverAlt0502.tif,-0.002,1.787,1.798,0.049,0.06,1723.6220308516938
0.01003,501,074_AlSiMg_200W_500mms_M0_G13_Test_Crossflow_StepoverAlt0502.tif,-0.002,1.798,1.837,0.048,0.058,1738.1011825665985
0.010035,501,074_AlSiMg_200W_500mms_M0_G13_Test_Crossflow_StepoverAlt0502.tif,-0.002,1.807,1.793,0.049,0.06,1768.6193820250141
0.01004,502,074_AlSiMg_200W_500mms_M0_G13_Test_Crossflow_StepoverAlt0503.tif,-0.001,1.808,1.773,0.049,0.059,1802.2101080820823
0.010045,502,074_AlSiMg_200W_500mms_M0_G13_Test_Crossflow_StepoverAlt0503.tif,0.001,1.808,1.759,0.049,0.058,1827.4682201553921
0.01005,502,074_AlSiMg_200W_500mms_M0_G13_Test_Crossflow_StepoverAlt0503.tif,0.0,1.805,1.752,0.05,0.059,1875.8545556620134
0.010055,502,074_AlSiMg_200W_500mms_M0_G13_Test_Crossflow_StepoverAlt0503.tif,0.0,1.797,1.772,0.051,0.06,1878.9297686716723
0.01006,503,074_AlSiMg_200W_500mms_M0_G13_Test_Crossflow_StepoverAlt0504.tif,-0.002,1.795,1.808,0.049,0.057,1902.831624324117
0.010065,503,074_AlSiMg_200W_500mms_M0_G13_Test_Crossflow_StepoverAlt0504.tif,-0.001,1.783,1.763,0.05,0.06,1869.2408982670488
0.01007,503,074_AlSiMg_200W_500mms_M0_G13_Test_Crossflow_StepoverAlt0504.tif,-0.001,1.772,1.741,0.051,0.059,1906.9905030812631
0.010075,503,074_AlSiMg_200W_500mms_M0_G13_Test_Crossflow_StepoverAlt0504.tif,0.0,1.77,1.737,0.049,0.06,1879.1735994457806
0.01008,504,074_AlSiMg_200W_500mms_M0_G13_Test_Crossflow_StepoverAlt0505.tif,-0.002,1.77,1.721,0.051,0.058,1898.2193035007851
0.010085,504,074_AlSiMg_200W_500mms_M0_G13_Test_Crossflow_StepoverAlt0505.tif,-0.002,1.77,1.716,0.051,0.061,1694.5660629674796
0.01009,504,074_AlSiMg_200W_500mms_M0_G13_Test_Crossflow_StepoverAlt0505.tif,0.001,1.775,1.709,0.051,0.06,1697.6294496351613
0.010095,504,074_AlSiMg_200W_500mms_M0_G13_Test_Crossflow_StepoverAlt0505.tif,0.0,1.784,1.709,0.051,0.086,1623.2797760413791
0.0101,505,074_AlSiMg_200W_500mms_M0_G13_Test_Crossflow_StepoverAlt0506.tif,0.0,1.797,1.703,0.05,0.061,1574.5319461754502
0.010105,505,074_AlSiMg_200W_500mms_M0_G13_Test_Crossflow_StepoverAlt0506.tif,-0.002,1.807,1.74,0.049,0.06,1537.931877395882
0.01011,505,074_AlSiMg_200W_500mms_M0_G13_Test_Crossflow_StepoverAlt0506.tif,0.0,1.808,1.712,0.048,0.061,1704.7194275428906
0.010115,505,074_AlSiMg_200W_500mms_M0_G13_Test_Crossflow_StepoverAlt0506.tif,0.0,1.807,1.713,0.049,0.06,1716.1351925901138
0.01012,506,074_AlSiMg_200W_500mms_M0_G13_Test_Crossflow_StepoverAlt0507.tif,-0.002,1.805,1.695,0.05,0.06,1730.6143443050182
0.010125,506,074_AlSiMg_200W_500mms_M0_G13_Test_Crossflow_StepoverAlt0507.tif,0.0,1.802,1.695,0.049,0.059,1773.2718940147133
0.01013,506,074_AlSiMg_200W_500mms_M0_G13_Test_Crossflow_StepoverAlt0507.tif,0.001,1.795,1.721,0.049,0.059,1773.2718940147129
0.010135,506,074_AlSiMg_200W_500mms_M0_G13_Test_Crossflow_StepoverAlt0507.tif,0.001,1.783,1.712,0.049,0.059,1776.2869611612882
0.01014,507,074_AlSiMg_200W_500mms_M0_G13_Test_Crossflow_StepoverAlt0508.tif,-0.002,1.776,1.717,0.049,0.06,1776.2869611612882
0.010145,507,074_AlSiMg_200W_500mms_M0_G13_Test_Crossflow_StepoverAlt0508.tif,-0.002,1.775,1.693,0.051,0.061,1798.4078782259517
0.01015,507,074_AlSiMg_200W_500mms_M0_G13_Test_Crossflow_StepoverAlt0508.tif,-0.002,1.775,1.712,0.049,0.059,1814.4469259694627
0.010155,507,074_AlSiMg_200W_500mms_M0_G13_Test_Crossflow_StepoverAlt0508.tif,0.0,1.779,1.714,0.051,0.06,1949.2104511799612
0.01016,508,074_AlSiMg_200W_500mms_M0_G13_Test_Crossflow_StepoverAlt0509.tif,0.0,1.786,1.706,0.049,0.058,2002.9906929026045
0.010165,508,074_AlSiMg_200W_500mms_M0_G13_Test_Crossflow_StepoverAlt0509.tif,-0.001,1.794,1.688,0.056,0.061,2062.861214781482
0.01017,508,074_AlSiMg_200W_500mms_M0_G13_Test_Crossflow_StepoverAlt0509.tif,0.0,1.808,1.707,0.051,0.058,2224.8856453686653
0.010175,508,074_AlSiMg_200W_500mms_M0_G13_Test_Crossflow_StepoverAlt0509.tif,0.001,1.811,1.713,0.051,0.058,2230.9675146898176
0.01018,509,074_AlSiMg_200W_500mms_M0_G13_Test_Crossflow_StepoverAlt0510.tif,0.0,1.807,1.695,0.058,0.061,2147.6402572198344
0.010185,509,074_AlSiMg_200W_500mms_M0_G13_Test_Crossflow_StepoverAlt0510.tif,0.0,1.805,1.741,0.051,0.06,2076.353970293734
0.01019,509,074_AlSiMg_200W_500mms_M0_G13_Test_Crossflow_StepoverAlt0510.tif,-0.002,1.805,1.71,0.05,0.058,2032.5224961583676
0.010195,509,074_AlSiMg_200W_500mms_M0_G13_Test_Crossflow_StepoverAlt0510.tif,-0.001,1.802,1.696,0.05,0.061,1908.2476703853986
0.0102,510,074_AlSiMg_200W_500mms_M0_G13_Test_Crossflow_StepoverAlt0511.tif,0.001,1.786,1.716,0.049,0.058,1976.561036886012
0.010205,510,074_AlSiMg_200W_500mms_M0_G13_Test_Crossflow_StepoverAlt0511.tif,-0.001,1.775,1.726,0.051,0.058,1925.1247691454962
0.01021,510,074_AlSiMg_200W_500mms_M0_G13_Test_Crossflow_StepoverAlt0511.tif,0.001,1.77,1.716,0.054,0.06,1952.5795819362306
0.010215,510,074_AlSiMg_200W_500mms_M0_G13_Test_Crossflow_StepoverAlt0511.tif,0.0,1.773,1.709,0.049,0.06,1942.6308143489532
0.01022,511,074_AlSiMg_200W_500mms_M0_G13_Test_Crossflow_StepoverAlt0512.tif,-0.002,1.775,1.737,0.049,0.058,1871.3445274228532
0.010225,511,074_AlSiMg_200W_500mms_M0_G13_Test_Crossflow_StepoverAlt0512.tif,-0.002,1.779,1.717,0.051,0.061,1826.6287525039793
0.01023,511,074_AlSiMg_200W_500mms_M0_G13_Test_Crossflow_StepoverAlt0512.tif,0.0,1.79,1.684,0.05,0.061,1959.0139243128956
0.010235,511,074_AlSiMg_200W_500mms_M0_G13_Test_Crossflow_StepoverAlt0512.tif,0.0,1.802,1.685,0.053,0.061,1962.0864509115486
0.01024,512,074_AlSiMg_200W_500mms_M0_G13_Test_Crossflow_StepoverAlt0513.tif,0.0,1.807,1.712,0.055,0.06,2004.5125047923102
0.010245,512,074_AlSiMg_200W_500mms_M0_G13_Test_Crossflow_StepoverAlt0513.tif,0.0,1.804,1.733,0.05,0.059,2043.886010022475
0.01025,512,074_AlSiMg_200W_500mms_M0_G13_Test_Crossflow_StepoverAlt0513.tif,0.001,1.802,1.677,0.054,0.062,1986.7517363288493
0.010255,512,074_AlSiMg_200W_500mms_M0_G13_Test_Crossflow_StepoverAlt0513.tif,-0.003,1.804,1.693,0.053,0.062,1874.9359963910713
0.01026,513,074_AlSiMg_200W_500mms_M0_G13_Test_Crossflow_StepoverAlt0514.tif,0.0,1.798,1.726,0.05,0.061,1828.2072334597335
0.010265,513,074_AlSiMg_200W_500mms_M0_G13_Test_Crossflow_StepoverAlt0514.tif,-0.002,1.787,1.709,0.051,0.061,1785.781179578972
0.01027,513,074_AlSiMg_200W_500mms_M0_G13_Test_Crossflow_StepoverAlt0514.tif,-0.001,1.775,1.703,0.049,0.061,1763.9137195522642
0.010275,513,074_AlSiMg_200W_500mms_M0_G13_Test_Crossflow_StepoverAlt0514.tif,-0.001,1.775,1.717,0.051,0.061,1797.4504016641506
0.01028,514,074_AlSiMg_200W_500mms_M0_G13_Test_Crossflow_StepoverAlt0515.tif,-0.002,1.779,1.705,0.051,0.061,1851.2306433867939
0.010285,514,074_AlSiMg_200W_500mms_M0_G13_Test_Crossflow_StepoverAlt0515.tif,-0.001,1.779,1.681,0.051,0.06,1903.9168501356628
0.01029,514,074_AlSiMg_200W_500mms_M0_G13_Test_Crossflow_StepoverAlt0515.tif,-0.001,1.784,1.663,0.051,0.058,1897.826569979429
0.010295,514,074_AlSiMg_200W_500mms_M0_G13_Test_Crossflow_StepoverAlt0515.tif,0.001,1.788,1.678,0.052,0.061,1880.3205247759718
0.0103,515,074_AlSiMg_200W_500mms_M0_G13_Test_Crossflow_StepoverAlt0516.tif,0.0,1.801,1.712,0.049,0.059,1833.6234143149147
0.010305,515,074_AlSiMg_200W_500mms_M0_G13_Test_Crossflow_StepoverAlt0516.tif,-0.002,1.807,1.681,0.05,0.061,1773.7528924360372
0.01031,515,074_AlSiMg_200W_500mms_M0_G13_Test_Crossflow_StepoverAlt0516.tif,-0.002,1.805,1.692,0.05,0.062,1754.7741544325763
0.010315,515,074_AlSiMg_200W_500mms_M0_G13_Test_Crossflow_StepoverAlt0516.tif,0.001,1.805,1.675,0.049,0.059,1776.8950714972398
0.01032,516,074_AlSiMg_200W_500mms_M0_G13_Test_Crossflow_StepoverAlt0517.tif,0.0,1.8,1.646,0.051,0.061,1810.4317536091257
0.010325,516,074_AlSiMg_200W_500mms_M0_G13_Test_Crossflow_StepoverAlt0517.tif,-0.001,1.798,1.681,0.051,0.06,1810.4317536091257
0.01033,516,074_AlSiMg_200W_500mms_M0_G13_Test_Crossflow_StepoverAlt0517.tif,-0.002,1.788,1.696,0.051,0.06,1795.952601894221
0.010335,516,074_AlSiMg_200W_500mms_M0_G13_Test_Crossflow_StepoverAlt0517.tif,-0.002,1.775,1.702,0.05,0.062,1792.937534747646
0.01034,517,074_AlSiMg_200W_500mms_M0_G13_Test_Crossflow_StepoverAlt0518.tif,0.0,1.77,1.695,0.049,0.06,1792.9375347476464
0.010345,517,074_AlSiMg_200W_500mms_M0_G13_Test_Crossflow_StepoverAlt0518.tif,-0.002,1.772,1.705,0.05,0.06,1830.6871395618605
0.01035,517,074_AlSiMg_200W_500mms_M0_G13_Test_Crossflow_StepoverAlt0518.tif,0.0,1.77,1.696,0.051,0.06,1821.3953374338205
0.010355,517,074_AlSiMg_200W_500mms_M0_G13_Test_Crossflow_StepoverAlt0518.tif,-0.002,1.775,1.749,0.051,0.058,1851.9135368922366
0.01036,518,074_AlSiMg_200W_500mms_M0_G13_Test_Crossflow_StepoverAlt0519.tif,-0.002,1.777,1.765,0.047,0.059,1882.745507674294
0.010365,518,074_AlSiMg_200W_500mms_M0_G13_Test_Crossflow_StepoverAlt0519.tif,-0.001,1.793,1.706,0.049,0.058,1879.7361649517945
0.01037,518,074_AlSiMg_200W_500mms_M0_G13_Test_Crossflow_StepoverAlt0519.tif,0.0,1.807,1.677,0.049,0.057,1822.940856082576
0.010375,518,074_AlSiMg_200W_500mms_M0_G13_Test_Crossflow_StepoverAlt0519.tif,-0.002,1.804,1.674,0.05,0.059,1878.9297686716727
0.01038,519,074_AlSiMg_200W_500mms_M0_G13_Test_Crossflow_StepoverAlt0520.tif,0.0,1.805,1.671,0.05,0.06,1872.5869696630466
0.010385,519,074_AlSiMg_200W_500mms_M0_G13_Test_Crossflow_StepoverAlt0520.tif,0.001,1.805,1.672,0.051,0.06,1854.7188336148415
0.01039,519,074_AlSiMg_200W_500mms_M0_G13_Test_Crossflow_StepoverAlt0520.tif,-0.001,1.802,1.709,0.047,0.056,1851.6463070161888
0.010395,519,074_AlSiMg_200W_500mms_M0_G13_Test_Crossflow_StepoverAlt0520.tif,-0.001,1.797,1.686,0.049,0.058,1814.7030984820965
0.0104,520,074_AlSiMg_200W_500mms_M0_G13_Test_Crossflow_StepoverAlt0521.tif,-0.001,1.784,1.682,0.049,0.058,1829.5392974430445
0.010405,520,074_AlSiMg_200W_500mms_M0_G13_Test_Crossflow_StepoverAlt0521.tif,0.001,1.775,1.681,0.047,0.059,1853.7502324998754
0.01041,520,074_AlSiMg_200W_500mms_M0_G13_Test_Crossflow_StepoverAlt0521.tif,-0.002,1.776,1.668,0.05,0.058,1853.7502324998754
0.010415,520,074_AlSiMg_200W_500mms_M0_G13_Test_Crossflow_StepoverAlt0521.tif,-0.002,1.777,1.653,0.049,0.057,1837.7111847563642
0.01042,521,074_AlSiMg_200W_500mms_M0_G13_Test_Crossflow_StepoverAlt0522.tif,-0.002,1.781,1.651,0.049,0.058,1868.4419852721505
0.010425,521,074_AlSiMg_200W_500mms_M0_G13_Test_Crossflow_StepoverAlt0522.tif,0.0,1.787,1.693,0.049,0.059,1817.0057175316354
0.01043,521,074_AlSiMg_200W_500mms_M0_G13_Test_Crossflow_StepoverAlt0522.tif,-0.002,1.794,1.702,0.048,0.058,1795.999844664129
0.010435,521,074_AlSiMg_200W_500mms_M0_G13_Test_Crossflow_StepoverAlt0522.tif,-0.001,1.805,1.684,0.049,0.06,1795.999844664129
0.01044,522,074_AlSiMg_200W_500mms_M0_G13_Test_Crossflow_StepoverAlt0523.tif,0.002,1.809,1.717,0.048,0.057,1829.9070284558456
0.010445,522,074_AlSiMg_200W_500mms_M0_G13_Test_Crossflow_StepoverAlt0523.tif,-0.002,1.807,1.707,0.049,0.058,1812.2601450549857
0.01045,522,074_AlSiMg_200W_500mms_M0_G13_Test_Crossflow_StepoverAlt0523.tif,0.0,1.804,1.738,0.049,0.057,1805.9552183603842
0.010455,522,074_AlSiMg_200W_500mms_M0_G13_Test_Crossflow_StepoverAlt0523.tif,0.001,1.801,1.726,0.047,0.058,1826.9610912278906
0.01046,523,074_AlSiMg_200W_500mms_M0_G13_Test_Crossflow_StepoverAlt0524.tif,0.0,1.795,1.742,0.047,0.058,1807.7848484757328
0.010465,523,074_AlSiMg_200W_500mms_M0_G13_Test_Crossflow_StepoverAlt0524.tif,0.001,1.784,1.721,0.049,0.057,1789.916712427527
0.01047,523,074_AlSiMg_200W_500mms_M0_G13_Test_Crossflow_StepoverAlt0524.tif,0.001,1.775,1.692,0.048,0.058,1861.5689329114266
0.010475,523,074_AlSiMg_200W_500mms_M0_G13_Test_Crossflow_StepoverAlt0524.tif,0.0,1.769,1.67,0.049,0.058,1913.1418814386482
0.01048,524,074_AlSiMg_200W_500mms_M0_G13_Test_Crossflow_StepoverAlt0525.tif,0.0,1.77,1.726,0.048,0.055,1936.1740933328226
0.010485,524,074_AlSiMg_200W_500mms_M0_G13_Test_Crossflow_StepoverAlt0525.tif,0.0,1.776,1.689,0.048,0.056,1932.9730032420216
0.01049,524,074_AlSiMg_200W_500mms_M0_G13_Test_Crossflow_StepoverAlt0525.tif,0.0,1.776,1.672,0.05,0.057,1892.904800191319
0.010495,524,074_AlSiMg_200W_500mms_M0_G13_Test_Crossflow_StepoverAlt0525.tif,0.001,1.784,1.684,0.047,0.057,1875.9438419086425
0.0105,525,074_AlSiMg_200W_500mms_M0_G13_Test_Crossflow_StepoverAlt0526.tif,0.0,1.801,1.664,0.046,0.057,1918.7271305855054
0.010505,525,074_AlSiMg_200W_500mms_M0_G13_Test_Crossflow_StepoverAlt0526.tif,-0.002,1.805,1.664,0.049,0.057,1827.9197393751813
0.01051,525,074_AlSiMg_200W_500mms_M0_G13_Test_Crossflow_StepoverAlt0526.tif,-0.001,1.804,1.654,0.048,0.054,1819.778872759725
0.010515,525,074_AlSiMg_200W_500mms_M0_G13_Test_Crossflow_StepoverAlt0526.tif,0.001,1.805,1.644,0.047,0.059,1816.469574028696
0.01052,526,074_AlSiMg_200W_500mms_M0_G13_Test_Crossflow_StepoverAlt0527.tif,0.001,1.8,1.643,0.049,0.06,1748.694394712546
0.010525,526,074_AlSiMg_200W_500mms_M0_G13_Test_Crossflow_StepoverAlt0527.tif,-0.002,1.8,1.644,0.045,0.056,1665.516971397935
0.01053,526,074_AlSiMg_200W_500mms_M0_G13_Test_Crossflow_StepoverAlt0527.tif,-0.001,1.794,1.695,0.047,0.059,1689.779702402336
0.010535,526,074_AlSiMg_200W_500mms_M0_G13_Test_Crossflow_StepoverAlt0527.tif,-0.001,1.781,1.657,0.046,0.056,1720.2979018607518
0.01054,527,074_AlSiMg_200W_500mms_M0_G13_Test_Crossflow_StepoverAlt0528.tif,0.001,1.773,1.636,0.046,0.056,1707.2816601096129
0.010545,527,074_AlSiMg_200W_500mms_M0_G13_Test_Crossflow_StepoverAlt0528.tif,-0.001,1.773,1.653,0.049,0.058,1738.012460625399
0.01055,527,074_AlSiMg_200W_500mms_M0_G13_Test_Crossflow_StepoverAlt0528.tif,-0.002,1.776,1.657,0.045,0.057,1726.8336467359252
0.010555,527,074_AlSiMg_200W_500mms_M0_G13_Test_Crossflow_StepoverAlt0528.tif,-0.001,1.777,1.67,0.048,0.058,1715.6548328464517
0.01056,528,074_AlSiMg_200W_500mms_M0_G13_Test_Crossflow_StepoverAlt0529.tif,-0.001,1.783,1.681,0.047,0.058,1709.3120338378255
0.010565,528,074_AlSiMg_200W_500mms_M0_G13_Test_Crossflow_StepoverAlt0529.tif,0.001,1.8,1.674,0.047,0.058,1762.5680405513954
0.01057,528,074_AlSiMg_200W_500mms_M0_G13_Test_Crossflow_StepoverAlt0529.tif,-0.002,1.807,1.63,0.047,0.056,1775.4014842949277
0.010575,528,074_AlSiMg_200W_500mms_M0_G13_Test_Crossflow_StepoverAlt0529.tif,-0.002,1.812,1.63,0.048,0.057,1793.0483676957872
0.01058,529,074_AlSiMg_200W_500mms_M0_G13_Test_Crossflow_StepoverAlt0530.tif,-0.002,1.812,1.632,0.047,0.056,1793.0483676957872
0.010585,529,074_AlSiMg_200W_500mms_M0_G13_Test_Crossflow_StepoverAlt0530.tif,-0.002,1.805,1.609,0.048,0.058,1777.0138338614538
0.01059,529,074_AlSiMg_200W_500mms_M0_G13_Test_Crossflow_StepoverAlt0530.tif,0.0,1.805,1.612,0.047,0.058,1760.9753279285967
0.010595,529,074_AlSiMg_200W_500mms_M0_G13_Test_Crossflow_StepoverAlt0530.tif,0.001,1.798,1.615,0.047,0.057,1741.6738146736789
0.0106,530,074_AlSiMg_200W_500mms_M0_G13_Test_Crossflow_StepoverAlt0531.tif,-0.002,1.784,1.611,0.048,0.058,1772.4108451221637
0.010605,530,074_AlSiMg_200W_500mms_M0_G13_Test_Crossflow_StepoverAlt0531.tif,0.0,1.775,1.658,0.046,0.056,1765.8564694934496
0.01061,530,074_AlSiMg_200W_500mms_M0_G13_Test_Crossflow_StepoverAlt0531.tif,0.001,1.77,1.67,0.047,0.055,1781.8910033277832
0.010615,530,074_AlSiMg_200W_500mms_M0_G13_Test_Crossflow_StepoverAlt0531.tif,0.001,1.772,1.689,0.045,0.056,1835.8963404108229
0.01062,531,074_AlSiMg_200W_500mms_M0_G13_Test_Crossflow_StepoverAlt0532.tif,0.001,1.773,1.665,0.047,0.056,1839.163319831407
0.010625,531,074_AlSiMg_200W_500mms_M0_G13_Test_Crossflow_StepoverAlt0532.tif,-0.002,1.776,1.675,0.048,0.055,1759.382915528775
0.01063,531,074_AlSiMg_200W_500mms_M0_G13_Test_Crossflow_StepoverAlt0532.tif,0.0,1.788,1.689,0.047,0.057,1799.6226804912053
0.010635,531,074_AlSiMg_200W_500mms_M0_G13_Test_Crossflow_StepoverAlt0532.tif,0.001,1.8,1.723,0.045,0.058,1799.6226804912053
0.01064,532,074_AlSiMg_200W_500mms_M0_G13_Test_Crossflow_StepoverAlt0533.tif,0.0,1.802,1.686,0.048,0.057,1758.450787151698
0.010645,532,074_AlSiMg_200W_500mms_M0_G13_Test_Crossflow_StepoverAlt0533.tif,-0.001,1.802,1.66,0.047,0.056,1740.7599169439545
0.01065,532,074_AlSiMg_200W_500mms_M0_G13_Test_Crossflow_StepoverAlt0533.tif,0.0,1.8,1.649,0.047,0.056,1762.2265544326171
0.010655,532,074_AlSiMg_200W_500mms_M0_G13_Test_Crossflow_StepoverAlt0533.tif,-0.001,1.798,1.632,0.046,0.057,1746.18804849976
0.01066,533,074_AlSiMg_200W_500mms_M0_G13_Test_Crossflow_StepoverAlt0534.tif,0.001,1.795,1.629,0.044,0.055,1790.4312235553025
0.010665,533,074_AlSiMg_200W_500mms_M0_G13_Test_Crossflow_StepoverAlt0534.tif,0.0,1.788,1.642,0.048,0.058,1714.5216824966078
0.01067,533,074_AlSiMg_200W_500mms_M0_G13_Test_Crossflow_StepoverAlt0534.tif,0.001,1.776,1.623,0.049,0.056,1748.2470865386852
0.010675,533,074_AlSiMg_200W_500mms_M0_G13_Test_Crossflow_StepoverAlt0534.tif,0.001,1.773,1.611,0.044,0.058,1748.2470865386847
0.01068,534,074_AlSiMg_200W_500mms_M0_G13_Test_Crossflow_StepoverAlt0535.tif,0.001,1.772,1.649,0.047,0.056,1745.0459964478837
0.010685,534,074_AlSiMg_200W_500mms_M0_G13_Test_Crossflow_StepoverAlt0535.tif,-0.001,1.773,1.611,0.044,0.055,1741.974714731849
0.01069,534,074_AlSiMg_200W_500mms_M0_G13_Test_Crossflow_StepoverAlt0535.tif,0.0,1.779,1.633,0.047,0.057,1795.247793858268
0.010695,534,074_AlSiMg_200W_500mms_M0_G13_Test_Crossflow_StepoverAlt0535.tif,-0.002,1.787,1.643,0.048,0.055,1748.470528411305
0.0107,535,074_AlSiMg_200W_500mms_M0_G13_Test_Crossflow_StepoverAlt0536.tif,-0.001,1.801,1.654,0.045,0.055,1813.0916435771535
0.010705,535,074_AlSiMg_200W_500mms_M0_G13_Test_Crossflow_StepoverAlt0536.tif,-0.002,1.807,1.636,0.046,0.058,1788.7159973024695
0.01071,535,074_AlSiMg_200W_500mms_M0_G13_Test_Crossflow_StepoverAlt0536.tif,0.0,1.809,1.709,0.049,0.057,1707.1339238539451
0.010715,535,074_AlSiMg_200W_500mms_M0_G13_Test_Crossflow_StepoverAlt0536.tif,0.0,1.807,1.667,0.044,0.055,1750.8630071690502
0.01072,536,074_AlSiMg_200W_500mms_M0_G13_Test_Crossflow_StepoverAlt0537.tif,0.0,1.805,1.672,0.044,0.055,1721.7307315573187
0.010725,536,074_AlSiMg_200W_500mms_M0_G13_Test_Crossflow_StepoverAlt0537.tif,-0.002,1.8,1.682,0.048,0.056,1715.4233832054404
0.01073,536,074_AlSiMg_200W_500mms_M0_G13_Test_Crossflow_StepoverAlt0537.tif,0.0,1.797,1.649,0.044,0.058,1725.3532361700659
0.010735,536,074_AlSiMg_200W_500mms_M0_G13_Test_Crossflow_StepoverAlt0537.tif,-0.001,1.779,1.63,0.047,0.055,1762.4888197234673
0.01074,537,074_AlSiMg_200W_500mms_M0_G13_Test_Crossflow_StepoverAlt0538.tif,0.0,1.776,1.621,0.047,0.058,1725.3616645063037
0.010745,537,074_AlSiMg_200W_500mms_M0_G13_Test_Crossflow_StepoverAlt0538.tif,0.001,1.775,1.612,0.046,0.055,1842.4430989045054
0.01075,537,074_AlSiMg_200W_500mms_M0_G13_Test_Crossflow_StepoverAlt0538.tif,-0.001,1.78,1.66,0.047,0.057,1801.903050267278
0.010755,537,074_AlSiMg_200W_500mms_M0_G13_Test_Crossflow_StepoverAlt0538.tif,-0.001,1.786,1.672,0.048,0.055,1850.2869641166221
0.01076,538,074_AlSiMg_200W_500mms_M0_G13_Test_Crossflow_StepoverAlt0539.tif,-0.001,1.784,1.625,0.045,0.055,1834.2600474173196
0.010765,538,074_AlSiMg_200W_500mms_M0_G13_Test_Crossflow_StepoverAlt0539.tif,0.0,1.802,1.64,0.047,0.055,1868.1981679566059
0.01077,538,074_AlSiMg_200W_500mms_M0_G13_Test_Crossflow_StepoverAlt0539.tif,0.0,1.808,1.628,0.046,0.056,1844.9298613220508
0.010775,538,074_AlSiMg_200W_500mms_M0_G13_Test_Crossflow_StepoverAlt0539.tif,-0.001,1.808,1.621,0.047,0.055,1851.531789419992
0.01078,539,074_AlSiMg_200W_500mms_M0_G13_Test_Crossflow_StepoverAlt0540.tif,-0.002,1.807,1.619,0.047,0.055,1827.0071669898134
0.010785,539,074_AlSiMg_200W_500mms_M0_G13_Test_Crossflow_StepoverAlt0540.tif,-0.002,1.802,1.63,0.047,0.057,1809.2739774716254
0.01079,539,074_AlSiMg_200W_500mms_M0_G13_Test_Crossflow_StepoverAlt0540.tif,-0.004,1.795,1.639,0.045,0.054,1775.3358569323395
0.010795,539,074_AlSiMg_200W_500mms_M0_G13_Test_Crossflow_StepoverAlt0540.tif,0.0,1.793,1.616,0.045,0.056,2123.007859021964
0.0108,540,074_AlSiMg_200W_500mms_M0_G13_Test_Crossflow_StepoverAlt0541.tif,-0.002,1.776,1.615,0.047,0.057,2116.405930924023
0.010805,540,074_AlSiMg_200W_500mms_M0_G13_Test_Crossflow_StepoverAlt0541.tif,-0.001,1.773,1.614,0.056,0.055,2096.9854163366786
0.01081,540,074_AlSiMg_200W_500mms_M0_G13_Test_Crossflow_StepoverAlt0541.tif,0.001,1.77,1.607,0.045,0.055,2151.923705814737
0.010815,540,074_AlSiMg_200W_500mms_M0_G13_Test_Crossflow_StepoverAlt0541.tif,0.0,1.772,1.615,0.044,0.054,2092.0486985903763
0.01082,541,074_AlSiMg_200W_500mms_M0_G13_Test_Crossflow_StepoverAlt0542.tif,0.0,1.775,1.621,0.047,0.055,2094.602902925687
0.010825,541,074_AlSiMg_200W_500mms_M0_G13_Test_Crossflow_StepoverAlt0542.tif,0.001,1.776,1.622,0.044,0.058,2094.6029029256874
0.01083,541,074_AlSiMg_200W_500mms_M0_G13_Test_Crossflow_StepoverAlt0542.tif,-0.002,1.788,1.615,0.054,0.053,2044.7349121795628
0.010835,541,074_AlSiMg_200W_500mms_M0_G13_Test_Crossflow_StepoverAlt0542.tif,-0.001,1.798,1.612,0.045,0.055,2026.8313254746106
0.01084,542,074_AlSiMg_200W_500mms_M0_G13_Test_Crossflow_StepoverAlt0543.tif,-0.001,1.804,1.632,0.044,0.058,2105.94592872263
0.010845,542,074_AlSiMg_200W_500mms_M0_G13_Test_Crossflow_StepoverAlt0543.tif,-0.001,1.807,1.626,0.047,0.056,1778.9880289322493
0.01085,542,074_AlSiMg_200W_500mms_M0_G13_Test_Crossflow_StepoverAlt0543.tif,-0.001,1.804,1.643,0.048,0.057,1812.9279349633714
0.010855,542,074_AlSiMg_200W_500mms_M0_G13_Test_Crossflow_StepoverAlt0543.tif,0.0,1.802,1.677,0.048,0.055,1872.802942187732
0.01086,543,074_AlSiMg_200W_500mms_M0_G13_Test_Crossflow_StepoverAlt0544.tif,-0.001,1.8,1.651,0.045,0.053,1890.7065288926847
0.010865,543,074_AlSiMg_200W_500mms_M0_G13_Test_Crossflow_StepoverAlt0544.tif,-0.002,1.787,1.628,0.047,0.057,1905.4050534083121
0.01087,543,074_AlSiMg_200W_500mms_M0_G13_Test_Crossflow_StepoverAlt0544.tif,-0.002,1.777,1.692,0.047,0.055,1860.9585635131891
0.010875,543,074_AlSiMg_200W_500mms_M0_G13_Test_Crossflow_StepoverAlt0544.tif,0.001,1.775,1.678,0.047,0.055,1809.2449393053248
0.01088,544,074_AlSiMg_200W_500mms_M0_G13_Test_Crossflow_StepoverAlt0545.tif,0.0,1.776,1.642,0.046,0.055,1784.8692930306413
0.010885,544,074_AlSiMg_200W_500mms_M0_G13_Test_Crossflow_StepoverAlt0545.tif,-0.001,1.777,1.615,0.044,0.055,1770.1707685150136
0.01089,544,074_AlSiMg_200W_500mms_M0_G13_Test_Crossflow_StepoverAlt0545.tif,0.0,1.781,1.608,0.044,0.055,1752.2671818100614
0.010895,544,074_AlSiMg_200W_500mms_M0_G13_Test_Crossflow_StepoverAlt0545.tif,0.0,1.787,1.619,0.048,0.057,1739.507244531343
0.0109,545,074_AlSiMg_200W_500mms_M0_G13_Test_Crossflow_StepoverAlt0546.tif,-0.001,1.8,1.633,0.047,0.056,1763.882890806027
0.010905,545,074_AlSiMg_200W_500mms_M0_G13_Test_Crossflow_StepoverAlt0546.tif,-0.001,1.805,1.642,0.047,0.057,1822.1966576199968
0.01091,545,074_AlSiMg_200W_500mms_M0_G13_Test_Crossflow_StepoverAlt0546.tif,-0.001,1.808,1.649,0.047,0.057,1836.8951821356245
0.010915,545,074_AlSiMg_200W_500mms_M0_G13_Test_Crossflow_StepoverAlt0546.tif,-0.002,1.808,1.699,0.047,0.055,1897.7086830467313
0.01092,546,074_AlSiMg_200W_500mms_M0_G13_Test_Crossflow_StepoverAlt0547.tif,-0.001,1.805,1.686,0.047,0.055,1897.7086830467313
0.010925,546,074_AlSiMg_200W_500mms_M0_G13_Test_Crossflow_StepoverAlt0547.tif,0.0,1.802,1.661,0.047,0.053,1931.6468035860175
0.01093,546,074_AlSiMg_200W_500mms_M0_G13_Test_Crossflow_StepoverAlt0547.tif,-0.001,1.795,1.671,0.047,0.057,1916.94827907039
0.010935,546,074_AlSiMg_200W_500mms_M0_G13_Test_Crossflow_StepoverAlt0547.tif,0.0,1.781,1.682,0.047,0.055,1943.2878674209794
0.01094,547,074_AlSiMg_200W_500mms_M0_G13_Test_Crossflow_StepoverAlt0548.tif,-0.001,1.775,1.682,0.048,0.057,1900.3779532148249
0.010945,547,074_AlSiMg_200W_500mms_M0_G13_Test_Crossflow_StepoverAlt0548.tif,-0.002,1.772,1.661,0.049,0.056,1885.9321599047666
0.01095,547,074_AlSiMg_200W_500mms_M0_G13_Test_Crossflow_StepoverAlt0548.tif,-0.001,1.775,1.698,0.047,0.055,1909.2004665393215
0.010955,547,074_AlSiMg_200W_500mms_M0_G13_Test_Crossflow_StepoverAlt0548.tif,-0.002,1.773,1.709,0.047,0.058,1875.5150772056047
0.01096,548,074_AlSiMg_200W_500mms_M0_G13_Test_Crossflow_StepoverAlt0549.tif,-0.002,1.779,1.699,0.048,0.055,1834.4769643393877
0.010965,548,074_AlSiMg_200W_500mms_M0_G13_Test_Crossflow_StepoverAlt0549.tif,0.0,1.794,1.703,0.047,0.058,1837.6659990172652
0.01097,548,074_AlSiMg_200W_500mms_M0_G13_Test_Crossflow_StepoverAlt0549.tif,0.0,1.801,1.658,0.048,0.057,1824.582081902338
0.010975,548,074_AlSiMg_200W_500mms_M0_G13_Test_Crossflow_StepoverAlt0549.tif,-0.001,1.805,1.674,0.048,0.056,1770.5767448192987
0.01098,549,074_AlSiMg_200W_500mms_M0_G13_Test_Crossflow_StepoverAlt0550.tif,-0.001,1.804,1.67,0.047,0.059,1807.3998709723157
0.010985,549,074_AlSiMg_200W_500mms_M0_G13_Test_Crossflow_StepoverAlt0550.tif,0.001,1.805,1.707,0.048,0.058,1780.0194083332008
0.01099,549,074_AlSiMg_200W_500mms_M0_G13_Test_Crossflow_StepoverAlt0550.tif,0.0,1.804,1.698,0.049,0.058,1746.0933432068384
0.010995,549,074_AlSiMg_200W_500mms_M0_G13_Test_Crossflow_StepoverAlt0550.tif,-0.001,1.798,1.728,0.049,0.06,1796.0003864747832
0.011,550,074_AlSiMg_200W_500mms_M0_G13_Test_Crossflow_StepoverAlt0551.tif,-0.002,1.788,1.698,0.048,0.058,1812.03889240764
0.011005,550,074_AlSiMg_200W_500mms_M0_G13_Test_Crossflow_StepoverAlt0551.tif,-0.001,1.781,1.712,0.049,0.058,1789.661559564681
0.01101,550,074_AlSiMg_200W_500mms_M0_G13_Test_Crossflow_StepoverAlt0551.tif,0.0,1.776,1.706,0.048,0.057,1820.1797590230967
0.011015,550,074_AlSiMg_200W_500mms_M0_G13_Test_Crossflow_StepoverAlt0551.tif,0.0,1.78,1.727,0.047,0.057,1857.2241378234598
0.01102,551,074_AlSiMg_200W_500mms_M0_G13_Test_Crossflow_StepoverAlt0552.tif,-0.001,1.779,1.689,0.049,0.058,1841.1850900799486
0.011025,551,074_AlSiMg_200W_500mms_M0_G13_Test_Crossflow_StepoverAlt0552.tif,-0.001,1.783,1.688,0.049,0.057,1828.2837791557383
0.01103,551,074_AlSiMg_200W_500mms_M0_G13_Test_Crossflow_StepoverAlt0552.tif,0.0,1.791,1.665,0.049,0.059,1916.9335182938437
0.011035,551,074_AlSiMg_200W_500mms_M0_G13_Test_Crossflow_StepoverAlt0552.tif,0.0,1.805,1.692,0.049,0.059,1916.9335182938437
0.01104,552,074_AlSiMg_200W_500mms_M0_G13_Test_Crossflow_StepoverAlt0553.tif,-0.002,1.804,1.693,0.051,0.057,1899.0653822456381
0.011045,552,074_AlSiMg_200W_500mms_M0_G13_Test_Crossflow_StepoverAlt0553.tif,0.0,1.807,1.726,0.049,0.058,1887.6496171984152
0.01105,552,074_AlSiMg_200W_500mms_M0_G13_Test_Crossflow_StepoverAlt0553.tif,-0.001,1.802,1.723,0.049,0.058,1873.170465483511
0.011055,552,074_AlSiMg_200W_500mms_M0_G13_Test_Crossflow_StepoverAlt0553.tif,-0.002,1.801,1.735,0.05,0.061,1830.7999148408094
0.01106,553,074_AlSiMg_200W_500mms_M0_G13_Test_Crossflow_StepoverAlt0554.tif,0.0,1.795,1.773,0.049,0.06,1814.7608670972982
0.011065,553,074_AlSiMg_200W_500mms_M0_G13_Test_Crossflow_StepoverAlt0554.tif,-0.001,1.783,1.73,0.051,0.059,1798.721819353787
0.01107,553,074_AlSiMg_200W_500mms_M0_G13_Test_Crossflow_StepoverAlt0554.tif,-0.001,1.775,1.756,0.049,0.059,1832.2585014656731
0.011075,553,074_AlSiMg_200W_500mms_M0_G13_Test_Crossflow_StepoverAlt0554.tif,0.0,1.77,1.726,0.049,0.059,1906.6081750594553
0.01108,554,074_AlSiMg_200W_500mms_M0_G13_Test_Crossflow_StepoverAlt0555.tif,0.0,1.772,1.689,0.051,0.06,1872.7575518197336
0.011085,554,074_AlSiMg_200W_500mms_M0_G13_Test_Crossflow_StepoverAlt0555.tif,0.0,1.775,1.724,0.051,0.058,1955.069005858391
0.01109,554,074_AlSiMg_200W_500mms_M0_G13_Test_Crossflow_StepoverAlt0555.tif,-0.002,1.779,1.703,0.051,0.061,1977.1899229230544
0.011095,554,074_AlSiMg_200W_500mms_M0_G13_Test_Crossflow_StepoverAlt0555.tif,-0.001,1.787,1.705,0.051,0.057,1974.1805802005547
0.0111,555,074_AlSiMg_200W_500mms_M0_G13_Test_Crossflow_StepoverAlt0556.tif,-0.001,1.8,1.674,0.051,0.06,1930.3491060651886
0.011105,555,074_AlSiMg_200W_500mms_M0_G13_Test_Crossflow_StepoverAlt0556.tif,0.0,1.809,1.727,0.05,0.059,1943.3704002511179
0.01111,555,074_AlSiMg_200W_500mms_M0_G13_Test_Crossflow_StepoverAlt0556.tif,0.0,1.812,1.747,0.049,0.058,1898.0160622380718
0.011115,555,074_AlSiMg_200W_500mms_M0_G13_Test_Crossflow_StepoverAlt0556.tif,0.001,1.809,1.776,0.05,0.059,1929.834568963836
0.01112,556,074_AlSiMg_200W_500mms_M0_G13_Test_Crossflow_StepoverAlt0557.tif,0.001,1.805,1.755,0.05,0.058,1970.5935165005499
0.011125,556,074_AlSiMg_200W_500mms_M0_G13_Test_Crossflow_StepoverAlt0557.tif,-0.002,1.801,1.745,0.049,0.056,1970.5935165005496
0.01113,556,074_AlSiMg_200W_500mms_M0_G13_Test_Crossflow_StepoverAlt0557.tif,-0.003,1.793,1.707,0.051,0.058,1954.5571551680448
0.011135,556,074_AlSiMg_200W_500mms_M0_G13_Test_Crossflow_StepoverAlt0557.tif,0.001,1.781,1.692,0.049,0.058,1999.9114931810914
0.01114,557,074_AlSiMg_200W_500mms_M0_G13_Test_Crossflow_StepoverAlt0558.tif,0.0,1.78,1.681,0.05,0.06,1982.9291854162748
0.011145,557,074_AlSiMg_200W_500mms_M0_G13_Test_Crossflow_StepoverAlt0558.tif,0.0,1.777,1.66,0.051,0.057,1923.0586635373973
0.01115,557,074_AlSiMg_200W_500mms_M0_G13_Test_Crossflow_StepoverAlt0558.tif,0.0,1.781,1.692,0.05,0.058,1923.0586635373973
0.011155,557,074_AlSiMg_200W_500mms_M0_G13_Test_Crossflow_StepoverAlt0558.tif,0.0,1.777,1.675,0.049,0.059,1916.8462555190913
0.01116,558,074_AlSiMg_200W_500mms_M0_G13_Test_Crossflow_StepoverAlt0559.tif,-0.002,1.783,1.699,0.049,0.058,1850.5738492239452
0.011165,558,074_AlSiMg_200W_500mms_M0_G13_Test_Crossflow_StepoverAlt0559.tif,0.001,1.795,1.707,0.048,0.058,1810.4795381896874
0.01117,558,074_AlSiMg_200W_500mms_M0_G13_Test_Crossflow_StepoverAlt0559.tif,-0.002,1.805,1.703,0.049,0.058,1804.1412530902394
0.011175,558,074_AlSiMg_200W_500mms_M0_G13_Test_Crossflow_StepoverAlt0559.tif,-0.002,1.811,1.735,0.048,0.058,1804.1412530902394
0.01118,559,074_AlSiMg_200W_500mms_M0_G13_Test_Crossflow_StepoverAlt0560.tif,0.001,1.809,1.727,0.047,0.057,1789.6771029686831
0.011185,559,074_AlSiMg_200W_500mms_M0_G13_Test_Crossflow_StepoverAlt0560.tif,0.0,1.809,1.763,0.049,0.058,1756.0367100949686
0.01119,559,074_AlSiMg_200W_500mms_M0_G13_Test_Crossflow_StepoverAlt0560.tif,-0.002,1.804,1.714,0.048,0.059,1741.572559973412
0.011195,559,074_AlSiMg_200W_500mms_M0_G13_Test_Crossflow_StepoverAlt0560.tif,0.001,1.798,1.71,0.048,0.059,1741.572559973412
0.0112,560,074_AlSiMg_200W_500mms_M0_G13_Test_Crossflow_StepoverAlt0561.tif,0.001,1.788,1.705,0.048,0.059,1741.572559973412
0.011205,560,074_AlSiMg_200W_500mms_M0_G13_Test_Crossflow_StepoverAlt0561.tif,0.001,1.775,1.67,0.047,0.057,1738.3898266941092
0.01121,560,074_AlSiMg_200W_500mms_M0_G13_Test_Crossflow_StepoverAlt0561.tif,0.0,1.775,1.745,0.049,0.058,1765.687420559198
0.011215,560,074_AlSiMg_200W_500mms_M0_G13_Test_Crossflow_StepoverAlt0561.tif,0.001,1.772,1.699,0.047,0.058,1810.8886011292393
0.01122,561,074_AlSiMg_200W_500mms_M0_G13_Test_Crossflow_StepoverAlt0562.tif,-0.001,1.772,1.712,0.047,0.056,1826.9231349635725
0.011225,561,074_AlSiMg_200W_500mms_M0_G13_Test_Crossflow_StepoverAlt0562.tif,-0.001,1.776,1.768,0.047,0.055,2253.94892067607
0.01123,561,074_AlSiMg_200W_500mms_M0_G13_Test_Crossflow_StepoverAlt0562.tif,0.001,1.786,1.793,0.047,0.056,2284.4292478204616
0.011235,561,074_AlSiMg_200W_500mms_M0_G13_Test_Crossflow_StepoverAlt0562.tif,-0.002,1.797,1.696,0.061,0.058,2284.4292478204616
0.01124,562,074_AlSiMg_200W_500mms_M0_G13_Test_Crossflow_StepoverAlt0563.tif,0.0,1.804,1.702,0.047,0.056,2259.9046253902825
0.011245,562,074_AlSiMg_200W_500mms_M0_G13_Test_Crossflow_StepoverAlt0563.tif,-0.001,1.804,1.681,0.047,0.056,2263.1096875796075
0.01125,562,074_AlSiMg_200W_500mms_M0_G13_Test_Crossflow_StepoverAlt0563.tif,0.0,1.801,1.658,0.05,0.06,1873.9842779140267
0.011255,562,074_AlSiMg_200W_500mms_M0_G13_Test_Crossflow_StepoverAlt0563.tif,-0.002,1.8,1.661,0.048,0.057,1864.2880291791414
0.01126,563,074_AlSiMg_200W_500mms_M0_G13_Test_Crossflow_StepoverAlt0564.tif,-0.001,1.795,1.658,0.049,0.056,1905.459922518649
0.011265,563,074_AlSiMg_200W_500mms_M0_G13_Test_Crossflow_StepoverAlt0564.tif,0.001,1.786,1.695,0.049,0.059,1881.6006310994835
0.01127,563,074_AlSiMg_200W_500mms_M0_G13_Test_Crossflow_StepoverAlt0564.tif,0.001,1.777,1.66,0.048,0.055,1884.7383679187842
0.011275,563,074_AlSiMg_200W_500mms_M0_G13_Test_Crossflow_StepoverAlt0564.tif,-0.002,1.775,1.661,0.047,0.058,1840.4951928632422
0.01128,564,074_AlSiMg_200W_500mms_M0_G13_Test_Crossflow_StepoverAlt0565.tif,-0.002,1.776,1.672,0.049,0.058,1800.1404970738827
0.011285,564,074_AlSiMg_200W_500mms_M0_G13_Test_Crossflow_StepoverAlt0565.tif,0.001,1.78,1.74,0.047,0.056,1765.3114027430008
0.01129,564,074_AlSiMg_200W_500mms_M0_G13_Test_Crossflow_StepoverAlt0565.tif,0.0,1.781,1.681,0.045,0.057,1752.227485628074
0.011295,564,074_AlSiMg_200W_500mms_M0_G13_Test_Crossflow_StepoverAlt0565.tif,0.001,1.788,1.67,0.049,0.058,1729.850152785115
0.0113,565,074_AlSiMg_200W_500mms_M0_G13_Test_Crossflow_StepoverAlt0566.tif,-0.001,1.807,1.688,0.047,0.059,1717.0167090415828
0.011305,565,074_AlSiMg_200W_500mms_M0_G13_Test_Crossflow_StepoverAlt0566.tif,-0.001,1.815,1.66,0.047,0.057,1739.7700597007388
0.01131,565,074_AlSiMg_200W_500mms_M0_G13_Test_Crossflow_StepoverAlt0566.tif,0.0,1.816,1.642,0.048,0.058,1736.6323228814376
0.011315,565,074_AlSiMg_200W_500mms_M0_G13_Test_Crossflow_StepoverAlt0566.tif,0.001,1.815,1.654,0.048,0.059,1824.439742196299
0.01132,566,074_AlSiMg_200W_500mms_M0_G13_Test_Crossflow_StepoverAlt0567.tif,0.001,1.809,1.672,0.048,0.057,1830.7780272957468
0.011325,566,074_AlSiMg_200W_500mms_M0_G13_Test_Crossflow_StepoverAlt0567.tif,0.001,1.808,1.668,0.049,0.056,1830.7780272957468
0.01133,566,074_AlSiMg_200W_500mms_M0_G13_Test_Crossflow_StepoverAlt0567.tif,-0.002,1.8,1.654,0.049,0.059,2064.687303749463
0.011335,566,074_AlSiMg_200W_500mms_M0_G13_Test_Crossflow_StepoverAlt0567.tif,-0.001,1.787,1.633,0.048,0.058,2048.6487978166056
0.01134,567,074_AlSiMg_200W_500mms_M0_G13_Test_Crossflow_StepoverAlt0568.tif,-0.002,1.786,1.674,0.055,0.057,1985.1041095061457
0.011345,567,074_AlSiMg_200W_500mms_M0_G13_Test_Crossflow_StepoverAlt0568.tif,-0.002,1.781,1.67,0.048,0.058,1978.7658244066977
0.01135,567,074_AlSiMg_200W_500mms_M0_G13_Test_Crossflow_StepoverAlt0568.tif,-0.002,1.779,1.737,0.046,0.056,2012.69188953306
0.011355,567,074_AlSiMg_200W_500mms_M0_G13_Test_Crossflow_StepoverAlt0568.tif,-0.001,1.784,1.689,0.047,0.057,1793.2467632009007
0.01136,568,074_AlSiMg_200W_500mms_M0_G13_Test_Crossflow_StepoverAlt0569.tif,0.0,1.783,1.653,0.048,0.056,1850.323381999975
0.011365,568,074_AlSiMg_200W_500mms_M0_G13_Test_Crossflow_StepoverAlt0569.tif,0.001,1.794,1.656,0.048,0.058,1856.7914515113603
0.01137,568,074_AlSiMg_200W_500mms_M0_G13_Test_Crossflow_StepoverAlt0569.tif,0.0,1.804,1.66,0.049,0.056,1859.992541602162
0.011375,568,074_AlSiMg_200W_500mms_M0_G13_Test_Crossflow_StepoverAlt0569.tif,-0.001,1.802,1.65,0.048,0.058,1859.9925416021622
0.01138,569,074_AlSiMg_200W_500mms_M0_G13_Test_Crossflow_StepoverAlt0570.tif,0.001,1.807,1.688,0.048,0.058,1893.918606728524
0.011385,569,074_AlSiMg_200W_500mms_M0_G13_Test_Crossflow_StepoverAlt0570.tif,0.0,1.802,1.685,0.048,0.056,1852.8804938623066
0.01139,569,074_AlSiMg_200W_500mms_M0_G13_Test_Crossflow_StepoverAlt0570.tif,-0.001,1.798,1.702,0.048,0.056,1852.8804938623066
0.011395,569,074_AlSiMg_200W_500mms_M0_G13_Test_Crossflow_StepoverAlt0570.tif,-0.002,1.793,1.661,0.048,0.057,1895.9585922669091
0.0114,570,074_AlSiMg_200W_500mms_M0_G13_Test_Crossflow_StepoverAlt0571.tif,0.0,1.78,1.656,0.048,0.058,1850.6905704342892
0.011405,570,074_AlSiMg_200W_500mms_M0_G13_Test_Crossflow_StepoverAlt0571.tif,-0.002,1.77,1.671,0.051,0.059,1805.422548601669
0.01141,570,074_AlSiMg_200W_500mms_M0_G13_Test_Crossflow_StepoverAlt0571.tif,0.0,1.77,1.682,0.049,0.06,1808.5602854209696
0.011415,570,074_AlSiMg_200W_500mms_M0_G13_Test_Crossflow_StepoverAlt0571.tif,-0.002,1.769,1.677,0.049,0.06,1790.9134020201104
0.01142,571,074_AlSiMg_200W_500mms_M0_G13_Test_Crossflow_StepoverAlt0572.tif,-0.002,1.775,1.692,0.049,0.058,1784.8796824158712
0.011425,571,074_AlSiMg_200W_500mms_M0_G13_Test_Crossflow_StepoverAlt0572.tif,-0.001,1.779,1.66,0.047,0.058,1850.2269762051685
0.01143,571,074_AlSiMg_200W_500mms_M0_G13_Test_Crossflow_StepoverAlt0572.tif,-0.001,1.793,1.643,0.049,0.057,1877.6074388442835
0.011435,571,074_AlSiMg_200W_500mms_M0_G13_Test_Crossflow_StepoverAlt0572.tif,0.0,1.807,1.63,0.048,0.055,2040.2418993219744
0.01144,572,074_AlSiMg_200W_500mms_M0_G13_Test_Crossflow_StepoverAlt0573.tif,-0.001,1.809,1.635,0.048,0.057,2083.1468947961444
0.011445,572,074_AlSiMg_200W_500mms_M0_G13_Test_Crossflow_StepoverAlt0573.tif,-0.002,1.807,1.639,0.055,0.058,2068.3512853465913
0.01145,572,074_AlSiMg_200W_500mms_M0_G13_Test_Crossflow_StepoverAlt0573.tif,-0.002,1.805,1.626,0.051,0.06,2003.0039915572938
0.011455,572,074_AlSiMg_200W_500mms_M0_G13_Test_Crossflow_StepoverAlt0573.tif,0.001,1.801,1.66,0.05,0.059,2027.0597966586945
0.01146,573,074_AlSiMg_200W_500mms_M0_G13_Test_Crossflow_StepoverAlt0574.tif,-0.002,1.801,1.644,0.049,0.06,1913.9218241197966
0.011465,573,074_AlSiMg_200W_500mms_M0_G13_Test_Crossflow_StepoverAlt0574.tif,-0.002,1.791,1.664,0.05,0.058,1937.5194157015362
0.01147,573,074_AlSiMg_200W_500mms_M0_G13_Test_Crossflow_StepoverAlt0574.tif,0.0,1.781,1.657,0.053,0.06,1903.9286896444676
0.011475,573,074_AlSiMg_200W_500mms_M0_G13_Test_Crossflow_StepoverAlt0574.tif,-0.002,1.781,1.643,0.053,0.061,1940.5287584240355
0.01148,574,074_AlSiMg_200W_500mms_M0_G13_Test_Crossflow_StepoverAlt0575.tif,-0.002,1.781,1.646,0.049,0.06,1903.5716423984243
0.011485,574,074_AlSiMg_200W_500mms_M0_G13_Test_Crossflow_StepoverAlt0575.tif,0.0,1.781,1.622,0.051,0.06,2016.7096149373222
0.01149,574,074_AlSiMg_200W_500mms_M0_G13_Test_Crossflow_StepoverAlt0575.tif,0.0,1.784,1.64,0.049,0.059,1943.3739177017462
0.011495,574,074_AlSiMg_200W_500mms_M0_G13_Test_Crossflow_StepoverAlt0575.tif,-0.001,1.787,1.636,0.055,0.058,1963.9433495728845
0.0115,575,074_AlSiMg_200W_500mms_M0_G13_Test_Crossflow_StepoverAlt0576.tif,0.0,1.801,1.695,0.049,0.061,1963.943349572885
0.011505,575,074_AlSiMg_200W_500mms_M0_G13_Test_Crossflow_StepoverAlt0576.tif,-0.001,1.807,1.649,0.051,0.061,2006.8040347501283
0.01151,575,074_AlSiMg_200W_500mms_M0_G13_Test_Crossflow_StepoverAlt0576.tif,-0.001,1.807,1.677,0.051,0.06,1813.6513748140212
0.011515,575,074_AlSiMg_200W_500mms_M0_G13_Test_Crossflow_StepoverAlt0576.tif,-0.002,1.8,1.693,0.052,0.06,1820.484484993689
0.01152,576,074_AlSiMg_200W_500mms_M0_G13_Test_Crossflow_StepoverAlt0577.tif,0.0,1.798,1.754,0.049,0.06,1902.185291260766
0.011525,576,074_AlSiMg_200W_500mms_M0_G13_Test_Crossflow_StepoverAlt0577.tif,0.001,1.795,1.72,0.047,0.058,1902.185291260766
0.01153,576,074_AlSiMg_200W_500mms_M0_G13_Test_Crossflow_StepoverAlt0577.tif,-0.001,1.784,1.663,0.053,0.059,1819.7308500192532
0.011535,576,074_AlSiMg_200W_500mms_M0_G13_Test_Crossflow_StepoverAlt0577.tif,-0.002,1.772,1.696,0.051,0.06,1809.6338083377643
0.01154,577,074_AlSiMg_200W_500mms_M0_G13_Test_Crossflow_StepoverAlt0578.tif,0.0,1.766,1.672,0.049,0.062,1836.5081669035048
0.011545,577,074_AlSiMg_200W_500mms_M0_G13_Test_Crossflow_StepoverAlt0578.tif,0.001,1.77,1.689,0.05,0.062,1785.674196505804
0.01155,577,074_AlSiMg_200W_500mms_M0_G13_Test_Crossflow_StepoverAlt0578.tif,-0.001,1.77,1.7,0.051,0.061,1732.8393480670097
0.011555,577,074_AlSiMg_200W_500mms_M0_G13_Test_Crossflow_StepoverAlt0578.tif,-0.002,1.779,1.671,0.05,0.058,1772.4331041312785
0.01156,578,074_AlSiMg_200W_500mms_M0_G13_Test_Crossflow_StepoverAlt0579.tif,-0.002,1.783,1.672,0.048,0.06,1797.0092975276723
0.011565,578,074_AlSiMg_200W_500mms_M0_G13_Test_Crossflow_StepoverAlt0579.tif,0.0,1.802,1.633,0.049,0.059,1790.9190173714383
0.01157,578,074_AlSiMg_200W_500mms_M0_G13_Test_Crossflow_StepoverAlt0579.tif,-0.001,1.808,1.651,0.049,0.059,1770.0009490893383
0.011575,578,074_AlSiMg_200W_500mms_M0_G13_Test_Crossflow_StepoverAlt0579.tif,-0.001,1.808,1.632,0.049,0.059,1786.2357287485652
0.01158,579,074_AlSiMg_200W_500mms_M0_G13_Test_Crossflow_StepoverAlt0580.tif,-0.002,1.807,1.636,0.049,0.058,1817.0245988662805
0.011585,579,074_AlSiMg_200W_500mms_M0_G13_Test_Crossflow_StepoverAlt0580.tif,-0.002,1.804,1.664,0.049,0.06,1876.895120745158
0.01159,579,074_AlSiMg_200W_500mms_M0_G13_Test_Crossflow_StepoverAlt0580.tif,0.0,1.805,1.639,0.048,0.056,1892.9341684886695
0.011595,579,074_AlSiMg_200W_500mms_M0_G13_Test_Crossflow_StepoverAlt0580.tif,0.0,1.795,1.668,0.051,0.058,1892.934168488669
0.0116,580,074_AlSiMg_200W_500mms_M0_G13_Test_Crossflow_StepoverAlt0581.tif,-0.002,1.783,1.7,0.049,0.058,1983.9713623821342
0.011605,580,074_AlSiMg_200W_500mms_M0_G13_Test_Crossflow_StepoverAlt0581.tif,0.001,1.776,1.653,0.049,0.058,1969.2215400079301
0.01161,580,074_AlSiMg_200W_500mms_M0_G13_Test_Crossflow_StepoverAlt0581.tif,-0.002,1.776,1.639,0.049,0.055,1912.4262311387115
0.011615,580,074_AlSiMg_200W_500mms_M0_G13_Test_Crossflow_StepoverAlt0581.tif,-0.002,1.776,1.664,0.049,0.058,1875.6031049856945
0.01162,581,074_AlSiMg_200W_500mms_M0_G13_Test_Crossflow_StepoverAlt0582.tif,0.0,1.779,1.668,0.05,0.06,1896.521173267794
0.011625,581,074_AlSiMg_200W_500mms_M0_G13_Test_Crossflow_StepoverAlt0582.tif,-0.001,1.781,1.661,0.047,0.058,1856.9202471148444
0.01163,581,074_AlSiMg_200W_500mms_M0_G13_Test_Crossflow_StepoverAlt0582.tif,0.001,1.79,1.665,0.05,0.058,1856.9202471148444
0.011635,581,074_AlSiMg_200W_500mms_M0_G13_Test_Crossflow_StepoverAlt0582.tif,0.0,1.805,1.658,0.05,0.058,1853.8450341051855
0.01164,582,074_AlSiMg_200W_500mms_M0_G13_Test_Crossflow_StepoverAlt0583.tif,0.001,1.809,1.677,0.049,0.058,1874.629112514692
0.011645,582,074_AlSiMg_200W_500mms_M0_G13_Test_Crossflow_StepoverAlt0583.tif,0.001,1.812,1.658,0.049,0.059,1823.1928447741764
0.01165,582,074_AlSiMg_200W_500mms_M0_G13_Test_Crossflow_StepoverAlt0583.tif,-0.002,1.809,1.66,0.049,0.059,1789.310941758224
0.011655,582,074_AlSiMg_200W_500mms_M0_G13_Test_Crossflow_StepoverAlt0583.tif,-0.001,1.807,1.667,0.049,0.06,1752.4878156052066
0.01166,583,074_AlSiMg_200W_500mms_M0_G13_Test_Crossflow_StepoverAlt0584.tif,-0.002,1.807,1.717,0.05,0.06,1738.0086638903024
0.011665,583,074_AlSiMg_200W_500mms_M0_G13_Test_Crossflow_StepoverAlt0584.tif,0.001,1.793,1.713,0.047,0.058,1729.5991448140085
0.01167,583,074_AlSiMg_200W_500mms_M0_G13_Test_Crossflow_StepoverAlt0584.tif,-0.002,1.78,1.716,0.049,0.06,1729.599144814009
0.011675,583,074_AlSiMg_200W_500mms_M0_G13_Test_Crossflow_StepoverAlt0584.tif,-0.002,1.779,1.724,0.051,0.062,1748.644848869013
0.01168,584,074_AlSiMg_200W_500mms_M0_G13_Test_Crossflow_StepoverAlt0585.tif,0.001,1.775,1.696,0.049,0.06,1788.5405016206828
0.011685,584,074_AlSiMg_200W_500mms_M0_G13_Test_Crossflow_StepoverAlt0585.tif,0.0,1.779,1.688,0.051,0.06,1825.1405704002507
0.01169,584,074_AlSiMg_200W_500mms_M0_G13_Test_Crossflow_StepoverAlt0585.tif,-0.003,1.781,1.689,0.05,0.059,1873.4909928725003
0.011695,584,074_AlSiMg_200W_500mms_M0_G13_Test_Crossflow_StepoverAlt0585.tif,-0.001,1.788,1.684,0.051,0.06,1873.4909928725003
0.0117,585,074_AlSiMg_200W_500mms_M0_G13_Test_Crossflow_StepoverAlt0586.tif,-0.002,1.8,1.693,0.051,0.059,1873.4909928725003
0.011705,585,074_AlSiMg_200W_500mms_M0_G13_Test_Crossflow_StepoverAlt0586.tif,-0.002,1.804,1.675,0.049,0.06,1829.8032251339428
0.01171,585,074_AlSiMg_200W_500mms_M0_G13_Test_Crossflow_StepoverAlt0586.tif,0.0,1.805,1.703,0.051,0.06,1816.7292726415185
0.011715,585,074_AlSiMg_200W_500mms_M0_G13_Test_Crossflow_StepoverAlt0586.tif,0.001,1.801,1.738,0.05,0.062,1813.7454852711737
0.01172,586,074_AlSiMg_200W_500mms_M0_G13_Test_Crossflow_StepoverAlt0587.tif,-0.002,1.801,1.713,0.052,0.062,1868.165540382034
0.011725,586,074_AlSiMg_200W_500mms_M0_G13_Test_Crossflow_StepoverAlt0587.tif,0.0,1.798,1.7,0.05,0.058,1905.9151451962484
0.01173,586,074_AlSiMg_200W_500mms_M0_G13_Test_Crossflow_StepoverAlt0587.tif,0.0,1.787,1.681,0.051,0.059,1936.5816187488758
0.011735,586,074_AlSiMg_200W_500mms_M0_G13_Test_Crossflow_StepoverAlt0587.tif,-0.001,1.777,1.707,0.051,0.058,1919.1251351003434
0.01174,587,074_AlSiMg_200W_500mms_M0_G13_Test_Crossflow_StepoverAlt0588.tif,-0.003,1.773,1.714,0.051,0.061,1842.5742630104633
0.011745,587,074_AlSiMg_200W_500mms_M0_G13_Test_Crossflow_StepoverAlt0588.tif,0.0,1.777,1.681,0.051,0.062,1808.7236397707416
0.01175,587,074_AlSiMg_200W_500mms_M0_G13_Test_Crossflow_StepoverAlt0588.tif,-0.001,1.775,1.703,0.049,0.062,1794.5716265382666
0.011755,587,074_AlSiMg_200W_500mms_M0_G13_Test_Crossflow_StepoverAlt0588.tif,0.0,1.777,1.716,0.051,0.061,1834.1998550284347
0.01176,588,074_AlSiMg_200W_500mms_M0_G13_Test_Crossflow_StepoverAlt0589.tif,-0.001,1.784,1.685,0.053,0.061,1792.0516318250448
0.011765,588,074_AlSiMg_200W_500mms_M0_G13_Test_Crossflow_StepoverAlt0589.tif,-0.002,1.795,1.695,0.053,0.061,1924.6614555365145
0.01177,588,074_AlSiMg_200W_500mms_M0_G13_Test_Crossflow_StepoverAlt0589.tif,-0.002,1.808,1.681,0.049,0.063,1927.6181399525187
0.011775,588,074_AlSiMg_200W_500mms_M0_G13_Test_Crossflow_StepoverAlt0589.tif,0.0,1.812,1.678,0.055,0.061,1930.415965343112
0.01178,589,074_AlSiMg_200W_500mms_M0_G13_Test_Crossflow_StepoverAlt0590.tif,-0.001,1.805,1.688,0.052,0.062,1893.7444212689486
0.011785,589,074_AlSiMg_200W_500mms_M0_G13_Test_Crossflow_StepoverAlt0590.tif,0.0,1.807,1.726,0.054,0.062,1935.8926444723388
0.01179,589,074_AlSiMg_200W_500mms_M0_G13_Test_Crossflow_StepoverAlt0590.tif,0.0,1.802,1.72,0.052,0.062,1851.9235413973772
0.011795,589,074_AlSiMg_200W_500mms_M0_G13_Test_Crossflow_StepoverAlt0590.tif,0.0,1.793,1.709,0.051,0.062,1848.9668569813725
0.0118,590,074_AlSiMg_200W_500mms_M0_G13_Test_Crossflow_StepoverAlt0591.tif,0.001,1.781,1.684,0.052,0.062,1809.497487516616
0.011805,590,074_AlSiMg_200W_500mms_M0_G13_Test_Crossflow_StepoverAlt0591.tif,0.002,1.775,1.681,0.051,0.061,1846.1690315907792
0.01181,590,074_AlSiMg_200W_500mms_M0_G13_Test_Crossflow_StepoverAlt0591.tif,-0.002,1.773,1.664,0.052,0.062,1882.536290850015
0.011815,590,074_AlSiMg_200W_500mms_M0_G13_Test_Crossflow_StepoverAlt0591.tif,-0.002,1.775,1.663,0.053,0.061,2017.4667133577914
0.01182,591,074_AlSiMg_200W_500mms_M0_G13_Test_Crossflow_StepoverAlt0592.tif,-0.002,1.779,1.66,0.053,0.062,2033.4973502662208
0.011825,591,074_AlSiMg_200W_500mms_M0_G13_Test_Crossflow_StepoverAlt0592.tif,-0.002,1.787,1.717,0.054,0.058,2049.5194038536765
0.01183,591,074_AlSiMg_200W_500mms_M0_G13_Test_Crossflow_StepoverAlt0592.tif,0.0,1.8,1.744,0.051,0.06,2031.7586353902163
0.011835,591,074_AlSiMg_200W_500mms_M0_G13_Test_Crossflow_StepoverAlt0592.tif,-0.002,1.809,1.682,0.052,0.061,2028.8699133669695
0.01184,592,074_AlSiMg_200W_500mms_M0_G13_Test_Crossflow_StepoverAlt0593.tif,0.001,1.815,1.685,0.053,0.062,1876.4830072106604
0.011845,592,074_AlSiMg_200W_500mms_M0_G13_Test_Crossflow_StepoverAlt0593.tif,0.001,1.812,1.677,0.052,0.061,1860.4523703022314
0.01185,592,074_AlSiMg_200W_500mms_M0_G13_Test_Crossflow_StepoverAlt0593.tif,0.0,1.807,1.692,0.051,0.062,1826.9738330662422
0.011855,592,074_AlSiMg_200W_500mms_M0_G13_Test_Crossflow_StepoverAlt0593.tif,-0.001,1.801,1.672,0.051,0.061,1841.8767780605442
0.01186,593,074_AlSiMg_200W_500mms_M0_G13_Test_Crossflow_StepoverAlt0594.tif,0.001,1.794,1.668,0.051,0.062,1841.8767780605442
0.011865,593,074_AlSiMg_200W_500mms_M0_G13_Test_Crossflow_StepoverAlt0594.tif,-0.002,1.783,1.713,0.052,0.06,1859.3332617090769
0.01187,593,074_AlSiMg_200W_500mms_M0_G13_Test_Crossflow_StepoverAlt0594.tif,-0.001,1.773,1.67,0.052,0.061,1862.2899461250818
0.011875,593,074_AlSiMg_200W_500mms_M0_G13_Test_Crossflow_StepoverAlt0594.tif,0.0,1.775,1.703,0.052,0.062,1876.7897453576093
0.01188,594,074_AlSiMg_200W_500mms_M0_G13_Test_Crossflow_StepoverAlt0595.tif,0.001,1.77,1.737,0.052,0.062,1842.976024752605
0.011885,594,074_AlSiMg_200W_500mms_M0_G13_Test_Crossflow_StepoverAlt0595.tif,0.001,1.773,1.692,0.051,0.061,1842.9760247526046
0.01189,594,074_AlSiMg_200W_500mms_M0_G13_Test_Crossflow_StepoverAlt0595.tif,-0.001,1.776,1.705,0.052,0.062,1840.0193403366
0.011895,594,074_AlSiMg_200W_500mms_M0_G13_Test_Crossflow_StepoverAlt0595.tif,-0.001,1.784,1.689,0.052,0.061,1923.9884434115615
0.0119,595,074_AlSiMg_200W_500mms_M0_G13_Test_Crossflow_StepoverAlt0596.tif,0.0,1.801,1.719,0.051,0.061,1923.9884434115615
0.011905,595,074_AlSiMg_200W_500mms_M0_G13_Test_Crossflow_StepoverAlt0596.tif,0.0,1.805,1.691,0.055,0.061,1875.3477227750532
0.01191,595,074_AlSiMg_200W_500mms_M0_G13_Test_Crossflow_StepoverAlt0596.tif,0.001,1.804,1.657,0.051,0.061,1859.325669187597
0.011915,595,074_AlSiMg_200W_500mms_M0_G13_Test_Crossflow_StepoverAlt0596.tif,0.0,1.805,1.713,0.049,0.062,1881.1931292143047
0.01192,596,074_AlSiMg_200W_500mms_M0_G13_Test_Crossflow_StepoverAlt0597.tif,-0.002,1.798,1.744,0.052,0.062,1766.5876307121566
0.011925,596,074_AlSiMg_200W_500mms_M0_G13_Test_Crossflow_StepoverAlt0597.tif,-0.002,1.801,1.685,0.053,0.062,1766.5876307121566
0.01193,596,074_AlSiMg_200W_500mms_M0_G13_Test_Crossflow_StepoverAlt0597.tif,0.0,1.79,1.66,0.051,0.063,1766.5876307121566
0.011935,596,074_AlSiMg_200W_500mms_M0_G13_Test_Crossflow_StepoverAlt0597.tif,-0.002,1.776,1.643,0.051,0.061,1842.6249198612763
0.01194,597,074_AlSiMg_200W_500mms_M0_G13_Test_Crossflow_StepoverAlt0598.tif,0.0,1.775,1.639,0.049,0.062,1793.077748823387
0.011945,597,074_AlSiMg_200W_500mms_M0_G13_Test_Crossflow_StepoverAlt0598.tif,0.001,1.77,1.66,0.052,0.058,1800.1880279634302
0.01195,597,074_AlSiMg_200W_500mms_M0_G13_Test_Crossflow_StepoverAlt0598.tif,-0.002,1.781,1.684,0.051,0.063,1816.2186648718593
0.011955,597,074_AlSiMg_200W_500mms_M0_G13_Test_Crossflow_StepoverAlt0598.tif,0.0,1.784,1.692,0.049,0.06,1898.673106113372
0.01196,598,074_AlSiMg_200W_500mms_M0_G13_Test_Crossflow_StepoverAlt0599.tif,0.001,1.788,1.688,0.051,0.06,1835.7097694566764
0.011965,598,074_AlSiMg_200W_500mms_M0_G13_Test_Crossflow_StepoverAlt0599.tif,0.0,1.804,1.699,0.052,0.06,1928.2512338473873
0.01197,598,074_AlSiMg_200W_500mms_M0_G13_Test_Crossflow_StepoverAlt0599.tif,0.0,1.815,1.689,0.051,0.06,1970.6881257452337
0.011975,598,074_AlSiMg_200W_500mms_M0_G13_Test_Crossflow_StepoverAlt0599.tif,-0.002,1.811,1.654,0.055,0.062,1940.1576896042764
0.01198,599,074_AlSiMg_200W_500mms_M0_G13_Test_Crossflow_StepoverAlt0600.tif,-0.002,1.809,1.64,0.053,0.062,1990.313072074233
0.011985,599,074_AlSiMg_200W_500mms_M0_G13_Test_Crossflow_StepoverAlt0600.tif,0.001,1.805,1.651,0.051,0.062,1974.2824351658041
0.01199,599,074_AlSiMg_200W_500mms_M0_G13_Test_Crossflow_StepoverAlt0600.tif,-0.001,1.801,1.654,0.055,0.061,1912.3773662022802
0.011995,599,074_AlSiMg_200W_500mms_M0_G13_Test_Crossflow_StepoverAlt0600.tif,-0.002,1.794,1.65,0.051,0.061,1876.0101069430445
0.012,600,074_AlSiMg_200W_500mms_M0_G13_Test_Crossflow_StepoverAlt0601.tif,0.001,1.777,1.64,0.052,0.062,1873.0038609721153
0.012005,600,074_AlSiMg_200W_500mms_M0_G13_Test_Crossflow_StepoverAlt0601.tif,0.001,1.77,1.642,0.051,0.062,1765.5086416100105
0.01201,600,074_AlSiMg_200W_500mms_M0_G13_Test_Crossflow_StepoverAlt0601.tif,0.001,1.765,1.63,0.05,0.061,1802.2790466310203
0.012015,600,074_AlSiMg_200W_500mms_M0_G13_Test_Crossflow_StepoverAlt0601.tif,0.0,1.768,1.65,0.049,0.06,1812.3436564009448
0.01202,601,074_AlSiMg_200W_500mms_M0_G13_Test_Crossflow_StepoverAlt0602.tif,0.0,1.773,1.654,0.052,0.06,1793.135986888065
0.012025,601,074_AlSiMg_200W_500mms_M0_G13_Test_Crossflow_StepoverAlt0602.tif,0.001,1.773,1.625,0.05,0.059,1844.4926553312434
0.01203,601,074_AlSiMg_200W_500mms_M0_G13_Test_Crossflow_StepoverAlt0602.tif,-0.002,1.787,1.636,0.049,0.061,1850.5622879698544
0.012035,601,074_AlSiMg_200W_500mms_M0_G13_Test_Crossflow_StepoverAlt0602.tif,-0.002,1.8,1.647,0.051,0.059,1813.791882948845
0.01204,602,074_AlSiMg_200W_500mms_M0_G13_Test_Crossflow_StepoverAlt0603.tif,0.0,1.804,1.651,0.051,0.062,1800.7705887629152
0.012045,602,074_AlSiMg_200W_500mms_M0_G13_Test_Crossflow_StepoverAlt0603.tif,-0.002,1.805,1.685,0.051,0.061,1856.3455175350307
0.01205,602,074_AlSiMg_200W_500mms_M0_G13_Test_Crossflow_StepoverAlt0603.tif,0.0,1.802,1.636,0.051,0.061,1807.9950950627813
0.012055,602,074_AlSiMg_200W_500mms_M0_G13_Test_Crossflow_StepoverAlt0603.tif,0.001,1.798,1.644,0.053,0.062,1825.4515787113137
0.01206,603,074_AlSiMg_200W_500mms_M0_G13_Test_Crossflow_StepoverAlt0604.tif,-0.002,1.8,1.654,0.051,0.062,1785.737995262342
0.012065,603,074_AlSiMg_200W_500mms_M0_G13_Test_Crossflow_StepoverAlt0604.tif,0.001,1.787,1.72,0.052,0.062,1771.2381960298142
0.01207,603,074_AlSiMg_200W_500mms_M0_G13_Test_Crossflow_StepoverAlt0604.tif,-0.002,1.776,1.754,0.051,0.064,1806.0156094557
0.012075,603,074_AlSiMg_200W_500mms_M0_G13_Test_Crossflow_StepoverAlt0604.tif,-0.002,1.776,1.686,0.051,0.062,1932.3311486260063
0.01208,604,074_AlSiMg_200W_500mms_M0_G13_Test_Crossflow_StepoverAlt0605.tif,0.001,1.777,1.71,0.052,0.059,1963.2250874497233
0.012085,604,074_AlSiMg_200W_500mms_M0_G13_Test_Crossflow_StepoverAlt0605.tif,0.0,1.777,1.66,0.055,0.06,1985.432625695238
0.01209,604,074_AlSiMg_200W_500mms_M0_G13_Test_Crossflow_StepoverAlt0605.tif,0.0,1.784,1.703,0.051,0.059,1988.3833332978732
0.012095,604,074_AlSiMg_200W_500mms_M0_G13_Test_Crossflow_StepoverAlt0605.tif,-0.002,1.793,1.65,0.05,0.061,1965.589083085001
0.0121,605,074_AlSiMg_200W_500mms_M0_G13_Test_Crossflow_StepoverAlt0606.tif,0.0,1.809,1.681,0.052,0.063,1910.4182165998166
0.012105,605,074_AlSiMg_200W_500mms_M0_G13_Test_Crossflow_StepoverAlt0606.tif,0.0,1.816,1.707,0.051,0.059,1892.5982302685238
0.01211,605,074_AlSiMg_200W_500mms_M0_G13_Test_Crossflow_StepoverAlt0606.tif,0.0,1.812,1.78,0.052,0.059,1943.9548987117025
0.012115,605,074_AlSiMg_200W_500mms_M0_G13_Test_Crossflow_StepoverAlt0606.tif,-0.002,1.815,1.889,0.051,0.06,2009.284232064239
0.01212,606,074_AlSiMg_200W_500mms_M0_G13_Test_Crossflow_StepoverAlt0607.tif,-0.001,1.802,1.716,0.051,0.059,2009.284232064239
0.012125,606,074_AlSiMg_200W_500mms_M0_G13_Test_Crossflow_StepoverAlt0607.tif,0.001,1.802,1.674,0.051,0.058,1938.1395593791174
0.01213,606,074_AlSiMg_200W_500mms_M0_G13_Test_Crossflow_StepoverAlt0607.tif,0.0,1.793,1.656,0.051,0.059,1901.5394905995497
0.012135,606,074_AlSiMg_200W_500mms_M0_G13_Test_Crossflow_StepoverAlt0607.tif,0.001,1.777,1.63,0.051,0.062,1867.6888673598278
0.01214,607,074_AlSiMg_200W_500mms_M0_G13_Test_Crossflow_StepoverAlt0608.tif,-0.002,1.775,1.64,0.049,0.06,1823.8573932244612
0.012145,607,074_AlSiMg_200W_500mms_M0_G13_Test_Crossflow_StepoverAlt0608.tif,-0.002,1.772,1.663,0.051,0.061,1826.7771750057495
0.01215,607,074_AlSiMg_200W_500mms_M0_G13_Test_Crossflow_StepoverAlt0608.tif,0.0,1.77,1.693,0.049,0.058,1826.7771750057495
0.012155,607,074_AlSiMg_200W_500mms_M0_G13_Test_Crossflow_StepoverAlt0608.tif,-0.001,1.772,1.649,0.052,0.06,1866.3253448803491
0.01216,608,074_AlSiMg_200W_500mms_M0_G13_Test_Crossflow_StepoverAlt0609.tif,0.001,1.777,1.628,0.051,0.062,1866.3253448803491
0.012165,608,074_AlSiMg_200W_500mms_M0_G13_Test_Crossflow_StepoverAlt0609.tif,-0.001,1.793,1.639,0.052,0.061,1893.146982314082
0.01217,608,074_AlSiMg_200W_500mms_M0_G13_Test_Crossflow_StepoverAlt0609.tif,-0.002,1.798,1.643,0.051,0.061,1835.8071454219335
0.012175,608,074_AlSiMg_200W_500mms_M0_G13_Test_Crossflow_StepoverAlt0609.tif,-0.001,1.807,1.64,0.052,0.06,1847.2918775078858
0.01218,609,074_AlSiMg_200W_500mms_M0_G13_Test_Crossflow_StepoverAlt0610.tif,-0.001,1.8,1.643,0.049,0.06,1794.6056707590171
0.012185,609,074_AlSiMg_200W_500mms_M0_G13_Test_Crossflow_StepoverAlt0610.tif,0.0,1.798,1.667,0.05,0.06,1845.4547862886743
0.01219,609,074_AlSiMg_200W_500mms_M0_G13_Test_Crossflow_StepoverAlt0610.tif,0.001,1.8,1.692,0.049,0.061,1802.59410111143
0.012195,609,074_AlSiMg_200W_500mms_M0_G13_Test_Crossflow_StepoverAlt0610.tif,-0.001,1.793,1.677,0.05,0.057,1802.5941011114305
0.0122,610,074_AlSiMg_200W_500mms_M0_G13_Test_Crossflow_StepoverAlt0611.tif,-0.002,1.781,1.671,0.049,0.059,1771.9016995125974
0.012205,610,074_AlSiMg_200W_500mms_M0_G13_Test_Crossflow_StepoverAlt0611.tif,-0.001,1.777,1.723,0.049,0.06,1839.4597914977269
0.01221,610,074_AlSiMg_200W_500mms_M0_G13_Test_Crossflow_StepoverAlt0611.tif,-0.002,1.775,1.681,0.049,0.061,1794.467355891103
0.012215,610,074_AlSiMg_200W_500mms_M0_G13_Test_Crossflow_StepoverAlt0611.tif,0.0,1.779,1.656,0.051,0.059,1848.4067796815307
0.01222,611,074_AlSiMg_200W_500mms_M0_G13_Test_Crossflow_StepoverAlt0612.tif,-0.002,1.78,1.685,0.053,0.063,1881.9975057385986
0.012225,611,074_AlSiMg_200W_500mms_M0_G13_Test_Crossflow_StepoverAlt0612.tif,-0.001,1.784,1.728,0.049,0.056,1903.276409228325
0.01223,611,074_AlSiMg_200W_500mms_M0_G13_Test_Crossflow_StepoverAlt0612.tif,0.0,1.798,1.67,0.05,0.059,1799.1535038370807
0.012235,611,074_AlSiMg_200W_500mms_M0_G13_Test_Crossflow_StepoverAlt0612.tif,-0.002,1.808,1.658,0.047,0.057,1821.1137275495307
0.01224,612,074_AlSiMg_200W_500mms_M0_G13_Test_Crossflow_StepoverAlt0613.tif,-0.001,1.808,1.639,0.051,0.067,1789.2952208237662
0.012245,612,074_AlSiMg_200W_500mms_M0_G13_Test_Crossflow_StepoverAlt0613.tif,-0.002,1.811,1.672,0.049,0.057,1770.1836464816024
0.01225,612,074_AlSiMg_200W_500mms_M0_G13_Test_Crossflow_StepoverAlt0613.tif,0.001,1.811,1.642,0.051,0.06,1762.0427798661458
0.012255,612,074_AlSiMg_200W_500mms_M0_G13_Test_Crossflow_StepoverAlt0613.tif,-0.001,1.801,1.646,0.049,0.059,1829.2999948710926
0.01226,613,074_AlSiMg_200W_500mms_M0_G13_Test_Crossflow_StepoverAlt0614.tif,0.0,1.8,1.642,0.049,0.06,1855.2633329582538
0.012265,613,074_AlSiMg_200W_500mms_M0_G13_Test_Crossflow_StepoverAlt0614.tif,-0.001,1.787,1.664,0.05,0.06,1852.2539902357541
0.01227,613,074_AlSiMg_200W_500mms_M0_G13_Test_Crossflow_StepoverAlt0614.tif,-0.002,1.776,1.637,0.051,0.058,1895.1146754129982
0.012275,613,074_AlSiMg_200W_500mms_M0_G13_Test_Crossflow_StepoverAlt0614.tif,0.0,1.773,1.651,0.05,0.059,1881.9766385387288
0.01228,614,074_AlSiMg_200W_500mms_M0_G13_Test_Crossflow_StepoverAlt0615.tif,-0.001,1.775,1.642,0.052,0.06,1894.940473272581
0.012285,614,074_AlSiMg_200W_500mms_M0_G13_Test_Crossflow_StepoverAlt0615.tif,0.0,1.777,1.658,0.049,0.061,1841.1602315499374
0.01229,614,074_AlSiMg_200W_500mms_M0_G13_Test_Crossflow_StepoverAlt0615.tif,-0.001,1.78,1.678,0.049,0.058,1804.4473120775706
0.012295,614,074_AlSiMg_200W_500mms_M0_G13_Test_Crossflow_StepoverAlt0615.tif,0.0,1.788,1.636,0.051,0.061,1747.1074751854223
0.0123,615,074_AlSiMg_200W_500mms_M0_G13_Test_Crossflow_StepoverAlt0616.tif,0.001,1.802,1.654,0.048,0.059,1774.7246637745961
0.012305,615,074_AlSiMg_200W_500mms_M0_G13_Test_Crossflow_StepoverAlt0616.tif,-0.002,1.811,1.667,0.049,0.06,1824.2211517133896
0.01231,615,074_AlSiMg_200W_500mms_M0_G13_Test_Crossflow_StepoverAlt0616.tif,0.0,1.809,1.633,0.049,0.059,1855.0879875827663
0.012315,615,074_AlSiMg_200W_500mms_M0_G13_Test_Crossflow_StepoverAlt0616.tif,-0.002,1.807,1.643,0.053,0.06,1848.113139316576
0.01232,616,074_AlSiMg_200W_500mms_M0_G13_Test_Crossflow_StepoverAlt0617.tif,-0.001,1.802,1.632,0.05,0.058,1980.4983111254928
0.012325,616,074_AlSiMg_200W_500mms_M0_G13_Test_Crossflow_StepoverAlt0617.tif,0.0,1.801,1.64,0.05,0.062,1969.08254607827
0.01233,616,074_AlSiMg_200W_500mms_M0_G13_Test_Crossflow_StepoverAlt0617.tif,-0.001,1.787,1.605,0.055,0.06,1889.0678586810614
0.012335,616,074_AlSiMg_200W_500mms_M0_G13_Test_Crossflow_StepoverAlt0617.tif,0.0,1.773,1.621,0.05,0.061,1868.149790398961
0.01234,617,074_AlSiMg_200W_500mms_M0_G13_Test_Crossflow_StepoverAlt0618.tif,-0.001,1.769,1.654,0.049,0.06,1914.8469008600182
0.012345,617,074_AlSiMg_200W_500mms_M0_G13_Test_Crossflow_StepoverAlt0618.tif,0.001,1.769,1.623,0.049,0.058,1836.8817841619614
0.01235,617,074_AlSiMg_200W_500mms_M0_G13_Test_Crossflow_StepoverAlt0618.tif,-0.001,1.766,1.656,0.051,0.06,1870.4184662738476
0.012355,617,074_AlSiMg_200W_500mms_M0_G13_Test_Crossflow_StepoverAlt0618.tif,0.0,1.772,1.614,0.051,0.059,1857.2804293995785
0.01236,618,074_AlSiMg_200W_500mms_M0_G13_Test_Crossflow_StepoverAlt0619.tif,0.0,1.781,1.647,0.051,0.06,1875.1485654477838
0.012365,618,074_AlSiMg_200W_500mms_M0_G13_Test_Crossflow_StepoverAlt0619.tif,-0.002,1.794,1.611,0.049,0.061,1838.548496668216
0.01237,618,074_AlSiMg_200W_500mms_M0_G13_Test_Crossflow_StepoverAlt0619.tif,-0.001,1.801,1.597,0.049,0.057,1817.7191676144237
0.012375,618,074_AlSiMg_200W_500mms_M0_G13_Test_Crossflow_StepoverAlt0619.tif,0.0,1.805,1.581,0.049,0.06,1835.5391539457164
0.01238,619,074_AlSiMg_200W_500mms_M0_G13_Test_Crossflow_StepoverAlt0620.tif,0.0,1.808,1.586,0.05,0.059,1848.6771908199858
0.012385,619,074_AlSiMg_200W_500mms_M0_G13_Test_Crossflow_StepoverAlt0620.tif,0.001,1.802,1.588,0.051,0.059,1784.0560756541377
0.01239,619,074_AlSiMg_200W_500mms_M0_G13_Test_Crossflow_StepoverAlt0620.tif,-0.002,1.798,1.604,0.049,0.06,1841.3959125462857
0.012395,619,074_AlSiMg_200W_500mms_M0_G13_Test_Crossflow_StepoverAlt0620.tif,-0.001,1.79,1.594,0.048,0.06,1856.1915219958385
0.0124,620,074_AlSiMg_200W_500mms_M0_G13_Test_Crossflow_StepoverAlt0621.tif,-0.001,1.781,1.58,0.052,0.06,1770.475003603541
0.012405,620,074_AlSiMg_200W_500mms_M0_G13_Test_Crossflow_StepoverAlt0621.tif,-0.002,1.775,1.611,0.049,0.057,1784.9541553184456
0.01241,620,074_AlSiMg_200W_500mms_M0_G13_Test_Crossflow_StepoverAlt0621.tif,-0.002,1.776,1.584,0.047,0.06,1855.6089900885331
0.012415,620,074_AlSiMg_200W_500mms_M0_G13_Test_Crossflow_StepoverAlt0621.tif,0.0,1.779,1.566,0.049,0.059,1831.8598792534533
0.01242,621,074_AlSiMg_200W_500mms_M0_G13_Test_Crossflow_StepoverAlt0622.tif,0.0,1.781,1.577,0.051,0.059,1744.369419013432
0.012425,621,074_AlSiMg_200W_500mms_M0_G13_Test_Crossflow_StepoverAlt0622.tif,0.001,1.781,1.574,0.05,0.059,1796.2353141660078
0.01243,621,074_AlSiMg_200W_500mms_M0_G13_Test_Crossflow_StepoverAlt0622.tif,0.001,1.794,1.579,0.048,0.062,1802.3255943222418
0.012435,621,074_AlSiMg_200W_500mms_M0_G13_Test_Crossflow_StepoverAlt0622.tif,-0.001,1.804,1.594,0.051,0.061,1799.341806951897
0.01244,622,074_AlSiMg_200W_500mms_M0_G13_Test_Crossflow_StepoverAlt0623.tif,-0.001,1.808,1.626,0.051,0.061,1802.351149674397
0.012445,622,074_AlSiMg_200W_500mms_M0_G13_Test_Crossflow_StepoverAlt0623.tif,-0.002,1.811,1.642,0.05,0.058,1871.9734738662125
0.01245,622,074_AlSiMg_200W_500mms_M0_G13_Test_Crossflow_StepoverAlt0623.tif,-0.002,1.808,1.63,0.051,0.06,1845.0991153004718
0.012455,622,074_AlSiMg_200W_500mms_M0_G13_Test_Crossflow_StepoverAlt0623.tif,0.001,1.802,1.621,0.049,0.058,1842.084048153897
0.01246,623,074_AlSiMg_200W_500mms_M0_G13_Test_Crossflow_StepoverAlt0624.tif,0.001,1.802,1.586,0.047,0.058,1801.9897371196391
0.012465,623,074_AlSiMg_200W_500mms_M0_G13_Test_Crossflow_StepoverAlt0624.tif,-0.002,1.788,1.583,0.05,0.06,1798.9803943971397
0.01247,623,074_AlSiMg_200W_500mms_M0_G13_Test_Crossflow_StepoverAlt0624.tif,0.0,1.781,1.583,0.048,0.058,1805.062263718292
0.012475,623,074_AlSiMg_200W_500mms_M0_G13_Test_Crossflow_StepoverAlt0624.tif,-0.001,1.777,1.574,0.05,0.059,1865.7872455237539
0.01248,624,074_AlSiMg_200W_500mms_M0_G13_Test_Crossflow_StepoverAlt0625.tif,-0.002,1.781,1.581,0.051,0.06,1813.7625928689145
0.012485,624,074_AlSiMg_200W_500mms_M0_G13_Test_Crossflow_StepoverAlt0625.tif,0.001,1.781,1.651,0.051,0.059,1832.9388356210723
0.01249,624,074_AlSiMg_200W_500mms_M0_G13_Test_Crossflow_StepoverAlt0625.tif,0.001,1.783,1.618,0.046,0.059,1757.1670461228666
0.012495,624,074_AlSiMg_200W_500mms_M0_G13_Test_Crossflow_StepoverAlt0625.tif,0.001,1.793,1.597,0.049,0.058,1720.566977343299
0.0125,625,074_AlSiMg_200W_500mms_M0_G13_Test_Crossflow_StepoverAlt0626.tif,-0.001,1.798,1.636,0.047,0.061,1677.4888789386962
0.012505,625,074_AlSiMg_200W_500mms_M0_G13_Test_Crossflow_StepoverAlt0626.tif,0.001,1.801,1.642,0.049,0.06,1705.6542401743707
0.01251,625,074_AlSiMg_200W_500mms_M0_G13_Test_Crossflow_StepoverAlt0626.tif,-0.001,1.804,1.636,0.048,0.058,1705.6542401743707
0.012515,625,074_AlSiMg_200W_500mms_M0_G13_Test_Crossflow_StepoverAlt0626.tif,0.001,1.798,1.668,0.047,0.058,1734.6972667412385
0.01252,626,074_AlSiMg_200W_500mms_M0_G13_Test_Crossflow_StepoverAlt0627.tif,-0.001,1.797,1.635,0.049,0.058,1734.6972667412385
0.012525,626,074_AlSiMg_200W_500mms_M0_G13_Test_Crossflow_StepoverAlt0627.tif,-0.002,1.795,1.644,0.049,0.061,1717.0503833403789
0.01253,626,074_AlSiMg_200W_500mms_M0_G13_Test_Crossflow_StepoverAlt0627.tif,-0.001,1.781,1.644,0.049,0.06,1703.966466225452
0.012535,626,074_AlSiMg_200W_500mms_M0_G13_Test_Crossflow_StepoverAlt0627.tif,-0.001,1.77,1.639,0.047,0.058,1684.7902234732944
0.01254,627,074_AlSiMg_200W_500mms_M0_G13_Test_Crossflow_StepoverAlt0628.tif,-0.001,1.766,1.625,0.047,0.059,1712.4074120624682
0.012545,627,074_AlSiMg_200W_500mms_M0_G13_Test_Crossflow_StepoverAlt0628.tif,-0.002,1.77,1.628,0.048,0.058,1712.4074120624682
0.01255,627,074_AlSiMg_200W_500mms_M0_G13_Test_Crossflow_StepoverAlt0628.tif,-0.002,1.77,1.629,0.049,0.059,1915.5631274005523
0.012555,627,074_AlSiMg_200W_500mms_M0_G13_Test_Crossflow_StepoverAlt0628.tif,-0.002,1.775,1.639,0.049,0.06,1946.2939279163388
0.01256,628,074_AlSiMg_200W_500mms_M0_G13_Test_Crossflow_StepoverAlt0629.tif,0.0,1.784,1.685,0.057,0.06,1934.951971210081
0.012565,628,074_AlSiMg_200W_500mms_M0_G13_Test_Crossflow_StepoverAlt0629.tif,-0.002,1.794,1.658,0.048,0.058,1994.8224930889585
0.01257,628,074_AlSiMg_200W_500mms_M0_G13_Test_Crossflow_StepoverAlt0629.tif,-0.002,1.805,1.706,0.049,0.06,2031.4225618685264
0.012575,628,074_AlSiMg_200W_500mms_M0_G13_Test_Crossflow_StepoverAlt0629.tif,-0.002,1.807,1.677,0.051,0.058,1871.1718420046116
0.01258,629,074_AlSiMg_200W_500mms_M0_G13_Test_Crossflow_StepoverAlt0630.tif,0.001,1.807,1.717,0.051,0.06,1859.8298852983535
0.012585,629,074_AlSiMg_200W_500mms_M0_G13_Test_Crossflow_StepoverAlt0630.tif,-0.002,1.804,1.685,0.051,0.06,1914.2499404092137
0.01259,629,074_AlSiMg_200W_500mms_M0_G13_Test_Crossflow_StepoverAlt0630.tif,-0.002,1.8,1.709,0.049,0.06,1839.9002668154321
0.012595,629,074_AlSiMg_200W_500mms_M0_G13_Test_Crossflow_StepoverAlt0630.tif,0.001,1.793,1.661,0.051,0.059,1820.8545627604276
0.0126,630,074_AlSiMg_200W_500mms_M0_G13_Test_Crossflow_StepoverAlt0631.tif,0.001,1.781,1.629,0.049,0.06,1771.1164571065906
0.012605,630,074_AlSiMg_200W_500mms_M0_G13_Test_Crossflow_StepoverAlt0631.tif,0.0,1.776,1.636,0.05,0.06,1746.001852757226
0.01261,630,074_AlSiMg_200W_500mms_M0_G13_Test_Crossflow_StepoverAlt0631.tif,-0.002,1.777,1.626,0.049,0.061,1691.5817976463654
0.012615,630,074_AlSiMg_200W_500mms_M0_G13_Test_Crossflow_StepoverAlt0631.tif,0.0,1.78,1.64,0.049,0.062,1743.018065386881
0.01262,631,074_AlSiMg_200W_500mms_M0_G13_Test_Crossflow_StepoverAlt0632.tif,0.0,1.78,1.635,0.049,0.06,1725.4637006623175
0.012625,631,074_AlSiMg_200W_500mms_M0_G13_Test_Crossflow_StepoverAlt0632.tif,0.0,1.783,1.686,0.05,0.058,1775.2018063161547
0.01263,631,074_AlSiMg_200W_500mms_M0_G13_Test_Crossflow_StepoverAlt0632.tif,-0.002,1.797,1.633,0.049,0.06,1814.795562380424
0.012635,631,074_AlSiMg_200W_500mms_M0_G13_Test_Crossflow_StepoverAlt0632.tif,0.001,1.809,1.621,0.051,0.06,1863.1818978870451
0.01264,632,074_AlSiMg_200W_500mms_M0_G13_Test_Crossflow_StepoverAlt0633.tif,0.0,1.812,1.651,0.049,0.059,1832.3150620176682
0.012645,632,074_AlSiMg_200W_500mms_M0_G13_Test_Crossflow_StepoverAlt0633.tif,0.001,1.811,1.636,0.049,0.057,1849.8694267422313
0.01265,632,074_AlSiMg_200W_500mms_M0_G13_Test_Crossflow_StepoverAlt0633.tif,0.001,1.809,1.649,0.051,0.061,1800.1313210883945
0.012655,632,074_AlSiMg_200W_500mms_M0_G13_Test_Crossflow_StepoverAlt0633.tif,0.0,1.811,1.66,0.05,0.06,1822.252238153058
0.01266,633,074_AlSiMg_200W_500mms_M0_G13_Test_Crossflow_StepoverAlt0634.tif,-0.002,1.801,1.616,0.049,0.061,1763.7688609649474
0.012665,633,074_AlSiMg_200W_500mms_M0_G13_Test_Crossflow_StepoverAlt0634.tif,-0.002,1.787,1.656,0.051,0.06,1779.7994978733768
0.01267,633,074_AlSiMg_200W_500mms_M0_G13_Test_Crossflow_StepoverAlt0634.tif,0.001,1.779,1.604,0.05,0.062,1762.2451331488132
0.012675,633,074_AlSiMg_200W_500mms_M0_G13_Test_Crossflow_StepoverAlt0634.tif,0.001,1.773,1.604,0.051,0.06,1759.1483903638557
0.01268,634,074_AlSiMg_200W_500mms_M0_G13_Test_Crossflow_StepoverAlt0635.tif,0.001,1.773,1.636,0.049,0.06,1740.1026863088512
0.012685,634,074_AlSiMg_200W_500mms_M0_G13_Test_Crossflow_StepoverAlt0635.tif,-0.001,1.773,1.643,0.048,0.06,1750.1997279903403
0.01269,634,074_AlSiMg_200W_500mms_M0_G13_Test_Crossflow_StepoverAlt0635.tif,0.0,1.776,1.637,0.05,0.06,1753.147829085372
0.012695,634,074_AlSiMg_200W_500mms_M0_G13_Test_Crossflow_StepoverAlt0635.tif,0.0,1.781,1.612,0.049,0.06,1789.7478978649401
0.0127,635,074_AlSiMg_200W_500mms_M0_G13_Test_Crossflow_StepoverAlt0636.tif,-0.001,1.795,1.663,0.052,0.061,1836.500876982583
0.012705,635,074_AlSiMg_200W_500mms_M0_G13_Test_Crossflow_StepoverAlt0636.tif,0.0,1.801,1.639,0.051,0.06,1833.4256639729235
0.01271,635,074_AlSiMg_200W_500mms_M0_G13_Test_Crossflow_StepoverAlt0636.tif,0.0,1.802,1.66,0.049,0.058,1863.9438634313392
0.012715,635,074_AlSiMg_200W_500mms_M0_G13_Test_Crossflow_StepoverAlt0636.tif,0.0,1.798,1.64,0.049,0.059,1808.1609138975127
0.01272,636,074_AlSiMg_200W_500mms_M0_G13_Test_Crossflow_StepoverAlt0637.tif,-0.002,1.795,1.651,0.049,0.058,1868.3514508715066
0.012725,636,074_AlSiMg_200W_500mms_M0_G13_Test_Crossflow_StepoverAlt0637.tif,-0.002,1.794,1.672,0.048,0.06,1852.3124031279956
0.01273,636,074_AlSiMg_200W_500mms_M0_G13_Test_Crossflow_StepoverAlt0637.tif,0.0,1.788,1.672,0.051,0.057,1837.8332514130911
0.012735,636,074_AlSiMg_200W_500mms_M0_G13_Test_Crossflow_StepoverAlt0637.tif,-0.001,1.776,1.678,0.049,0.059,1852.5830737872955
0.01274,637,074_AlSiMg_200W_500mms_M0_G13_Test_Crossflow_StepoverAlt0638.tif,0.0,1.776,1.639,0.049,0.06,1896.1983160856373
0.012745,637,074_AlSiMg_200W_500mms_M0_G13_Test_Crossflow_StepoverAlt0638.tif,0.0,1.773,1.629,0.048,0.056,1823.5831107818653
0.01275,637,074_AlSiMg_200W_500mms_M0_G13_Test_Crossflow_StepoverAlt0638.tif,0.001,1.776,1.602,0.048,0.057,1820.4459157732188
0.012755,637,074_AlSiMg_200W_500mms_M0_G13_Test_Crossflow_StepoverAlt0638.tif,-0.002,1.779,1.583,0.047,0.056,1825.319802968091
0.01276,638,074_AlSiMg_200W_500mms_M0_G13_Test_Crossflow_StepoverAlt0639.tif,0.0,1.787,1.569,0.048,0.058,1822.1307682902138
0.012765,638,074_AlSiMg_200W_500mms_M0_G13_Test_Crossflow_StepoverAlt0639.tif,0.0,1.8,1.608,0.046,0.056,1802.891172266555
0.01277,638,074_AlSiMg_200W_500mms_M0_G13_Test_Crossflow_StepoverAlt0639.tif,-0.002,1.807,1.586,0.047,0.055,1823.9837936493852
0.012775,638,074_AlSiMg_200W_500mms_M0_G13_Test_Crossflow_StepoverAlt0639.tif,0.0,1.809,1.6,0.047,0.057,1781.3453736616902
0.01278,639,074_AlSiMg_200W_500mms_M0_G13_Test_Crossflow_StepoverAlt0640.tif,-0.002,1.808,1.594,0.048,0.056,1821.7395082994378
0.012785,639,074_AlSiMg_200W_500mms_M0_G13_Test_Crossflow_StepoverAlt0640.tif,-0.002,1.805,1.604,0.047,0.06,1787.801387760152
0.01279,639,074_AlSiMg_200W_500mms_M0_G13_Test_Crossflow_StepoverAlt0640.tif,0.0,1.804,1.604,0.048,0.056,1821.7395082994383
0.012795,639,074_AlSiMg_200W_500mms_M0_G13_Test_Crossflow_StepoverAlt0640.tif,-0.002,1.794,1.595,0.047,0.057,1784.6123530822745
0.0128,640,074_AlSiMg_200W_500mms_M0_G13_Test_Crossflow_StepoverAlt0641.tif,0.001,1.78,1.587,0.047,0.055,1843.2892790028266
0.012805,640,074_AlSiMg_200W_500mms_M0_G13_Test_Crossflow_StepoverAlt0641.tif,0.0,1.779,1.576,0.047,0.057,1917.5751243239367
0.01281,640,074_AlSiMg_200W_500mms_M0_G13_Test_Crossflow_StepoverAlt0641.tif,0.0,1.779,1.57,0.048,0.057,1974.7815514977779
0.012815,640,074_AlSiMg_200W_500mms_M0_G13_Test_Crossflow_StepoverAlt0641.tif,-0.002,1.779,1.6,0.05,0.055,1956.8779647928252
0.01282,641,074_AlSiMg_200W_500mms_M0_G13_Test_Crossflow_StepoverAlt0642.tif,-0.001,1.783,1.566,0.048,0.055,1942.4321714827668
0.012825,641,074_AlSiMg_200W_500mms_M0_G13_Test_Crossflow_StepoverAlt0642.tif,0.0,1.79,1.594,0.047,0.056,1892.449843846479
0.01283,641,074_AlSiMg_200W_500mms_M0_G13_Test_Crossflow_StepoverAlt0642.tif,-0.002,1.8,1.595,0.047,0.058,1781.0368433082053
0.012835,641,074_AlSiMg_200W_500mms_M0_G13_Test_Crossflow_StepoverAlt0642.tif,0.001,1.808,1.588,0.046,0.058,1717.2284880364234
0.01284,642,074_AlSiMg_200W_500mms_M0_G13_Test_Crossflow_StepoverAlt0643.tif,0.0,1.809,1.67,0.047,0.057,1735.1320747413756
0.012845,642,074_AlSiMg_200W_500mms_M0_G13_Test_Crossflow_StepoverAlt0643.tif,-0.002,1.809,1.698,0.045,0.055,1749.5778680514336
0.01285,642,074_AlSiMg_200W_500mms_M0_G13_Test_Crossflow_StepoverAlt0643.tif,-0.001,1.805,1.643,0.047,0.055,1762.6297294563199
0.012855,642,074_AlSiMg_200W_500mms_M0_G13_Test_Crossflow_StepoverAlt0643.tif,-0.002,1.797,1.622,0.047,0.057,1772.0432275654268
0.01286,643,074_AlSiMg_200W_500mms_M0_G13_Test_Crossflow_StepoverAlt0644.tif,0.0,1.793,1.682,0.046,0.057,1791.4050929420864
0.012865,643,074_AlSiMg_200W_500mms_M0_G13_Test_Crossflow_StepoverAlt0644.tif,-0.001,1.779,1.629,0.045,0.054,1733.0913261281166
0.01287,643,074_AlSiMg_200W_500mms_M0_G13_Test_Crossflow_StepoverAlt0644.tif,0.0,1.775,1.604,0.046,0.055,1715.4004559203736
0.012875,643,074_AlSiMg_200W_500mms_M0_G13_Test_Crossflow_StepoverAlt0644.tif,0.0,1.77,1.629,0.044,0.055,1773.3367950192812
0.01288,644,074_AlSiMg_200W_500mms_M0_G13_Test_Crossflow_StepoverAlt0645.tif,-0.001,1.765,1.618,0.046,0.057,1760.6563174895898
0.012885,644,074_AlSiMg_200W_500mms_M0_G13_Test_Crossflow_StepoverAlt0645.tif,0.0,1.772,1.654,0.049,0.057,1763.9309140452053
0.01289,644,074_AlSiMg_200W_500mms_M0_G13_Test_Crossflow_StepoverAlt0645.tif,0.0,1.776,1.616,0.046,0.056,1822.244680859175
0.012895,644,074_AlSiMg_200W_500mms_M0_G13_Test_Crossflow_StepoverAlt0645.tif,-0.002,1.787,1.591,0.047,0.056,1880.1810199580827
0.0129,645,074_AlSiMg_200W_500mms_M0_G13_Test_Crossflow_StepoverAlt0646.tif,0.001,1.8,1.644,0.047,0.055,1877.062706284082
0.012905,645,074_AlSiMg_200W_500mms_M0_G13_Test_Crossflow_StepoverAlt0646.tif,-0.001,1.802,1.605,0.049,0.057,1852.799975279681
0.01291,645,074_AlSiMg_200W_500mms_M0_G13_Test_Crossflow_StepoverAlt0646.tif,0.001,1.802,1.633,0.048,0.056,1842.7582444716923
0.012915,645,074_AlSiMg_200W_500mms_M0_G13_Test_Crossflow_StepoverAlt0646.tif,-0.001,1.801,1.663,0.047,0.059,1794.3743306223478
0.01292,646,074_AlSiMg_200W_500mms_M0_G13_Test_Crossflow_StepoverAlt0647.tif,-0.001,1.8,1.595,0.044,0.053,1736.4379915234404
0.012925,646,074_AlSiMg_200W_500mms_M0_G13_Test_Crossflow_StepoverAlt0647.tif,0.0,1.798,1.614,0.047,0.058,2082.1724032623742
0.01293,646,074_AlSiMg_200W_500mms_M0_G13_Test_Crossflow_StepoverAlt0647.tif,-0.001,1.786,1.577,0.046,0.057,2103.1001855894174
0.012935,646,074_AlSiMg_200W_500mms_M0_G13_Test_Crossflow_StepoverAlt0647.tif,-0.001,1.777,1.632,0.055,0.054,2106.5208806721794
0.01294,647,074_AlSiMg_200W_500mms_M0_G13_Test_Crossflow_StepoverAlt0648.tif,0.0,1.776,1.591,0.045,0.055,2178.1731011560796
0.012945,647,074_AlSiMg_200W_500mms_M0_G13_Test_Crossflow_StepoverAlt0648.tif,0.001,1.775,1.572,0.045,0.054,2232.991126580986
0.01295,647,074_AlSiMg_200W_500mms_M0_G13_Test_Crossflow_StepoverAlt0648.tif,-0.002,1.776,1.587,0.048,0.055,1825.753913350205
0.012955,647,074_AlSiMg_200W_500mms_M0_G13_Test_Crossflow_StepoverAlt0648.tif,0.001,1.779,1.563,0.048,0.056,1866.2939619874328
0.01296,648,074_AlSiMg_200W_500mms_M0_G13_Test_Crossflow_StepoverAlt0649.tif,-0.002,1.788,1.546,0.044,0.055,1853.613484457741
0.012965,648,074_AlSiMg_200W_500mms_M0_G13_Test_Crossflow_StepoverAlt0649.tif,-0.002,1.8,1.544,0.047,0.055,1830.345177823186
0.01297,648,074_AlSiMg_200W_500mms_M0_G13_Test_Crossflow_StepoverAlt0649.tif,0.001,1.808,1.563,0.046,0.056,1815.5953554489818
0.012975,648,074_AlSiMg_200W_500mms_M0_G13_Test_Crossflow_StepoverAlt0649.tif,-0.001,1.809,1.588,0.047,0.055,1862.3483345666245
0.01298,649,074_AlSiMg_200W_500mms_M0_G13_Test_Crossflow_StepoverAlt0650.tif,0.0,1.809,1.566,0.049,0.058,1817.1471539965835
0.012985,649,074_AlSiMg_200W_500mms_M0_G13_Test_Crossflow_StepoverAlt0650.tif,0.001,1.808,1.598,0.049,0.058,1805.9683401071095
0.01299,649,074_AlSiMg_200W_500mms_M0_G13_Test_Crossflow_StepoverAlt0650.tif,0.001,1.804,1.586,0.048,0.059,1772.0302195678232
0.012995,649,074_AlSiMg_200W_500mms_M0_G13_Test_Crossflow_StepoverAlt0650.tif,0.0,1.801,1.604,0.047,0.058,1772.0302195678237
0.013,650,074_AlSiMg_200W_500mms_M0_G13_Test_Crossflow_StepoverAlt0651.tif,0.0,1.787,1.565,0.047,0.057,1752.8539768156654
0.013005,650,074_AlSiMg_200W_500mms_M0_G13_Test_Crossflow_StepoverAlt0651.tif,0.0,1.779,1.566,0.049,0.058,1749.671243536363
0.01301,650,074_AlSiMg_200W_500mms_M0_G13_Test_Crossflow_StepoverAlt0651.tif,-0.001,1.777,1.562,0.048,0.058,1749.671243536363
0.013015,650,074_AlSiMg_200W_500mms_M0_G13_Test_Crossflow_StepoverAlt0651.tif,-0.002,1.776,1.572,0.047,0.058,1752.872333627164
0.01302,651,074_AlSiMg_200W_500mms_M0_G13_Test_Crossflow_StepoverAlt0652.tif,0.001,1.776,1.583,0.047,0.058,1733.6960908750066
0.013025,651,074_AlSiMg_200W_500mms_M0_G13_Test_Crossflow_StepoverAlt0652.tif,0.0,1.78,1.567,0.048,0.058,1733.6960908750066
0.01303,651,074_AlSiMg_200W_500mms_M0_G13_Test_Crossflow_StepoverAlt0652.tif,0.0,1.791,1.59,0.048,0.058,1751.3429742758658
0.013035,651,074_AlSiMg_200W_500mms_M0_G13_Test_Crossflow_StepoverAlt0652.tif,-0.001,1.801,1.644,0.048,0.058,1744.5098640961983
0.01304,652,074_AlSiMg_200W_500mms_M0_G13_Test_Crossflow_StepoverAlt0653.tif,-0.001,1.804,1.618,0.048,0.058,1744.509864096198
0.013045,652,074_AlSiMg_200W_500mms_M0_G13_Test_Crossflow_StepoverAlt0653.tif,0.001,1.801,1.612,0.049,0.061,1781.5542428965614
0.01305,652,074_AlSiMg_200W_500mms_M0_G13_Test_Crossflow_StepoverAlt0653.tif,-0.001,1.795,1.636,0.048,0.058,1781.5542428965614
0.013055,652,074_AlSiMg_200W_500mms_M0_G13_Test_Crossflow_StepoverAlt0653.tif,0.0,1.797,1.598,0.049,0.057,1778.3531528057604
0.01306,653,074_AlSiMg_200W_500mms_M0_G13_Test_Crossflow_StepoverAlt0654.tif,0.0,1.794,1.584,0.048,0.058,1746.180425424032
0.013065,653,074_AlSiMg_200W_500mms_M0_G13_Test_Crossflow_StepoverAlt0654.tif,0.001,1.781,1.577,0.047,0.057,1703.5420054363367
0.01307,653,074_AlSiMg_200W_500mms_M0_G13_Test_Crossflow_StepoverAlt0654.tif,0.0,1.77,1.605,0.046,0.06,1669.6348216446204
0.013075,653,074_AlSiMg_200W_500mms_M0_G13_Test_Crossflow_StepoverAlt0654.tif,0.0,1.77,1.618,0.047,0.06,1700.3718520931052
0.01308,654,074_AlSiMg_200W_500mms_M0_G13_Test_Crossflow_StepoverAlt0655.tif,-0.002,1.772,1.588,0.049,0.059,1703.5729421839064
0.013085,654,074_AlSiMg_200W_500mms_M0_G13_Test_Crossflow_StepoverAlt0655.tif,-0.001,1.777,1.626,0.047,0.055,1776.2641690790188
0.01309,654,074_AlSiMg_200W_500mms_M0_G13_Test_Crossflow_StepoverAlt0655.tif,0.001,1.777,1.587,0.048,0.058,1898.597826253921
0.013095,654,074_AlSiMg_200W_500mms_M0_G13_Test_Crossflow_StepoverAlt0655.tif,0.001,1.791,1.58,0.048,0.057,1861.5168095418435
0.0131,655,074_AlSiMg_200W_500mms_M0_G13_Test_Crossflow_StepoverAlt0656.tif,0.0,1.805,1.576,0.049,0.055,1849.9560218455165
0.013105,655,074_AlSiMg_200W_500mms_M0_G13_Test_Crossflow_StepoverAlt0656.tif,-0.001,1.807,1.546,0.046,0.058,1869.1322645976743
0.01311,655,074_AlSiMg_200W_500mms_M0_G13_Test_Crossflow_StepoverAlt0656.tif,-0.001,1.812,1.544,0.049,0.058,1883.830789113302
0.013115,655,074_AlSiMg_200W_500mms_M0_G13_Test_Crossflow_StepoverAlt0656.tif,-0.002,1.807,1.562,0.049,0.058,1823.3117946782525
0.01312,656,074_AlSiMg_200W_500mms_M0_G13_Test_Crossflow_StepoverAlt0657.tif,-0.002,1.805,1.593,0.047,0.055,1839.6087329808238
0.013125,656,074_AlSiMg_200W_500mms_M0_G13_Test_Crossflow_StepoverAlt0657.tif,0.0,1.805,1.577,0.049,0.058,1802.7856068278065
0.01313,656,074_AlSiMg_200W_500mms_M0_G13_Test_Crossflow_StepoverAlt0657.tif,0.001,1.793,1.559,0.047,0.058,1817.535429202011
0.013135,656,074_AlSiMg_200W_500mms_M0_G13_Test_Crossflow_StepoverAlt0657.tif,0.0,1.783,1.551,0.047,0.058,1802.8369046863831
0.01314,657,074_AlSiMg_200W_500mms_M0_G13_Test_Crossflow_StepoverAlt0658.tif,-0.001,1.776,1.553,0.048,0.056,1796.4941056777577
0.013145,657,074_AlSiMg_200W_500mms_M0_G13_Test_Crossflow_StepoverAlt0658.tif,-0.002,1.773,1.558,0.048,0.057,1780.1971673751864
0.01315,657,074_AlSiMg_200W_500mms_M0_G13_Test_Crossflow_StepoverAlt0658.tif,-0.002,1.777,1.584,0.047,0.056,1780.1971673751862
0.013155,657,074_AlSiMg_200W_500mms_M0_G13_Test_Crossflow_StepoverAlt0658.tif,0.0,1.784,1.558,0.046,0.058,1762.309608181681
0.01316,658,074_AlSiMg_200W_500mms_M0_G13_Test_Crossflow_StepoverAlt0659.tif,-0.002,1.791,1.539,0.047,0.058,1728.624218847965
0.013165,658,074_AlSiMg_200W_500mms_M0_G13_Test_Crossflow_StepoverAlt0659.tif,0.001,1.802,1.584,0.048,0.057,1734.9670178565902
0.01317,658,074_AlSiMg_200W_500mms_M0_G13_Test_Crossflow_StepoverAlt0659.tif,0.001,1.809,1.552,0.047,0.058,1765.7097494692196
0.013175,658,074_AlSiMg_200W_500mms_M0_G13_Test_Crossflow_StepoverAlt0659.tif,-0.002,1.809,1.572,0.049,0.058,1768.892482748523
0.01318,659,074_AlSiMg_200W_500mms_M0_G13_Test_Crossflow_StepoverAlt0660.tif,-0.002,1.808,1.57,0.047,0.057,1707.041732179132
0.013185,659,074_AlSiMg_200W_500mms_M0_G13_Test_Crossflow_StepoverAlt0660.tif,0.0,1.805,1.56,0.048,0.059,1724.6886155799912
0.01319,659,074_AlSiMg_200W_500mms_M0_G13_Test_Crossflow_StepoverAlt0660.tif,-0.002,1.802,1.555,0.046,0.059,1708.6495678364802
0.013195,659,074_AlSiMg_200W_500mms_M0_G13_Test_Crossflow_StepoverAlt0660.tif,0.0,1.79,1.56,0.048,0.058,1745.776723053644
0.0132,660,074_AlSiMg_200W_500mms_M0_G13_Test_Crossflow_StepoverAlt0661.tif,0.0,1.777,1.553,0.049,0.059,1769.799720363117
0.013205,660,074_AlSiMg_200W_500mms_M0_G13_Test_Crossflow_StepoverAlt0661.tif,0.0,1.768,1.577,0.048,0.056,1846.3489954481356
0.01321,660,074_AlSiMg_200W_500mms_M0_G13_Test_Crossflow_StepoverAlt0661.tif,0.0,1.77,1.555,0.046,0.055,1846.3489954481352
0.013215,660,074_AlSiMg_200W_500mms_M0_G13_Test_Crossflow_StepoverAlt0661.tif,-0.002,1.77,1.562,0.047,0.055,1822.319840140944
0.01322,661,074_AlSiMg_200W_500mms_M0_G13_Test_Crossflow_StepoverAlt0662.tif,-0.001,1.772,1.57,0.048,0.058,1812.530662856961
0.013225,661,074_AlSiMg_200W_500mms_M0_G13_Test_Crossflow_StepoverAlt0662.tif,-0.002,1.779,1.572,0.046,0.057,1815.8052594125766
0.01323,661,074_AlSiMg_200W_500mms_M0_G13_Test_Crossflow_StepoverAlt0662.tif,-0.002,1.79,1.541,0.045,0.053,1775.2652107753493
0.013235,661,074_AlSiMg_200W_500mms_M0_G13_Test_Crossflow_StepoverAlt0662.tif,-0.001,1.798,1.527,0.047,0.056,1788.0986545188814
0.01324,662,074_AlSiMg_200W_500mms_M0_G13_Test_Crossflow_StepoverAlt0663.tif,0.0,1.802,1.531,0.045,0.055,1799.1875966286832
0.013245,662,074_AlSiMg_200W_500mms_M0_G13_Test_Crossflow_StepoverAlt0663.tif,0.001,1.801,1.524,0.047,0.056,1761.8426022172657
0.01325,662,074_AlSiMg_200W_500mms_M0_G13_Test_Crossflow_StepoverAlt0663.tif,0.001,1.804,1.534,0.045,0.055,1758.5680056616504
0.013255,662,074_AlSiMg_200W_500mms_M0_G13_Test_Crossflow_StepoverAlt0663.tif,0.0,1.8,1.52,0.044,0.054,1758.5680056616504
0.01326,663,074_AlSiMg_200W_500mms_M0_G13_Test_Crossflow_StepoverAlt0664.tif,-0.002,1.798,1.521,0.046,0.055,1724.8426016195735
0.013265,663,074_AlSiMg_200W_500mms_M0_G13_Test_Crossflow_StepoverAlt0664.tif,-0.001,1.784,1.538,0.045,0.055,1728.1775502969308
0.01327,663,074_AlSiMg_200W_500mms_M0_G13_Test_Crossflow_StepoverAlt0664.tif,-0.002,1.772,1.546,0.046,0.057,1768.8604829823562
0.013275,663,074_AlSiMg_200W_500mms_M0_G13_Test_Crossflow_StepoverAlt0664.tif,0.001,1.772,1.565,0.046,0.056,1772.135079537972
0.01328,664,074_AlSiMg_200W_500mms_M0_G13_Test_Crossflow_StepoverAlt0665.tif,0.0,1.775,1.58,0.046,0.054,1794.771541470247
0.013285,664,074_AlSiMg_200W_500mms_M0_G13_Test_Crossflow_StepoverAlt0665.tif,-0.001,1.775,1.569,0.047,0.056,1805.8604835800488
0.01329,664,074_AlSiMg_200W_500mms_M0_G13_Test_Crossflow_StepoverAlt0665.tif,0.002,1.78,1.566,0.047,0.056,1821.8874002793514
0.013295,664,074_AlSiMg_200W_500mms_M0_G13_Test_Crossflow_StepoverAlt0665.tif,-0.002,1.788,1.562,0.045,0.055,1803.97142135088
0.0133,665,074_AlSiMg_200W_500mms_M0_G13_Test_Crossflow_StepoverAlt0666.tif,-0.002,1.802,1.539,0.046,0.055,1803.97142135088
0.013305,665,074_AlSiMg_200W_500mms_M0_G13_Test_Crossflow_StepoverAlt0666.tif,0.0,1.808,1.598,0.046,0.055,1821.8750080558325
0.01331,665,074_AlSiMg_200W_500mms_M0_G13_Test_Crossflow_StepoverAlt0666.tif,0.0,1.808,1.587,0.047,0.056,1834.4697391801187
0.013315,665,074_AlSiMg_200W_500mms_M0_G13_Test_Crossflow_StepoverAlt0666.tif,0.0,1.805,1.569,0.047,0.055,1804.0189316936576
0.01332,666,074_AlSiMg_200W_500mms_M0_G13_Test_Crossflow_StepoverAlt0667.tif,-0.001,1.801,1.549,0.044,0.053,1773.5681242071964
0.013325,666,074_AlSiMg_200W_500mms_M0_G13_Test_Crossflow_StepoverAlt0667.tif,0.0,1.804,1.546,0.046,0.057,1770.2935276515807
0.01333,666,074_AlSiMg_200W_500mms_M0_G13_Test_Crossflow_StepoverAlt0667.tif,0.001,1.791,1.608,0.046,0.057,1721.9096138022367
0.013335,666,074_AlSiMg_200W_500mms_M0_G13_Test_Crossflow_StepoverAlt0667.tif,0.0,1.783,1.587,0.046,0.055,1749.854931315178
0.01334,667,074_AlSiMg_200W_500mms_M0_G13_Test_Crossflow_StepoverAlt0668.tif,-0.001,1.775,1.565,0.047,0.058,1773.5386045492658
0.013345,667,074_AlSiMg_200W_500mms_M0_G13_Test_Crossflow_StepoverAlt0668.tif,0.001,1.776,1.572,0.047,0.055,1766.8538284823255
0.01335,667,074_AlSiMg_200W_500mms_M0_G13_Test_Crossflow_StepoverAlt0668.tif,-0.001,1.776,1.612,0.044,0.053,1729.7182449289237
0.013355,667,074_AlSiMg_200W_500mms_M0_G13_Test_Crossflow_StepoverAlt0668.tif,-0.001,1.777,1.598,0.044,0.055,1737.5621101410404
0.01336,668,074_AlSiMg_200W_500mms_M0_G13_Test_Crossflow_StepoverAlt0669.tif,0.0,1.784,1.553,0.044,0.055,1689.1781962916964
0.013365,668,074_AlSiMg_200W_500mms_M0_G13_Test_Crossflow_StepoverAlt0669.tif,-0.002,1.798,1.537,0.045,0.055,1766.0817205433602
0.01337,668,074_AlSiMg_200W_500mms_M0_G13_Test_Crossflow_StepoverAlt0669.tif,-0.001,1.802,1.542,0.047,0.058,1762.9276563930587
0.013375,668,074_AlSiMg_200W_500mms_M0_G13_Test_Crossflow_StepoverAlt0669.tif,0.0,1.804,1.574,0.049,0.055,1817.9792188749311
0.01338,669,074_AlSiMg_200W_500mms_M0_G13_Test_Crossflow_StepoverAlt0670.tif,0.0,1.805,1.567,0.047,0.059,1793.2477636403062
0.013385,669,074_AlSiMg_200W_500mms_M0_G13_Test_Crossflow_StepoverAlt0670.tif,-0.002,1.802,1.553,0.046,0.054,1813.686359976709
0.01339,669,074_AlSiMg_200W_500mms_M0_G13_Test_Crossflow_StepoverAlt0670.tif,-0.001,1.804,1.516,0.042,0.053,1736.782835725045
0.013395,669,074_AlSiMg_200W_500mms_M0_G13_Test_Crossflow_StepoverAlt0670.tif,-0.002,1.794,1.496,0.044,0.053,1732.9791628174637
0.0134,670,074_AlSiMg_200W_500mms_M0_G13_Test_Crossflow_StepoverAlt0671.tif,-0.001,1.781,1.485,0.044,0.053,1677.927600335591
0.013405,670,074_AlSiMg_200W_500mms_M0_G13_Test_Crossflow_StepoverAlt0671.tif,0.001,1.776,1.483,0.042,0.053,1739.9368998753466
0.01341,670,074_AlSiMg_200W_500mms_M0_G13_Test_Crossflow_StepoverAlt0671.tif,0.0,1.772,1.486,0.044,0.055,1709.5684505743181
0.013415,670,074_AlSiMg_200W_500mms_M0_G13_Test_Crossflow_StepoverAlt0671.tif,0.0,1.775,1.488,0.046,0.054,1696.9737194500321
0.01342,671,074_AlSiMg_200W_500mms_M0_G13_Test_Crossflow_StepoverAlt0672.tif,-0.001,1.776,1.573,0.044,0.055,1755.6450807157792
0.013425,671,074_AlSiMg_200W_500mms_M0_G13_Test_Crossflow_StepoverAlt0672.tif,0.0,1.777,1.535,0.045,0.055,1755.6450807157792
0.01343,671,074_AlSiMg_200W_500mms_M0_G13_Test_Crossflow_StepoverAlt0672.tif,-0.002,1.793,1.597,0.045,0.053,1748.8907832573036
0.013435,671,074_AlSiMg_200W_500mms_M0_G13_Test_Crossflow_StepoverAlt0672.tif,0.001,1.798,1.538,0.044,0.055,1748.8907832573036
0.01344,672,074_AlSiMg_200W_500mms_M0_G13_Test_Crossflow_StepoverAlt0673.tif,0.0,1.801,1.513,0.044,0.052,1779.4143301039585
0.013445,672,074_AlSiMg_200W_500mms_M0_G13_Test_Crossflow_StepoverAlt0673.tif,0.001,1.801,1.502,0.044,0.055,1758.0691551971227
0.01345,672,074_AlSiMg_200W_500mms_M0_G13_Test_Crossflow_StepoverAlt0673.tif,0.001,1.795,1.509,0.044,0.052,1726.5489223341397
0.013455,672,074_AlSiMg_200W_500mms_M0_G13_Test_Crossflow_StepoverAlt0673.tif,-0.002,1.794,1.499,0.044,0.053,1678.2516573107428
0.01346,673,074_AlSiMg_200W_500mms_M0_G13_Test_Crossflow_StepoverAlt0674.tif,-0.001,1.793,1.502,0.042,0.055,1671.2939202528596
0.013465,673,074_AlSiMg_200W_500mms_M0_G13_Test_Crossflow_StepoverAlt0674.tif,0.0,1.777,1.524,0.044,0.055,1653.3651045304912
0.01347,673,074_AlSiMg_200W_500mms_M0_G13_Test_Crossflow_StepoverAlt0674.tif,-0.003,1.773,1.525,0.042,0.053,1633.8877907821543
0.013475,673,074_AlSiMg_200W_500mms_M0_G13_Test_Crossflow_StepoverAlt0674.tif,-0.001,1.77,1.517,0.044,0.053,1702.5436071985391
0.01348,674,074_AlSiMg_200W_500mms_M0_G13_Test_Crossflow_StepoverAlt0675.tif,-0.002,1.768,1.555,0.043,0.053,1702.5436071985391
0.013485,674,074_AlSiMg_200W_500mms_M0_G13_Test_Crossflow_StepoverAlt0675.tif,0.0,1.775,1.583,0.046,0.055,1730.6100111105213
0.01349,674,074_AlSiMg_200W_500mms_M0_G13_Test_Crossflow_StepoverAlt0675.tif,-0.002,1.776,1.593,0.044,0.055,1700.2415618094929
0.013495,674,074_AlSiMg_200W_500mms_M0_G13_Test_Crossflow_StepoverAlt0675.tif,-0.002,1.788,1.566,0.046,0.056,1703.7190560532483
0.0135,675,074_AlSiMg_200W_500mms_M0_G13_Test_Crossflow_StepoverAlt0676.tif,0.0,1.802,1.572,0.044,0.055,1724.8972393138163
0.013505,675,074_AlSiMg_200W_500mms_M0_G13_Test_Crossflow_StepoverAlt0676.tif,-0.001,1.807,1.562,0.044,0.054,1742.670957490558
0.01351,675,074_AlSiMg_200W_500mms_M0_G13_Test_Crossflow_StepoverAlt0676.tif,-0.001,1.807,1.559,0.047,0.055,1732.4534261891506
0.013515,675,074_AlSiMg_200W_500mms_M0_G13_Test_Crossflow_StepoverAlt0676.tif,-0.001,1.809,1.541,0.045,0.055,1833.677107209275
0.01352,676,074_AlSiMg_200W_500mms_M0_G13_Test_Crossflow_StepoverAlt0677.tif,0.002,1.802,1.528,0.043,0.053,1887.8386896346187
0.013525,676,074_AlSiMg_200W_500mms_M0_G13_Test_Crossflow_StepoverAlt0677.tif,0.0,1.798,1.537,0.047,0.053,1813.147675910836
0.01353,676,074_AlSiMg_200W_500mms_M0_G13_Test_Crossflow_StepoverAlt0677.tif,-0.002,1.788,1.521,0.044,0.051,1795.3739577340934
0.013535,676,074_AlSiMg_200W_500mms_M0_G13_Test_Crossflow_StepoverAlt0677.tif,0.001,1.775,1.52,0.043,0.055,1795.3739577340934
0.01354,677,074_AlSiMg_200W_500mms_M0_G13_Test_Crossflow_StepoverAlt0678.tif,-0.003,1.77,1.524,0.044,0.055,1724.5187260149974
0.013545,677,074_AlSiMg_200W_500mms_M0_G13_Test_Crossflow_StepoverAlt0678.tif,-0.002,1.772,1.548,0.043,0.053,1666.8796493458988
0.01355,677,074_AlSiMg_200W_500mms_M0_G13_Test_Crossflow_StepoverAlt0678.tif,-0.002,1.772,1.538,0.044,0.053,1690.595764241564
0.013555,677,074_AlSiMg_200W_500mms_M0_G13_Test_Crossflow_StepoverAlt0678.tif,-0.002,1.773,1.532,0.043,0.053,1690.5957642415644
0.01356,678,074_AlSiMg_200W_500mms_M0_G13_Test_Crossflow_StepoverAlt0679.tif,0.001,1.783,1.544,0.042,0.052,1672.74689163099
0.013565,678,074_AlSiMg_200W_500mms_M0_G13_Test_Crossflow_StepoverAlt0679.tif,-0.002,1.798,1.539,0.044,0.055,1645.7539196658727
0.01357,678,074_AlSiMg_200W_500mms_M0_G13_Test_Crossflow_StepoverAlt0679.tif,0.0,1.804,1.616,0.042,0.053,1668.651928496972
0.013575,678,074_AlSiMg_200W_500mms_M0_G13_Test_Crossflow_StepoverAlt0679.tif,-0.001,1.807,1.595,0.045,0.056,1688.1840342334156
0.01358,679,074_AlSiMg_200W_500mms_M0_G13_Test_Crossflow_StepoverAlt0680.tif,0.0,1.807,1.628,0.045,0.054,1725.3196177868172
0.013585,679,074_AlSiMg_200W_500mms_M0_G13_Test_Crossflow_StepoverAlt0680.tif,0.0,1.805,1.583,0.043,0.052,1762.6458041457286
0.01359,679,074_AlSiMg_200W_500mms_M0_G13_Test_Crossflow_StepoverAlt0680.tif,-0.002,1.804,1.566,0.046,0.055,1810.9839510176812
0.013595,679,074_AlSiMg_200W_500mms_M0_G13_Test_Crossflow_StepoverAlt0680.tif,0.0,1.794,1.569,0.044,0.053,1807.563255934919
0.0136,680,074_AlSiMg_200W_500mms_M0_G13_Test_Crossflow_StepoverAlt0681.tif,-0.001,1.781,1.542,0.045,0.053,1832.405906420487
0.013605,680,074_AlSiMg_200W_500mms_M0_G13_Test_Crossflow_StepoverAlt0681.tif,-0.001,1.775,1.542,0.044,0.053,1825.6387721681137
0.01361,680,074_AlSiMg_200W_500mms_M0_G13_Test_Crossflow_StepoverAlt0681.tif,-0.001,1.772,1.539,0.045,0.053,1846.9839470749496
0.013615,680,074_AlSiMg_200W_500mms_M0_G13_Test_Crossflow_StepoverAlt0681.tif,0.0,1.776,1.549,0.044,0.053,1825.6387721681137
0.01362,681,074_AlSiMg_200W_500mms_M0_G13_Test_Crossflow_StepoverAlt0682.tif,0.001,1.773,1.534,0.045,0.053,1809.638952663532
0.013625,681,074_AlSiMg_200W_500mms_M0_G13_Test_Crossflow_StepoverAlt0682.tif,0.0,1.781,1.553,0.044,0.053,1750.967591397785
0.01363,681,074_AlSiMg_200W_500mms_M0_G13_Test_Crossflow_StepoverAlt0682.tif,0.0,1.793,1.542,0.044,0.054,1685.0997811470795
0.013635,681,074_AlSiMg_200W_500mms_M0_G13_Test_Crossflow_StepoverAlt0682.tif,0.001,1.801,1.549,0.042,0.053,1656.6802320148138
0.01364,682,074_AlSiMg_200W_500mms_M0_G13_Test_Crossflow_StepoverAlt0683.tif,-0.001,1.804,1.553,0.044,0.058,1622.8680870493251
0.013645,682,074_AlSiMg_200W_500mms_M0_G13_Test_Crossflow_StepoverAlt0683.tif,0.0,1.802,1.6,0.042,0.051,1677.0296694746685
0.01365,682,074_AlSiMg_200W_500mms_M0_G13_Test_Crossflow_StepoverAlt0683.tif,0.0,1.8,1.665,0.043,0.054,1691.3262745184034
0.013655,682,074_AlSiMg_200W_500mms_M0_G13_Test_Crossflow_StepoverAlt0683.tif,-0.002,1.797,1.66,0.044,0.051,1795.355847689871
0.01366,683,074_AlSiMg_200W_500mms_M0_G13_Test_Crossflow_StepoverAlt0684.tif,-0.001,1.79,1.702,0.042,0.052,1795.3558476898706
0.013665,683,074_AlSiMg_200W_500mms_M0_G13_Test_Crossflow_StepoverAlt0684.tif,-0.002,1.779,1.612,0.044,0.051,1798.799543354331
0.01367,683,074_AlSiMg_200W_500mms_M0_G13_Test_Crossflow_StepoverAlt0684.tif,-0.002,1.775,1.636,0.042,0.051,1730.2693311325409
0.013675,683,074_AlSiMg_200W_500mms_M0_G13_Test_Crossflow_StepoverAlt0684.tif,-0.002,1.77,1.591,0.044,0.055,1753.2989124477172
0.01368,684,074_AlSiMg_200W_500mms_M0_G13_Test_Crossflow_StepoverAlt0685.tif,-0.001,1.77,1.591,0.044,0.055,1715.1371495269552
0.013685,684,074_AlSiMg_200W_500mms_M0_G13_Test_Crossflow_StepoverAlt0685.tif,-0.002,1.775,1.598,0.044,0.053,1684.8853373934744
0.01369,684,074_AlSiMg_200W_500mms_M0_G13_Test_Crossflow_StepoverAlt0685.tif,-0.002,1.781,1.584,0.044,0.053,1677.9276003355913
0.013695,684,074_AlSiMg_200W_500mms_M0_G13_Test_Crossflow_StepoverAlt0685.tif,0.001,1.788,1.574,0.042,0.053,1677.927600335591
0.0137,685,074_AlSiMg_200W_500mms_M0_G13_Test_Crossflow_StepoverAlt0686.tif,-0.002,1.802,1.562,0.042,0.053,1640.6014139766799
0.013705,685,074_AlSiMg_200W_500mms_M0_G13_Test_Crossflow_StepoverAlt0686.tif,-0.002,1.808,1.572,0.044,0.055,1658.5302296990485
0.01371,685,074_AlSiMg_200W_500mms_M0_G13_Test_Crossflow_StepoverAlt0686.tif,0.001,1.809,1.549,0.042,0.053,1683.2616849336737
0.013715,685,074_AlSiMg_200W_500mms_M0_G13_Test_Crossflow_StepoverAlt0686.tif,-0.002,1.808,1.549,0.044,0.052,1720.5878712925849
0.01372,686,074_AlSiMg_200W_500mms_M0_G13_Test_Crossflow_StepoverAlt0687.tif,-0.002,1.805,1.555,0.045,0.055,1731.4790068452762
0.013725,686,074_AlSiMg_200W_500mms_M0_G13_Test_Crossflow_StepoverAlt0687.tif,0.001,1.8,1.577,0.044,0.053,1779.65462046414
0.01373,686,074_AlSiMg_200W_500mms_M0_G13_Test_Crossflow_StepoverAlt0687.tif,0.0,1.787,1.619,0.043,0.053,1761.7258047417715
0.013735,686,074_AlSiMg_200W_500mms_M0_G13_Test_Crossflow_StepoverAlt0687.tif,0.0,1.78,1.633,0.042,0.05,1774.3205358660575
0.01374,687,074_AlSiMg_200W_500mms_M0_G13_Test_Crossflow_StepoverAlt0688.tif,-0.001,1.772,1.581,0.044,0.053,1767.2461616406272
0.013745,687,074_AlSiMg_200W_500mms_M0_G13_Test_Crossflow_StepoverAlt0688.tif,0.001,1.772,1.621,0.044,0.053,1824.8852383097255
0.01375,687,074_AlSiMg_200W_500mms_M0_G13_Test_Crossflow_StepoverAlt0688.tif,0.001,1.777,1.583,0.042,0.051,1776.7096246908623
0.013755,687,074_AlSiMg_200W_500mms_M0_G13_Test_Crossflow_StepoverAlt0688.tif,-0.001,1.781,1.6,0.044,0.051,1769.6352504654321
0.01376,688,074_AlSiMg_200W_500mms_M0_G13_Test_Crossflow_StepoverAlt0689.tif,0.001,1.791,1.559,0.042,0.053,1769.6352504654321
0.013765,688,074_AlSiMg_200W_500mms_M0_G13_Test_Crossflow_StepoverAlt0689.tif,0.0,1.807,1.541,0.042,0.051,1739.383438331951
0.01377,688,074_AlSiMg_200W_500mms_M0_G13_Test_Crossflow_StepoverAlt0689.tif,-0.002,1.815,1.528,0.044,0.053,1697.724199832457
0.013775,688,074_AlSiMg_200W_500mms_M0_G13_Test_Crossflow_StepoverAlt0689.tif,-0.001,1.812,1.594,0.042,0.053,1799.5391078072018
0.01378,689,074_AlSiMg_200W_500mms_M0_G13_Test_Crossflow_StepoverAlt0690.tif,0.0,1.811,1.572,0.043,0.052,1769.2872956737206
0.013785,689,074_AlSiMg_200W_500mms_M0_G13_Test_Crossflow_StepoverAlt0690.tif,-0.002,1.804,1.569,0.045,0.051,1762.2129214482902
0.01379,689,074_AlSiMg_200W_500mms_M0_G13_Test_Crossflow_StepoverAlt0690.tif,-0.001,1.795,1.635,0.042,0.053,1792.4647335817713
0.013795,689,074_AlSiMg_200W_500mms_M0_G13_Test_Crossflow_StepoverAlt0690.tif,0.0,1.79,1.595,0.042,0.051,1788.8878349350732
0.0138,690,074_AlSiMg_200W_500mms_M0_G13_Test_Crossflow_StepoverAlt0691.tif,0.0,1.773,1.565,0.042,0.051,1704.921799570903
0.013805,690,074_AlSiMg_200W_500mms_M0_G13_Test_Crossflow_StepoverAlt0691.tif,-0.001,1.765,1.57,0.042,0.051,1763.5931608366504
0.01381,690,074_AlSiMg_200W_500mms_M0_G13_Test_Crossflow_StepoverAlt0691.tif,0.0,1.766,1.552,0.043,0.053,1808.8292979828425
0.013815,690,074_AlSiMg_200W_500mms_M0_G13_Test_Crossflow_StepoverAlt0691.tif,-0.001,1.768,1.576,0.045,0.053,1837.2488471151087
0.01382,691,074_AlSiMg_200W_500mms_M0_G13_Test_Crossflow_StepoverAlt0692.tif,0.0,1.772,1.576,0.044,0.051,1835.0634388936098
0.013825,691,074_AlSiMg_200W_500mms_M0_G13_Test_Crossflow_StepoverAlt0692.tif,0.0,1.775,1.577,0.045,0.053,1872.469568364315
0.01383,691,074_AlSiMg_200W_500mms_M0_G13_Test_Crossflow_StepoverAlt0692.tif,0.001,1.787,1.559,0.046,0.056,1838.529662333193
0.013835,691,074_AlSiMg_200W_500mms_M0_G13_Test_Crossflow_StepoverAlt0692.tif,0.0,1.802,1.572,0.044,0.052,1841.9133359242599
0.01384,692,074_AlSiMg_200W_500mms_M0_G13_Test_Crossflow_StepoverAlt0693.tif,0.0,1.805,1.548,0.045,0.055,1841.91333592426
0.013845,692,074_AlSiMg_200W_500mms_M0_G13_Test_Crossflow_StepoverAlt0693.tif,-0.001,1.804,1.537,0.045,0.052,1835.1732988666074
0.01385,692,074_AlSiMg_200W_500mms_M0_G13_Test_Crossflow_StepoverAlt0693.tif,-0.002,1.802,1.555,0.045,0.053,1797.7671693959023
0.013855,692,074_AlSiMg_200W_500mms_M0_G13_Test_Crossflow_StepoverAlt0693.tif,-0.002,1.801,1.552,0.044,0.054,1797.7671693959023
0.01386,693,074_AlSiMg_200W_500mms_M0_G13_Test_Crossflow_StepoverAlt0694.tif,-0.002,1.795,1.549,0.043,0.053,1743.6270017597876
0.013865,693,074_AlSiMg_200W_500mms_M0_G13_Test_Crossflow_StepoverAlt0694.tif,-0.001,1.783,1.552,0.045,0.055,1760.4435897737135
0.01387,693,074_AlSiMg_200W_500mms_M0_G13_Test_Crossflow_StepoverAlt0694.tif,-0.001,1.775,1.546,0.045,0.055,1797.7885841851307
0.013875,693,074_AlSiMg_200W_500mms_M0_G13_Test_Crossflow_StepoverAlt0694.tif,0.0,1.776,1.542,0.044,0.051,1797.7885841851305
0.01388,694,074_AlSiMg_200W_500mms_M0_G13_Test_Crossflow_StepoverAlt0695.tif,0.001,1.773,1.586,0.045,0.053,1790.90600156108
0.013885,694,074_AlSiMg_200W_500mms_M0_G13_Test_Crossflow_StepoverAlt0695.tif,0.001,1.777,1.556,0.043,0.053,1766.174546326455
0.01389,694,074_AlSiMg_200W_500mms_M0_G13_Test_Crossflow_StepoverAlt0695.tif,0.0,1.78,1.562,0.043,0.053,1745.9415991280616
0.013895,694,074_AlSiMg_200W_500mms_M0_G13_Test_Crossflow_StepoverAlt0695.tif,-0.001,1.793,1.565,0.042,0.053,1687.2702378623148
0.0139,695,074_AlSiMg_200W_500mms_M0_G13_Test_Crossflow_StepoverAlt0696.tif,0.001,1.807,1.546,0.044,0.052,1706.747551610651
0.013905,695,074_AlSiMg_200W_500mms_M0_G13_Test_Crossflow_StepoverAlt0696.tif,-0.002,1.808,1.548,0.042,0.053,1740.6560837547718
0.01391,695,074_AlSiMg_200W_500mms_M0_G13_Test_Crossflow_StepoverAlt0696.tif,-0.001,1.808,1.532,0.044,0.053,1777.9822701136832
0.013915,695,074_AlSiMg_200W_500mms_M0_G13_Test_Crossflow_StepoverAlt0696.tif,0.001,1.804,1.538,0.043,0.051,1760.053454391315
0.01392,696,074_AlSiMg_200W_500mms_M0_G13_Test_Crossflow_StepoverAlt0697.tif,0.0,1.807,1.544,0.044,0.053,1835.541403670988
0.013925,696,074_AlSiMg_200W_500mms_M0_G13_Test_Crossflow_StepoverAlt0697.tif,-0.002,1.805,1.539,0.044,0.053,1828.4670294455577
0.01393,696,074_AlSiMg_200W_500mms_M0_G13_Test_Crossflow_StepoverAlt0697.tif,-0.002,1.793,1.579,0.044,0.051,1770.6904908170468
0.013935,696,074_AlSiMg_200W_500mms_M0_G13_Test_Crossflow_StepoverAlt0697.tif,-0.001,1.781,1.558,0.042,0.051,1736.8783458515584
0.01394,697,074_AlSiMg_200W_500mms_M0_G13_Test_Crossflow_StepoverAlt0698.tif,-0.002,1.777,1.58,0.044,0.056,1754.8071615739268
0.013945,697,074_AlSiMg_200W_500mms_M0_G13_Test_Crossflow_StepoverAlt0698.tif,0.0,1.777,1.567,0.043,0.054,1737.990573560001
0.01395,697,074_AlSiMg_200W_500mms_M0_G13_Test_Crossflow_StepoverAlt0698.tif,-0.002,1.777,1.572,0.044,0.052,1766.4101226922671
0.013955,697,074_AlSiMg_200W_500mms_M0_G13_Test_Crossflow_StepoverAlt0698.tif,-0.002,1.78,1.527,0.045,0.053,1831.1006178318298
0.01396,698,074_AlSiMg_200W_500mms_M0_G13_Test_Crossflow_StepoverAlt0699.tif,0.0,1.784,1.513,0.045,0.053,1852.3180316730318
0.013965,698,074_AlSiMg_200W_500mms_M0_G13_Test_Crossflow_StepoverAlt0699.tif,-0.002,1.798,1.527,0.045,0.053,1872.5509788714255
0.01397,698,074_AlSiMg_200W_500mms_M0_G13_Test_Crossflow_StepoverAlt0699.tif,-0.002,1.801,1.518,0.045,0.055,1835.205984460008
0.013975,698,074_AlSiMg_200W_500mms_M0_G13_Test_Crossflow_StepoverAlt0699.tif,0.0,1.807,1.528,0.044,0.051,1794.383495804835
0.01398,699,074_AlSiMg_200W_500mms_M0_G13_Test_Crossflow_StepoverAlt0700.tif,-0.002,1.798,1.535,0.044,0.054,1750.0087395828236
0.013985,699,074_AlSiMg_200W_500mms_M0_G13_Test_Crossflow_StepoverAlt0700.tif,0.0,1.795,1.625,0.043,0.053,1755.5290964816795
0.01399,699,074_AlSiMg_200W_500mms_M0_G13_Test_Crossflow_StepoverAlt0700.tif,0.0,1.794,1.583,0.042,0.052,1710.292959335487
0.013995,699,074_AlSiMg_200W_500mms_M0_G13_Test_Crossflow_StepoverAlt0700.tif,-0.002,1.783,1.548,0.042,0.051,1764.4545417608308
0.014,700,074_AlSiMg_200W_500mms_M0_G13_Test_Crossflow_StepoverAlt0701.tif,0.001,1.77,1.52,0.042,0.051,1764.4545417608304
0.014005,700,074_AlSiMg_200W_500mms_M0_G13_Test_Crossflow_StepoverAlt0701.tif,0.0,1.766,1.581,0.044,0.051,1768.00680932767
0.01401,700,074_AlSiMg_200W_500mms_M0_G13_Test_Crossflow_StepoverAlt0701.tif,-0.002,1.765,1.521,0.043,0.053,1813.242946473862
0.014015,700,074_AlSiMg_200W_500mms_M0_G13_Test_Crossflow_StepoverAlt0701.tif,0.001,1.772,1.509,0.043,0.053,1800.8400069509557
